ISO-10303-21;
HEADER;
FILE_DESCRIPTION(('STEP AP203'),'1');
FILE_NAME('bmr4912510_871.stp','2025-07-15T05:20:18',('TraceParts'),('TraceParts S.A.'),'Spatial InterOp 3D',' ',' ');
FILE_SCHEMA(('CONFIG_CONTROL_DESIGN'));
ENDSEC;
DATA;
#1=DESIGN_CONTEXT('',#30,'design');
#2=APPLICATION_PROTOCOL_DEFINITION('INTERNATIONAL STANDARD','config_control_design',1994,#30);
#3=PRODUCT_CATEGORY_RELATIONSHIP('NONE','NONE',#31,#32);
#4=DATE_AND_TIME(#33,#34);
#5=DATE_TIME_ROLE('creation_date');
#6=DATE_TIME_ROLE('classification_date');
#7=PERSON_AND_ORGANIZATION_ROLE('creator');
#8=PERSON_AND_ORGANIZATION_ROLE('design_supplier');
#9=PERSON_AND_ORGANIZATION_ROLE('classification_officer');
#10=PERSON_AND_ORGANIZATION_ROLE('design_owner');
#11=APPROVAL_PERSON_ORGANIZATION(#35,#36,#37);
#12=APPROVAL_DATE_TIME(#4,#36);
#13=CC_DESIGN_APPROVAL(#36,(#38,#39,#40));
#14=CC_DESIGN_DATE_AND_TIME_ASSIGNMENT(#4,#5,(#40));
#15=CC_DESIGN_DATE_AND_TIME_ASSIGNMENT(#4,#6,(#38));
#16=CC_DESIGN_PERSON_AND_ORGANIZATION_ASSIGNMENT(#35,#10,(#41));
#17=CC_DESIGN_PERSON_AND_ORGANIZATION_ASSIGNMENT(#35,#7,(#40));
#18=CC_DESIGN_PERSON_AND_ORGANIZATION_ASSIGNMENT(#35,#7,(#39));
#19=CC_DESIGN_PERSON_AND_ORGANIZATION_ASSIGNMENT(#35,#8,(#39));
#20=CC_DESIGN_SECURITY_CLASSIFICATION(#38,(#39));
#21=CC_DESIGN_PERSON_AND_ORGANIZATION_ASSIGNMENT(#35,#9,(#38));
#22=SHAPE_DEFINITION_REPRESENTATION(#42,#43);
#23=SHAPE_DEFINITION_REPRESENTATION(#42,#44);
#24=SHAPE_DEFINITION_REPRESENTATION(#42,#45);
#25=SHAPE_DEFINITION_REPRESENTATION(#42,#46);
#26= (GEOMETRIC_REPRESENTATION_CONTEXT(3)GLOBAL_UNCERTAINTY_ASSIGNED_CONTEXT((#49))GLOBAL_UNIT_ASSIGNED_CONTEXT((#51,#52,#53))REPRESENTATION_CONTEXT('NONE','WORKSPACE'));
#30=APPLICATION_CONTEXT('CONFIGURATION CONTROLLED 3D DESIGNS OF MECHANICAL PARTS AND ASSEMBLIES');
#31=PRODUCT_CATEGORY('part','NONE');
#32=PRODUCT_RELATED_PRODUCT_CATEGORY('detail',' ',(#41));
#33=CALENDAR_DATE(2025,15,6);
#34=LOCAL_TIME(7,20,18.0,#55);
#35=PERSON_AND_ORGANIZATION(#56,#57);
#36=APPROVAL(#58,'SOLID MODEL');
#37=APPROVAL_ROLE('APPROVED');
#38=SECURITY_CLASSIFICATION('','',#59);
#39=PRODUCT_DEFINITION_FORMATION_WITH_SPECIFIED_SOURCE(' ','NONE',#41,.NOT_KNOWN.);
#40=PRODUCT_DEFINITION('','NONE',#39,#1);
#41=PRODUCT('1','','PART--DESC',(#60));
#42=PRODUCT_DEFINITION_SHAPE('NONE','NONE',#40);
#43=ADVANCED_BREP_SHAPE_REPRESENTATION('1',(#61,#62),#26);
#44=ADVANCED_BREP_SHAPE_REPRESENTATION('2',(#63,#64),#26);
#45=ADVANCED_BREP_SHAPE_REPRESENTATION('3',(#65,#66),#26);
#46=ADVANCED_BREP_SHAPE_REPRESENTATION('4',(#67,#68),#26);
#49=UNCERTAINTY_MEASURE_WITH_UNIT(LENGTH_MEASURE(1.0E-06),#51,'','');
#51= (CONVERSION_BASED_UNIT('MILLIMETRE',#71)LENGTH_UNIT()NAMED_UNIT(#74));
#52= (NAMED_UNIT(#76)PLANE_ANGLE_UNIT()SI_UNIT($,.RADIAN.));
#53= (NAMED_UNIT(#76)SOLID_ANGLE_UNIT()SI_UNIT($,.STERADIAN.));
#55=COORDINATED_UNIVERSAL_TIME_OFFSET(1,0,.AHEAD.);
#56=PERSON('','UNSPECIFIED',$,$,$,$);
#57=ORGANIZATION('UNSPECIFIED','UNSPECIFIED','UNSPECIFIED');
#58=APPROVAL_STATUS('approved');
#59=SECURITY_CLASSIFICATION_LEVEL('unclassified');
#60=MECHANICAL_CONTEXT('',#30,'mechanical');
#61=MANIFOLD_SOLID_BREP('1',#82);
#62=AXIS2_PLACEMENT_3D('',#83,#84,#85);
#63=MANIFOLD_SOLID_BREP('2',#86);
#64=AXIS2_PLACEMENT_3D('',#87,#88,#89);
#65=MANIFOLD_SOLID_BREP('3',#90);
#66=AXIS2_PLACEMENT_3D('',#91,#92,#93);
#67=MANIFOLD_SOLID_BREP('4',#94);
#68=AXIS2_PLACEMENT_3D('',#95,#96,#97);
#71=LENGTH_MEASURE_WITH_UNIT(LENGTH_MEASURE(1.0),#98);
#74=DIMENSIONAL_EXPONENTS(1.0,0.0,0.0,0.0,0.0,0.0,0.0);
#76=DIMENSIONAL_EXPONENTS(0.0,0.0,0.0,0.0,0.0,0.0,0.0);
#82=CLOSED_SHELL('',(#99,#100,#101,#102,#103,#104,#105,#106,#107,#108,#109,#110,#111,#112,#113,#114,#115,#116,#117,#118,#119,#120,#121,#122,#123,#124,#125,#126,#127,#128,#129,#130,#131,#132,#133,#134,#135,#136,#137,#138,#139,#140,#141,#142,#143,#144,#145,#146,#147,#148,#149,#150,#151,#152,#153,#154,#155,#156,#157,#158,#159,#160,#161,#162,#163,#164,#165,#166,#167,#168,#169,#170,#171,#172,#173,#174,#175,#176,#177,#178,#179,#180,#181,#182,#183,#184,#185,#186,#187,#188,#189,#190,#191,#192,#193,#194,#195,#196,#197,#198,#199,#200,#201,#202,#203,#204,#205,#206,#207,#208,#209,#210,#211,#212,#213,#214,#215,#216,#217,#218,#219,#220,#221,#222,#223,#224,#225,#226,#227,#228,#229,#230,#231,#232,#233,#234,#235,#236,#237,#238,#239,#240,#241,#242,#243,#244,#245,#246,#247,#248,#249,#250,#251,#252,#253,#254,#255,#256,#257,#258,#259,#260,#261,#262,#263,#264,#265,#266,#267,#268,#269,#270,#271,#272,#273,#274,#275,#276,#277,#278,#279,#280,#281,#282,#283,#284,#285,#286,#287,#288,#289,#290,#291,#292,#293,#294,#295,#296,#297,#298,#299,#300,#301,#302,#303,#304,#305,#306,#307,#308,#309,#310,#311,#312,#313,#314,#315,#316,#317,#318,#319,#320,#321,#322,#323,#324,#325,#326,#327,#328,#329,#330,#331,#332,#333,#334,#335,#336,#337,#338,#339,#340,#341,#342,#343,#344,#345,#346,#347,#348,#349,#350,#351,#352,#353,#354,#355,#356,#357,#358,#359,#360,#361,#362,#363,#364,#365,#366,#367,#368,#369,#370,#371,#372,#373,#374,#375,#376,#377,#378,#379,#380,#381,#382,#383,#384,#385,#386,#387,#388,#389,#390,#391,#392,#393,#394,#395,#396,#397,#398,#399,#400,#401,#402,#403,#404,#405,#406,#407,#408,#409,#410,#411,#412,#413,#414,#415,#416,#417,#418,#419,#420,#421,#422,#423,#424,#425,#426,#427,#428,#429,#430,#431,#432,#433,#434,#435,#436,#437,#438,#439,#440,#441,#442,#443,#444,#445,#446,#447,#448,#449,#450,#451,#452,#453,#454,#455,#456,#457,#458,#459,#460,#461,#462,#463,#464,#465,#466,#467,#468,#469,#470,#471,#472,#473,#474,#475,#476,#477,#478,#479,#480,#481,#482));
#83=CARTESIAN_POINT('',(0.0,0.0,0.0));
#84=DIRECTION('',(0.0,0.0,1.0));
#85=DIRECTION('',(1.0,0.0,0.0));
#86=CLOSED_SHELL('',(#483,#484,#485,#486,#487,#488,#489,#490,#491,#492));
#87=CARTESIAN_POINT('',(0.0,0.0,0.0));
#88=DIRECTION('',(0.0,0.0,1.0));
#89=DIRECTION('',(1.0,0.0,0.0));
#90=CLOSED_SHELL('',(#493,#494,#495,#496,#497,#498,#499,#500,#501,#502,#503,#504,#505,#506,#507,#508,#509,#510,#511,#512,#513,#514,#515,#516,#517,#518,#519,#520,#521,#522,#523,#524,#525,#526,#527,#528,#529,#530,#531,#532,#533,#534,#535,#536,#537,#538,#539,#540,#541));
#91=CARTESIAN_POINT('',(0.0,0.0,0.0));
#92=DIRECTION('',(0.0,0.0,1.0));
#93=DIRECTION('',(1.0,0.0,0.0));
#94=CLOSED_SHELL('',(#542,#543,#544,#545,#546,#547));
#95=CARTESIAN_POINT('',(0.0,0.0,0.0));
#96=DIRECTION('',(0.0,0.0,1.0));
#97=DIRECTION('',(1.0,0.0,0.0));
#98= (NAMED_UNIT(#74)LENGTH_UNIT()SI_UNIT(.MILLI.,.METRE.));
#99=ADVANCED_FACE('',(#549),#550,.F.);
#100=ADVANCED_FACE('',(#551),#552,.F.);
#101=ADVANCED_FACE('',(#553),#554,.F.);
#102=ADVANCED_FACE('',(#555),#556,.F.);
#103=ADVANCED_FACE('',(#557),#558,.T.);
#104=ADVANCED_FACE('',(#559),#560,.T.);
#105=ADVANCED_FACE('',(#561),#562,.F.);
#106=ADVANCED_FACE('',(#563,#564),#565,.F.);
#107=ADVANCED_FACE('',(#566),#567,.T.);
#108=ADVANCED_FACE('',(#568),#569,.F.);
#109=ADVANCED_FACE('',(#570),#571,.T.);
#110=ADVANCED_FACE('',(#572,#573,#574,#575,#576,#577,#578,#579,#580,#581,#582,#583,#584,#585,#586,#587),#588,.T.);
#111=ADVANCED_FACE('',(#589),#590,.T.);
#112=ADVANCED_FACE('',(#591),#592,.T.);
#113=ADVANCED_FACE('',(#593),#594,.T.);
#114=ADVANCED_FACE('',(#595),#596,.T.);
#115=ADVANCED_FACE('',(#597),#598,.T.);
#116=ADVANCED_FACE('',(#599),#600,.T.);
#117=ADVANCED_FACE('',(#601),#602,.T.);
#118=ADVANCED_FACE('',(#603),#604,.F.);
#119=ADVANCED_FACE('',(#605),#606,.T.);
#120=ADVANCED_FACE('',(#607),#608,.T.);
#121=ADVANCED_FACE('',(#609),#610,.T.);
#122=ADVANCED_FACE('',(#611),#612,.T.);
#123=ADVANCED_FACE('',(#613),#614,.T.);
#124=ADVANCED_FACE('',(#615,#616,#617),#618,.T.);
#125=ADVANCED_FACE('',(#619),#620,.T.);
#126=ADVANCED_FACE('',(#621),#622,.T.);
#127=ADVANCED_FACE('',(#623),#624,.F.);
#128=ADVANCED_FACE('',(#625),#626,.T.);
#129=ADVANCED_FACE('',(#627),#628,.T.);
#130=ADVANCED_FACE('',(#629,#630,#631,#632,#633,#634,#635,#636,#637),#638,.T.);
#131=ADVANCED_FACE('',(#639),#640,.T.);
#132=ADVANCED_FACE('',(#641),#642,.F.);
#133=ADVANCED_FACE('',(#643),#644,.T.);
#134=ADVANCED_FACE('',(#645),#646,.T.);
#135=ADVANCED_FACE('',(#647),#648,.T.);
#136=ADVANCED_FACE('',(#649),#650,.T.);
#137=ADVANCED_FACE('',(#651),#652,.F.);
#138=ADVANCED_FACE('',(#653),#654,.T.);
#139=ADVANCED_FACE('',(#655),#656,.T.);
#140=ADVANCED_FACE('',(#657),#658,.F.);
#141=ADVANCED_FACE('',(#659),#660,.T.);
#142=ADVANCED_FACE('',(#661),#662,.T.);
#143=ADVANCED_FACE('',(#663),#664,.T.);
#144=ADVANCED_FACE('',(#665),#666,.T.);
#145=ADVANCED_FACE('',(#667),#668,.T.);
#146=ADVANCED_FACE('',(#669),#670,.F.);
#147=ADVANCED_FACE('',(#671),#672,.T.);
#148=ADVANCED_FACE('',(#673),#674,.F.);
#149=ADVANCED_FACE('',(#675),#676,.T.);
#150=ADVANCED_FACE('',(#677),#678,.F.);
#151=ADVANCED_FACE('',(#679),#680,.F.);
#152=ADVANCED_FACE('',(#681),#682,.T.);
#153=ADVANCED_FACE('',(#683),#684,.T.);
#154=ADVANCED_FACE('',(#685),#686,.F.);
#155=ADVANCED_FACE('',(#687),#688,.T.);
#156=ADVANCED_FACE('',(#689),#690,.F.);
#157=ADVANCED_FACE('',(#691),#692,.F.);
#158=ADVANCED_FACE('',(#693),#694,.T.);
#159=ADVANCED_FACE('',(#695),#696,.T.);
#160=ADVANCED_FACE('',(#697),#698,.T.);
#161=ADVANCED_FACE('',(#699),#700,.F.);
#162=ADVANCED_FACE('',(#701),#702,.T.);
#163=ADVANCED_FACE('',(#703),#704,.F.);
#164=ADVANCED_FACE('',(#705),#706,.T.);
#165=ADVANCED_FACE('',(#707),#708,.F.);
#166=ADVANCED_FACE('',(#709),#710,.F.);
#167=ADVANCED_FACE('',(#711),#712,.F.);
#168=ADVANCED_FACE('',(#713),#714,.T.);
#169=ADVANCED_FACE('',(#715),#716,.T.);
#170=ADVANCED_FACE('',(#717),#718,.T.);
#171=ADVANCED_FACE('',(#719),#720,.T.);
#172=ADVANCED_FACE('',(#721),#722,.T.);
#173=ADVANCED_FACE('',(#723),#724,.F.);
#174=ADVANCED_FACE('',(#725),#726,.T.);
#175=ADVANCED_FACE('',(#727),#728,.F.);
#176=ADVANCED_FACE('',(#729),#730,.F.);
#177=ADVANCED_FACE('',(#731),#732,.T.);
#178=ADVANCED_FACE('',(#733),#734,.T.);
#179=ADVANCED_FACE('',(#735),#736,.F.);
#180=ADVANCED_FACE('',(#737),#738,.T.);
#181=ADVANCED_FACE('',(#739),#740,.T.);
#182=ADVANCED_FACE('',(#741),#742,.F.);
#183=ADVANCED_FACE('',(#743),#744,.T.);
#184=ADVANCED_FACE('',(#745),#746,.F.);
#185=ADVANCED_FACE('',(#747),#748,.F.);
#186=ADVANCED_FACE('',(#749),#750,.T.);
#187=ADVANCED_FACE('',(#751),#752,.T.);
#188=ADVANCED_FACE('',(#753),#754,.F.);
#189=ADVANCED_FACE('',(#755),#756,.T.);
#190=ADVANCED_FACE('',(#757),#758,.T.);
#191=ADVANCED_FACE('',(#759),#760,.F.);
#192=ADVANCED_FACE('',(#761),#762,.T.);
#193=ADVANCED_FACE('',(#763),#764,.F.);
#194=ADVANCED_FACE('',(#765),#766,.F.);
#195=ADVANCED_FACE('',(#767),#768,.F.);
#196=ADVANCED_FACE('',(#769),#770,.T.);
#197=ADVANCED_FACE('',(#771),#772,.T.);
#198=ADVANCED_FACE('',(#773),#774,.T.);
#199=ADVANCED_FACE('',(#775),#776,.T.);
#200=ADVANCED_FACE('',(#777),#778,.F.);
#201=ADVANCED_FACE('',(#779),#780,.T.);
#202=ADVANCED_FACE('',(#781),#782,.F.);
#203=ADVANCED_FACE('',(#783),#784,.F.);
#204=ADVANCED_FACE('',(#785),#786,.T.);
#205=ADVANCED_FACE('',(#787),#788,.T.);
#206=ADVANCED_FACE('',(#789),#790,.F.);
#207=ADVANCED_FACE('',(#791),#792,.T.);
#208=ADVANCED_FACE('',(#793),#794,.T.);
#209=ADVANCED_FACE('',(#795),#796,.T.);
#210=ADVANCED_FACE('',(#797),#798,.T.);
#211=ADVANCED_FACE('',(#799),#800,.T.);
#212=ADVANCED_FACE('',(#801),#802,.T.);
#213=ADVANCED_FACE('',(#803),#804,.T.);
#214=ADVANCED_FACE('',(#805),#806,.T.);
#215=ADVANCED_FACE('',(#807),#808,.T.);
#216=ADVANCED_FACE('',(#809),#810,.T.);
#217=ADVANCED_FACE('',(#811),#812,.F.);
#218=ADVANCED_FACE('',(#813),#814,.T.);
#219=ADVANCED_FACE('',(#815),#816,.T.);
#220=ADVANCED_FACE('',(#817),#818,.T.);
#221=ADVANCED_FACE('',(#819),#820,.T.);
#222=ADVANCED_FACE('',(#821),#822,.T.);
#223=ADVANCED_FACE('',(#823),#824,.T.);
#224=ADVANCED_FACE('',(#825),#826,.T.);
#225=ADVANCED_FACE('',(#827),#828,.F.);
#226=ADVANCED_FACE('',(#829),#830,.T.);
#227=ADVANCED_FACE('',(#831),#832,.T.);
#228=ADVANCED_FACE('',(#833,#834),#835,.F.);
#229=ADVANCED_FACE('',(#836),#837,.F.);
#230=ADVANCED_FACE('',(#838),#839,.F.);
#231=ADVANCED_FACE('',(#840),#841,.F.);
#232=ADVANCED_FACE('',(#842),#843,.F.);
#233=ADVANCED_FACE('',(#844),#845,.F.);
#234=ADVANCED_FACE('',(#846),#847,.F.);
#235=ADVANCED_FACE('',(#848),#849,.F.);
#236=ADVANCED_FACE('',(#850),#851,.F.);
#237=ADVANCED_FACE('',(#852),#853,.F.);
#238=ADVANCED_FACE('',(#854),#855,.F.);
#239=ADVANCED_FACE('',(#856),#857,.F.);
#240=ADVANCED_FACE('',(#858),#859,.F.);
#241=ADVANCED_FACE('',(#860),#861,.T.);
#242=ADVANCED_FACE('',(#862),#863,.F.);
#243=ADVANCED_FACE('',(#864),#865,.T.);
#244=ADVANCED_FACE('',(#866),#867,.F.);
#245=ADVANCED_FACE('',(#868),#869,.T.);
#246=ADVANCED_FACE('',(#870),#871,.F.);
#247=ADVANCED_FACE('',(#872),#873,.T.);
#248=ADVANCED_FACE('',(#874),#875,.F.);
#249=ADVANCED_FACE('',(#876),#877,.F.);
#250=ADVANCED_FACE('',(#878),#879,.T.);
#251=ADVANCED_FACE('',(#880),#881,.T.);
#252=ADVANCED_FACE('',(#882),#883,.T.);
#253=ADVANCED_FACE('',(#884),#885,.F.);
#254=ADVANCED_FACE('',(#886),#887,.F.);
#255=ADVANCED_FACE('',(#888),#889,.T.);
#256=ADVANCED_FACE('',(#890),#891,.F.);
#257=ADVANCED_FACE('',(#892),#893,.T.);
#258=ADVANCED_FACE('',(#894),#895,.T.);
#259=ADVANCED_FACE('',(#896),#897,.T.);
#260=ADVANCED_FACE('',(#898),#899,.T.);
#261=ADVANCED_FACE('',(#900),#901,.F.);
#262=ADVANCED_FACE('',(#902),#903,.F.);
#263=ADVANCED_FACE('',(#904),#905,.T.);
#264=ADVANCED_FACE('',(#906),#907,.T.);
#265=ADVANCED_FACE('',(#908),#909,.T.);
#266=ADVANCED_FACE('',(#910),#911,.T.);
#267=ADVANCED_FACE('',(#912),#913,.F.);
#268=ADVANCED_FACE('',(#914),#915,.T.);
#269=ADVANCED_FACE('',(#916),#917,.T.);
#270=ADVANCED_FACE('',(#918),#919,.T.);
#271=ADVANCED_FACE('',(#920),#921,.T.);
#272=ADVANCED_FACE('',(#922),#923,.T.);
#273=ADVANCED_FACE('',(#924),#925,.T.);
#274=ADVANCED_FACE('',(#926),#927,.F.);
#275=ADVANCED_FACE('',(#928),#929,.T.);
#276=ADVANCED_FACE('',(#930),#931,.F.);
#277=ADVANCED_FACE('',(#932),#933,.T.);
#278=ADVANCED_FACE('',(#934),#935,.T.);
#279=ADVANCED_FACE('',(#936,#937),#938,.T.);
#280=ADVANCED_FACE('',(#939),#940,.T.);
#281=ADVANCED_FACE('',(#941),#942,.T.);
#282=ADVANCED_FACE('',(#943),#944,.T.);
#283=ADVANCED_FACE('',(#945),#946,.T.);
#284=ADVANCED_FACE('',(#947),#948,.T.);
#285=ADVANCED_FACE('',(#949),#950,.T.);
#286=ADVANCED_FACE('',(#951),#952,.T.);
#287=ADVANCED_FACE('',(#953),#954,.T.);
#288=ADVANCED_FACE('',(#955),#956,.F.);
#289=ADVANCED_FACE('',(#957),#958,.T.);
#290=ADVANCED_FACE('',(#959),#960,.F.);
#291=ADVANCED_FACE('',(#961),#962,.T.);
#292=ADVANCED_FACE('',(#963),#964,.T.);
#293=ADVANCED_FACE('',(#965),#966,.F.);
#294=ADVANCED_FACE('',(#967),#968,.F.);
#295=ADVANCED_FACE('',(#969),#970,.F.);
#296=ADVANCED_FACE('',(#971),#972,.T.);
#297=ADVANCED_FACE('',(#973),#974,.T.);
#298=ADVANCED_FACE('',(#975),#976,.T.);
#299=ADVANCED_FACE('',(#977),#978,.T.);
#300=ADVANCED_FACE('',(#979),#980,.T.);
#301=ADVANCED_FACE('',(#981),#982,.T.);
#302=ADVANCED_FACE('',(#983),#984,.F.);
#303=ADVANCED_FACE('',(#985),#986,.T.);
#304=ADVANCED_FACE('',(#987),#988,.T.);
#305=ADVANCED_FACE('',(#989),#990,.T.);
#306=ADVANCED_FACE('',(#991),#992,.T.);
#307=ADVANCED_FACE('',(#993),#994,.T.);
#308=ADVANCED_FACE('',(#995),#996,.T.);
#309=ADVANCED_FACE('',(#997),#998,.T.);
#310=ADVANCED_FACE('',(#999),#1000,.F.);
#311=ADVANCED_FACE('',(#1001),#1002,.T.);
#312=ADVANCED_FACE('',(#1003),#1004,.T.);
#313=ADVANCED_FACE('',(#1005),#1006,.T.);
#314=ADVANCED_FACE('',(#1007),#1008,.T.);
#315=ADVANCED_FACE('',(#1009),#1010,.T.);
#316=ADVANCED_FACE('',(#1011),#1012,.T.);
#317=ADVANCED_FACE('',(#1013),#1014,.T.);
#318=ADVANCED_FACE('',(#1015),#1016,.T.);
#319=ADVANCED_FACE('',(#1017),#1018,.T.);
#320=ADVANCED_FACE('',(#1019),#1020,.T.);
#321=ADVANCED_FACE('',(#1021),#1022,.T.);
#322=ADVANCED_FACE('',(#1023),#1024,.T.);
#323=ADVANCED_FACE('',(#1025),#1026,.T.);
#324=ADVANCED_FACE('',(#1027),#1028,.T.);
#325=ADVANCED_FACE('',(#1029),#1030,.T.);
#326=ADVANCED_FACE('',(#1031),#1032,.T.);
#327=ADVANCED_FACE('',(#1033),#1034,.T.);
#328=ADVANCED_FACE('',(#1035),#1036,.T.);
#329=ADVANCED_FACE('',(#1037),#1038,.T.);
#330=ADVANCED_FACE('',(#1039),#1040,.T.);
#331=ADVANCED_FACE('',(#1041),#1042,.T.);
#332=ADVANCED_FACE('',(#1043),#1044,.T.);
#333=ADVANCED_FACE('',(#1045),#1046,.T.);
#334=ADVANCED_FACE('',(#1047),#1048,.T.);
#335=ADVANCED_FACE('',(#1049),#1050,.T.);
#336=ADVANCED_FACE('',(#1051),#1052,.T.);
#337=ADVANCED_FACE('',(#1053),#1054,.T.);
#338=ADVANCED_FACE('',(#1055),#1056,.T.);
#339=ADVANCED_FACE('',(#1057),#1058,.T.);
#340=ADVANCED_FACE('',(#1059),#1060,.T.);
#341=ADVANCED_FACE('',(#1061),#1062,.T.);
#342=ADVANCED_FACE('',(#1063),#1064,.T.);
#343=ADVANCED_FACE('',(#1065),#1066,.T.);
#344=ADVANCED_FACE('',(#1067),#1068,.T.);
#345=ADVANCED_FACE('',(#1069),#1070,.T.);
#346=ADVANCED_FACE('',(#1071),#1072,.T.);
#347=ADVANCED_FACE('',(#1073),#1074,.T.);
#348=ADVANCED_FACE('',(#1075),#1076,.T.);
#349=ADVANCED_FACE('',(#1077),#1078,.T.);
#350=ADVANCED_FACE('',(#1079),#1080,.T.);
#351=ADVANCED_FACE('',(#1081),#1082,.T.);
#352=ADVANCED_FACE('',(#1083),#1084,.T.);
#353=ADVANCED_FACE('',(#1085),#1086,.T.);
#354=ADVANCED_FACE('',(#1087),#1088,.T.);
#355=ADVANCED_FACE('',(#1089),#1090,.T.);
#356=ADVANCED_FACE('',(#1091),#1092,.T.);
#357=ADVANCED_FACE('',(#1093),#1094,.T.);
#358=ADVANCED_FACE('',(#1095),#1096,.T.);
#359=ADVANCED_FACE('',(#1097),#1098,.T.);
#360=ADVANCED_FACE('',(#1099),#1100,.T.);
#361=ADVANCED_FACE('',(#1101),#1102,.T.);
#362=ADVANCED_FACE('',(#1103),#1104,.T.);
#363=ADVANCED_FACE('',(#1105),#1106,.T.);
#364=ADVANCED_FACE('',(#1107),#1108,.T.);
#365=ADVANCED_FACE('',(#1109),#1110,.T.);
#366=ADVANCED_FACE('',(#1111),#1112,.F.);
#367=ADVANCED_FACE('',(#1113),#1114,.T.);
#368=ADVANCED_FACE('',(#1115),#1116,.T.);
#369=ADVANCED_FACE('',(#1117),#1118,.T.);
#370=ADVANCED_FACE('',(#1119),#1120,.T.);
#371=ADVANCED_FACE('',(#1121),#1122,.F.);
#372=ADVANCED_FACE('',(#1123),#1124,.F.);
#373=ADVANCED_FACE('',(#1125),#1126,.T.);
#374=ADVANCED_FACE('',(#1127),#1128,.F.);
#375=ADVANCED_FACE('',(#1129),#1130,.T.);
#376=ADVANCED_FACE('',(#1131),#1132,.T.);
#377=ADVANCED_FACE('',(#1133),#1134,.F.);
#378=ADVANCED_FACE('',(#1135),#1136,.T.);
#379=ADVANCED_FACE('',(#1137),#1138,.F.);
#380=ADVANCED_FACE('',(#1139),#1140,.T.);
#381=ADVANCED_FACE('',(#1141),#1142,.T.);
#382=ADVANCED_FACE('',(#1143),#1144,.T.);
#383=ADVANCED_FACE('',(#1145),#1146,.F.);
#384=ADVANCED_FACE('',(#1147),#1148,.T.);
#385=ADVANCED_FACE('',(#1149),#1150,.F.);
#386=ADVANCED_FACE('',(#1151),#1152,.T.);
#387=ADVANCED_FACE('',(#1153),#1154,.T.);
#388=ADVANCED_FACE('',(#1155),#1156,.T.);
#389=ADVANCED_FACE('',(#1157),#1158,.T.);
#390=ADVANCED_FACE('',(#1159),#1160,.T.);
#391=ADVANCED_FACE('',(#1161),#1162,.T.);
#392=ADVANCED_FACE('',(#1163),#1164,.T.);
#393=ADVANCED_FACE('',(#1165),#1166,.F.);
#394=ADVANCED_FACE('',(#1167),#1168,.T.);
#395=ADVANCED_FACE('',(#1169),#1170,.T.);
#396=ADVANCED_FACE('',(#1171),#1172,.F.);
#397=ADVANCED_FACE('',(#1173),#1174,.F.);
#398=ADVANCED_FACE('',(#1175),#1176,.T.);
#399=ADVANCED_FACE('',(#1177),#1178,.F.);
#400=ADVANCED_FACE('',(#1179),#1180,.T.);
#401=ADVANCED_FACE('',(#1181),#1182,.T.);
#402=ADVANCED_FACE('',(#1183),#1184,.T.);
#403=ADVANCED_FACE('',(#1185),#1186,.T.);
#404=ADVANCED_FACE('',(#1187),#1188,.T.);
#405=ADVANCED_FACE('',(#1189),#1190,.T.);
#406=ADVANCED_FACE('',(#1191),#1192,.T.);
#407=ADVANCED_FACE('',(#1193),#1194,.T.);
#408=ADVANCED_FACE('',(#1195),#1196,.T.);
#409=ADVANCED_FACE('',(#1197),#1198,.T.);
#410=ADVANCED_FACE('',(#1199),#1200,.T.);
#411=ADVANCED_FACE('',(#1201),#1202,.T.);
#412=ADVANCED_FACE('',(#1203),#1204,.F.);
#413=ADVANCED_FACE('',(#1205),#1206,.T.);
#414=ADVANCED_FACE('',(#1207),#1208,.T.);
#415=ADVANCED_FACE('',(#1209),#1210,.F.);
#416=ADVANCED_FACE('',(#1211),#1212,.F.);
#417=ADVANCED_FACE('',(#1213),#1214,.F.);
#418=ADVANCED_FACE('',(#1215),#1216,.T.);
#419=ADVANCED_FACE('',(#1217),#1218,.T.);
#420=ADVANCED_FACE('',(#1219),#1220,.T.);
#421=ADVANCED_FACE('',(#1221),#1222,.T.);
#422=ADVANCED_FACE('',(#1223),#1224,.T.);
#423=ADVANCED_FACE('',(#1225),#1226,.F.);
#424=ADVANCED_FACE('',(#1227),#1228,.T.);
#425=ADVANCED_FACE('',(#1229),#1230,.F.);
#426=ADVANCED_FACE('',(#1231),#1232,.T.);
#427=ADVANCED_FACE('',(#1233),#1234,.T.);
#428=ADVANCED_FACE('',(#1235),#1236,.T.);
#429=ADVANCED_FACE('',(#1237),#1238,.F.);
#430=ADVANCED_FACE('',(#1239),#1240,.T.);
#431=ADVANCED_FACE('',(#1241),#1242,.T.);
#432=ADVANCED_FACE('',(#1243),#1244,.T.);
#433=ADVANCED_FACE('',(#1245),#1246,.T.);
#434=ADVANCED_FACE('',(#1247),#1248,.T.);
#435=ADVANCED_FACE('',(#1249),#1250,.T.);
#436=ADVANCED_FACE('',(#1251),#1252,.F.);
#437=ADVANCED_FACE('',(#1253),#1254,.T.);
#438=ADVANCED_FACE('',(#1255),#1256,.F.);
#439=ADVANCED_FACE('',(#1257),#1258,.T.);
#440=ADVANCED_FACE('',(#1259),#1260,.T.);
#441=ADVANCED_FACE('',(#1261),#1262,.F.);
#442=ADVANCED_FACE('',(#1263),#1264,.T.);
#443=ADVANCED_FACE('',(#1265),#1266,.T.);
#444=ADVANCED_FACE('',(#1267),#1268,.T.);
#445=ADVANCED_FACE('',(#1269),#1270,.T.);
#446=ADVANCED_FACE('',(#1271),#1272,.T.);
#447=ADVANCED_FACE('',(#1273),#1274,.T.);
#448=ADVANCED_FACE('',(#1275),#1276,.T.);
#449=ADVANCED_FACE('',(#1277),#1278,.T.);
#450=ADVANCED_FACE('',(#1279),#1280,.T.);
#451=ADVANCED_FACE('',(#1281),#1282,.T.);
#452=ADVANCED_FACE('',(#1283),#1284,.T.);
#453=ADVANCED_FACE('',(#1285),#1286,.F.);
#454=ADVANCED_FACE('',(#1287),#1288,.T.);
#455=ADVANCED_FACE('',(#1289),#1290,.T.);
#456=ADVANCED_FACE('',(#1291),#1292,.T.);
#457=ADVANCED_FACE('',(#1293),#1294,.T.);
#458=ADVANCED_FACE('',(#1295),#1296,.T.);
#459=ADVANCED_FACE('',(#1297),#1298,.T.);
#460=ADVANCED_FACE('',(#1299),#1300,.T.);
#461=ADVANCED_FACE('',(#1301),#1302,.T.);
#462=ADVANCED_FACE('',(#1303),#1304,.T.);
#463=ADVANCED_FACE('',(#1305),#1306,.F.);
#464=ADVANCED_FACE('',(#1307),#1308,.T.);
#465=ADVANCED_FACE('',(#1309),#1310,.T.);
#466=ADVANCED_FACE('',(#1311),#1312,.T.);
#467=ADVANCED_FACE('',(#1313),#1314,.T.);
#468=ADVANCED_FACE('',(#1315),#1316,.T.);
#469=ADVANCED_FACE('',(#1317),#1318,.T.);
#470=ADVANCED_FACE('',(#1319),#1320,.T.);
#471=ADVANCED_FACE('',(#1321),#1322,.T.);
#472=ADVANCED_FACE('',(#1323),#1324,.F.);
#473=ADVANCED_FACE('',(#1325),#1326,.T.);
#474=ADVANCED_FACE('',(#1327),#1328,.T.);
#475=ADVANCED_FACE('',(#1329),#1330,.T.);
#476=ADVANCED_FACE('',(#1331),#1332,.T.);
#477=ADVANCED_FACE('',(#1333),#1334,.T.);
#478=ADVANCED_FACE('',(#1335),#1336,.F.);
#479=ADVANCED_FACE('',(#1337),#1338,.F.);
#480=ADVANCED_FACE('',(#1339),#1340,.F.);
#481=ADVANCED_FACE('',(#1341),#1342,.T.);
#482=ADVANCED_FACE('',(#1343),#1344,.T.);
#483=ADVANCED_FACE('',(#1345),#1346,.F.);
#484=ADVANCED_FACE('',(#1347),#1348,.T.);
#485=ADVANCED_FACE('',(#1349),#1350,.T.);
#486=ADVANCED_FACE('',(#1351),#1352,.T.);
#487=ADVANCED_FACE('',(#1353),#1354,.T.);
#488=ADVANCED_FACE('',(#1355),#1356,.T.);
#489=ADVANCED_FACE('',(#1357),#1358,.T.);
#490=ADVANCED_FACE('',(#1359),#1360,.T.);
#491=ADVANCED_FACE('',(#1361),#1362,.T.);
#492=ADVANCED_FACE('',(#1363),#1364,.T.);
#493=ADVANCED_FACE('',(#1365),#1366,.F.);
#494=ADVANCED_FACE('',(#1367),#1368,.F.);
#495=ADVANCED_FACE('',(#1369,#1370,#1371,#1372,#1373),#1374,.T.);
#496=ADVANCED_FACE('',(#1375),#1376,.T.);
#497=ADVANCED_FACE('',(#1377),#1378,.T.);
#498=ADVANCED_FACE('',(#1379,#1380),#1381,.T.);
#499=ADVANCED_FACE('',(#1382),#1383,.F.);
#500=ADVANCED_FACE('',(#1384),#1385,.T.);
#501=ADVANCED_FACE('',(#1386),#1387,.T.);
#502=ADVANCED_FACE('',(#1388),#1389,.F.);
#503=ADVANCED_FACE('',(#1390),#1391,.T.);
#504=ADVANCED_FACE('',(#1392),#1393,.T.);
#505=ADVANCED_FACE('',(#1394),#1395,.T.);
#506=ADVANCED_FACE('',(#1396),#1397,.T.);
#507=ADVANCED_FACE('',(#1398),#1399,.T.);
#508=ADVANCED_FACE('',(#1400),#1401,.T.);
#509=ADVANCED_FACE('',(#1402,#1403),#1404,.T.);
#510=ADVANCED_FACE('',(#1405),#1406,.F.);
#511=ADVANCED_FACE('',(#1407),#1408,.T.);
#512=ADVANCED_FACE('',(#1409),#1410,.F.);
#513=ADVANCED_FACE('',(#1411),#1412,.T.);
#514=ADVANCED_FACE('',(#1413),#1414,.F.);
#515=ADVANCED_FACE('',(#1415),#1416,.F.);
#516=ADVANCED_FACE('',(#1417),#1418,.F.);
#517=ADVANCED_FACE('',(#1419,#1420,#1421,#1422,#1423,#1424,#1425),#1426,.T.);
#518=ADVANCED_FACE('',(#1427),#1428,.T.);
#519=ADVANCED_FACE('',(#1429),#1430,.T.);
#520=ADVANCED_FACE('',(#1431),#1432,.T.);
#521=ADVANCED_FACE('',(#1433),#1434,.F.);
#522=ADVANCED_FACE('',(#1435),#1436,.F.);
#523=ADVANCED_FACE('',(#1437),#1438,.F.);
#524=ADVANCED_FACE('',(#1439),#1440,.F.);
#525=ADVANCED_FACE('',(#1441),#1442,.F.);
#526=ADVANCED_FACE('',(#1443),#1444,.F.);
#527=ADVANCED_FACE('',(#1445),#1446,.F.);
#528=ADVANCED_FACE('',(#1447),#1448,.F.);
#529=ADVANCED_FACE('',(#1449),#1450,.F.);
#530=ADVANCED_FACE('',(#1451),#1452,.F.);
#531=ADVANCED_FACE('',(#1453),#1454,.F.);
#532=ADVANCED_FACE('',(#1455),#1456,.F.);
#533=ADVANCED_FACE('',(#1457),#1458,.F.);
#534=ADVANCED_FACE('',(#1459),#1460,.F.);
#535=ADVANCED_FACE('',(#1461),#1462,.F.);
#536=ADVANCED_FACE('',(#1463),#1464,.F.);
#537=ADVANCED_FACE('',(#1465),#1466,.F.);
#538=ADVANCED_FACE('',(#1467),#1468,.F.);
#539=ADVANCED_FACE('',(#1469),#1470,.F.);
#540=ADVANCED_FACE('',(#1471),#1472,.F.);
#541=ADVANCED_FACE('',(#1473),#1474,.F.);
#542=ADVANCED_FACE('',(#1475),#1476,.F.);
#543=ADVANCED_FACE('',(#1477),#1478,.T.);
#544=ADVANCED_FACE('',(#1479),#1480,.T.);
#545=ADVANCED_FACE('',(#1481),#1482,.T.);
#546=ADVANCED_FACE('',(#1483),#1484,.T.);
#547=ADVANCED_FACE('',(#1485),#1486,.T.);
#549=FACE_OUTER_BOUND('',#1487,.T.);
#550=CONICAL_SURFACE('',#1488,3.73205080756892,1.30899693899575);
#551=FACE_OUTER_BOUND('',#1489,.T.);
#552=CONICAL_SURFACE('',#1490,3.73205080756892,1.30899693899575);
#553=FACE_OUTER_BOUND('',#1491,.T.);
#554=CONICAL_SURFACE('',#1492,3.73205080756892,1.30899693899575);
#555=FACE_OUTER_BOUND('',#1493,.T.);
#556=CONICAL_SURFACE('',#1494,3.73205080756892,1.30899693899575);
#557=FACE_OUTER_BOUND('',#1495,.T.);
#558=CONICAL_SURFACE('',#1496,1.00000000000001,0.785398163397452);
#559=FACE_OUTER_BOUND('',#1497,.T.);
#560=CONICAL_SURFACE('',#1498,1.00000000000001,0.785398163397452);
#561=FACE_OUTER_BOUND('',#1499,.T.);
#562=CONICAL_SURFACE('',#1500,3.73205080756892,1.30899693899575);
#563=FACE_OUTER_BOUND('',#1501,.T.);
#564=FACE_BOUND('',#1502,.T.);
#565=PLANE('',#1503);
#566=FACE_OUTER_BOUND('',#1504,.T.);
#567=CONICAL_SURFACE('',#1505,1.00000000000002,0.78539816339746);
#568=FACE_OUTER_BOUND('',#1506,.T.);
#569=PLANE('',#1507);
#570=FACE_OUTER_BOUND('',#1508,.T.);
#571=CYLINDRICAL_SURFACE('',#1509,1.9);
#572=FACE_OUTER_BOUND('',#1510,.T.);
#573=FACE_BOUND('',#1511,.T.);
#574=FACE_BOUND('',#1512,.T.);
#575=FACE_BOUND('',#1513,.T.);
#576=FACE_BOUND('',#1514,.T.);
#577=FACE_BOUND('',#1515,.T.);
#578=FACE_BOUND('',#1516,.T.);
#579=FACE_BOUND('',#1517,.T.);
#580=FACE_BOUND('',#1518,.T.);
#581=FACE_BOUND('',#1519,.T.);
#582=FACE_BOUND('',#1520,.T.);
#583=FACE_BOUND('',#1521,.T.);
#584=FACE_BOUND('',#1522,.T.);
#585=FACE_BOUND('',#1523,.T.);
#586=FACE_BOUND('',#1524,.T.);
#587=FACE_BOUND('',#1525,.T.);
#588=PLANE('',#1526);
#589=FACE_OUTER_BOUND('',#1527,.T.);
#590=PLANE('',#1528);
#591=FACE_OUTER_BOUND('',#1529,.T.);
#592=CYLINDRICAL_SURFACE('',#1530,1.0);
#593=FACE_OUTER_BOUND('',#1531,.T.);
#594=PLANE('',#1532);
#595=FACE_OUTER_BOUND('',#1533,.T.);
#596=CYLINDRICAL_SURFACE('',#1534,1.0);
#597=FACE_OUTER_BOUND('',#1535,.T.);
#598=PLANE('',#1536);
#599=FACE_OUTER_BOUND('',#1537,.T.);
#600=CYLINDRICAL_SURFACE('',#1538,0.87);
#601=FACE_OUTER_BOUND('',#1539,.T.);
#602=PLANE('',#1540);
#603=FACE_OUTER_BOUND('',#1541,.T.);
#604=CYLINDRICAL_SURFACE('',#1542,2.8);
#605=FACE_OUTER_BOUND('',#1543,.T.);
#606=CYLINDRICAL_SURFACE('',#1544,0.87);
#607=FACE_OUTER_BOUND('',#1545,.T.);
#608=PLANE('',#1546);
#609=FACE_OUTER_BOUND('',#1547,.T.);
#610=CYLINDRICAL_SURFACE('',#1548,0.5);
#611=FACE_OUTER_BOUND('',#1549,.T.);
#612=CYLINDRICAL_SURFACE('',#1550,1.1);
#613=FACE_OUTER_BOUND('',#1551,.T.);
#614=PLANE('',#1552);
#615=FACE_OUTER_BOUND('',#1553,.T.);
#616=FACE_BOUND('',#1554,.T.);
#617=FACE_BOUND('',#1555,.T.);
#618=PLANE('',#1556);
#619=FACE_OUTER_BOUND('',#1557,.T.);
#620=PLANE('',#1558);
#621=FACE_OUTER_BOUND('',#1559,.T.);
#622=PLANE('',#1560);
#623=FACE_OUTER_BOUND('',#1561,.T.);
#624=PLANE('',#1562);
#625=FACE_OUTER_BOUND('',#1563,.T.);
#626=PLANE('',#1564);
#627=FACE_OUTER_BOUND('',#1565,.T.);
#628=CYLINDRICAL_SURFACE('',#1566,0.8);
#629=FACE_OUTER_BOUND('',#1567,.T.);
#630=FACE_BOUND('',#1568,.T.);
#631=FACE_BOUND('',#1569,.T.);
#632=FACE_BOUND('',#1570,.T.);
#633=FACE_BOUND('',#1571,.T.);
#634=FACE_BOUND('',#1572,.T.);
#635=FACE_BOUND('',#1573,.T.);
#636=FACE_BOUND('',#1574,.T.);
#637=FACE_BOUND('',#1575,.T.);
#638=PLANE('',#1576);
#639=FACE_OUTER_BOUND('',#1577,.T.);
#640=PLANE('',#1578);
#641=FACE_OUTER_BOUND('',#1579,.T.);
#642=CYLINDRICAL_SURFACE('',#1580,0.5);
#643=FACE_OUTER_BOUND('',#1581,.T.);
#644=PLANE('',#1582);
#645=FACE_OUTER_BOUND('',#1583,.T.);
#646=CYLINDRICAL_SURFACE('',#1584,0.8);
#647=FACE_OUTER_BOUND('',#1585,.T.);
#648=PLANE('',#1586);
#649=FACE_OUTER_BOUND('',#1587,.T.);
#650=CYLINDRICAL_SURFACE('',#1588,0.8);
#651=FACE_OUTER_BOUND('',#1589,.T.);
#652=PLANE('',#1590);
#653=FACE_OUTER_BOUND('',#1591,.T.);
#654=CYLINDRICAL_SURFACE('',#1592,0.8);
#655=FACE_OUTER_BOUND('',#1593,.T.);
#656=PLANE('',#1594);
#657=FACE_OUTER_BOUND('',#1595,.T.);
#658=CYLINDRICAL_SURFACE('',#1596,0.5);
#659=FACE_OUTER_BOUND('',#1597,.T.);
#660=PLANE('',#1598);
#661=FACE_OUTER_BOUND('',#1599,.T.);
#662=CYLINDRICAL_SURFACE('',#1600,0.8);
#663=FACE_OUTER_BOUND('',#1601,.T.);
#664=PLANE('',#1602);
#665=FACE_OUTER_BOUND('',#1603,.T.);
#666=CYLINDRICAL_SURFACE('',#1604,0.8);
#667=FACE_OUTER_BOUND('',#1605,.T.);
#668=PLANE('',#1606);
#669=FACE_OUTER_BOUND('',#1607,.T.);
#670=PLANE('',#1608);
#671=FACE_OUTER_BOUND('',#1609,.T.);
#672=PLANE('',#1610);
#673=FACE_OUTER_BOUND('',#1611,.T.);
#674=CONICAL_SURFACE('',#1612,3.73205080756892,1.30899693899575);
#675=FACE_OUTER_BOUND('',#1613,.T.);
#676=CONICAL_SURFACE('',#1614,1.00000000000001,0.785398163397452);
#677=FACE_OUTER_BOUND('',#1615,.T.);
#678=CYLINDRICAL_SURFACE('',#1616,0.4);
#679=FACE_OUTER_BOUND('',#1617,.T.);
#680=PLANE('',#1618);
#681=FACE_OUTER_BOUND('',#1619,.T.);
#682=PLANE('',#1620);
#683=FACE_OUTER_BOUND('',#1621,.T.);
#684=PLANE('',#1622);
#685=FACE_OUTER_BOUND('',#1623,.T.);
#686=PLANE('',#1624);
#687=FACE_OUTER_BOUND('',#1625,.T.);
#688=PLANE('',#1626);
#689=FACE_OUTER_BOUND('',#1627,.T.);
#690=PLANE('',#1628);
#691=FACE_OUTER_BOUND('',#1629,.T.);
#692=PLANE('',#1630);
#693=FACE_OUTER_BOUND('',#1631,.T.);
#694=PLANE('',#1632);
#695=FACE_OUTER_BOUND('',#1633,.T.);
#696=PLANE('',#1634);
#697=FACE_OUTER_BOUND('',#1635,.T.);
#698=PLANE('',#1636);
#699=FACE_OUTER_BOUND('',#1637,.T.);
#700=PLANE('',#1638);
#701=FACE_OUTER_BOUND('',#1639,.T.);
#702=PLANE('',#1640);
#703=FACE_OUTER_BOUND('',#1641,.T.);
#704=PLANE('',#1642);
#705=FACE_OUTER_BOUND('',#1643,.T.);
#706=PLANE('',#1644);
#707=FACE_OUTER_BOUND('',#1645,.T.);
#708=PLANE('',#1646);
#709=FACE_OUTER_BOUND('',#1647,.T.);
#710=PLANE('',#1648);
#711=FACE_OUTER_BOUND('',#1649,.T.);
#712=PLANE('',#1650);
#713=FACE_OUTER_BOUND('',#1651,.T.);
#714=PLANE('',#1652);
#715=FACE_OUTER_BOUND('',#1653,.T.);
#716=PLANE('',#1654);
#717=FACE_OUTER_BOUND('',#1655,.T.);
#718=PLANE('',#1656);
#719=FACE_OUTER_BOUND('',#1657,.T.);
#720=PLANE('',#1658);
#721=FACE_OUTER_BOUND('',#1659,.T.);
#722=PLANE('',#1660);
#723=FACE_OUTER_BOUND('',#1661,.T.);
#724=PLANE('',#1662);
#725=FACE_OUTER_BOUND('',#1663,.T.);
#726=PLANE('',#1664);
#727=FACE_OUTER_BOUND('',#1665,.T.);
#728=PLANE('',#1666);
#729=FACE_OUTER_BOUND('',#1667,.T.);
#730=PLANE('',#1668);
#731=FACE_OUTER_BOUND('',#1669,.T.);
#732=PLANE('',#1670);
#733=FACE_OUTER_BOUND('',#1671,.T.);
#734=PLANE('',#1672);
#735=FACE_OUTER_BOUND('',#1673,.T.);
#736=PLANE('',#1674);
#737=FACE_OUTER_BOUND('',#1675,.T.);
#738=PLANE('',#1676);
#739=FACE_OUTER_BOUND('',#1677,.T.);
#740=PLANE('',#1678);
#741=FACE_OUTER_BOUND('',#1679,.T.);
#742=PLANE('',#1680);
#743=FACE_OUTER_BOUND('',#1681,.T.);
#744=PLANE('',#1682);
#745=FACE_OUTER_BOUND('',#1683,.T.);
#746=PLANE('',#1684);
#747=FACE_OUTER_BOUND('',#1685,.T.);
#748=PLANE('',#1686);
#749=FACE_OUTER_BOUND('',#1687,.T.);
#750=PLANE('',#1688);
#751=FACE_OUTER_BOUND('',#1689,.T.);
#752=PLANE('',#1690);
#753=FACE_OUTER_BOUND('',#1691,.T.);
#754=PLANE('',#1692);
#755=FACE_OUTER_BOUND('',#1693,.T.);
#756=PLANE('',#1694);
#757=FACE_OUTER_BOUND('',#1695,.T.);
#758=PLANE('',#1696);
#759=FACE_OUTER_BOUND('',#1697,.T.);
#760=PLANE('',#1698);
#761=FACE_OUTER_BOUND('',#1699,.T.);
#762=PLANE('',#1700);
#763=FACE_OUTER_BOUND('',#1701,.T.);
#764=PLANE('',#1702);
#765=FACE_OUTER_BOUND('',#1703,.T.);
#766=PLANE('',#1704);
#767=FACE_OUTER_BOUND('',#1705,.T.);
#768=PLANE('',#1706);
#769=FACE_OUTER_BOUND('',#1707,.T.);
#770=PLANE('',#1708);
#771=FACE_OUTER_BOUND('',#1709,.T.);
#772=PLANE('',#1710);
#773=FACE_OUTER_BOUND('',#1711,.T.);
#774=PLANE('',#1712);
#775=FACE_OUTER_BOUND('',#1713,.T.);
#776=PLANE('',#1714);
#777=FACE_OUTER_BOUND('',#1715,.T.);
#778=PLANE('',#1716);
#779=FACE_OUTER_BOUND('',#1717,.T.);
#780=PLANE('',#1718);
#781=FACE_OUTER_BOUND('',#1719,.T.);
#782=PLANE('',#1720);
#783=FACE_OUTER_BOUND('',#1721,.T.);
#784=PLANE('',#1722);
#785=FACE_OUTER_BOUND('',#1723,.T.);
#786=PLANE('',#1724);
#787=FACE_OUTER_BOUND('',#1725,.T.);
#788=PLANE('',#1726);
#789=FACE_OUTER_BOUND('',#1727,.T.);
#790=PLANE('',#1728);
#791=FACE_OUTER_BOUND('',#1729,.T.);
#792=PLANE('',#1730);
#793=FACE_OUTER_BOUND('',#1731,.T.);
#794=PLANE('',#1732);
#795=FACE_OUTER_BOUND('',#1733,.T.);
#796=PLANE('',#1734);
#797=FACE_OUTER_BOUND('',#1735,.T.);
#798=PLANE('',#1736);
#799=FACE_OUTER_BOUND('',#1737,.T.);
#800=PLANE('',#1738);
#801=FACE_OUTER_BOUND('',#1739,.T.);
#802=PLANE('',#1740);
#803=FACE_OUTER_BOUND('',#1741,.T.);
#804=PLANE('',#1742);
#805=FACE_OUTER_BOUND('',#1743,.T.);
#806=PLANE('',#1744);
#807=FACE_OUTER_BOUND('',#1745,.T.);
#808=PLANE('',#1746);
#809=FACE_OUTER_BOUND('',#1747,.T.);
#810=PLANE('',#1748);
#811=FACE_OUTER_BOUND('',#1749,.T.);
#812=PLANE('',#1750);
#813=FACE_OUTER_BOUND('',#1751,.T.);
#814=PLANE('',#1752);
#815=FACE_OUTER_BOUND('',#1753,.T.);
#816=PLANE('',#1754);
#817=FACE_OUTER_BOUND('',#1755,.T.);
#818=PLANE('',#1756);
#819=FACE_OUTER_BOUND('',#1757,.T.);
#820=PLANE('',#1758);
#821=FACE_OUTER_BOUND('',#1759,.T.);
#822=CYLINDRICAL_SURFACE('',#1760,1.9);
#823=FACE_OUTER_BOUND('',#1761,.T.);
#824=CONICAL_SURFACE('',#1762,1.00000000000001,0.785398163397452);
#825=FACE_OUTER_BOUND('',#1763,.T.);
#826=PLANE('',#1764);
#827=FACE_OUTER_BOUND('',#1765,.T.);
#828=PLANE('',#1766);
#829=FACE_OUTER_BOUND('',#1767,.T.);
#830=CONICAL_SURFACE('',#1768,1.00000000000002,0.78539816339746);
#831=FACE_OUTER_BOUND('',#1769,.T.);
#832=PLANE('',#1770);
#833=FACE_OUTER_BOUND('',#1771,.T.);
#834=FACE_BOUND('',#1772,.T.);
#835=PLANE('',#1773);
#836=FACE_OUTER_BOUND('',#1774,.T.);
#837=CONICAL_SURFACE('',#1775,3.73205080756892,1.30899693899575);
#838=FACE_OUTER_BOUND('',#1776,.T.);
#839=PLANE('',#1777);
#840=FACE_OUTER_BOUND('',#1778,.T.);
#841=PLANE('',#1779);
#842=FACE_OUTER_BOUND('',#1780,.T.);
#843=CONICAL_SURFACE('',#1781,3.73205080756892,1.30899693899575);
#844=FACE_OUTER_BOUND('',#1782,.T.);
#845=PLANE('',#1783);
#846=FACE_OUTER_BOUND('',#1784,.T.);
#847=CONICAL_SURFACE('',#1785,3.73205080756892,1.30899693899575);
#848=FACE_OUTER_BOUND('',#1786,.T.);
#849=PLANE('',#1787);
#850=FACE_OUTER_BOUND('',#1788,.T.);
#851=CONICAL_SURFACE('',#1789,3.73205080756892,1.30899693899575);
#852=FACE_OUTER_BOUND('',#1790,.T.);
#853=PLANE('',#1791);
#854=FACE_OUTER_BOUND('',#1792,.T.);
#855=CONICAL_SURFACE('',#1793,3.73205080756892,1.30899693899575);
#856=FACE_OUTER_BOUND('',#1794,.T.);
#857=PLANE('',#1795);
#858=FACE_OUTER_BOUND('',#1796,.T.);
#859=CONICAL_SURFACE('',#1797,3.73205080756892,1.30899693899575);
#860=FACE_OUTER_BOUND('',#1798,.T.);
#861=PLANE('',#1799);
#862=FACE_OUTER_BOUND('',#1800,.T.);
#863=TOROIDAL_SURFACE('',#1801,1.30000000000001,0.1);
#864=FACE_OUTER_BOUND('',#1802,.T.);
#865=CONICAL_SURFACE('',#1803,1.0,0.453844001521509);
#866=FACE_OUTER_BOUND('',#1804,.T.);
#867=TOROIDAL_SURFACE('',#1805,1.09999999999999,0.0999999999999999);
#868=FACE_OUTER_BOUND('',#1806,.T.);
#869=CYLINDRICAL_SURFACE('',#1807,1.0);
#870=FACE_OUTER_BOUND('',#1808,.T.);
#871=PLANE('',#1809);
#872=FACE_OUTER_BOUND('',#1810,.T.);
#873=CONICAL_SURFACE('',#1811,1.0,0.785398163397434);
#874=FACE_OUTER_BOUND('',#1812,.T.);
#875=PLANE('',#1813);
#876=FACE_OUTER_BOUND('',#1814,.T.);
#877=CONICAL_SURFACE('',#1815,3.73205080756892,1.30899693899575);
#878=FACE_OUTER_BOUND('',#1816,.T.);
#879=CYLINDRICAL_SURFACE('',#1817,0.508);
#880=FACE_OUTER_BOUND('',#1818,.T.);
#881=PLANE('',#1819);
#882=FACE_OUTER_BOUND('',#1820,.T.);
#883=PLANE('',#1821);
#884=FACE_OUTER_BOUND('',#1822,.T.);
#885=TOROIDAL_SURFACE('',#1823,1.3,0.1);
#886=FACE_OUTER_BOUND('',#1824,.T.);
#887=PLANE('',#1825);
#888=FACE_OUTER_BOUND('',#1826,.T.);
#889=CONICAL_SURFACE('',#1827,1.0,0.453844001521509);
#890=FACE_OUTER_BOUND('',#1828,.T.);
#891=TOROIDAL_SURFACE('',#1829,1.09999999999999,0.0999999999999999);
#892=FACE_OUTER_BOUND('',#1830,.T.);
#893=CYLINDRICAL_SURFACE('',#1831,1.0);
#894=FACE_OUTER_BOUND('',#1832,.T.);
#895=PLANE('',#1833);
#896=FACE_OUTER_BOUND('',#1834,.T.);
#897=CONICAL_SURFACE('',#1835,1.0,0.785398163397434);
#898=FACE_OUTER_BOUND('',#1836,.T.);
#899=TOROIDAL_SURFACE('',#1837,0.00800000000000869,0.5);
#900=FACE_OUTER_BOUND('',#1838,.T.);
#901=PLANE('',#1839);
#902=FACE_OUTER_BOUND('',#1840,.T.);
#903=CONICAL_SURFACE('',#1841,3.73205080756892,1.30899693899575);
#904=FACE_OUTER_BOUND('',#1842,.T.);
#905=CYLINDRICAL_SURFACE('',#1843,1.1);
#906=FACE_OUTER_BOUND('',#1844,.T.);
#907=CYLINDRICAL_SURFACE('',#1845,0.5);
#908=FACE_OUTER_BOUND('',#1846,.T.);
#909=PLANE('',#1847);
#910=FACE_OUTER_BOUND('',#1848,.T.);
#911=CYLINDRICAL_SURFACE('',#1849,0.87);
#912=FACE_OUTER_BOUND('',#1850,.T.);
#913=CYLINDRICAL_SURFACE('',#1851,2.8);
#914=FACE_OUTER_BOUND('',#1852,.T.);
#915=PLANE('',#1853);
#916=FACE_OUTER_BOUND('',#1854,.T.);
#917=CYLINDRICAL_SURFACE('',#1855,0.87);
#918=FACE_OUTER_BOUND('',#1856,.T.);
#919=PLANE('',#1857);
#920=FACE_OUTER_BOUND('',#1858,.T.);
#921=PLANE('',#1859);
#922=FACE_OUTER_BOUND('',#1860,.T.);
#923=PLANE('',#1861);
#924=FACE_OUTER_BOUND('',#1862,.T.);
#925=PLANE('',#1863);
#926=FACE_OUTER_BOUND('',#1864,.T.);
#927=CYLINDRICAL_SURFACE('',#1865,1.0);
#928=FACE_OUTER_BOUND('',#1866,.T.);
#929=PLANE('',#1867);
#930=FACE_OUTER_BOUND('',#1868,.T.);
#931=CYLINDRICAL_SURFACE('',#1869,1.0);
#932=FACE_OUTER_BOUND('',#1870,.T.);
#933=PLANE('',#1871);
#934=FACE_OUTER_BOUND('',#1872,.T.);
#935=PLANE('',#1873);
#936=FACE_OUTER_BOUND('',#1874,.T.);
#937=FACE_BOUND('',#1875,.T.);
#938=PLANE('',#1876);
#939=FACE_OUTER_BOUND('',#1877,.T.);
#940=CYLINDRICAL_SURFACE('',#1878,1.55);
#941=FACE_OUTER_BOUND('',#1879,.T.);
#942=PLANE('',#1880);
#943=FACE_OUTER_BOUND('',#1881,.T.);
#944=PLANE('',#1882);
#945=FACE_OUTER_BOUND('',#1883,.T.);
#946=PLANE('',#1884);
#947=FACE_OUTER_BOUND('',#1885,.T.);
#948=PLANE('',#1886);
#949=FACE_OUTER_BOUND('',#1887,.T.);
#950=PLANE('',#1888);
#951=FACE_OUTER_BOUND('',#1889,.T.);
#952=PLANE('',#1890);
#953=FACE_OUTER_BOUND('',#1891,.T.);
#954=PLANE('',#1892);
#955=FACE_OUTER_BOUND('',#1893,.T.);
#956=PLANE('',#1894);
#957=FACE_OUTER_BOUND('',#1895,.T.);
#958=CYLINDRICAL_SURFACE('',#1896,1.55);
#959=FACE_OUTER_BOUND('',#1897,.T.);
#960=PLANE('',#1898);
#961=FACE_OUTER_BOUND('',#1899,.T.);
#962=PLANE('',#1900);
#963=FACE_OUTER_BOUND('',#1901,.T.);
#964=PLANE('',#1902);
#965=FACE_OUTER_BOUND('',#1903,.T.);
#966=PLANE('',#1904);
#967=FACE_OUTER_BOUND('',#1905,.T.);
#968=CYLINDRICAL_SURFACE('',#1906,0.6);
#969=FACE_OUTER_BOUND('',#1907,.T.);
#970=CONICAL_SURFACE('',#1908,3.73205080756892,1.30899693899575);
#971=FACE_OUTER_BOUND('',#1909,.T.);
#972=PLANE('',#1910);
#973=FACE_OUTER_BOUND('',#1911,.T.);
#974=PLANE('',#1912);
#975=FACE_OUTER_BOUND('',#1913,.T.);
#976=PLANE('',#1914);
#977=FACE_OUTER_BOUND('',#1915,.T.);
#978=PLANE('',#1916);
#979=FACE_OUTER_BOUND('',#1917,.T.);
#980=PLANE('',#1918);
#981=FACE_OUTER_BOUND('',#1919,.T.);
#982=PLANE('',#1920);
#983=FACE_OUTER_BOUND('',#1921,.T.);
#984=PLANE('',#1922);
#985=FACE_OUTER_BOUND('',#1923,.T.);
#986=PLANE('',#1924);
#987=FACE_OUTER_BOUND('',#1925,.T.);
#988=PLANE('',#1926);
#989=FACE_OUTER_BOUND('',#1927,.T.);
#990=PLANE('',#1928);
#991=FACE_OUTER_BOUND('',#1929,.T.);
#992=PLANE('',#1930);
#993=FACE_OUTER_BOUND('',#1931,.T.);
#994=PLANE('',#1932);
#995=FACE_OUTER_BOUND('',#1933,.T.);
#996=PLANE('',#1934);
#997=FACE_OUTER_BOUND('',#1935,.T.);
#998=PLANE('',#1936);
#999=FACE_OUTER_BOUND('',#1937,.T.);
#1000=PLANE('',#1938);
#1001=FACE_OUTER_BOUND('',#1939,.T.);
#1002=PLANE('',#1940);
#1003=FACE_OUTER_BOUND('',#1941,.T.);
#1004=PLANE('',#1942);
#1005=FACE_OUTER_BOUND('',#1943,.T.);
#1006=PLANE('',#1944);
#1007=FACE_OUTER_BOUND('',#1945,.T.);
#1008=PLANE('',#1946);
#1009=FACE_OUTER_BOUND('',#1947,.T.);
#1010=PLANE('',#1948);
#1011=FACE_OUTER_BOUND('',#1949,.T.);
#1012=PLANE('',#1950);
#1013=FACE_OUTER_BOUND('',#1951,.T.);
#1014=PLANE('',#1952);
#1015=FACE_OUTER_BOUND('',#1953,.T.);
#1016=PLANE('',#1954);
#1017=FACE_OUTER_BOUND('',#1955,.T.);
#1018=PLANE('',#1956);
#1019=FACE_OUTER_BOUND('',#1957,.T.);
#1020=PLANE('',#1958);
#1021=FACE_OUTER_BOUND('',#1959,.T.);
#1022=PLANE('',#1960);
#1023=FACE_OUTER_BOUND('',#1961,.T.);
#1024=PLANE('',#1962);
#1025=FACE_OUTER_BOUND('',#1963,.T.);
#1026=PLANE('',#1964);
#1027=FACE_OUTER_BOUND('',#1965,.T.);
#1028=PLANE('',#1966);
#1029=FACE_OUTER_BOUND('',#1967,.T.);
#1030=PLANE('',#1968);
#1031=FACE_OUTER_BOUND('',#1969,.T.);
#1032=PLANE('',#1970);
#1033=FACE_OUTER_BOUND('',#1971,.T.);
#1034=PLANE('',#1972);
#1035=FACE_OUTER_BOUND('',#1973,.T.);
#1036=PLANE('',#1974);
#1037=FACE_OUTER_BOUND('',#1975,.T.);
#1038=PLANE('',#1976);
#1039=FACE_OUTER_BOUND('',#1977,.T.);
#1040=PLANE('',#1978);
#1041=FACE_OUTER_BOUND('',#1979,.T.);
#1042=CYLINDRICAL_SURFACE('',#1980,0.6);
#1043=FACE_OUTER_BOUND('',#1981,.T.);
#1044=PLANE('',#1982);
#1045=FACE_OUTER_BOUND('',#1983,.T.);
#1046=CYLINDRICAL_SURFACE('',#1984,0.5);
#1047=FACE_OUTER_BOUND('',#1985,.T.);
#1048=PLANE('',#1986);
#1049=FACE_OUTER_BOUND('',#1987,.T.);
#1050=CYLINDRICAL_SURFACE('',#1988,0.5);
#1051=FACE_OUTER_BOUND('',#1989,.T.);
#1052=PLANE('',#1990);
#1053=FACE_OUTER_BOUND('',#1991,.T.);
#1054=CYLINDRICAL_SURFACE('',#1992,0.6);
#1055=FACE_OUTER_BOUND('',#1993,.T.);
#1056=PLANE('',#1994);
#1057=FACE_OUTER_BOUND('',#1995,.T.);
#1058=PLANE('',#1996);
#1059=FACE_OUTER_BOUND('',#1997,.T.);
#1060=CYLINDRICAL_SURFACE('',#1998,0.6);
#1061=FACE_OUTER_BOUND('',#1999,.T.);
#1062=PLANE('',#2000);
#1063=FACE_OUTER_BOUND('',#2001,.T.);
#1064=CYLINDRICAL_SURFACE('',#2002,0.6);
#1065=FACE_OUTER_BOUND('',#2003,.T.);
#1066=PLANE('',#2004);
#1067=FACE_OUTER_BOUND('',#2005,.T.);
#1068=PLANE('',#2006);
#1069=FACE_OUTER_BOUND('',#2007,.T.);
#1070=PLANE('',#2008);
#1071=FACE_OUTER_BOUND('',#2009,.T.);
#1072=PLANE('',#2010);
#1073=FACE_OUTER_BOUND('',#2011,.T.);
#1074=PLANE('',#2012);
#1075=FACE_OUTER_BOUND('',#2013,.T.);
#1076=PLANE('',#2014);
#1077=FACE_OUTER_BOUND('',#2015,.T.);
#1078=PLANE('',#2016);
#1079=FACE_OUTER_BOUND('',#2017,.T.);
#1080=PLANE('',#2018);
#1081=FACE_OUTER_BOUND('',#2019,.T.);
#1082=PLANE('',#2020);
#1083=FACE_OUTER_BOUND('',#2021,.T.);
#1084=PLANE('',#2022);
#1085=FACE_OUTER_BOUND('',#2023,.T.);
#1086=PLANE('',#2024);
#1087=FACE_OUTER_BOUND('',#2025,.T.);
#1088=PLANE('',#2026);
#1089=FACE_OUTER_BOUND('',#2027,.T.);
#1090=PLANE('',#2028);
#1091=FACE_OUTER_BOUND('',#2029,.T.);
#1092=PLANE('',#2030);
#1093=FACE_OUTER_BOUND('',#2031,.T.);
#1094=PLANE('',#2032);
#1095=FACE_OUTER_BOUND('',#2033,.T.);
#1096=PLANE('',#2034);
#1097=FACE_OUTER_BOUND('',#2035,.T.);
#1098=PLANE('',#2036);
#1099=FACE_OUTER_BOUND('',#2037,.T.);
#1100=PLANE('',#2038);
#1101=FACE_OUTER_BOUND('',#2039,.T.);
#1102=PLANE('',#2040);
#1103=FACE_OUTER_BOUND('',#2041,.T.);
#1104=PLANE('',#2042);
#1105=FACE_OUTER_BOUND('',#2043,.T.);
#1106=PLANE('',#2044);
#1107=FACE_OUTER_BOUND('',#2045,.T.);
#1108=PLANE('',#2046);
#1109=FACE_OUTER_BOUND('',#2047,.T.);
#1110=PLANE('',#2048);
#1111=FACE_OUTER_BOUND('',#2049,.T.);
#1112=PLANE('',#2050);
#1113=FACE_OUTER_BOUND('',#2051,.T.);
#1114=PLANE('',#2052);
#1115=FACE_OUTER_BOUND('',#2053,.T.);
#1116=PLANE('',#2054);
#1117=FACE_OUTER_BOUND('',#2055,.T.);
#1118=PLANE('',#2056);
#1119=FACE_OUTER_BOUND('',#2057,.T.);
#1120=PLANE('',#2058);
#1121=FACE_OUTER_BOUND('',#2059,.T.);
#1122=PLANE('',#2060);
#1123=FACE_OUTER_BOUND('',#2061,.T.);
#1124=PLANE('',#2062);
#1125=FACE_OUTER_BOUND('',#2063,.T.);
#1126=CYLINDRICAL_SURFACE('',#2064,0.0300000000000001);
#1127=FACE_OUTER_BOUND('',#2065,.T.);
#1128=PLANE('',#2066);
#1129=FACE_OUTER_BOUND('',#2067,.T.);
#1130=CYLINDRICAL_SURFACE('',#2068,0.0300000000000001);
#1131=FACE_OUTER_BOUND('',#2069,.T.);
#1132=CYLINDRICAL_SURFACE('',#2070,0.0300000000000001);
#1133=FACE_OUTER_BOUND('',#2071,.T.);
#1134=PLANE('',#2072);
#1135=FACE_OUTER_BOUND('',#2073,.T.);
#1136=CYLINDRICAL_SURFACE('',#2074,0.0300000000000001);
#1137=FACE_OUTER_BOUND('',#2075,.T.);
#1138=PLANE('',#2076);
#1139=FACE_OUTER_BOUND('',#2077,.T.);
#1140=CYLINDRICAL_SURFACE('',#2078,0.0300000000000001);
#1141=FACE_OUTER_BOUND('',#2079,.T.);
#1142=CYLINDRICAL_SURFACE('',#2080,0.0300000000000001);
#1143=FACE_OUTER_BOUND('',#2081,.T.);
#1144=CYLINDRICAL_SURFACE('',#2082,1.35);
#1145=FACE_OUTER_BOUND('',#2083,.T.);
#1146=PLANE('',#2084);
#1147=FACE_OUTER_BOUND('',#2085,.T.);
#1148=CYLINDRICAL_SURFACE('',#2086,0.76);
#1149=FACE_OUTER_BOUND('',#2087,.T.);
#1150=PLANE('',#2088);
#1151=FACE_OUTER_BOUND('',#2089,.T.);
#1152=PLANE('',#2090);
#1153=FACE_OUTER_BOUND('',#2091,.T.);
#1154=PLANE('',#2092);
#1155=FACE_OUTER_BOUND('',#2093,.T.);
#1156=PLANE('',#2094);
#1157=FACE_OUTER_BOUND('',#2095,.T.);
#1158=TOROIDAL_SURFACE('',#2096,0.00999999999999833,0.75);
#1159=FACE_OUTER_BOUND('',#2097,.T.);
#1160=CYLINDRICAL_SURFACE('',#2098,0.508);
#1161=FACE_OUTER_BOUND('',#2099,.T.);
#1162=PLANE('',#2100);
#1163=FACE_OUTER_BOUND('',#2101,.T.);
#1164=PLANE('',#2102);
#1165=FACE_OUTER_BOUND('',#2103,.T.);
#1166=PLANE('',#2104);
#1167=FACE_OUTER_BOUND('',#2105,.T.);
#1168=PLANE('',#2106);
#1169=FACE_OUTER_BOUND('',#2107,.T.);
#1170=CYLINDRICAL_SURFACE('',#2108,1.35);
#1171=FACE_OUTER_BOUND('',#2109,.T.);
#1172=PLANE('',#2110);
#1173=FACE_OUTER_BOUND('',#2111,.T.);
#1174=PLANE('',#2112);
#1175=FACE_OUTER_BOUND('',#2113,.T.);
#1176=PLANE('',#2114);
#1177=FACE_OUTER_BOUND('',#2115,.T.);
#1178=PLANE('',#2116);
#1179=FACE_OUTER_BOUND('',#2117,.T.);
#1180=CYLINDRICAL_SURFACE('',#2118,0.76);
#1181=FACE_OUTER_BOUND('',#2119,.T.);
#1182=TOROIDAL_SURFACE('',#2120,0.00999999999999789,0.75);
#1183=FACE_OUTER_BOUND('',#2121,.T.);
#1184=PLANE('',#2122);
#1185=FACE_OUTER_BOUND('',#2123,.T.);
#1186=PLANE('',#2124);
#1187=FACE_OUTER_BOUND('',#2125,.T.);
#1188=PLANE('',#2126);
#1189=FACE_OUTER_BOUND('',#2127,.T.);
#1190=PLANE('',#2128);
#1191=FACE_OUTER_BOUND('',#2129,.T.);
#1192=PLANE('',#2130);
#1193=FACE_OUTER_BOUND('',#2131,.T.);
#1194=PLANE('',#2132);
#1195=FACE_OUTER_BOUND('',#2133,.T.);
#1196=CYLINDRICAL_SURFACE('',#2134,1.1);
#1197=FACE_OUTER_BOUND('',#2135,.T.);
#1198=PLANE('',#2136);
#1199=FACE_OUTER_BOUND('',#2137,.T.);
#1200=PLANE('',#2138);
#1201=FACE_OUTER_BOUND('',#2139,.T.);
#1202=PLANE('',#2140);
#1203=FACE_OUTER_BOUND('',#2141,.T.);
#1204=PLANE('',#2142);
#1205=FACE_OUTER_BOUND('',#2143,.T.);
#1206=CYLINDRICAL_SURFACE('',#2144,0.508);
#1207=FACE_OUTER_BOUND('',#2145,.T.);
#1208=TOROIDAL_SURFACE('',#2146,0.00800000000000871,0.5);
#1209=FACE_OUTER_BOUND('',#2147,.T.);
#1210=PLANE('',#2148);
#1211=FACE_OUTER_BOUND('',#2149,.T.);
#1212=PLANE('',#2150);
#1213=FACE_OUTER_BOUND('',#2151,.T.);
#1214=PLANE('',#2152);
#1215=FACE_OUTER_BOUND('',#2153,.T.);
#1216=PLANE('',#2154);
#1217=FACE_OUTER_BOUND('',#2155,.T.);
#1218=PLANE('',#2156);
#1219=FACE_OUTER_BOUND('',#2157,.T.);
#1220=PLANE('',#2158);
#1221=FACE_OUTER_BOUND('',#2159,.T.);
#1222=CYLINDRICAL_SURFACE('',#2160,1.35);
#1223=FACE_OUTER_BOUND('',#2161,.T.);
#1224=PLANE('',#2162);
#1225=FACE_OUTER_BOUND('',#2163,.T.);
#1226=PLANE('',#2164);
#1227=FACE_OUTER_BOUND('',#2165,.T.);
#1228=CYLINDRICAL_SURFACE('',#2166,0.76);
#1229=FACE_OUTER_BOUND('',#2167,.T.);
#1230=CONICAL_SURFACE('',#2168,3.73205080756892,1.30899693899575);
#1231=FACE_OUTER_BOUND('',#2169,.T.);
#1232=TOROIDAL_SURFACE('',#2170,0.00999999999999833,0.75);
#1233=FACE_OUTER_BOUND('',#2171,.T.);
#1234=TOROIDAL_SURFACE('',#2172,0.00800000000000869,0.5);
#1235=FACE_OUTER_BOUND('',#2173,.T.);
#1236=PLANE('',#2174);
#1237=FACE_OUTER_BOUND('',#2175,.T.);
#1238=PLANE('',#2176);
#1239=FACE_OUTER_BOUND('',#2177,.T.);
#1240=PLANE('',#2178);
#1241=FACE_OUTER_BOUND('',#2179,.T.);
#1242=PLANE('',#2180);
#1243=FACE_OUTER_BOUND('',#2181,.T.);
#1244=PLANE('',#2182);
#1245=FACE_OUTER_BOUND('',#2183,.T.);
#1246=PLANE('',#2184);
#1247=FACE_OUTER_BOUND('',#2185,.T.);
#1248=CYLINDRICAL_SURFACE('',#2186,1.35);
#1249=FACE_OUTER_BOUND('',#2187,.T.);
#1250=PLANE('',#2188);
#1251=FACE_OUTER_BOUND('',#2189,.T.);
#1252=PLANE('',#2190);
#1253=FACE_OUTER_BOUND('',#2191,.T.);
#1254=CYLINDRICAL_SURFACE('',#2192,0.76);
#1255=FACE_OUTER_BOUND('',#2193,.T.);
#1256=PLANE('',#2194);
#1257=FACE_OUTER_BOUND('',#2195,.T.);
#1258=PLANE('',#2196);
#1259=FACE_OUTER_BOUND('',#2197,.T.);
#1260=PLANE('',#2198);
#1261=FACE_OUTER_BOUND('',#2199,.T.);
#1262=PLANE('',#2200);
#1263=FACE_OUTER_BOUND('',#2201,.T.);
#1264=TOROIDAL_SURFACE('',#2202,0.00999999999999656,0.75);
#1265=FACE_OUTER_BOUND('',#2203,.T.);
#1266=PLANE('',#2204);
#1267=FACE_OUTER_BOUND('',#2205,.T.);
#1268=PLANE('',#2206);
#1269=FACE_OUTER_BOUND('',#2207,.T.);
#1270=PLANE('',#2208);
#1271=FACE_OUTER_BOUND('',#2209,.T.);
#1272=CYLINDRICAL_SURFACE('',#2210,0.508);
#1273=FACE_OUTER_BOUND('',#2211,.T.);
#1274=CYLINDRICAL_SURFACE('',#2212,1.1);
#1275=FACE_OUTER_BOUND('',#2213,.T.);
#1276=CYLINDRICAL_SURFACE('',#2214,0.76);
#1277=FACE_OUTER_BOUND('',#2215,.T.);
#1278=CYLINDRICAL_SURFACE('',#2216,1.35);
#1279=FACE_OUTER_BOUND('',#2217,.T.);
#1280=CONICAL_SURFACE('',#2218,1.0,0.785398163397434);
#1281=FACE_OUTER_BOUND('',#2219,.T.);
#1282=CYLINDRICAL_SURFACE('',#2220,1.35);
#1283=FACE_OUTER_BOUND('',#2221,.T.);
#1284=CONICAL_SURFACE('',#2222,1.0,0.453844001521509);
#1285=FACE_OUTER_BOUND('',#2223,.T.);
#1286=CYLINDRICAL_SURFACE('',#2224,0.4);
#1287=FACE_OUTER_BOUND('',#2225,.T.);
#1288=CONICAL_SURFACE('',#2226,1.00000000000002,0.78539816339746);
#1289=FACE_OUTER_BOUND('',#2227,.T.);
#1290=CYLINDRICAL_SURFACE('',#2228,1.1);
#1291=FACE_OUTER_BOUND('',#2229,.T.);
#1292=CONICAL_SURFACE('',#2230,1.0,0.453844001521509);
#1293=FACE_OUTER_BOUND('',#2231,.T.);
#1294=CONICAL_SURFACE('',#2232,1.0,0.785398163397434);
#1295=FACE_OUTER_BOUND('',#2233,.T.);
#1296=CYLINDRICAL_SURFACE('',#2234,0.508);
#1297=FACE_OUTER_BOUND('',#2235,.T.);
#1298=CONICAL_SURFACE('',#2236,1.00000000000002,0.78539816339746);
#1299=FACE_OUTER_BOUND('',#2237,.T.);
#1300=CYLINDRICAL_SURFACE('',#2238,1.1);
#1301=FACE_OUTER_BOUND('',#2239,.T.);
#1302=CYLINDRICAL_SURFACE('',#2240,0.76);
#1303=FACE_OUTER_BOUND('',#2241,.T.);
#1304=CYLINDRICAL_SURFACE('',#2242,1.9);
#1305=FACE_OUTER_BOUND('',#2243,.T.);
#1306=CYLINDRICAL_SURFACE('',#2244,0.6);
#1307=FACE_OUTER_BOUND('',#2245,.T.);
#1308=CYLINDRICAL_SURFACE('',#2246,1.35);
#1309=FACE_OUTER_BOUND('',#2247,.T.);
#1310=CYLINDRICAL_SURFACE('',#2248,1.9);
#1311=FACE_OUTER_BOUND('',#2249,.T.);
#1312=CYLINDRICAL_SURFACE('',#2250,1.35);
#1313=FACE_OUTER_BOUND('',#2251,.T.);
#1314=CYLINDRICAL_SURFACE('',#2252,0.76);
#1315=FACE_OUTER_BOUND('',#2253,.T.);
#1316=CYLINDRICAL_SURFACE('',#2254,0.76);
#1317=FACE_OUTER_BOUND('',#2255,.T.);
#1318=CYLINDRICAL_SURFACE('',#2256,1.0);
#1319=FACE_OUTER_BOUND('',#2257,.T.);
#1320=CYLINDRICAL_SURFACE('',#2258,0.508);
#1321=FACE_OUTER_BOUND('',#2259,.T.);
#1322=CYLINDRICAL_SURFACE('',#2260,1.0);
#1323=FACE_OUTER_BOUND('',#2261,.T.);
#1324=TOROIDAL_SURFACE('',#2262,1.30000000000001,0.1);
#1325=FACE_OUTER_BOUND('',#2263,.T.);
#1326=TOROIDAL_SURFACE('',#2264,0.00999999999999656,0.75);
#1327=FACE_OUTER_BOUND('',#2265,.T.);
#1328=TOROIDAL_SURFACE('',#2266,0.00999999999999789,0.75);
#1329=FACE_OUTER_BOUND('',#2267,.T.);
#1330=TOROIDAL_SURFACE('',#2268,0.00800000000000869,0.5);
#1331=FACE_OUTER_BOUND('',#2269,.T.);
#1332=TOROIDAL_SURFACE('',#2270,0.00999999999999833,0.75);
#1333=FACE_OUTER_BOUND('',#2271,.T.);
#1334=TOROIDAL_SURFACE('',#2272,0.00800000000000871,0.5);
#1335=FACE_OUTER_BOUND('',#2273,.T.);
#1336=TOROIDAL_SURFACE('',#2274,1.3,0.1);
#1337=FACE_OUTER_BOUND('',#2275,.T.);
#1338=TOROIDAL_SURFACE('',#2276,1.09999999999999,0.0999999999999999);
#1339=FACE_OUTER_BOUND('',#2277,.T.);
#1340=TOROIDAL_SURFACE('',#2278,1.09999999999999,0.0999999999999999);
#1341=FACE_OUTER_BOUND('',#2279,.T.);
#1342=TOROIDAL_SURFACE('',#2280,0.00800000000000869,0.5);
#1343=FACE_OUTER_BOUND('',#2281,.T.);
#1344=TOROIDAL_SURFACE('',#2282,0.00999999999999833,0.75);
#1345=FACE_OUTER_BOUND('',#2283,.T.);
#1346=PLANE('',#2284);
#1347=FACE_OUTER_BOUND('',#2285,.T.);
#1348=PLANE('',#2286);
#1349=FACE_OUTER_BOUND('',#2287,.T.);
#1350=PLANE('',#2288);
#1351=FACE_OUTER_BOUND('',#2289,.T.);
#1352=PLANE('',#2290);
#1353=FACE_OUTER_BOUND('',#2291,.T.);
#1354=PLANE('',#2292);
#1355=FACE_OUTER_BOUND('',#2293,.T.);
#1356=PLANE('',#2294);
#1357=FACE_OUTER_BOUND('',#2295,.T.);
#1358=PLANE('',#2296);
#1359=FACE_OUTER_BOUND('',#2297,.T.);
#1360=PLANE('',#2298);
#1361=FACE_OUTER_BOUND('',#2299,.T.);
#1362=PLANE('',#2300);
#1363=FACE_OUTER_BOUND('',#2301,.T.);
#1364=PLANE('',#2302);
#1365=FACE_OUTER_BOUND('',#2303,.T.);
#1366=CYLINDRICAL_SURFACE('',#2304,2.1);
#1367=FACE_OUTER_BOUND('',#2305,.T.);
#1368=CYLINDRICAL_SURFACE('',#2306,2.1);
#1369=FACE_OUTER_BOUND('',#2307,.T.);
#1370=FACE_BOUND('',#2308,.T.);
#1371=FACE_BOUND('',#2309,.T.);
#1372=FACE_BOUND('',#2310,.T.);
#1373=FACE_BOUND('',#2311,.T.);
#1374=PLANE('',#2312);
#1375=FACE_OUTER_BOUND('',#2313,.T.);
#1376=PLANE('',#2314);
#1377=FACE_OUTER_BOUND('',#2315,.T.);
#1378=PLANE('',#2316);
#1379=FACE_OUTER_BOUND('',#2317,.T.);
#1380=FACE_BOUND('',#2318,.T.);
#1381=PLANE('',#2319);
#1382=FACE_OUTER_BOUND('',#2320,.T.);
#1383=PLANE('',#2321);
#1384=FACE_OUTER_BOUND('',#2322,.T.);
#1385=PLANE('',#2323);
#1386=FACE_OUTER_BOUND('',#2324,.T.);
#1387=CYLINDRICAL_SURFACE('',#2325,0.6);
#1388=FACE_OUTER_BOUND('',#2326,.T.);
#1389=PLANE('',#2327);
#1390=FACE_OUTER_BOUND('',#2328,.T.);
#1391=PLANE('',#2329);
#1392=FACE_OUTER_BOUND('',#2330,.T.);
#1393=PLANE('',#2331);
#1394=FACE_OUTER_BOUND('',#2332,.T.);
#1395=PLANE('',#2333);
#1396=FACE_OUTER_BOUND('',#2334,.T.);
#1397=PLANE('',#2335);
#1398=FACE_OUTER_BOUND('',#2336,.T.);
#1399=PLANE('',#2337);
#1400=FACE_OUTER_BOUND('',#2338,.T.);
#1401=CYLINDRICAL_SURFACE('',#2339,0.6);
#1402=FACE_OUTER_BOUND('',#2340,.T.);
#1403=FACE_BOUND('',#2341,.T.);
#1404=PLANE('',#2342);
#1405=FACE_OUTER_BOUND('',#2343,.T.);
#1406=CYLINDRICAL_SURFACE('',#2344,2.1);
#1407=FACE_OUTER_BOUND('',#2345,.T.);
#1408=PLANE('',#2346);
#1409=FACE_OUTER_BOUND('',#2347,.T.);
#1410=PLANE('',#2348);
#1411=FACE_OUTER_BOUND('',#2349,.T.);
#1412=PLANE('',#2350);
#1413=FACE_OUTER_BOUND('',#2351,.T.);
#1414=CONICAL_SURFACE('',#2352,1.73205080756885,1.04719755119659);
#1415=FACE_OUTER_BOUND('',#2353,.T.);
#1416=CYLINDRICAL_SURFACE('',#2354,0.85);
#1417=FACE_OUTER_BOUND('',#2355,.T.);
#1418=CYLINDRICAL_SURFACE('',#2356,1.25);
#1419=FACE_OUTER_BOUND('',#2357,.T.);
#1420=FACE_BOUND('',#2358,.T.);
#1421=FACE_BOUND('',#2359,.T.);
#1422=FACE_BOUND('',#2360,.T.);
#1423=FACE_BOUND('',#2361,.T.);
#1424=FACE_BOUND('',#2362,.T.);
#1425=FACE_BOUND('',#2363,.T.);
#1426=PLANE('',#2364);
#1427=FACE_OUTER_BOUND('',#2365,.T.);
#1428=CYLINDRICAL_SURFACE('',#2366,0.6);
#1429=FACE_OUTER_BOUND('',#2367,.T.);
#1430=PLANE('',#2368);
#1431=FACE_OUTER_BOUND('',#2369,.T.);
#1432=CYLINDRICAL_SURFACE('',#2370,0.6);
#1433=FACE_OUTER_BOUND('',#2371,.T.);
#1434=CYLINDRICAL_SURFACE('',#2372,0.85);
#1435=FACE_OUTER_BOUND('',#2373,.T.);
#1436=CYLINDRICAL_SURFACE('',#2374,1.25);
#1437=FACE_OUTER_BOUND('',#2375,.T.);
#1438=CONICAL_SURFACE('',#2376,1.73205080756889,1.0471975511966);
#1439=FACE_OUTER_BOUND('',#2377,.T.);
#1440=CONICAL_SURFACE('',#2378,1.73205080756889,1.0471975511966);
#1441=FACE_OUTER_BOUND('',#2379,.T.);
#1442=CONICAL_SURFACE('',#2380,1.73205080756889,1.0471975511966);
#1443=FACE_OUTER_BOUND('',#2381,.T.);
#1444=CYLINDRICAL_SURFACE('',#2382,1.25);
#1445=FACE_OUTER_BOUND('',#2383,.T.);
#1446=CYLINDRICAL_SURFACE('',#2384,1.25);
#1447=FACE_OUTER_BOUND('',#2385,.T.);
#1448=CONICAL_SURFACE('',#2386,1.73205080756889,1.0471975511966);
#1449=FACE_OUTER_BOUND('',#2387,.T.);
#1450=CONICAL_SURFACE('',#2388,1.73205080756889,1.0471975511966);
#1451=FACE_OUTER_BOUND('',#2389,.T.);
#1452=CYLINDRICAL_SURFACE('',#2390,1.25);
#1453=FACE_OUTER_BOUND('',#2391,.T.);
#1454=CYLINDRICAL_SURFACE('',#2392,1.25);
#1455=FACE_OUTER_BOUND('',#2393,.T.);
#1456=CONICAL_SURFACE('',#2394,1.73205080756889,1.0471975511966);
#1457=FACE_OUTER_BOUND('',#2395,.T.);
#1458=CONICAL_SURFACE('',#2396,1.73205080756889,1.0471975511966);
#1459=FACE_OUTER_BOUND('',#2397,.T.);
#1460=CONICAL_SURFACE('',#2398,1.73205080756889,1.0471975511966);
#1461=FACE_OUTER_BOUND('',#2399,.T.);
#1462=CYLINDRICAL_SURFACE('',#2400,1.25);
#1463=FACE_OUTER_BOUND('',#2401,.T.);
#1464=CYLINDRICAL_SURFACE('',#2402,0.85);
#1465=FACE_OUTER_BOUND('',#2403,.T.);
#1466=CYLINDRICAL_SURFACE('',#2404,1.25);
#1467=FACE_OUTER_BOUND('',#2405,.T.);
#1468=CONICAL_SURFACE('',#2406,1.73205080756885,1.04719755119659);
#1469=FACE_OUTER_BOUND('',#2407,.T.);
#1470=CONICAL_SURFACE('',#2408,1.73205080756889,1.0471975511966);
#1471=FACE_OUTER_BOUND('',#2409,.T.);
#1472=CONICAL_SURFACE('',#2410,1.73205080756889,1.0471975511966);
#1473=FACE_OUTER_BOUND('',#2411,.T.);
#1474=CYLINDRICAL_SURFACE('',#2412,0.85);
#1475=FACE_OUTER_BOUND('',#2413,.T.);
#1476=PLANE('',#2414);
#1477=FACE_OUTER_BOUND('',#2415,.T.);
#1478=PLANE('',#2416);
#1479=FACE_OUTER_BOUND('',#2417,.T.);
#1480=PLANE('',#2418);
#1481=FACE_OUTER_BOUND('',#2419,.T.);
#1482=PLANE('',#2420);
#1483=FACE_OUTER_BOUND('',#2421,.T.);
#1484=PLANE('',#2422);
#1485=FACE_OUTER_BOUND('',#2423,.T.);
#1486=PLANE('',#2424);
#1487=EDGE_LOOP('',(#2425,#2426,#2427));
#1488=AXIS2_PLACEMENT_3D('',#2428,#2429,#2430);
#1489=EDGE_LOOP('',(#2431,#2432,#2433));
#1490=AXIS2_PLACEMENT_3D('',#2434,#2435,#2436);
#1491=EDGE_LOOP('',(#2437,#2438,#2439));
#1492=AXIS2_PLACEMENT_3D('',#2440,#2441,#2442);
#1493=EDGE_LOOP('',(#2443,#2444,#2445));
#1494=AXIS2_PLACEMENT_3D('',#2446,#2447,#2448);
#1495=EDGE_LOOP('',(#2449,#2450,#2451,#2452));
#1496=AXIS2_PLACEMENT_3D('',#2453,#2454,#2455);
#1497=EDGE_LOOP('',(#2456,#2457,#2458));
#1498=AXIS2_PLACEMENT_3D('',#2459,#2460,#2461);
#1499=EDGE_LOOP('',(#2462,#2463));
#1500=AXIS2_PLACEMENT_3D('',#2464,#2465,#2466);
#1501=EDGE_LOOP('',(#2467,#2468));
#1502=EDGE_LOOP('',(#2469,#2470,#2471,#2472,#2473,#2474,#2475,#2476));
#1503=AXIS2_PLACEMENT_3D('',#2477,#2478,#2479);
#1504=EDGE_LOOP('',(#2480,#2481,#2482,#2483));
#1505=AXIS2_PLACEMENT_3D('',#2484,#2485,#2486);
#1506=EDGE_LOOP('',(#2487,#2488,#2489,#2490));
#1507=AXIS2_PLACEMENT_3D('',#2491,#2492,#2493);
#1508=EDGE_LOOP('',(#2494,#2495,#2496,#2497,#2498,#2499));
#1509=AXIS2_PLACEMENT_3D('',#2500,#2501,#2502);
#1510=EDGE_LOOP('',(#2503,#2504,#2505,#2506,#2507,#2508,#2509,#2510,#2511,#2512,#2513,#2514,#2515,#2516,#2517,#2518,#2519,#2520,#2521,#2522,#2523,#2524,#2525,#2526,#2527,#2528,#2529,#2530,#2531,#2532,#2533,#2534,#2535,#2536,#2537,#2538,#2539,#2540,#2541,#2542,#2543,#2544,#2545,#2546));
#1511=EDGE_LOOP('',(#2547,#2548,#2549,#2550,#2551,#2552,#2553,#2554,#2555,#2556,#2557,#2558));
#1512=EDGE_LOOP('',(#2559,#2560,#2561,#2562,#2563,#2564,#2565,#2566,#2567,#2568,#2569,#2570,#2571,#2572));
#1513=EDGE_LOOP('',(#2573,#2574,#2575,#2576));
#1514=EDGE_LOOP('',(#2577,#2578,#2579,#2580,#2581,#2582,#2583,#2584,#2585,#2586,#2587,#2588,#2589,#2590));
#1515=EDGE_LOOP('',(#2591,#2592,#2593,#2594,#2595,#2596,#2597,#2598,#2599,#2600,#2601,#2602));
#1516=EDGE_LOOP('',(#2603,#2604,#2605,#2606,#2607,#2608,#2609,#2610,#2611,#2612,#2613,#2614));
#1517=EDGE_LOOP('',(#2615,#2616,#2617,#2618,#2619,#2620,#2621,#2622));
#1518=EDGE_LOOP('',(#2623,#2624));
#1519=EDGE_LOOP('',(#2625,#2626));
#1520=EDGE_LOOP('',(#2627,#2628));
#1521=EDGE_LOOP('',(#2629,#2630));
#1522=EDGE_LOOP('',(#2631,#2632));
#1523=EDGE_LOOP('',(#2633,#2634));
#1524=EDGE_LOOP('',(#2635,#2636));
#1525=EDGE_LOOP('',(#2637,#2638,#2639,#2640,#2641,#2642,#2643,#2644,#2645,#2646,#2647,#2648,#2649,#2650,#2651));
#1526=AXIS2_PLACEMENT_3D('',#2652,#2653,#2654);
#1527=EDGE_LOOP('',(#2655,#2656,#2657,#2658));
#1528=AXIS2_PLACEMENT_3D('',#2659,#2660,#2661);
#1529=EDGE_LOOP('',(#2662,#2663,#2664,#2665));
#1530=AXIS2_PLACEMENT_3D('',#2666,#2667,#2668);
#1531=EDGE_LOOP('',(#2669,#2670,#2671,#2672));
#1532=AXIS2_PLACEMENT_3D('',#2673,#2674,#2675);
#1533=EDGE_LOOP('',(#2676,#2677,#2678,#2679));
#1534=AXIS2_PLACEMENT_3D('',#2680,#2681,#2682);
#1535=EDGE_LOOP('',(#2683,#2684,#2685,#2686));
#1536=AXIS2_PLACEMENT_3D('',#2687,#2688,#2689);
#1537=EDGE_LOOP('',(#2690,#2691,#2692,#2693));
#1538=AXIS2_PLACEMENT_3D('',#2694,#2695,#2696);
#1539=EDGE_LOOP('',(#2697,#2698,#2699,#2700));
#1540=AXIS2_PLACEMENT_3D('',#2701,#2702,#2703);
#1541=EDGE_LOOP('',(#2704,#2705,#2706,#2707));
#1542=AXIS2_PLACEMENT_3D('',#2708,#2709,#2710);
#1543=EDGE_LOOP('',(#2711,#2712,#2713,#2714));
#1544=AXIS2_PLACEMENT_3D('',#2715,#2716,#2717);
#1545=EDGE_LOOP('',(#2718,#2719,#2720,#2721));
#1546=AXIS2_PLACEMENT_3D('',#2722,#2723,#2724);
#1547=EDGE_LOOP('',(#2725,#2726,#2727,#2728));
#1548=AXIS2_PLACEMENT_3D('',#2729,#2730,#2731);
#1549=EDGE_LOOP('',(#2732,#2733,#2734,#2735,#2736,#2737,#2738,#2739));
#1550=AXIS2_PLACEMENT_3D('',#2740,#2741,#2742);
#1551=EDGE_LOOP('',(#2743,#2744,#2745,#2746,#2747,#2748,#2749,#2750,#2751,#2752,#2753,#2754));
#1552=AXIS2_PLACEMENT_3D('',#2755,#2756,#2757);
#1553=EDGE_LOOP('',(#2758,#2759,#2760,#2761,#2762,#2763,#2764,#2765,#2766,#2767,#2768,#2769,#2770,#2771,#2772));
#1554=EDGE_LOOP('',(#2773,#2774));
#1555=EDGE_LOOP('',(#2775,#2776));
#1556=AXIS2_PLACEMENT_3D('',#2777,#2778,#2779);
#1557=EDGE_LOOP('',(#2780,#2781,#2782,#2783));
#1558=AXIS2_PLACEMENT_3D('',#2784,#2785,#2786);
#1559=EDGE_LOOP('',(#2787,#2788,#2789,#2790,#2791,#2792));
#1560=AXIS2_PLACEMENT_3D('',#2793,#2794,#2795);
#1561=EDGE_LOOP('',(#2796,#2797,#2798,#2799));
#1562=AXIS2_PLACEMENT_3D('',#2800,#2801,#2802);
#1563=EDGE_LOOP('',(#2803,#2804,#2805,#2806,#2807,#2808,#2809,#2810,#2811,#2812,#2813,#2814));
#1564=AXIS2_PLACEMENT_3D('',#2815,#2816,#2817);
#1565=EDGE_LOOP('',(#2818,#2819,#2820,#2821,#2822,#2823));
#1566=AXIS2_PLACEMENT_3D('',#2824,#2825,#2826);
#1567=EDGE_LOOP('',(#2827,#2828,#2829,#2830,#2831,#2832,#2833,#2834,#2835,#2836,#2837,#2838,#2839,#2840,#2841,#2842));
#1568=EDGE_LOOP('',(#2843,#2844));
#1569=EDGE_LOOP('',(#2845,#2846,#2847,#2848));
#1570=EDGE_LOOP('',(#2849,#2850,#2851,#2852));
#1571=EDGE_LOOP('',(#2853,#2854,#2855,#2856));
#1572=EDGE_LOOP('',(#2857,#2858,#2859,#2860));
#1573=EDGE_LOOP('',(#2861,#2862,#2863,#2864));
#1574=EDGE_LOOP('',(#2865,#2866,#2867,#2868));
#1575=EDGE_LOOP('',(#2869,#2870,#2871,#2872));
#1576=AXIS2_PLACEMENT_3D('',#2873,#2874,#2875);
#1577=EDGE_LOOP('',(#2876,#2877,#2878,#2879));
#1578=AXIS2_PLACEMENT_3D('',#2880,#2881,#2882);
#1579=EDGE_LOOP('',(#2883,#2884,#2885,#2886));
#1580=AXIS2_PLACEMENT_3D('',#2887,#2888,#2889);
#1581=EDGE_LOOP('',(#2890,#2891,#2892,#2893));
#1582=AXIS2_PLACEMENT_3D('',#2894,#2895,#2896);
#1583=EDGE_LOOP('',(#2897,#2898,#2899,#2900));
#1584=AXIS2_PLACEMENT_3D('',#2901,#2902,#2903);
#1585=EDGE_LOOP('',(#2904,#2905,#2906,#2907));
#1586=AXIS2_PLACEMENT_3D('',#2908,#2909,#2910);
#1587=EDGE_LOOP('',(#2911,#2912,#2913,#2914));
#1588=AXIS2_PLACEMENT_3D('',#2915,#2916,#2917);
#1589=EDGE_LOOP('',(#2918,#2919,#2920,#2921));
#1590=AXIS2_PLACEMENT_3D('',#2922,#2923,#2924);
#1591=EDGE_LOOP('',(#2925,#2926,#2927,#2928));
#1592=AXIS2_PLACEMENT_3D('',#2929,#2930,#2931);
#1593=EDGE_LOOP('',(#2932,#2933,#2934,#2935));
#1594=AXIS2_PLACEMENT_3D('',#2936,#2937,#2938);
#1595=EDGE_LOOP('',(#2939,#2940,#2941,#2942));
#1596=AXIS2_PLACEMENT_3D('',#2943,#2944,#2945);
#1597=EDGE_LOOP('',(#2946,#2947,#2948,#2949));
#1598=AXIS2_PLACEMENT_3D('',#2950,#2951,#2952);
#1599=EDGE_LOOP('',(#2953,#2954,#2955,#2956));
#1600=AXIS2_PLACEMENT_3D('',#2957,#2958,#2959);
#1601=EDGE_LOOP('',(#2960,#2961,#2962,#2963));
#1602=AXIS2_PLACEMENT_3D('',#2964,#2965,#2966);
#1603=EDGE_LOOP('',(#2967,#2968,#2969,#2970,#2971,#2972));
#1604=AXIS2_PLACEMENT_3D('',#2973,#2974,#2975);
#1605=EDGE_LOOP('',(#2976,#2977,#2978,#2979,#2980,#2981,#2982,#2983,#2984,#2985,#2986));
#1606=AXIS2_PLACEMENT_3D('',#2987,#2988,#2989);
#1607=EDGE_LOOP('',(#2990,#2991,#2992,#2993));
#1608=AXIS2_PLACEMENT_3D('',#2994,#2995,#2996);
#1609=EDGE_LOOP('',(#2997,#2998,#2999,#3000));
#1610=AXIS2_PLACEMENT_3D('',#3001,#3002,#3003);
#1611=EDGE_LOOP('',(#3004,#3005));
#1612=AXIS2_PLACEMENT_3D('',#3006,#3007,#3008);
#1613=EDGE_LOOP('',(#3009,#3010,#3011));
#1614=AXIS2_PLACEMENT_3D('',#3012,#3013,#3014);
#1615=EDGE_LOOP('',(#3015,#3016,#3017,#3018));
#1616=AXIS2_PLACEMENT_3D('',#3019,#3020,#3021);
#1617=EDGE_LOOP('',(#3022,#3023,#3024,#3025));
#1618=AXIS2_PLACEMENT_3D('',#3026,#3027,#3028);
#1619=EDGE_LOOP('',(#3029,#3030));
#1620=AXIS2_PLACEMENT_3D('',#3031,#3032,#3033);
#1621=EDGE_LOOP('',(#3034,#3035,#3036,#3037));
#1622=AXIS2_PLACEMENT_3D('',#3038,#3039,#3040);
#1623=EDGE_LOOP('',(#3041,#3042,#3043,#3044));
#1624=AXIS2_PLACEMENT_3D('',#3045,#3046,#3047);
#1625=EDGE_LOOP('',(#3048,#3049,#3050,#3051));
#1626=AXIS2_PLACEMENT_3D('',#3052,#3053,#3054);
#1627=EDGE_LOOP('',(#3055,#3056,#3057,#3058));
#1628=AXIS2_PLACEMENT_3D('',#3059,#3060,#3061);
#1629=EDGE_LOOP('',(#3062,#3063,#3064,#3065));
#1630=AXIS2_PLACEMENT_3D('',#3066,#3067,#3068);
#1631=EDGE_LOOP('',(#3069,#3070,#3071,#3072));
#1632=AXIS2_PLACEMENT_3D('',#3073,#3074,#3075);
#1633=EDGE_LOOP('',(#3076,#3077,#3078,#3079));
#1634=AXIS2_PLACEMENT_3D('',#3080,#3081,#3082);
#1635=EDGE_LOOP('',(#3083,#3084,#3085,#3086));
#1636=AXIS2_PLACEMENT_3D('',#3087,#3088,#3089);
#1637=EDGE_LOOP('',(#3090,#3091,#3092,#3093));
#1638=AXIS2_PLACEMENT_3D('',#3094,#3095,#3096);
#1639=EDGE_LOOP('',(#3097,#3098,#3099,#3100));
#1640=AXIS2_PLACEMENT_3D('',#3101,#3102,#3103);
#1641=EDGE_LOOP('',(#3104,#3105,#3106,#3107));
#1642=AXIS2_PLACEMENT_3D('',#3108,#3109,#3110);
#1643=EDGE_LOOP('',(#3111,#3112,#3113,#3114));
#1644=AXIS2_PLACEMENT_3D('',#3115,#3116,#3117);
#1645=EDGE_LOOP('',(#3118,#3119,#3120,#3121));
#1646=AXIS2_PLACEMENT_3D('',#3122,#3123,#3124);
#1647=EDGE_LOOP('',(#3125,#3126,#3127,#3128));
#1648=AXIS2_PLACEMENT_3D('',#3129,#3130,#3131);
#1649=EDGE_LOOP('',(#3132,#3133,#3134,#3135));
#1650=AXIS2_PLACEMENT_3D('',#3136,#3137,#3138);
#1651=EDGE_LOOP('',(#3139,#3140,#3141,#3142));
#1652=AXIS2_PLACEMENT_3D('',#3143,#3144,#3145);
#1653=EDGE_LOOP('',(#3146,#3147,#3148,#3149));
#1654=AXIS2_PLACEMENT_3D('',#3150,#3151,#3152);
#1655=EDGE_LOOP('',(#3153,#3154,#3155,#3156));
#1656=AXIS2_PLACEMENT_3D('',#3157,#3158,#3159);
#1657=EDGE_LOOP('',(#3160,#3161,#3162,#3163));
#1658=AXIS2_PLACEMENT_3D('',#3164,#3165,#3166);
#1659=EDGE_LOOP('',(#3167,#3168,#3169,#3170));
#1660=AXIS2_PLACEMENT_3D('',#3171,#3172,#3173);
#1661=EDGE_LOOP('',(#3174,#3175,#3176,#3177));
#1662=AXIS2_PLACEMENT_3D('',#3178,#3179,#3180);
#1663=EDGE_LOOP('',(#3181,#3182,#3183,#3184));
#1664=AXIS2_PLACEMENT_3D('',#3185,#3186,#3187);
#1665=EDGE_LOOP('',(#3188,#3189,#3190,#3191));
#1666=AXIS2_PLACEMENT_3D('',#3192,#3193,#3194);
#1667=EDGE_LOOP('',(#3195,#3196,#3197,#3198));
#1668=AXIS2_PLACEMENT_3D('',#3199,#3200,#3201);
#1669=EDGE_LOOP('',(#3202,#3203,#3204,#3205));
#1670=AXIS2_PLACEMENT_3D('',#3206,#3207,#3208);
#1671=EDGE_LOOP('',(#3209,#3210,#3211,#3212));
#1672=AXIS2_PLACEMENT_3D('',#3213,#3214,#3215);
#1673=EDGE_LOOP('',(#3216,#3217,#3218,#3219));
#1674=AXIS2_PLACEMENT_3D('',#3220,#3221,#3222);
#1675=EDGE_LOOP('',(#3223,#3224,#3225,#3226));
#1676=AXIS2_PLACEMENT_3D('',#3227,#3228,#3229);
#1677=EDGE_LOOP('',(#3230,#3231,#3232,#3233));
#1678=AXIS2_PLACEMENT_3D('',#3234,#3235,#3236);
#1679=EDGE_LOOP('',(#3237,#3238,#3239,#3240));
#1680=AXIS2_PLACEMENT_3D('',#3241,#3242,#3243);
#1681=EDGE_LOOP('',(#3244,#3245,#3246,#3247));
#1682=AXIS2_PLACEMENT_3D('',#3248,#3249,#3250);
#1683=EDGE_LOOP('',(#3251,#3252,#3253,#3254));
#1684=AXIS2_PLACEMENT_3D('',#3255,#3256,#3257);
#1685=EDGE_LOOP('',(#3258,#3259,#3260,#3261));
#1686=AXIS2_PLACEMENT_3D('',#3262,#3263,#3264);
#1687=EDGE_LOOP('',(#3265,#3266,#3267,#3268));
#1688=AXIS2_PLACEMENT_3D('',#3269,#3270,#3271);
#1689=EDGE_LOOP('',(#3272,#3273,#3274,#3275));
#1690=AXIS2_PLACEMENT_3D('',#3276,#3277,#3278);
#1691=EDGE_LOOP('',(#3279,#3280,#3281,#3282));
#1692=AXIS2_PLACEMENT_3D('',#3283,#3284,#3285);
#1693=EDGE_LOOP('',(#3286,#3287,#3288,#3289));
#1694=AXIS2_PLACEMENT_3D('',#3290,#3291,#3292);
#1695=EDGE_LOOP('',(#3293,#3294,#3295,#3296));
#1696=AXIS2_PLACEMENT_3D('',#3297,#3298,#3299);
#1697=EDGE_LOOP('',(#3300,#3301,#3302,#3303));
#1698=AXIS2_PLACEMENT_3D('',#3304,#3305,#3306);
#1699=EDGE_LOOP('',(#3307,#3308,#3309,#3310));
#1700=AXIS2_PLACEMENT_3D('',#3311,#3312,#3313);
#1701=EDGE_LOOP('',(#3314,#3315,#3316,#3317));
#1702=AXIS2_PLACEMENT_3D('',#3318,#3319,#3320);
#1703=EDGE_LOOP('',(#3321,#3322,#3323,#3324));
#1704=AXIS2_PLACEMENT_3D('',#3325,#3326,#3327);
#1705=EDGE_LOOP('',(#3328,#3329,#3330,#3331));
#1706=AXIS2_PLACEMENT_3D('',#3332,#3333,#3334);
#1707=EDGE_LOOP('',(#3335,#3336,#3337,#3338));
#1708=AXIS2_PLACEMENT_3D('',#3339,#3340,#3341);
#1709=EDGE_LOOP('',(#3342,#3343,#3344,#3345));
#1710=AXIS2_PLACEMENT_3D('',#3346,#3347,#3348);
#1711=EDGE_LOOP('',(#3349,#3350,#3351,#3352));
#1712=AXIS2_PLACEMENT_3D('',#3353,#3354,#3355);
#1713=EDGE_LOOP('',(#3356,#3357,#3358,#3359));
#1714=AXIS2_PLACEMENT_3D('',#3360,#3361,#3362);
#1715=EDGE_LOOP('',(#3363,#3364,#3365,#3366));
#1716=AXIS2_PLACEMENT_3D('',#3367,#3368,#3369);
#1717=EDGE_LOOP('',(#3370,#3371,#3372,#3373));
#1718=AXIS2_PLACEMENT_3D('',#3374,#3375,#3376);
#1719=EDGE_LOOP('',(#3377,#3378,#3379,#3380));
#1720=AXIS2_PLACEMENT_3D('',#3381,#3382,#3383);
#1721=EDGE_LOOP('',(#3384,#3385,#3386,#3387));
#1722=AXIS2_PLACEMENT_3D('',#3388,#3389,#3390);
#1723=EDGE_LOOP('',(#3391,#3392,#3393,#3394));
#1724=AXIS2_PLACEMENT_3D('',#3395,#3396,#3397);
#1725=EDGE_LOOP('',(#3398,#3399,#3400,#3401));
#1726=AXIS2_PLACEMENT_3D('',#3402,#3403,#3404);
#1727=EDGE_LOOP('',(#3405,#3406,#3407,#3408));
#1728=AXIS2_PLACEMENT_3D('',#3409,#3410,#3411);
#1729=EDGE_LOOP('',(#3412,#3413,#3414,#3415));
#1730=AXIS2_PLACEMENT_3D('',#3416,#3417,#3418);
#1731=EDGE_LOOP('',(#3419,#3420,#3421,#3422));
#1732=AXIS2_PLACEMENT_3D('',#3423,#3424,#3425);
#1733=EDGE_LOOP('',(#3426,#3427,#3428,#3429));
#1734=AXIS2_PLACEMENT_3D('',#3430,#3431,#3432);
#1735=EDGE_LOOP('',(#3433,#3434,#3435,#3436));
#1736=AXIS2_PLACEMENT_3D('',#3437,#3438,#3439);
#1737=EDGE_LOOP('',(#3440,#3441,#3442,#3443));
#1738=AXIS2_PLACEMENT_3D('',#3444,#3445,#3446);
#1739=EDGE_LOOP('',(#3447,#3448,#3449,#3450));
#1740=AXIS2_PLACEMENT_3D('',#3451,#3452,#3453);
#1741=EDGE_LOOP('',(#3454,#3455,#3456,#3457));
#1742=AXIS2_PLACEMENT_3D('',#3458,#3459,#3460);
#1743=EDGE_LOOP('',(#3461,#3462,#3463,#3464));
#1744=AXIS2_PLACEMENT_3D('',#3465,#3466,#3467);
#1745=EDGE_LOOP('',(#3468,#3469,#3470,#3471));
#1746=AXIS2_PLACEMENT_3D('',#3472,#3473,#3474);
#1747=EDGE_LOOP('',(#3475,#3476,#3477,#3478));
#1748=AXIS2_PLACEMENT_3D('',#3479,#3480,#3481);
#1749=EDGE_LOOP('',(#3482,#3483,#3484,#3485));
#1750=AXIS2_PLACEMENT_3D('',#3486,#3487,#3488);
#1751=EDGE_LOOP('',(#3489,#3490,#3491,#3492));
#1752=AXIS2_PLACEMENT_3D('',#3493,#3494,#3495);
#1753=EDGE_LOOP('',(#3496,#3497,#3498,#3499));
#1754=AXIS2_PLACEMENT_3D('',#3500,#3501,#3502);
#1755=EDGE_LOOP('',(#3503,#3504,#3505,#3506));
#1756=AXIS2_PLACEMENT_3D('',#3507,#3508,#3509);
#1757=EDGE_LOOP('',(#3510,#3511,#3512,#3513,#3514));
#1758=AXIS2_PLACEMENT_3D('',#3515,#3516,#3517);
#1759=EDGE_LOOP('',(#3518,#3519,#3520,#3521,#3522,#3523));
#1760=AXIS2_PLACEMENT_3D('',#3524,#3525,#3526);
#1761=EDGE_LOOP('',(#3527,#3528,#3529,#3530));
#1762=AXIS2_PLACEMENT_3D('',#3531,#3532,#3533);
#1763=EDGE_LOOP('',(#3534,#3535,#3536,#3537,#3538));
#1764=AXIS2_PLACEMENT_3D('',#3539,#3540,#3541);
#1765=EDGE_LOOP('',(#3542,#3543,#3544,#3545,#3546));
#1766=AXIS2_PLACEMENT_3D('',#3547,#3548,#3549);
#1767=EDGE_LOOP('',(#3550,#3551,#3552,#3553));
#1768=AXIS2_PLACEMENT_3D('',#3554,#3555,#3556);
#1769=EDGE_LOOP('',(#3557,#3558,#3559,#3560,#3561));
#1770=AXIS2_PLACEMENT_3D('',#3562,#3563,#3564);
#1771=EDGE_LOOP('',(#3565,#3566));
#1772=EDGE_LOOP('',(#3567,#3568,#3569,#3570,#3571,#3572,#3573,#3574));
#1773=AXIS2_PLACEMENT_3D('',#3575,#3576,#3577);
#1774=EDGE_LOOP('',(#3578,#3579));
#1775=AXIS2_PLACEMENT_3D('',#3580,#3581,#3582);
#1776=EDGE_LOOP('',(#3583,#3584,#3585,#3586));
#1777=AXIS2_PLACEMENT_3D('',#3587,#3588,#3589);
#1778=EDGE_LOOP('',(#3590,#3591,#3592,#3593,#3594));
#1779=AXIS2_PLACEMENT_3D('',#3595,#3596,#3597);
#1780=EDGE_LOOP('',(#3598,#3599,#3600));
#1781=AXIS2_PLACEMENT_3D('',#3601,#3602,#3603);
#1782=EDGE_LOOP('',(#3604,#3605,#3606,#3607));
#1783=AXIS2_PLACEMENT_3D('',#3608,#3609,#3610);
#1784=EDGE_LOOP('',(#3611,#3612));
#1785=AXIS2_PLACEMENT_3D('',#3613,#3614,#3615);
#1786=EDGE_LOOP('',(#3616,#3617,#3618,#3619));
#1787=AXIS2_PLACEMENT_3D('',#3620,#3621,#3622);
#1788=EDGE_LOOP('',(#3623,#3624));
#1789=AXIS2_PLACEMENT_3D('',#3625,#3626,#3627);
#1790=EDGE_LOOP('',(#3628,#3629,#3630,#3631,#3632));
#1791=AXIS2_PLACEMENT_3D('',#3633,#3634,#3635);
#1792=EDGE_LOOP('',(#3636,#3637,#3638));
#1793=AXIS2_PLACEMENT_3D('',#3639,#3640,#3641);
#1794=EDGE_LOOP('',(#3642,#3643,#3644,#3645));
#1795=AXIS2_PLACEMENT_3D('',#3646,#3647,#3648);
#1796=EDGE_LOOP('',(#3649,#3650));
#1797=AXIS2_PLACEMENT_3D('',#3651,#3652,#3653);
#1798=EDGE_LOOP('',(#3654,#3655,#3656,#3657,#3658,#3659));
#1799=AXIS2_PLACEMENT_3D('',#3660,#3661,#3662);
#1800=EDGE_LOOP('',(#3663,#3664,#3665,#3666));
#1801=AXIS2_PLACEMENT_3D('',#3667,#3668,#3669);
#1802=EDGE_LOOP('',(#3670,#3671,#3672,#3673));
#1803=AXIS2_PLACEMENT_3D('',#3674,#3675,#3676);
#1804=EDGE_LOOP('',(#3677,#3678,#3679,#3680));
#1805=AXIS2_PLACEMENT_3D('',#3681,#3682,#3683);
#1806=EDGE_LOOP('',(#3684,#3685,#3686,#3687));
#1807=AXIS2_PLACEMENT_3D('',#3688,#3689,#3690);
#1808=EDGE_LOOP('',(#3691,#3692,#3693,#3694));
#1809=AXIS2_PLACEMENT_3D('',#3695,#3696,#3697);
#1810=EDGE_LOOP('',(#3698,#3699,#3700,#3701));
#1811=AXIS2_PLACEMENT_3D('',#3702,#3703,#3704);
#1812=EDGE_LOOP('',(#3705,#3706));
#1813=AXIS2_PLACEMENT_3D('',#3707,#3708,#3709);
#1814=EDGE_LOOP('',(#3710,#3711,#3712));
#1815=AXIS2_PLACEMENT_3D('',#3713,#3714,#3715);
#1816=EDGE_LOOP('',(#3716,#3717,#3718,#3719));
#1817=AXIS2_PLACEMENT_3D('',#3720,#3721,#3722);
#1818=EDGE_LOOP('',(#3723,#3724,#3725,#3726,#3727));
#1819=AXIS2_PLACEMENT_3D('',#3728,#3729,#3730);
#1820=EDGE_LOOP('',(#3731,#3732,#3733));
#1821=AXIS2_PLACEMENT_3D('',#3734,#3735,#3736);
#1822=EDGE_LOOP('',(#3737,#3738,#3739,#3740));
#1823=AXIS2_PLACEMENT_3D('',#3741,#3742,#3743);
#1824=EDGE_LOOP('',(#3744,#3745,#3746,#3747,#3748));
#1825=AXIS2_PLACEMENT_3D('',#3749,#3750,#3751);
#1826=EDGE_LOOP('',(#3752,#3753,#3754,#3755));
#1827=AXIS2_PLACEMENT_3D('',#3756,#3757,#3758);
#1828=EDGE_LOOP('',(#3759,#3760,#3761,#3762));
#1829=AXIS2_PLACEMENT_3D('',#3763,#3764,#3765);
#1830=EDGE_LOOP('',(#3766,#3767,#3768,#3769));
#1831=AXIS2_PLACEMENT_3D('',#3770,#3771,#3772);
#1832=EDGE_LOOP('',(#3773,#3774,#3775,#3776,#3777));
#1833=AXIS2_PLACEMENT_3D('',#3778,#3779,#3780);
#1834=EDGE_LOOP('',(#3781,#3782,#3783,#3784));
#1835=AXIS2_PLACEMENT_3D('',#3785,#3786,#3787);
#1836=EDGE_LOOP('',(#3788,#3789,#3790,#3791));
#1837=AXIS2_PLACEMENT_3D('',#3792,#3793,#3794);
#1838=EDGE_LOOP('',(#3795,#3796));
#1839=AXIS2_PLACEMENT_3D('',#3797,#3798,#3799);
#1840=EDGE_LOOP('',(#3800,#3801));
#1841=AXIS2_PLACEMENT_3D('',#3802,#3803,#3804);
#1842=EDGE_LOOP('',(#3805,#3806,#3807,#3808,#3809,#3810,#3811,#3812));
#1843=AXIS2_PLACEMENT_3D('',#3813,#3814,#3815);
#1844=EDGE_LOOP('',(#3816,#3817,#3818,#3819));
#1845=AXIS2_PLACEMENT_3D('',#3820,#3821,#3822);
#1846=EDGE_LOOP('',(#3823,#3824,#3825,#3826));
#1847=AXIS2_PLACEMENT_3D('',#3827,#3828,#3829);
#1848=EDGE_LOOP('',(#3830,#3831,#3832,#3833));
#1849=AXIS2_PLACEMENT_3D('',#3834,#3835,#3836);
#1850=EDGE_LOOP('',(#3837,#3838,#3839,#3840));
#1851=AXIS2_PLACEMENT_3D('',#3841,#3842,#3843);
#1852=EDGE_LOOP('',(#3844,#3845,#3846,#3847));
#1853=AXIS2_PLACEMENT_3D('',#3848,#3849,#3850);
#1854=EDGE_LOOP('',(#3851,#3852,#3853,#3854));
#1855=AXIS2_PLACEMENT_3D('',#3855,#3856,#3857);
#1856=EDGE_LOOP('',(#3858,#3859,#3860,#3861,#3862,#3863,#3864,#3865,#3866,#3867,#3868,#3869,#3870,#3871,#3872,#3873,#3874,#3875,#3876,#3877,#3878,#3879,#3880,#3881));
#1857=AXIS2_PLACEMENT_3D('',#3882,#3883,#3884);
#1858=EDGE_LOOP('',(#3885,#3886,#3887,#3888));
#1859=AXIS2_PLACEMENT_3D('',#3889,#3890,#3891);
#1860=EDGE_LOOP('',(#3892,#3893,#3894,#3895,#3896,#3897));
#1861=AXIS2_PLACEMENT_3D('',#3898,#3899,#3900);
#1862=EDGE_LOOP('',(#3901,#3902,#3903,#3904));
#1863=AXIS2_PLACEMENT_3D('',#3905,#3906,#3907);
#1864=EDGE_LOOP('',(#3908,#3909,#3910,#3911));
#1865=AXIS2_PLACEMENT_3D('',#3912,#3913,#3914);
#1866=EDGE_LOOP('',(#3915,#3916,#3917,#3918));
#1867=AXIS2_PLACEMENT_3D('',#3919,#3920,#3921);
#1868=EDGE_LOOP('',(#3922,#3923,#3924,#3925));
#1869=AXIS2_PLACEMENT_3D('',#3926,#3927,#3928);
#1870=EDGE_LOOP('',(#3929,#3930));
#1871=AXIS2_PLACEMENT_3D('',#3931,#3932,#3933);
#1872=EDGE_LOOP('',(#3934,#3935,#3936,#3937));
#1873=AXIS2_PLACEMENT_3D('',#3938,#3939,#3940);
#1874=EDGE_LOOP('',(#3941,#3942,#3943,#3944,#3945,#3946,#3947,#3948,#3949,#3950,#3951,#3952,#3953,#3954,#3955));
#1875=EDGE_LOOP('',(#3956,#3957));
#1876=AXIS2_PLACEMENT_3D('',#3958,#3959,#3960);
#1877=EDGE_LOOP('',(#3961,#3962,#3963,#3964));
#1878=AXIS2_PLACEMENT_3D('',#3965,#3966,#3967);
#1879=EDGE_LOOP('',(#3968,#3969,#3970,#3971));
#1880=AXIS2_PLACEMENT_3D('',#3972,#3973,#3974);
#1881=EDGE_LOOP('',(#3975,#3976,#3977,#3978));
#1882=AXIS2_PLACEMENT_3D('',#3979,#3980,#3981);
#1883=EDGE_LOOP('',(#3982,#3983,#3984,#3985));
#1884=AXIS2_PLACEMENT_3D('',#3986,#3987,#3988);
#1885=EDGE_LOOP('',(#3989,#3990,#3991,#3992));
#1886=AXIS2_PLACEMENT_3D('',#3993,#3994,#3995);
#1887=EDGE_LOOP('',(#3996,#3997,#3998,#3999));
#1888=AXIS2_PLACEMENT_3D('',#4000,#4001,#4002);
#1889=EDGE_LOOP('',(#4003,#4004,#4005,#4006));
#1890=AXIS2_PLACEMENT_3D('',#4007,#4008,#4009);
#1891=EDGE_LOOP('',(#4010,#4011,#4012,#4013));
#1892=AXIS2_PLACEMENT_3D('',#4014,#4015,#4016);
#1893=EDGE_LOOP('',(#4017,#4018,#4019,#4020));
#1894=AXIS2_PLACEMENT_3D('',#4021,#4022,#4023);
#1895=EDGE_LOOP('',(#4024,#4025,#4026,#4027));
#1896=AXIS2_PLACEMENT_3D('',#4028,#4029,#4030);
#1897=EDGE_LOOP('',(#4031,#4032,#4033,#4034));
#1898=AXIS2_PLACEMENT_3D('',#4035,#4036,#4037);
#1899=EDGE_LOOP('',(#4038,#4039,#4040,#4041));
#1900=AXIS2_PLACEMENT_3D('',#4042,#4043,#4044);
#1901=EDGE_LOOP('',(#4045,#4046,#4047,#4048));
#1902=AXIS2_PLACEMENT_3D('',#4049,#4050,#4051);
#1903=EDGE_LOOP('',(#4052,#4053,#4054,#4055));
#1904=AXIS2_PLACEMENT_3D('',#4056,#4057,#4058);
#1905=EDGE_LOOP('',(#4059,#4060,#4061,#4062));
#1906=AXIS2_PLACEMENT_3D('',#4063,#4064,#4065);
#1907=EDGE_LOOP('',(#4066,#4067));
#1908=AXIS2_PLACEMENT_3D('',#4068,#4069,#4070);
#1909=EDGE_LOOP('',(#4071,#4072));
#1910=AXIS2_PLACEMENT_3D('',#4073,#4074,#4075);
#1911=EDGE_LOOP('',(#4076,#4077,#4078,#4079));
#1912=AXIS2_PLACEMENT_3D('',#4080,#4081,#4082);
#1913=EDGE_LOOP('',(#4083,#4084,#4085,#4086));
#1914=AXIS2_PLACEMENT_3D('',#4087,#4088,#4089);
#1915=EDGE_LOOP('',(#4090,#4091,#4092,#4093));
#1916=AXIS2_PLACEMENT_3D('',#4094,#4095,#4096);
#1917=EDGE_LOOP('',(#4097,#4098,#4099,#4100,#4101,#4102,#4103,#4104,#4105,#4106,#4107,#4108));
#1918=AXIS2_PLACEMENT_3D('',#4109,#4110,#4111);
#1919=EDGE_LOOP('',(#4112,#4113,#4114,#4115));
#1920=AXIS2_PLACEMENT_3D('',#4116,#4117,#4118);
#1921=EDGE_LOOP('',(#4119,#4120,#4121,#4122));
#1922=AXIS2_PLACEMENT_3D('',#4123,#4124,#4125);
#1923=EDGE_LOOP('',(#4126,#4127,#4128,#4129));
#1924=AXIS2_PLACEMENT_3D('',#4130,#4131,#4132);
#1925=EDGE_LOOP('',(#4133,#4134,#4135,#4136));
#1926=AXIS2_PLACEMENT_3D('',#4137,#4138,#4139);
#1927=EDGE_LOOP('',(#4140,#4141,#4142,#4143));
#1928=AXIS2_PLACEMENT_3D('',#4144,#4145,#4146);
#1929=EDGE_LOOP('',(#4147,#4148,#4149,#4150));
#1930=AXIS2_PLACEMENT_3D('',#4151,#4152,#4153);
#1931=EDGE_LOOP('',(#4154,#4155,#4156,#4157));
#1932=AXIS2_PLACEMENT_3D('',#4158,#4159,#4160);
#1933=EDGE_LOOP('',(#4161,#4162,#4163,#4164));
#1934=AXIS2_PLACEMENT_3D('',#4165,#4166,#4167);
#1935=EDGE_LOOP('',(#4168,#4169,#4170,#4171));
#1936=AXIS2_PLACEMENT_3D('',#4172,#4173,#4174);
#1937=EDGE_LOOP('',(#4175,#4176,#4177,#4178));
#1938=AXIS2_PLACEMENT_3D('',#4179,#4180,#4181);
#1939=EDGE_LOOP('',(#4182,#4183,#4184,#4185));
#1940=AXIS2_PLACEMENT_3D('',#4186,#4187,#4188);
#1941=EDGE_LOOP('',(#4189,#4190,#4191,#4192));
#1942=AXIS2_PLACEMENT_3D('',#4193,#4194,#4195);
#1943=EDGE_LOOP('',(#4196,#4197,#4198,#4199,#4200,#4201,#4202,#4203,#4204,#4205,#4206,#4207,#4208,#4209));
#1944=AXIS2_PLACEMENT_3D('',#4210,#4211,#4212);
#1945=EDGE_LOOP('',(#4213,#4214,#4215,#4216));
#1946=AXIS2_PLACEMENT_3D('',#4217,#4218,#4219);
#1947=EDGE_LOOP('',(#4220,#4221,#4222,#4223));
#1948=AXIS2_PLACEMENT_3D('',#4224,#4225,#4226);
#1949=EDGE_LOOP('',(#4227,#4228,#4229,#4230));
#1950=AXIS2_PLACEMENT_3D('',#4231,#4232,#4233);
#1951=EDGE_LOOP('',(#4234,#4235,#4236,#4237));
#1952=AXIS2_PLACEMENT_3D('',#4238,#4239,#4240);
#1953=EDGE_LOOP('',(#4241,#4242,#4243,#4244));
#1954=AXIS2_PLACEMENT_3D('',#4245,#4246,#4247);
#1955=EDGE_LOOP('',(#4248,#4249,#4250,#4251));
#1956=AXIS2_PLACEMENT_3D('',#4252,#4253,#4254);
#1957=EDGE_LOOP('',(#4255,#4256,#4257,#4258));
#1958=AXIS2_PLACEMENT_3D('',#4259,#4260,#4261);
#1959=EDGE_LOOP('',(#4262,#4263,#4264,#4265));
#1960=AXIS2_PLACEMENT_3D('',#4266,#4267,#4268);
#1961=EDGE_LOOP('',(#4269,#4270,#4271,#4272));
#1962=AXIS2_PLACEMENT_3D('',#4273,#4274,#4275);
#1963=EDGE_LOOP('',(#4276,#4277,#4278,#4279));
#1964=AXIS2_PLACEMENT_3D('',#4280,#4281,#4282);
#1965=EDGE_LOOP('',(#4283,#4284,#4285,#4286));
#1966=AXIS2_PLACEMENT_3D('',#4287,#4288,#4289);
#1967=EDGE_LOOP('',(#4290,#4291,#4292,#4293));
#1968=AXIS2_PLACEMENT_3D('',#4294,#4295,#4296);
#1969=EDGE_LOOP('',(#4297,#4298,#4299,#4300));
#1970=AXIS2_PLACEMENT_3D('',#4301,#4302,#4303);
#1971=EDGE_LOOP('',(#4304,#4305,#4306,#4307));
#1972=AXIS2_PLACEMENT_3D('',#4308,#4309,#4310);
#1973=EDGE_LOOP('',(#4311,#4312,#4313,#4314));
#1974=AXIS2_PLACEMENT_3D('',#4315,#4316,#4317);
#1975=EDGE_LOOP('',(#4318,#4319,#4320,#4321));
#1976=AXIS2_PLACEMENT_3D('',#4322,#4323,#4324);
#1977=EDGE_LOOP('',(#4325,#4326,#4327,#4328));
#1978=AXIS2_PLACEMENT_3D('',#4329,#4330,#4331);
#1979=EDGE_LOOP('',(#4332,#4333,#4334,#4335));
#1980=AXIS2_PLACEMENT_3D('',#4336,#4337,#4338);
#1981=EDGE_LOOP('',(#4339,#4340,#4341,#4342));
#1982=AXIS2_PLACEMENT_3D('',#4343,#4344,#4345);
#1983=EDGE_LOOP('',(#4346,#4347,#4348,#4349));
#1984=AXIS2_PLACEMENT_3D('',#4350,#4351,#4352);
#1985=EDGE_LOOP('',(#4353,#4354,#4355,#4356));
#1986=AXIS2_PLACEMENT_3D('',#4357,#4358,#4359);
#1987=EDGE_LOOP('',(#4360,#4361,#4362,#4363));
#1988=AXIS2_PLACEMENT_3D('',#4364,#4365,#4366);
#1989=EDGE_LOOP('',(#4367,#4368,#4369,#4370));
#1990=AXIS2_PLACEMENT_3D('',#4371,#4372,#4373);
#1991=EDGE_LOOP('',(#4374,#4375,#4376,#4377));
#1992=AXIS2_PLACEMENT_3D('',#4378,#4379,#4380);
#1993=EDGE_LOOP('',(#4381,#4382,#4383,#4384));
#1994=AXIS2_PLACEMENT_3D('',#4385,#4386,#4387);
#1995=EDGE_LOOP('',(#4388,#4389,#4390,#4391));
#1996=AXIS2_PLACEMENT_3D('',#4392,#4393,#4394);
#1997=EDGE_LOOP('',(#4395,#4396,#4397,#4398));
#1998=AXIS2_PLACEMENT_3D('',#4399,#4400,#4401);
#1999=EDGE_LOOP('',(#4402,#4403,#4404,#4405));
#2000=AXIS2_PLACEMENT_3D('',#4406,#4407,#4408);
#2001=EDGE_LOOP('',(#4409,#4410,#4411,#4412));
#2002=AXIS2_PLACEMENT_3D('',#4413,#4414,#4415);
#2003=EDGE_LOOP('',(#4416,#4417,#4418,#4419));
#2004=AXIS2_PLACEMENT_3D('',#4420,#4421,#4422);
#2005=EDGE_LOOP('',(#4423,#4424,#4425,#4426,#4427,#4428,#4429,#4430,#4431,#4432,#4433,#4434,#4435,#4436));
#2006=AXIS2_PLACEMENT_3D('',#4437,#4438,#4439);
#2007=EDGE_LOOP('',(#4440,#4441,#4442,#4443));
#2008=AXIS2_PLACEMENT_3D('',#4444,#4445,#4446);
#2009=EDGE_LOOP('',(#4447,#4448,#4449,#4450));
#2010=AXIS2_PLACEMENT_3D('',#4451,#4452,#4453);
#2011=EDGE_LOOP('',(#4454,#4455,#4456,#4457));
#2012=AXIS2_PLACEMENT_3D('',#4458,#4459,#4460);
#2013=EDGE_LOOP('',(#4461,#4462,#4463,#4464));
#2014=AXIS2_PLACEMENT_3D('',#4465,#4466,#4467);
#2015=EDGE_LOOP('',(#4468,#4469,#4470,#4471));
#2016=AXIS2_PLACEMENT_3D('',#4472,#4473,#4474);
#2017=EDGE_LOOP('',(#4475,#4476,#4477,#4478));
#2018=AXIS2_PLACEMENT_3D('',#4479,#4480,#4481);
#2019=EDGE_LOOP('',(#4482,#4483,#4484,#4485));
#2020=AXIS2_PLACEMENT_3D('',#4486,#4487,#4488);
#2021=EDGE_LOOP('',(#4489,#4490,#4491,#4492));
#2022=AXIS2_PLACEMENT_3D('',#4493,#4494,#4495);
#2023=EDGE_LOOP('',(#4496,#4497,#4498,#4499));
#2024=AXIS2_PLACEMENT_3D('',#4500,#4501,#4502);
#2025=EDGE_LOOP('',(#4503,#4504,#4505,#4506));
#2026=AXIS2_PLACEMENT_3D('',#4507,#4508,#4509);
#2027=EDGE_LOOP('',(#4510,#4511,#4512,#4513));
#2028=AXIS2_PLACEMENT_3D('',#4514,#4515,#4516);
#2029=EDGE_LOOP('',(#4517,#4518,#4519,#4520));
#2030=AXIS2_PLACEMENT_3D('',#4521,#4522,#4523);
#2031=EDGE_LOOP('',(#4524,#4525,#4526,#4527,#4528,#4529,#4530,#4531,#4532,#4533,#4534,#4535));
#2032=AXIS2_PLACEMENT_3D('',#4536,#4537,#4538);
#2033=EDGE_LOOP('',(#4539,#4540,#4541,#4542));
#2034=AXIS2_PLACEMENT_3D('',#4543,#4544,#4545);
#2035=EDGE_LOOP('',(#4546,#4547,#4548,#4549));
#2036=AXIS2_PLACEMENT_3D('',#4550,#4551,#4552);
#2037=EDGE_LOOP('',(#4553,#4554,#4555,#4556,#4557,#4558,#4559,#4560,#4561,#4562,#4563,#4564));
#2038=AXIS2_PLACEMENT_3D('',#4565,#4566,#4567);
#2039=EDGE_LOOP('',(#4568,#4569,#4570,#4571));
#2040=AXIS2_PLACEMENT_3D('',#4572,#4573,#4574);
#2041=EDGE_LOOP('',(#4575,#4576,#4577,#4578));
#2042=AXIS2_PLACEMENT_3D('',#4579,#4580,#4581);
#2043=EDGE_LOOP('',(#4582,#4583,#4584,#4585));
#2044=AXIS2_PLACEMENT_3D('',#4586,#4587,#4588);
#2045=EDGE_LOOP('',(#4589,#4590,#4591,#4592));
#2046=AXIS2_PLACEMENT_3D('',#4593,#4594,#4595);
#2047=EDGE_LOOP('',(#4596,#4597,#4598,#4599));
#2048=AXIS2_PLACEMENT_3D('',#4600,#4601,#4602);
#2049=EDGE_LOOP('',(#4603,#4604,#4605,#4606));
#2050=AXIS2_PLACEMENT_3D('',#4607,#4608,#4609);
#2051=EDGE_LOOP('',(#4610,#4611,#4612,#4613));
#2052=AXIS2_PLACEMENT_3D('',#4614,#4615,#4616);
#2053=EDGE_LOOP('',(#4617,#4618,#4619,#4620));
#2054=AXIS2_PLACEMENT_3D('',#4621,#4622,#4623);
#2055=EDGE_LOOP('',(#4624,#4625,#4626,#4627));
#2056=AXIS2_PLACEMENT_3D('',#4628,#4629,#4630);
#2057=EDGE_LOOP('',(#4631,#4632,#4633,#4634));
#2058=AXIS2_PLACEMENT_3D('',#4635,#4636,#4637);
#2059=EDGE_LOOP('',(#4638,#4639,#4640,#4641));
#2060=AXIS2_PLACEMENT_3D('',#4642,#4643,#4644);
#2061=EDGE_LOOP('',(#4645,#4646,#4647,#4648));
#2062=AXIS2_PLACEMENT_3D('',#4649,#4650,#4651);
#2063=EDGE_LOOP('',(#4652,#4653,#4654,#4655));
#2064=AXIS2_PLACEMENT_3D('',#4656,#4657,#4658);
#2065=EDGE_LOOP('',(#4659,#4660,#4661,#4662));
#2066=AXIS2_PLACEMENT_3D('',#4663,#4664,#4665);
#2067=EDGE_LOOP('',(#4666,#4667,#4668,#4669));
#2068=AXIS2_PLACEMENT_3D('',#4670,#4671,#4672);
#2069=EDGE_LOOP('',(#4673,#4674,#4675,#4676));
#2070=AXIS2_PLACEMENT_3D('',#4677,#4678,#4679);
#2071=EDGE_LOOP('',(#4680,#4681,#4682,#4683));
#2072=AXIS2_PLACEMENT_3D('',#4684,#4685,#4686);
#2073=EDGE_LOOP('',(#4687,#4688,#4689,#4690));
#2074=AXIS2_PLACEMENT_3D('',#4691,#4692,#4693);
#2075=EDGE_LOOP('',(#4694,#4695,#4696,#4697));
#2076=AXIS2_PLACEMENT_3D('',#4698,#4699,#4700);
#2077=EDGE_LOOP('',(#4701,#4702,#4703,#4704));
#2078=AXIS2_PLACEMENT_3D('',#4705,#4706,#4707);
#2079=EDGE_LOOP('',(#4708,#4709,#4710,#4711));
#2080=AXIS2_PLACEMENT_3D('',#4712,#4713,#4714);
#2081=EDGE_LOOP('',(#4715,#4716,#4717,#4718,#4719,#4720,#4721,#4722));
#2082=AXIS2_PLACEMENT_3D('',#4723,#4724,#4725);
#2083=EDGE_LOOP('',(#4726,#4727,#4728,#4729,#4730,#4731));
#2084=AXIS2_PLACEMENT_3D('',#4732,#4733,#4734);
#2085=EDGE_LOOP('',(#4735,#4736,#4737,#4738,#4739));
#2086=AXIS2_PLACEMENT_3D('',#4740,#4741,#4742);
#2087=EDGE_LOOP('',(#4743,#4744,#4745,#4746,#4747,#4748));
#2088=AXIS2_PLACEMENT_3D('',#4749,#4750,#4751);
#2089=EDGE_LOOP('',(#4752,#4753,#4754,#4755,#4756));
#2090=AXIS2_PLACEMENT_3D('',#4757,#4758,#4759);
#2091=EDGE_LOOP('',(#4760,#4761));
#2092=AXIS2_PLACEMENT_3D('',#4762,#4763,#4764);
#2093=EDGE_LOOP('',(#4765,#4766));
#2094=AXIS2_PLACEMENT_3D('',#4767,#4768,#4769);
#2095=EDGE_LOOP('',(#4770,#4771,#4772,#4773));
#2096=AXIS2_PLACEMENT_3D('',#4774,#4775,#4776);
#2097=EDGE_LOOP('',(#4777,#4778,#4779,#4780));
#2098=AXIS2_PLACEMENT_3D('',#4781,#4782,#4783);
#2099=EDGE_LOOP('',(#4784,#4785));
#2100=AXIS2_PLACEMENT_3D('',#4786,#4787,#4788);
#2101=EDGE_LOOP('',(#4789,#4790,#4791,#4792,#4793));
#2102=AXIS2_PLACEMENT_3D('',#4794,#4795,#4796);
#2103=EDGE_LOOP('',(#4797,#4798,#4799,#4800));
#2104=AXIS2_PLACEMENT_3D('',#4801,#4802,#4803);
#2105=EDGE_LOOP('',(#4804,#4805));
#2106=AXIS2_PLACEMENT_3D('',#4806,#4807,#4808);
#2107=EDGE_LOOP('',(#4809,#4810,#4811,#4812,#4813,#4814,#4815,#4816));
#2108=AXIS2_PLACEMENT_3D('',#4817,#4818,#4819);
#2109=EDGE_LOOP('',(#4820,#4821,#4822,#4823));
#2110=AXIS2_PLACEMENT_3D('',#4824,#4825,#4826);
#2111=EDGE_LOOP('',(#4827,#4828,#4829,#4830,#4831,#4832));
#2112=AXIS2_PLACEMENT_3D('',#4833,#4834,#4835);
#2113=EDGE_LOOP('',(#4836,#4837,#4838,#4839,#4840));
#2114=AXIS2_PLACEMENT_3D('',#4841,#4842,#4843);
#2115=EDGE_LOOP('',(#4844,#4845,#4846,#4847,#4848,#4849));
#2116=AXIS2_PLACEMENT_3D('',#4850,#4851,#4852);
#2117=EDGE_LOOP('',(#4853,#4854,#4855,#4856,#4857));
#2118=AXIS2_PLACEMENT_3D('',#4858,#4859,#4860);
#2119=EDGE_LOOP('',(#4861,#4862,#4863,#4864));
#2120=AXIS2_PLACEMENT_3D('',#4865,#4866,#4867);
#2121=EDGE_LOOP('',(#4868,#4869,#4870));
#2122=AXIS2_PLACEMENT_3D('',#4871,#4872,#4873);
#2123=EDGE_LOOP('',(#4874,#4875));
#2124=AXIS2_PLACEMENT_3D('',#4876,#4877,#4878);
#2125=EDGE_LOOP('',(#4879,#4880,#4881));
#2126=AXIS2_PLACEMENT_3D('',#4882,#4883,#4884);
#2127=EDGE_LOOP('',(#4885,#4886,#4887,#4888,#4889));
#2128=AXIS2_PLACEMENT_3D('',#4890,#4891,#4892);
#2129=EDGE_LOOP('',(#4893,#4894));
#2130=AXIS2_PLACEMENT_3D('',#4895,#4896,#4897);
#2131=EDGE_LOOP('',(#4898,#4899));
#2132=AXIS2_PLACEMENT_3D('',#4900,#4901,#4902);
#2133=EDGE_LOOP('',(#4903,#4904,#4905,#4906,#4907,#4908,#4909,#4910));
#2134=AXIS2_PLACEMENT_3D('',#4911,#4912,#4913);
#2135=EDGE_LOOP('',(#4914,#4915));
#2136=AXIS2_PLACEMENT_3D('',#4916,#4917,#4918);
#2137=EDGE_LOOP('',(#4919,#4920,#4921));
#2138=AXIS2_PLACEMENT_3D('',#4922,#4923,#4924);
#2139=EDGE_LOOP('',(#4925,#4926,#4927,#4928,#4929));
#2140=AXIS2_PLACEMENT_3D('',#4930,#4931,#4932);
#2141=EDGE_LOOP('',(#4933,#4934,#4935,#4936));
#2142=AXIS2_PLACEMENT_3D('',#4937,#4938,#4939);
#2143=EDGE_LOOP('',(#4940,#4941,#4942,#4943));
#2144=AXIS2_PLACEMENT_3D('',#4944,#4945,#4946);
#2145=EDGE_LOOP('',(#4947,#4948,#4949,#4950));
#2146=AXIS2_PLACEMENT_3D('',#4951,#4952,#4953);
#2147=EDGE_LOOP('',(#4954,#4955,#4956,#4957));
#2148=AXIS2_PLACEMENT_3D('',#4958,#4959,#4960);
#2149=EDGE_LOOP('',(#4961,#4962,#4963,#4964));
#2150=AXIS2_PLACEMENT_3D('',#4965,#4966,#4967);
#2151=EDGE_LOOP('',(#4968,#4969,#4970,#4971));
#2152=AXIS2_PLACEMENT_3D('',#4972,#4973,#4974);
#2153=EDGE_LOOP('',(#4975,#4976,#4977,#4978,#4979));
#2154=AXIS2_PLACEMENT_3D('',#4980,#4981,#4982);
#2155=EDGE_LOOP('',(#4983,#4984,#4985));
#2156=AXIS2_PLACEMENT_3D('',#4986,#4987,#4988);
#2157=EDGE_LOOP('',(#4989,#4990));
#2158=AXIS2_PLACEMENT_3D('',#4991,#4992,#4993);
#2159=EDGE_LOOP('',(#4994,#4995,#4996,#4997,#4998,#4999,#5000,#5001));
#2160=AXIS2_PLACEMENT_3D('',#5002,#5003,#5004);
#2161=EDGE_LOOP('',(#5005,#5006,#5007,#5008,#5009,#5010));
#2162=AXIS2_PLACEMENT_3D('',#5011,#5012,#5013);
#2163=EDGE_LOOP('',(#5014,#5015,#5016,#5017,#5018,#5019));
#2164=AXIS2_PLACEMENT_3D('',#5020,#5021,#5022);
#2165=EDGE_LOOP('',(#5023,#5024,#5025,#5026,#5027));
#2166=AXIS2_PLACEMENT_3D('',#5028,#5029,#5030);
#2167=EDGE_LOOP('',(#5031,#5032,#5033));
#2168=AXIS2_PLACEMENT_3D('',#5034,#5035,#5036);
#2169=EDGE_LOOP('',(#5037,#5038,#5039,#5040));
#2170=AXIS2_PLACEMENT_3D('',#5041,#5042,#5043);
#2171=EDGE_LOOP('',(#5044,#5045,#5046,#5047));
#2172=AXIS2_PLACEMENT_3D('',#5048,#5049,#5050);
#2173=EDGE_LOOP('',(#5051,#5052));
#2174=AXIS2_PLACEMENT_3D('',#5053,#5054,#5055);
#2175=EDGE_LOOP('',(#5056,#5057,#5058,#5059,#5060,#5061));
#2176=AXIS2_PLACEMENT_3D('',#5062,#5063,#5064);
#2177=EDGE_LOOP('',(#5065,#5066,#5067,#5068,#5069));
#2178=AXIS2_PLACEMENT_3D('',#5070,#5071,#5072);
#2179=EDGE_LOOP('',(#5073,#5074));
#2180=AXIS2_PLACEMENT_3D('',#5075,#5076,#5077);
#2181=EDGE_LOOP('',(#5078,#5079,#5080,#5081,#5082));
#2182=AXIS2_PLACEMENT_3D('',#5083,#5084,#5085);
#2183=EDGE_LOOP('',(#5086,#5087));
#2184=AXIS2_PLACEMENT_3D('',#5088,#5089,#5090);
#2185=EDGE_LOOP('',(#5091,#5092,#5093,#5094,#5095,#5096,#5097,#5098));
#2186=AXIS2_PLACEMENT_3D('',#5099,#5100,#5101);
#2187=EDGE_LOOP('',(#5102,#5103,#5104));
#2188=AXIS2_PLACEMENT_3D('',#5105,#5106,#5107);
#2189=EDGE_LOOP('',(#5108,#5109,#5110,#5111,#5112,#5113));
#2190=AXIS2_PLACEMENT_3D('',#5114,#5115,#5116);
#2191=EDGE_LOOP('',(#5117,#5118,#5119,#5120,#5121));
#2192=AXIS2_PLACEMENT_3D('',#5122,#5123,#5124);
#2193=EDGE_LOOP('',(#5125,#5126,#5127,#5128,#5129,#5130));
#2194=AXIS2_PLACEMENT_3D('',#5131,#5132,#5133);
#2195=EDGE_LOOP('',(#5134,#5135,#5136,#5137,#5138));
#2196=AXIS2_PLACEMENT_3D('',#5139,#5140,#5141);
#2197=EDGE_LOOP('',(#5142,#5143));
#2198=AXIS2_PLACEMENT_3D('',#5144,#5145,#5146);
#2199=EDGE_LOOP('',(#5147,#5148,#5149,#5150));
#2200=AXIS2_PLACEMENT_3D('',#5151,#5152,#5153);
#2201=EDGE_LOOP('',(#5154,#5155,#5156,#5157));
#2202=AXIS2_PLACEMENT_3D('',#5158,#5159,#5160);
#2203=EDGE_LOOP('',(#5161,#5162));
#2204=AXIS2_PLACEMENT_3D('',#5163,#5164,#5165);
#2205=EDGE_LOOP('',(#5166,#5167,#5168,#5169,#5170));
#2206=AXIS2_PLACEMENT_3D('',#5171,#5172,#5173);
#2207=EDGE_LOOP('',(#5174,#5175,#5176,#5177,#5178));
#2208=AXIS2_PLACEMENT_3D('',#5179,#5180,#5181);
#2209=EDGE_LOOP('',(#5182,#5183,#5184,#5185));
#2210=AXIS2_PLACEMENT_3D('',#5186,#5187,#5188);
#2211=EDGE_LOOP('',(#5189,#5190,#5191,#5192,#5193,#5194,#5195,#5196));
#2212=AXIS2_PLACEMENT_3D('',#5197,#5198,#5199);
#2213=EDGE_LOOP('',(#5200,#5201,#5202,#5203,#5204));
#2214=AXIS2_PLACEMENT_3D('',#5205,#5206,#5207);
#2215=EDGE_LOOP('',(#5208,#5209,#5210,#5211,#5212,#5213,#5214,#5215));
#2216=AXIS2_PLACEMENT_3D('',#5216,#5217,#5218);
#2217=EDGE_LOOP('',(#5219,#5220,#5221,#5222));
#2218=AXIS2_PLACEMENT_3D('',#5223,#5224,#5225);
#2219=EDGE_LOOP('',(#5226,#5227,#5228,#5229,#5230,#5231,#5232,#5233));
#2220=AXIS2_PLACEMENT_3D('',#5234,#5235,#5236);
#2221=EDGE_LOOP('',(#5237,#5238,#5239,#5240));
#2222=AXIS2_PLACEMENT_3D('',#5241,#5242,#5243);
#2223=EDGE_LOOP('',(#5244,#5245,#5246,#5247));
#2224=AXIS2_PLACEMENT_3D('',#5248,#5249,#5250);
#2225=EDGE_LOOP('',(#5251,#5252,#5253,#5254));
#2226=AXIS2_PLACEMENT_3D('',#5255,#5256,#5257);
#2227=EDGE_LOOP('',(#5258,#5259,#5260,#5261,#5262,#5263,#5264,#5265));
#2228=AXIS2_PLACEMENT_3D('',#5266,#5267,#5268);
#2229=EDGE_LOOP('',(#5269,#5270,#5271,#5272));
#2230=AXIS2_PLACEMENT_3D('',#5273,#5274,#5275);
#2231=EDGE_LOOP('',(#5276,#5277,#5278,#5279));
#2232=AXIS2_PLACEMENT_3D('',#5280,#5281,#5282);
#2233=EDGE_LOOP('',(#5283,#5284,#5285,#5286));
#2234=AXIS2_PLACEMENT_3D('',#5287,#5288,#5289);
#2235=EDGE_LOOP('',(#5290,#5291,#5292,#5293));
#2236=AXIS2_PLACEMENT_3D('',#5294,#5295,#5296);
#2237=EDGE_LOOP('',(#5297,#5298,#5299,#5300,#5301,#5302,#5303,#5304));
#2238=AXIS2_PLACEMENT_3D('',#5305,#5306,#5307);
#2239=EDGE_LOOP('',(#5308,#5309,#5310,#5311,#5312));
#2240=AXIS2_PLACEMENT_3D('',#5313,#5314,#5315);
#2241=EDGE_LOOP('',(#5316,#5317,#5318,#5319,#5320,#5321));
#2242=AXIS2_PLACEMENT_3D('',#5322,#5323,#5324);
#2243=EDGE_LOOP('',(#5325,#5326,#5327,#5328));
#2244=AXIS2_PLACEMENT_3D('',#5329,#5330,#5331);
#2245=EDGE_LOOP('',(#5332,#5333,#5334,#5335,#5336,#5337,#5338,#5339));
#2246=AXIS2_PLACEMENT_3D('',#5340,#5341,#5342);
#2247=EDGE_LOOP('',(#5343,#5344,#5345,#5346,#5347,#5348));
#2248=AXIS2_PLACEMENT_3D('',#5349,#5350,#5351);
#2249=EDGE_LOOP('',(#5352,#5353,#5354,#5355,#5356,#5357,#5358,#5359));
#2250=AXIS2_PLACEMENT_3D('',#5360,#5361,#5362);
#2251=EDGE_LOOP('',(#5363,#5364,#5365,#5366,#5367));
#2252=AXIS2_PLACEMENT_3D('',#5368,#5369,#5370);
#2253=EDGE_LOOP('',(#5371,#5372,#5373,#5374,#5375));
#2254=AXIS2_PLACEMENT_3D('',#5376,#5377,#5378);
#2255=EDGE_LOOP('',(#5379,#5380,#5381,#5382));
#2256=AXIS2_PLACEMENT_3D('',#5383,#5384,#5385);
#2257=EDGE_LOOP('',(#5386,#5387,#5388,#5389));
#2258=AXIS2_PLACEMENT_3D('',#5390,#5391,#5392);
#2259=EDGE_LOOP('',(#5393,#5394,#5395,#5396));
#2260=AXIS2_PLACEMENT_3D('',#5397,#5398,#5399);
#2261=EDGE_LOOP('',(#5400,#5401,#5402,#5403));
#2262=AXIS2_PLACEMENT_3D('',#5404,#5405,#5406);
#2263=EDGE_LOOP('',(#5407,#5408,#5409,#5410));
#2264=AXIS2_PLACEMENT_3D('',#5411,#5412,#5413);
#2265=EDGE_LOOP('',(#5414,#5415,#5416,#5417));
#2266=AXIS2_PLACEMENT_3D('',#5418,#5419,#5420);
#2267=EDGE_LOOP('',(#5421,#5422,#5423,#5424));
#2268=AXIS2_PLACEMENT_3D('',#5425,#5426,#5427);
#2269=EDGE_LOOP('',(#5428,#5429,#5430,#5431));
#2270=AXIS2_PLACEMENT_3D('',#5432,#5433,#5434);
#2271=EDGE_LOOP('',(#5435,#5436,#5437,#5438));
#2272=AXIS2_PLACEMENT_3D('',#5439,#5440,#5441);
#2273=EDGE_LOOP('',(#5442,#5443,#5444,#5445));
#2274=AXIS2_PLACEMENT_3D('',#5446,#5447,#5448);
#2275=EDGE_LOOP('',(#5449,#5450,#5451,#5452));
#2276=AXIS2_PLACEMENT_3D('',#5453,#5454,#5455);
#2277=EDGE_LOOP('',(#5456,#5457,#5458,#5459));
#2278=AXIS2_PLACEMENT_3D('',#5460,#5461,#5462);
#2279=EDGE_LOOP('',(#5463,#5464,#5465,#5466));
#2280=AXIS2_PLACEMENT_3D('',#5467,#5468,#5469);
#2281=EDGE_LOOP('',(#5470,#5471,#5472,#5473));
#2282=AXIS2_PLACEMENT_3D('',#5474,#5475,#5476);
#2283=EDGE_LOOP('',(#5477,#5478,#5479,#5480));
#2284=AXIS2_PLACEMENT_3D('',#5481,#5482,#5483);
#2285=EDGE_LOOP('',(#5484,#5485,#5486,#5487,#5488,#5489,#5490,#5491));
#2286=AXIS2_PLACEMENT_3D('',#5492,#5493,#5494);
#2287=EDGE_LOOP('',(#5495,#5496,#5497,#5498));
#2288=AXIS2_PLACEMENT_3D('',#5499,#5500,#5501);
#2289=EDGE_LOOP('',(#5502,#5503,#5504,#5505,#5506,#5507,#5508,#5509));
#2290=AXIS2_PLACEMENT_3D('',#5510,#5511,#5512);
#2291=EDGE_LOOP('',(#5513,#5514,#5515,#5516));
#2292=AXIS2_PLACEMENT_3D('',#5517,#5518,#5519);
#2293=EDGE_LOOP('',(#5520,#5521,#5522,#5523));
#2294=AXIS2_PLACEMENT_3D('',#5524,#5525,#5526);
#2295=EDGE_LOOP('',(#5527,#5528,#5529,#5530));
#2296=AXIS2_PLACEMENT_3D('',#5531,#5532,#5533);
#2297=EDGE_LOOP('',(#5534,#5535,#5536,#5537));
#2298=AXIS2_PLACEMENT_3D('',#5538,#5539,#5540);
#2299=EDGE_LOOP('',(#5541,#5542,#5543,#5544));
#2300=AXIS2_PLACEMENT_3D('',#5545,#5546,#5547);
#2301=EDGE_LOOP('',(#5548,#5549,#5550,#5551));
#2302=AXIS2_PLACEMENT_3D('',#5552,#5553,#5554);
#2303=EDGE_LOOP('',(#5555,#5556,#5557,#5558));
#2304=AXIS2_PLACEMENT_3D('',#5559,#5560,#5561);
#2305=EDGE_LOOP('',(#5562,#5563,#5564,#5565));
#2306=AXIS2_PLACEMENT_3D('',#5566,#5567,#5568);
#2307=EDGE_LOOP('',(#5569,#5570,#5571,#5572,#5573,#5574,#5575,#5576,#5577,#5578,#5579,#5580,#5581,#5582,#5583));
#2308=EDGE_LOOP('',(#5584,#5585));
#2309=EDGE_LOOP('',(#5586,#5587));
#2310=EDGE_LOOP('',(#5588,#5589));
#2311=EDGE_LOOP('',(#5590,#5591));
#2312=AXIS2_PLACEMENT_3D('',#5592,#5593,#5594);
#2313=EDGE_LOOP('',(#5595,#5596,#5597,#5598,#5599,#5600,#5601,#5602));
#2314=AXIS2_PLACEMENT_3D('',#5603,#5604,#5605);
#2315=EDGE_LOOP('',(#5606,#5607,#5608,#5609));
#2316=AXIS2_PLACEMENT_3D('',#5610,#5611,#5612);
#2317=EDGE_LOOP('',(#5613,#5614,#5615,#5616,#5617,#5618));
#2318=EDGE_LOOP('',(#5619,#5620));
#2319=AXIS2_PLACEMENT_3D('',#5621,#5622,#5623);
#2320=EDGE_LOOP('',(#5624,#5625,#5626,#5627));
#2321=AXIS2_PLACEMENT_3D('',#5628,#5629,#5630);
#2322=EDGE_LOOP('',(#5631,#5632,#5633,#5634,#5635,#5636,#5637,#5638));
#2323=AXIS2_PLACEMENT_3D('',#5639,#5640,#5641);
#2324=EDGE_LOOP('',(#5642,#5643,#5644,#5645));
#2325=AXIS2_PLACEMENT_3D('',#5646,#5647,#5648);
#2326=EDGE_LOOP('',(#5649,#5650,#5651,#5652));
#2327=AXIS2_PLACEMENT_3D('',#5653,#5654,#5655);
#2328=EDGE_LOOP('',(#5656,#5657,#5658,#5659));
#2329=AXIS2_PLACEMENT_3D('',#5660,#5661,#5662);
#2330=EDGE_LOOP('',(#5663,#5664,#5665,#5666,#5667,#5668,#5669,#5670));
#2331=AXIS2_PLACEMENT_3D('',#5671,#5672,#5673);
#2332=EDGE_LOOP('',(#5674,#5675,#5676,#5677));
#2333=AXIS2_PLACEMENT_3D('',#5678,#5679,#5680);
#2334=EDGE_LOOP('',(#5681,#5682,#5683,#5684));
#2335=AXIS2_PLACEMENT_3D('',#5685,#5686,#5687);
#2336=EDGE_LOOP('',(#5688,#5689,#5690,#5691,#5692,#5693,#5694,#5695));
#2337=AXIS2_PLACEMENT_3D('',#5696,#5697,#5698);
#2338=EDGE_LOOP('',(#5699,#5700,#5701,#5702));
#2339=AXIS2_PLACEMENT_3D('',#5703,#5704,#5705);
#2340=EDGE_LOOP('',(#5706,#5707,#5708,#5709,#5710,#5711,#5712,#5713));
#2341=EDGE_LOOP('',(#5714,#5715));
#2342=AXIS2_PLACEMENT_3D('',#5716,#5717,#5718);
#2343=EDGE_LOOP('',(#5719,#5720,#5721,#5722));
#2344=AXIS2_PLACEMENT_3D('',#5723,#5724,#5725);
#2345=EDGE_LOOP('',(#5726,#5727,#5728,#5729));
#2346=AXIS2_PLACEMENT_3D('',#5730,#5731,#5732);
#2347=EDGE_LOOP('',(#5733,#5734,#5735,#5736));
#2348=AXIS2_PLACEMENT_3D('',#5737,#5738,#5739);
#2349=EDGE_LOOP('',(#5740,#5741,#5742,#5743));
#2350=AXIS2_PLACEMENT_3D('',#5744,#5745,#5746);
#2351=EDGE_LOOP('',(#5747,#5748,#5749,#5750));
#2352=AXIS2_PLACEMENT_3D('',#5751,#5752,#5753);
#2353=EDGE_LOOP('',(#5754,#5755,#5756,#5757));
#2354=AXIS2_PLACEMENT_3D('',#5758,#5759,#5760);
#2355=EDGE_LOOP('',(#5761,#5762,#5763,#5764));
#2356=AXIS2_PLACEMENT_3D('',#5765,#5766,#5767);
#2357=EDGE_LOOP('',(#5768,#5769,#5770,#5771,#5772,#5773,#5774,#5775));
#2358=EDGE_LOOP('',(#5776,#5777));
#2359=EDGE_LOOP('',(#5778,#5779));
#2360=EDGE_LOOP('',(#5780,#5781));
#2361=EDGE_LOOP('',(#5782,#5783));
#2362=EDGE_LOOP('',(#5784,#5785));
#2363=EDGE_LOOP('',(#5786,#5787));
#2364=AXIS2_PLACEMENT_3D('',#5788,#5789,#5790);
#2365=EDGE_LOOP('',(#5791,#5792,#5793,#5794));
#2366=AXIS2_PLACEMENT_3D('',#5795,#5796,#5797);
#2367=EDGE_LOOP('',(#5798,#5799,#5800,#5801,#5802));
#2368=AXIS2_PLACEMENT_3D('',#5803,#5804,#5805);
#2369=EDGE_LOOP('',(#5806,#5807,#5808,#5809));
#2370=AXIS2_PLACEMENT_3D('',#5810,#5811,#5812);
#2371=EDGE_LOOP('',(#5813,#5814,#5815,#5816));
#2372=AXIS2_PLACEMENT_3D('',#5817,#5818,#5819);
#2373=EDGE_LOOP('',(#5820,#5821,#5822,#5823));
#2374=AXIS2_PLACEMENT_3D('',#5824,#5825,#5826);
#2375=EDGE_LOOP('',(#5827,#5828,#5829,#5830));
#2376=AXIS2_PLACEMENT_3D('',#5831,#5832,#5833);
#2377=EDGE_LOOP('',(#5834,#5835,#5836,#5837));
#2378=AXIS2_PLACEMENT_3D('',#5838,#5839,#5840);
#2379=EDGE_LOOP('',(#5841,#5842,#5843,#5844));
#2380=AXIS2_PLACEMENT_3D('',#5845,#5846,#5847);
#2381=EDGE_LOOP('',(#5848,#5849,#5850,#5851));
#2382=AXIS2_PLACEMENT_3D('',#5852,#5853,#5854);
#2383=EDGE_LOOP('',(#5855,#5856,#5857,#5858));
#2384=AXIS2_PLACEMENT_3D('',#5859,#5860,#5861);
#2385=EDGE_LOOP('',(#5862,#5863,#5864,#5865));
#2386=AXIS2_PLACEMENT_3D('',#5866,#5867,#5868);
#2387=EDGE_LOOP('',(#5869,#5870,#5871,#5872));
#2388=AXIS2_PLACEMENT_3D('',#5873,#5874,#5875);
#2389=EDGE_LOOP('',(#5876,#5877,#5878,#5879));
#2390=AXIS2_PLACEMENT_3D('',#5880,#5881,#5882);
#2391=EDGE_LOOP('',(#5883,#5884,#5885,#5886));
#2392=AXIS2_PLACEMENT_3D('',#5887,#5888,#5889);
#2393=EDGE_LOOP('',(#5890,#5891,#5892,#5893));
#2394=AXIS2_PLACEMENT_3D('',#5894,#5895,#5896);
#2395=EDGE_LOOP('',(#5897,#5898,#5899,#5900));
#2396=AXIS2_PLACEMENT_3D('',#5901,#5902,#5903);
#2397=EDGE_LOOP('',(#5904,#5905,#5906,#5907));
#2398=AXIS2_PLACEMENT_3D('',#5908,#5909,#5910);
#2399=EDGE_LOOP('',(#5911,#5912,#5913,#5914));
#2400=AXIS2_PLACEMENT_3D('',#5915,#5916,#5917);
#2401=EDGE_LOOP('',(#5918,#5919,#5920,#5921));
#2402=AXIS2_PLACEMENT_3D('',#5922,#5923,#5924);
#2403=EDGE_LOOP('',(#5925,#5926,#5927,#5928));
#2404=AXIS2_PLACEMENT_3D('',#5929,#5930,#5931);
#2405=EDGE_LOOP('',(#5932,#5933,#5934,#5935));
#2406=AXIS2_PLACEMENT_3D('',#5936,#5937,#5938);
#2407=EDGE_LOOP('',(#5939,#5940,#5941,#5942));
#2408=AXIS2_PLACEMENT_3D('',#5943,#5944,#5945);
#2409=EDGE_LOOP('',(#5946,#5947,#5948,#5949));
#2410=AXIS2_PLACEMENT_3D('',#5950,#5951,#5952);
#2411=EDGE_LOOP('',(#5953,#5954,#5955,#5956));
#2412=AXIS2_PLACEMENT_3D('',#5957,#5958,#5959);
#2413=EDGE_LOOP('',(#5960,#5961,#5962,#5963));
#2414=AXIS2_PLACEMENT_3D('',#5964,#5965,#5966);
#2415=EDGE_LOOP('',(#5967,#5968,#5969,#5970));
#2416=AXIS2_PLACEMENT_3D('',#5971,#5972,#5973);
#2417=EDGE_LOOP('',(#5974,#5975,#5976,#5977));
#2418=AXIS2_PLACEMENT_3D('',#5978,#5979,#5980);
#2419=EDGE_LOOP('',(#5981,#5982,#5983,#5984));
#2420=AXIS2_PLACEMENT_3D('',#5985,#5986,#5987);
#2421=EDGE_LOOP('',(#5988,#5989,#5990,#5991));
#2422=AXIS2_PLACEMENT_3D('',#5992,#5993,#5994);
#2423=EDGE_LOOP('',(#5995,#5996,#5997,#5998));
#2424=AXIS2_PLACEMENT_3D('',#5999,#6000,#6001);
#2425=ORIENTED_EDGE('',*,*,#6002,.F.);
#2426=ORIENTED_EDGE('',*,*,#6003,.F.);
#2427=ORIENTED_EDGE('',*,*,#6004,.F.);
#2428=CARTESIAN_POINT('',(28.327926519851,-1.7956485486546,54.6081127578017));
#2429=DIRECTION('',(-0.0,-0.0,-1.0));
#2430=DIRECTION('',(1.0,0.0,0.0));
#2431=ORIENTED_EDGE('',*,*,#6005,.F.);
#2432=ORIENTED_EDGE('',*,*,#6006,.F.);
#2433=ORIENTED_EDGE('',*,*,#6007,.F.);
#2434=CARTESIAN_POINT('',(28.327926519851,-1.7956485486546,54.6081127578017));
#2435=DIRECTION('',(-0.0,-0.0,-1.0));
#2436=DIRECTION('',(1.0,0.0,0.0));
#2437=ORIENTED_EDGE('',*,*,#6008,.F.);
#2438=ORIENTED_EDGE('',*,*,#6009,.F.);
#2439=ORIENTED_EDGE('',*,*,#6010,.F.);
#2440=CARTESIAN_POINT('',(-25.272073480149,-1.7956485486546,54.6081127578017));
#2441=DIRECTION('',(-0.0,-0.0,-1.0));
#2442=DIRECTION('',(1.0,0.0,0.0));
#2443=ORIENTED_EDGE('',*,*,#6011,.F.);
#2444=ORIENTED_EDGE('',*,*,#6012,.F.);
#2445=ORIENTED_EDGE('',*,*,#6013,.F.);
#2446=CARTESIAN_POINT('',(-25.272073480149,-1.7956485486546,54.6081127578017));
#2447=DIRECTION('',(-0.0,-0.0,-1.0));
#2448=DIRECTION('',(1.0,0.0,0.0));
#2449=ORIENTED_EDGE('',*,*,#6014,.F.);
#2450=ORIENTED_EDGE('',*,*,#6015,.T.);
#2451=ORIENTED_EDGE('',*,*,#6016,.T.);
#2452=ORIENTED_EDGE('',*,*,#6017,.F.);
#2453=CARTESIAN_POINT('',(-25.272073480149,-1.7956485486546,58.1160619502328));
#2454=DIRECTION('',(-0.0,-0.0,-1.0));
#2455=DIRECTION('',(1.0,0.0,0.0));
#2456=ORIENTED_EDGE('',*,*,#6018,.F.);
#2457=ORIENTED_EDGE('',*,*,#6019,.F.);
#2458=ORIENTED_EDGE('',*,*,#6020,.T.);
#2459=CARTESIAN_POINT('',(28.327926519851,-1.7956485486546,58.1160619502328));
#2460=DIRECTION('',(-0.0,-0.0,-1.0));
#2461=DIRECTION('',(1.0,0.0,0.0));
#2462=ORIENTED_EDGE('',*,*,#6021,.F.);
#2463=ORIENTED_EDGE('',*,*,#6022,.T.);
#2464=CARTESIAN_POINT('',(28.327926519851,-1.7956485486546,54.6081127578017));
#2465=DIRECTION('',(-0.0,-0.0,-1.0));
#2466=DIRECTION('',(1.0,0.0,0.0));
#2467=ORIENTED_EDGE('',*,*,#6023,.T.);
#2468=ORIENTED_EDGE('',*,*,#6024,.T.);
#2469=ORIENTED_EDGE('',*,*,#6025,.T.);
#2470=ORIENTED_EDGE('',*,*,#6026,.T.);
#2471=ORIENTED_EDGE('',*,*,#6004,.T.);
#2472=ORIENTED_EDGE('',*,*,#6021,.T.);
#2473=ORIENTED_EDGE('',*,*,#6027,.T.);
#2474=ORIENTED_EDGE('',*,*,#6006,.T.);
#2475=ORIENTED_EDGE('',*,*,#6028,.T.);
#2476=ORIENTED_EDGE('',*,*,#6029,.T.);
#2477=CARTESIAN_POINT('',(28.327926519851,-1.7956485486546,55.3760619502328));
#2478=DIRECTION('',(0.0,0.0,1.0));
#2479=DIRECTION('',(1.0,0.0,0.0));
#2480=ORIENTED_EDGE('',*,*,#6023,.F.);
#2481=ORIENTED_EDGE('',*,*,#6030,.T.);
#2482=ORIENTED_EDGE('',*,*,#6031,.T.);
#2483=ORIENTED_EDGE('',*,*,#6032,.F.);
#2484=CARTESIAN_POINT('',(28.327926519851,-1.7956485486546,54.6760619502328));
#2485=DIRECTION('',(0.0,-0.0,1.0));
#2486=DIRECTION('',(-1.0,0.0,0.0));
#2487=ORIENTED_EDGE('',*,*,#6033,.F.);
#2488=ORIENTED_EDGE('',*,*,#6034,.T.);
#2489=ORIENTED_EDGE('',*,*,#6035,.F.);
#2490=ORIENTED_EDGE('',*,*,#6036,.T.);
#2491=CARTESIAN_POINT('',(-24.7879431046771,-17.9751268409932,52.0260619502328));
#2492=DIRECTION('',(0.0,0.0,1.0));
#2493=DIRECTION('',(1.0,0.0,0.0));
#2494=ORIENTED_EDGE('',*,*,#6037,.F.);
#2495=ORIENTED_EDGE('',*,*,#6038,.F.);
#2496=ORIENTED_EDGE('',*,*,#6020,.F.);
#2497=ORIENTED_EDGE('',*,*,#6039,.T.);
#2498=ORIENTED_EDGE('',*,*,#6040,.F.);
#2499=ORIENTED_EDGE('',*,*,#6041,.T.);
#2500=CARTESIAN_POINT('',(28.327926519851,-1.7956485486546,55.3760619502328));
#2501=DIRECTION('',(0.0,0.0,1.0));
#2502=DIRECTION('',(1.0,0.0,0.0));
#2503=ORIENTED_EDGE('',*,*,#6042,.T.);
#2504=ORIENTED_EDGE('',*,*,#6043,.T.);
#2505=ORIENTED_EDGE('',*,*,#6044,.T.);
#2506=ORIENTED_EDGE('',*,*,#6045,.T.);
#2507=ORIENTED_EDGE('',*,*,#6046,.T.);
#2508=ORIENTED_EDGE('',*,*,#6047,.T.);
#2509=ORIENTED_EDGE('',*,*,#6048,.T.);
#2510=ORIENTED_EDGE('',*,*,#6049,.T.);
#2511=ORIENTED_EDGE('',*,*,#6050,.T.);
#2512=ORIENTED_EDGE('',*,*,#6051,.F.);
#2513=ORIENTED_EDGE('',*,*,#6052,.T.);
#2514=ORIENTED_EDGE('',*,*,#6053,.T.);
#2515=ORIENTED_EDGE('',*,*,#6054,.T.);
#2516=ORIENTED_EDGE('',*,*,#6055,.T.);
#2517=ORIENTED_EDGE('',*,*,#6040,.T.);
#2518=ORIENTED_EDGE('',*,*,#6056,.T.);
#2519=ORIENTED_EDGE('',*,*,#6057,.T.);
#2520=ORIENTED_EDGE('',*,*,#6058,.F.);
#2521=ORIENTED_EDGE('',*,*,#6059,.T.);
#2522=ORIENTED_EDGE('',*,*,#6060,.F.);
#2523=ORIENTED_EDGE('',*,*,#6061,.T.);
#2524=ORIENTED_EDGE('',*,*,#6062,.F.);
#2525=ORIENTED_EDGE('',*,*,#6063,.T.);
#2526=ORIENTED_EDGE('',*,*,#6064,.T.);
#2527=ORIENTED_EDGE('',*,*,#6065,.T.);
#2528=ORIENTED_EDGE('',*,*,#6066,.F.);
#2529=ORIENTED_EDGE('',*,*,#6067,.T.);
#2530=ORIENTED_EDGE('',*,*,#6068,.F.);
#2531=ORIENTED_EDGE('',*,*,#6069,.T.);
#2532=ORIENTED_EDGE('',*,*,#6070,.F.);
#2533=ORIENTED_EDGE('',*,*,#6071,.T.);
#2534=ORIENTED_EDGE('',*,*,#6072,.T.);
#2535=ORIENTED_EDGE('',*,*,#6073,.T.);
#2536=ORIENTED_EDGE('',*,*,#6074,.F.);
#2537=ORIENTED_EDGE('',*,*,#6075,.T.);
#2538=ORIENTED_EDGE('',*,*,#6076,.T.);
#2539=ORIENTED_EDGE('',*,*,#6077,.F.);
#2540=ORIENTED_EDGE('',*,*,#6078,.T.);
#2541=ORIENTED_EDGE('',*,*,#6079,.T.);
#2542=ORIENTED_EDGE('',*,*,#6080,.T.);
#2543=ORIENTED_EDGE('',*,*,#6081,.T.);
#2544=ORIENTED_EDGE('',*,*,#6082,.T.);
#2545=ORIENTED_EDGE('',*,*,#6083,.T.);
#2546=ORIENTED_EDGE('',*,*,#6084,.T.);
#2547=ORIENTED_EDGE('',*,*,#6085,.F.);
#2548=ORIENTED_EDGE('',*,*,#6086,.F.);
#2549=ORIENTED_EDGE('',*,*,#6087,.T.);
#2550=ORIENTED_EDGE('',*,*,#6088,.F.);
#2551=ORIENTED_EDGE('',*,*,#6089,.F.);
#2552=ORIENTED_EDGE('',*,*,#6090,.T.);
#2553=ORIENTED_EDGE('',*,*,#6091,.F.);
#2554=ORIENTED_EDGE('',*,*,#6092,.F.);
#2555=ORIENTED_EDGE('',*,*,#6093,.F.);
#2556=ORIENTED_EDGE('',*,*,#6094,.F.);
#2557=ORIENTED_EDGE('',*,*,#6095,.F.);
#2558=ORIENTED_EDGE('',*,*,#6096,.F.);
#2559=ORIENTED_EDGE('',*,*,#6097,.T.);
#2560=ORIENTED_EDGE('',*,*,#6098,.F.);
#2561=ORIENTED_EDGE('',*,*,#6099,.F.);
#2562=ORIENTED_EDGE('',*,*,#6100,.F.);
#2563=ORIENTED_EDGE('',*,*,#6101,.F.);
#2564=ORIENTED_EDGE('',*,*,#6102,.F.);
#2565=ORIENTED_EDGE('',*,*,#6103,.T.);
#2566=ORIENTED_EDGE('',*,*,#6104,.F.);
#2567=ORIENTED_EDGE('',*,*,#6105,.F.);
#2568=ORIENTED_EDGE('',*,*,#6106,.F.);
#2569=ORIENTED_EDGE('',*,*,#6107,.T.);
#2570=ORIENTED_EDGE('',*,*,#6108,.F.);
#2571=ORIENTED_EDGE('',*,*,#6109,.F.);
#2572=ORIENTED_EDGE('',*,*,#6110,.T.);
#2573=ORIENTED_EDGE('',*,*,#6111,.T.);
#2574=ORIENTED_EDGE('',*,*,#6112,.T.);
#2575=ORIENTED_EDGE('',*,*,#6113,.T.);
#2576=ORIENTED_EDGE('',*,*,#6114,.T.);
#2577=ORIENTED_EDGE('',*,*,#6115,.T.);
#2578=ORIENTED_EDGE('',*,*,#6116,.T.);
#2579=ORIENTED_EDGE('',*,*,#6117,.T.);
#2580=ORIENTED_EDGE('',*,*,#6118,.T.);
#2581=ORIENTED_EDGE('',*,*,#6119,.T.);
#2582=ORIENTED_EDGE('',*,*,#6120,.T.);
#2583=ORIENTED_EDGE('',*,*,#6121,.T.);
#2584=ORIENTED_EDGE('',*,*,#6122,.T.);
#2585=ORIENTED_EDGE('',*,*,#6123,.T.);
#2586=ORIENTED_EDGE('',*,*,#6124,.T.);
#2587=ORIENTED_EDGE('',*,*,#6125,.T.);
#2588=ORIENTED_EDGE('',*,*,#6126,.T.);
#2589=ORIENTED_EDGE('',*,*,#6127,.T.);
#2590=ORIENTED_EDGE('',*,*,#6128,.T.);
#2591=ORIENTED_EDGE('',*,*,#6129,.T.);
#2592=ORIENTED_EDGE('',*,*,#6130,.T.);
#2593=ORIENTED_EDGE('',*,*,#6131,.T.);
#2594=ORIENTED_EDGE('',*,*,#6132,.T.);
#2595=ORIENTED_EDGE('',*,*,#6133,.T.);
#2596=ORIENTED_EDGE('',*,*,#6134,.T.);
#2597=ORIENTED_EDGE('',*,*,#6135,.T.);
#2598=ORIENTED_EDGE('',*,*,#6136,.F.);
#2599=ORIENTED_EDGE('',*,*,#6137,.T.);
#2600=ORIENTED_EDGE('',*,*,#6138,.T.);
#2601=ORIENTED_EDGE('',*,*,#6139,.T.);
#2602=ORIENTED_EDGE('',*,*,#6140,.F.);
#2603=ORIENTED_EDGE('',*,*,#6141,.F.);
#2604=ORIENTED_EDGE('',*,*,#6142,.F.);
#2605=ORIENTED_EDGE('',*,*,#6143,.T.);
#2606=ORIENTED_EDGE('',*,*,#6144,.F.);
#2607=ORIENTED_EDGE('',*,*,#6145,.F.);
#2608=ORIENTED_EDGE('',*,*,#6146,.F.);
#2609=ORIENTED_EDGE('',*,*,#6147,.T.);
#2610=ORIENTED_EDGE('',*,*,#6148,.F.);
#2611=ORIENTED_EDGE('',*,*,#6149,.F.);
#2612=ORIENTED_EDGE('',*,*,#6150,.F.);
#2613=ORIENTED_EDGE('',*,*,#6151,.T.);
#2614=ORIENTED_EDGE('',*,*,#6152,.F.);
#2615=ORIENTED_EDGE('',*,*,#6153,.F.);
#2616=ORIENTED_EDGE('',*,*,#6154,.T.);
#2617=ORIENTED_EDGE('',*,*,#6155,.F.);
#2618=ORIENTED_EDGE('',*,*,#6156,.T.);
#2619=ORIENTED_EDGE('',*,*,#6157,.F.);
#2620=ORIENTED_EDGE('',*,*,#6158,.T.);
#2621=ORIENTED_EDGE('',*,*,#6159,.F.);
#2622=ORIENTED_EDGE('',*,*,#6160,.T.);
#2623=ORIENTED_EDGE('',*,*,#6161,.T.);
#2624=ORIENTED_EDGE('',*,*,#6162,.T.);
#2625=ORIENTED_EDGE('',*,*,#6163,.T.);
#2626=ORIENTED_EDGE('',*,*,#6164,.T.);
#2627=ORIENTED_EDGE('',*,*,#6165,.T.);
#2628=ORIENTED_EDGE('',*,*,#6166,.T.);
#2629=ORIENTED_EDGE('',*,*,#6167,.T.);
#2630=ORIENTED_EDGE('',*,*,#6168,.T.);
#2631=ORIENTED_EDGE('',*,*,#6169,.T.);
#2632=ORIENTED_EDGE('',*,*,#6170,.T.);
#2633=ORIENTED_EDGE('',*,*,#6171,.T.);
#2634=ORIENTED_EDGE('',*,*,#6172,.T.);
#2635=ORIENTED_EDGE('',*,*,#6173,.T.);
#2636=ORIENTED_EDGE('',*,*,#6174,.T.);
#2637=ORIENTED_EDGE('',*,*,#6175,.T.);
#2638=ORIENTED_EDGE('',*,*,#6176,.F.);
#2639=ORIENTED_EDGE('',*,*,#6177,.F.);
#2640=ORIENTED_EDGE('',*,*,#6178,.F.);
#2641=ORIENTED_EDGE('',*,*,#6179,.T.);
#2642=ORIENTED_EDGE('',*,*,#6180,.T.);
#2643=ORIENTED_EDGE('',*,*,#6181,.T.);
#2644=ORIENTED_EDGE('',*,*,#6182,.T.);
#2645=ORIENTED_EDGE('',*,*,#6183,.T.);
#2646=ORIENTED_EDGE('',*,*,#6184,.T.);
#2647=ORIENTED_EDGE('',*,*,#6185,.T.);
#2648=ORIENTED_EDGE('',*,*,#6186,.F.);
#2649=ORIENTED_EDGE('',*,*,#6187,.T.);
#2650=ORIENTED_EDGE('',*,*,#6188,.T.);
#2651=ORIENTED_EDGE('',*,*,#6189,.T.);
#2652=CARTESIAN_POINT('',(25.877926519851,-13.2456485486546,55.8760619502328));
#2653=DIRECTION('',(0.0,0.0,-1.0));
#2654=DIRECTION('',(0.0,-1.0,0.0));
#2655=ORIENTED_EDGE('',*,*,#6042,.F.);
#2656=ORIENTED_EDGE('',*,*,#6190,.F.);
#2657=ORIENTED_EDGE('',*,*,#6191,.F.);
#2658=ORIENTED_EDGE('',*,*,#6192,.F.);
#2659=CARTESIAN_POINT('',(7.492642020414,-13.9058137734954,59.1760619502328));
#2660=DIRECTION('',(-0.694658370458997,-0.719339800338652,0.0));
#2661=DIRECTION('',(-0.719339800338652,0.694658370458997,0.0));
#2662=ORIENTED_EDGE('',*,*,#6043,.F.);
#2663=ORIENTED_EDGE('',*,*,#6192,.T.);
#2664=ORIENTED_EDGE('',*,*,#6193,.F.);
#2665=ORIENTED_EDGE('',*,*,#6194,.T.);
#2666=CARTESIAN_POINT('',(8.196800941917,-13.1956485486546,59.1760619502328));
#2667=DIRECTION('',(0.0,0.0,1.0));
#2668=DIRECTION('',(-1.0,0.0,0.0));
#2669=ORIENTED_EDGE('',*,*,#6044,.F.);
#2670=ORIENTED_EDGE('',*,*,#6194,.F.);
#2671=ORIENTED_EDGE('',*,*,#6195,.T.);
#2672=ORIENTED_EDGE('',*,*,#6196,.F.);
#2673=CARTESIAN_POINT('',(8.196800941917,-14.1956485486546,59.1760619502328));
#2674=DIRECTION('',(-2.53765262771464E-16,-1.0,0.0));
#2675=DIRECTION('',(-1.0,2.53765262771464E-16,0.0));
#2676=ORIENTED_EDGE('',*,*,#6045,.F.);
#2677=ORIENTED_EDGE('',*,*,#6196,.T.);
#2678=ORIENTED_EDGE('',*,*,#6197,.F.);
#2679=ORIENTED_EDGE('',*,*,#6198,.T.);
#2680=CARTESIAN_POINT('',(13.409052097785,-13.1956485486546,59.1760619502328));
#2681=DIRECTION('',(0.0,0.0,-1.0));
#2682=DIRECTION('',(1.0,0.0,0.0));
#2683=ORIENTED_EDGE('',*,*,#6046,.F.);
#2684=ORIENTED_EDGE('',*,*,#6198,.F.);
#2685=ORIENTED_EDGE('',*,*,#6199,.F.);
#2686=ORIENTED_EDGE('',*,*,#6200,.F.);
#2687=CARTESIAN_POINT('',(21.510632997766,-6.76220640636815,59.1760619502328));
#2688=DIRECTION('',(0.694658370458997,-0.719339800338651,0.0));
#2689=DIRECTION('',(0.0,0.0,-1.0));
#2690=ORIENTED_EDGE('',*,*,#6047,.F.);
#2691=ORIENTED_EDGE('',*,*,#6200,.T.);
#2692=ORIENTED_EDGE('',*,*,#6201,.F.);
#2693=ORIENTED_EDGE('',*,*,#6202,.T.);
#2694=CARTESIAN_POINT('',(21.354926519851,-5.70312808007151,59.1760619502328));
#2695=DIRECTION('',(0.0,0.0,-1.0));
#2696=DIRECTION('',(1.0,0.0,0.0));
#2697=ORIENTED_EDGE('',*,*,#6048,.F.);
#2698=ORIENTED_EDGE('',*,*,#6202,.F.);
#2699=ORIENTED_EDGE('',*,*,#6203,.T.);
#2700=ORIENTED_EDGE('',*,*,#6204,.F.);
#2701=CARTESIAN_POINT('',(22.224926519851,-5.70312808007151,59.1760619502328));
#2702=DIRECTION('',(1.0,0.0,0.0));
#2703=DIRECTION('',(0.0,1.0,0.0));
#2704=ORIENTED_EDGE('',*,*,#6049,.F.);
#2705=ORIENTED_EDGE('',*,*,#6204,.T.);
#2706=ORIENTED_EDGE('',*,*,#6205,.F.);
#2707=ORIENTED_EDGE('',*,*,#6206,.T.);
#2708=CARTESIAN_POINT('',(25.024926519851,-4.61474022178251,59.1760619502328));
#2709=DIRECTION('',(0.0,0.0,1.0));
#2710=DIRECTION('',(-1.0,0.0,0.0));
#2711=ORIENTED_EDGE('',*,*,#6050,.F.);
#2712=ORIENTED_EDGE('',*,*,#6206,.F.);
#2713=ORIENTED_EDGE('',*,*,#6207,.F.);
#2714=ORIENTED_EDGE('',*,*,#6208,.T.);
#2715=CARTESIAN_POINT('',(24.232926519851,-1.0312173740808,59.1760619502328));
#2716=DIRECTION('',(0.0,0.0,1.0));
#2717=DIRECTION('',(-1.0,0.0,0.0));
#2718=ORIENTED_EDGE('',*,*,#6051,.T.);
#2719=ORIENTED_EDGE('',*,*,#6208,.F.);
#2720=ORIENTED_EDGE('',*,*,#6209,.T.);
#2721=ORIENTED_EDGE('',*,*,#6210,.F.);
#2722=CARTESIAN_POINT('',(25.102926519851,-1.0312173740808,59.1760619502328));
#2723=DIRECTION('',(1.0,0.0,0.0));
#2724=DIRECTION('',(0.0,1.0,0.0));
#2725=ORIENTED_EDGE('',*,*,#6210,.T.);
#2726=ORIENTED_EDGE('',*,*,#6211,.F.);
#2727=ORIENTED_EDGE('',*,*,#6212,.T.);
#2728=ORIENTED_EDGE('',*,*,#6052,.F.);
#2729=CARTESIAN_POINT('',(24.602926519851,0.104351451345401,59.1760619502328));
#2730=DIRECTION('',(0.0,0.0,1.0));
#2731=DIRECTION('',(-1.0,0.0,0.0));
#2732=ORIENTED_EDGE('',*,*,#6171,.F.);
#2733=ORIENTED_EDGE('',*,*,#6213,.F.);
#2734=ORIENTED_EDGE('',*,*,#6214,.F.);
#2735=ORIENTED_EDGE('',*,*,#6215,.T.);
#2736=ORIENTED_EDGE('',*,*,#6216,.F.);
#2737=ORIENTED_EDGE('',*,*,#6217,.T.);
#2738=ORIENTED_EDGE('',*,*,#6218,.F.);
#2739=ORIENTED_EDGE('',*,*,#6219,.T.);
#2740=CARTESIAN_POINT('',(-24.112073480149,-17.7956485486546,55.3760619502328));
#2741=DIRECTION('',(0.0,0.0,-1.0));
#2742=DIRECTION('',(0.997185133525116,0.0749787268263269,0.0));
#2743=ORIENTED_EDGE('',*,*,#6220,.T.);
#2744=ORIENTED_EDGE('',*,*,#6221,.F.);
#2745=ORIENTED_EDGE('',*,*,#6053,.F.);
#2746=ORIENTED_EDGE('',*,*,#6212,.F.);
#2747=ORIENTED_EDGE('',*,*,#6222,.T.);
#2748=ORIENTED_EDGE('',*,*,#6223,.T.);
#2749=ORIENTED_EDGE('',*,*,#6224,.T.);
#2750=ORIENTED_EDGE('',*,*,#6225,.F.);
#2751=ORIENTED_EDGE('',*,*,#6226,.T.);
#2752=ORIENTED_EDGE('',*,*,#6227,.F.);
#2753=ORIENTED_EDGE('',*,*,#6078,.F.);
#2754=ORIENTED_EDGE('',*,*,#6228,.F.);
#2755=CARTESIAN_POINT('',(25.19085740899,0.604351451345401,57.3760619502328));
#2756=DIRECTION('',(-0.0,1.0,0.0));
#2757=DIRECTION('',(1.0,0.0,0.0));
#2758=ORIENTED_EDGE('',*,*,#6229,.T.);
#2759=ORIENTED_EDGE('',*,*,#6230,.T.);
#2760=ORIENTED_EDGE('',*,*,#6231,.T.);
#2761=ORIENTED_EDGE('',*,*,#6232,.T.);
#2762=ORIENTED_EDGE('',*,*,#6233,.T.);
#2763=ORIENTED_EDGE('',*,*,#6234,.T.);
#2764=ORIENTED_EDGE('',*,*,#6235,.T.);
#2765=ORIENTED_EDGE('',*,*,#6236,.F.);
#2766=ORIENTED_EDGE('',*,*,#6220,.F.);
#2767=ORIENTED_EDGE('',*,*,#6237,.T.);
#2768=ORIENTED_EDGE('',*,*,#6238,.T.);
#2769=ORIENTED_EDGE('',*,*,#6017,.T.);
#2770=ORIENTED_EDGE('',*,*,#6239,.T.);
#2771=ORIENTED_EDGE('',*,*,#6240,.T.);
#2772=ORIENTED_EDGE('',*,*,#6241,.T.);
#2773=ORIENTED_EDGE('',*,*,#6242,.T.);
#2774=ORIENTED_EDGE('',*,*,#6243,.T.);
#2775=ORIENTED_EDGE('',*,*,#6244,.T.);
#2776=ORIENTED_EDGE('',*,*,#6245,.T.);
#2777=CARTESIAN_POINT('',(29.902926519851,-17.8456485486546,57.3760619502328));
#2778=DIRECTION('',(0.0,0.0,1.0));
#2779=DIRECTION('',(1.0,0.0,0.0));
#2780=ORIENTED_EDGE('',*,*,#6246,.T.);
#2781=ORIENTED_EDGE('',*,*,#6247,.F.);
#2782=ORIENTED_EDGE('',*,*,#6248,.T.);
#2783=ORIENTED_EDGE('',*,*,#6229,.F.);
#2784=CARTESIAN_POINT('',(30.277926519851,-21.1456485486546,56.8760619502328));
#2785=DIRECTION('',(0.0,-1.0,0.0));
#2786=DIRECTION('',(0.0,0.0,-1.0));
#2787=ORIENTED_EDGE('',*,*,#6241,.F.);
#2788=ORIENTED_EDGE('',*,*,#6249,.F.);
#2789=ORIENTED_EDGE('',*,*,#6072,.F.);
#2790=ORIENTED_EDGE('',*,*,#6250,.F.);
#2791=ORIENTED_EDGE('',*,*,#6251,.T.);
#2792=ORIENTED_EDGE('',*,*,#6246,.F.);
#2793=CARTESIAN_POINT('',(30.077926519851,-36.1956485486546,57.3760619502328));
#2794=DIRECTION('',(1.0,0.0,0.0));
#2795=DIRECTION('',(0.0,1.0,0.0));
#2796=ORIENTED_EDGE('',*,*,#6251,.F.);
#2797=ORIENTED_EDGE('',*,*,#6252,.T.);
#2798=ORIENTED_EDGE('',*,*,#6253,.F.);
#2799=ORIENTED_EDGE('',*,*,#6247,.T.);
#2800=CARTESIAN_POINT('',(1.33943651985101,-33.9078792292201,56.8760619502328));
#2801=DIRECTION('',(0.0,0.0,-1.0));
#2802=DIRECTION('',(0.0,-1.0,0.0));
#2803=ORIENTED_EDGE('',*,*,#6254,.F.);
#2804=ORIENTED_EDGE('',*,*,#6255,.T.);
#2805=ORIENTED_EDGE('',*,*,#6256,.F.);
#2806=ORIENTED_EDGE('',*,*,#6257,.T.);
#2807=ORIENTED_EDGE('',*,*,#6258,.T.);
#2808=ORIENTED_EDGE('',*,*,#6234,.F.);
#2809=ORIENTED_EDGE('',*,*,#6259,.F.);
#2810=ORIENTED_EDGE('',*,*,#6260,.F.);
#2811=ORIENTED_EDGE('',*,*,#6261,.T.);
#2812=ORIENTED_EDGE('',*,*,#6230,.F.);
#2813=ORIENTED_EDGE('',*,*,#6248,.F.);
#2814=ORIENTED_EDGE('',*,*,#6253,.T.);
#2815=CARTESIAN_POINT('',(30.277926519851,-24.6996485486546,57.8760619502328));
#2816=DIRECTION('',(1.0,0.0,0.0));
#2817=DIRECTION('',(0.0,1.0,0.0));
#2818=ORIENTED_EDGE('',*,*,#6254,.T.);
#2819=ORIENTED_EDGE('',*,*,#6252,.F.);
#2820=ORIENTED_EDGE('',*,*,#6250,.T.);
#2821=ORIENTED_EDGE('',*,*,#6071,.F.);
#2822=ORIENTED_EDGE('',*,*,#6262,.T.);
#2823=ORIENTED_EDGE('',*,*,#6263,.F.);
#2824=CARTESIAN_POINT('',(29.477926519851,-24.0456485486546,57.8760619502328));
#2825=DIRECTION('',(0.0,0.0,1.0));
#2826=DIRECTION('',(0.0,-1.0,0.0));
#2827=ORIENTED_EDGE('',*,*,#6264,.F.);
#2828=ORIENTED_EDGE('',*,*,#6265,.T.);
#2829=ORIENTED_EDGE('',*,*,#6266,.T.);
#2830=ORIENTED_EDGE('',*,*,#6267,.T.);
#2831=ORIENTED_EDGE('',*,*,#6268,.T.);
#2832=ORIENTED_EDGE('',*,*,#6269,.T.);
#2833=ORIENTED_EDGE('',*,*,#6270,.F.);
#2834=ORIENTED_EDGE('',*,*,#6271,.T.);
#2835=ORIENTED_EDGE('',*,*,#6272,.F.);
#2836=ORIENTED_EDGE('',*,*,#6273,.T.);
#2837=ORIENTED_EDGE('',*,*,#6255,.F.);
#2838=ORIENTED_EDGE('',*,*,#6263,.T.);
#2839=ORIENTED_EDGE('',*,*,#6274,.F.);
#2840=ORIENTED_EDGE('',*,*,#6275,.T.);
#2841=ORIENTED_EDGE('',*,*,#6276,.F.);
#2842=ORIENTED_EDGE('',*,*,#6277,.T.);
#2843=ORIENTED_EDGE('',*,*,#6278,.T.);
#2844=ORIENTED_EDGE('',*,*,#6279,.T.);
#2845=ORIENTED_EDGE('',*,*,#6280,.F.);
#2846=ORIENTED_EDGE('',*,*,#6281,.F.);
#2847=ORIENTED_EDGE('',*,*,#6282,.F.);
#2848=ORIENTED_EDGE('',*,*,#6283,.F.);
#2849=ORIENTED_EDGE('',*,*,#6284,.F.);
#2850=ORIENTED_EDGE('',*,*,#6285,.F.);
#2851=ORIENTED_EDGE('',*,*,#6286,.F.);
#2852=ORIENTED_EDGE('',*,*,#6287,.F.);
#2853=ORIENTED_EDGE('',*,*,#6288,.F.);
#2854=ORIENTED_EDGE('',*,*,#6289,.F.);
#2855=ORIENTED_EDGE('',*,*,#6290,.F.);
#2856=ORIENTED_EDGE('',*,*,#6291,.F.);
#2857=ORIENTED_EDGE('',*,*,#6292,.F.);
#2858=ORIENTED_EDGE('',*,*,#6293,.F.);
#2859=ORIENTED_EDGE('',*,*,#6294,.F.);
#2860=ORIENTED_EDGE('',*,*,#6295,.F.);
#2861=ORIENTED_EDGE('',*,*,#6296,.F.);
#2862=ORIENTED_EDGE('',*,*,#6297,.F.);
#2863=ORIENTED_EDGE('',*,*,#6298,.F.);
#2864=ORIENTED_EDGE('',*,*,#6299,.F.);
#2865=ORIENTED_EDGE('',*,*,#6300,.F.);
#2866=ORIENTED_EDGE('',*,*,#6301,.F.);
#2867=ORIENTED_EDGE('',*,*,#6302,.F.);
#2868=ORIENTED_EDGE('',*,*,#6303,.F.);
#2869=ORIENTED_EDGE('',*,*,#6304,.F.);
#2870=ORIENTED_EDGE('',*,*,#6305,.F.);
#2871=ORIENTED_EDGE('',*,*,#6306,.F.);
#2872=ORIENTED_EDGE('',*,*,#6307,.F.);
#2873=CARTESIAN_POINT('',(1.33943651985101,-33.9078792292201,54.8760619502328));
#2874=DIRECTION('',(0.0,0.0,-1.0));
#2875=DIRECTION('',(0.0,-1.0,0.0));
#2876=ORIENTED_EDGE('',*,*,#6308,.F.);
#2877=ORIENTED_EDGE('',*,*,#6066,.T.);
#2878=ORIENTED_EDGE('',*,*,#6309,.F.);
#2879=ORIENTED_EDGE('',*,*,#6264,.T.);
#2880=CARTESIAN_POINT('',(27.877926519851,-18.7456485486546,57.8760619502328));
#2881=DIRECTION('',(0.0,-1.0,0.0));
#2882=DIRECTION('',(0.0,0.0,-1.0));
#2883=ORIENTED_EDGE('',*,*,#6308,.T.);
#2884=ORIENTED_EDGE('',*,*,#6277,.F.);
#2885=ORIENTED_EDGE('',*,*,#6310,.T.);
#2886=ORIENTED_EDGE('',*,*,#6067,.F.);
#2887=CARTESIAN_POINT('',(27.777926519851,-19.2456485486546,57.8760619502328));
#2888=DIRECTION('',(0.0,0.0,1.0));
#2889=DIRECTION('',(0.0,-1.0,0.0));
#2890=ORIENTED_EDGE('',*,*,#6276,.T.);
#2891=ORIENTED_EDGE('',*,*,#6311,.F.);
#2892=ORIENTED_EDGE('',*,*,#6068,.T.);
#2893=ORIENTED_EDGE('',*,*,#6310,.F.);
#2894=CARTESIAN_POINT('',(28.277926519851,-22.9356485486546,57.3760619502328));
#2895=DIRECTION('',(-1.0,0.0,0.0));
#2896=DIRECTION('',(0.0,0.0,1.0));
#2897=ORIENTED_EDGE('',*,*,#6069,.F.);
#2898=ORIENTED_EDGE('',*,*,#6311,.T.);
#2899=ORIENTED_EDGE('',*,*,#6275,.F.);
#2900=ORIENTED_EDGE('',*,*,#6312,.T.);
#2901=CARTESIAN_POINT('',(29.077926519851,-24.0456485486546,57.8760619502328));
#2902=DIRECTION('',(0.0,0.0,1.0));
#2903=DIRECTION('',(0.0,-1.0,0.0));
#2904=ORIENTED_EDGE('',*,*,#6070,.T.);
#2905=ORIENTED_EDGE('',*,*,#6312,.F.);
#2906=ORIENTED_EDGE('',*,*,#6274,.T.);
#2907=ORIENTED_EDGE('',*,*,#6262,.F.);
#2908=CARTESIAN_POINT('',(28.532436519851,-24.8456485486546,57.8760619502328));
#2909=DIRECTION('',(0.0,-1.0,0.0));
#2910=DIRECTION('',(0.0,0.0,-1.0));
#2911=ORIENTED_EDGE('',*,*,#6313,.T.);
#2912=ORIENTED_EDGE('',*,*,#6265,.F.);
#2913=ORIENTED_EDGE('',*,*,#6309,.T.);
#2914=ORIENTED_EDGE('',*,*,#6065,.F.);
#2915=CARTESIAN_POINT('',(26.077926519851,-17.9456485486546,57.8760619502328));
#2916=DIRECTION('',(0.0,0.0,1.0));
#2917=DIRECTION('',(0.0,-1.0,0.0));
#2918=ORIENTED_EDGE('',*,*,#6313,.F.);
#2919=ORIENTED_EDGE('',*,*,#6064,.F.);
#2920=ORIENTED_EDGE('',*,*,#6314,.F.);
#2921=ORIENTED_EDGE('',*,*,#6266,.F.);
#2922=CARTESIAN_POINT('',(25.277926519851,-18.6456485486546,57.3760619502328));
#2923=DIRECTION('',(1.0,0.0,0.0));
#2924=DIRECTION('',(0.0,1.0,0.0));
#2925=ORIENTED_EDGE('',*,*,#6063,.F.);
#2926=ORIENTED_EDGE('',*,*,#6315,.T.);
#2927=ORIENTED_EDGE('',*,*,#6267,.F.);
#2928=ORIENTED_EDGE('',*,*,#6314,.T.);
#2929=CARTESIAN_POINT('',(26.077926519851,-17.7456485486546,57.8760619502328));
#2930=DIRECTION('',(0.0,0.0,-1.0));
#2931=DIRECTION('',(0.0,1.0,0.0));
#2932=ORIENTED_EDGE('',*,*,#6062,.T.);
#2933=ORIENTED_EDGE('',*,*,#6316,.F.);
#2934=ORIENTED_EDGE('',*,*,#6268,.F.);
#2935=ORIENTED_EDGE('',*,*,#6315,.F.);
#2936=CARTESIAN_POINT('',(27.877926519851,-16.9456485486546,57.8760619502328));
#2937=DIRECTION('',(-0.0,1.0,0.0));
#2938=DIRECTION('',(1.0,0.0,0.0));
#2939=ORIENTED_EDGE('',*,*,#6061,.F.);
#2940=ORIENTED_EDGE('',*,*,#6317,.T.);
#2941=ORIENTED_EDGE('',*,*,#6269,.F.);
#2942=ORIENTED_EDGE('',*,*,#6316,.T.);
#2943=CARTESIAN_POINT('',(27.777926519851,-16.4456485486546,57.8760619502328));
#2944=DIRECTION('',(0.0,0.0,-1.0));
#2945=DIRECTION('',(0.0,1.0,0.0));
#2946=ORIENTED_EDGE('',*,*,#6060,.T.);
#2947=ORIENTED_EDGE('',*,*,#6318,.F.);
#2948=ORIENTED_EDGE('',*,*,#6270,.T.);
#2949=ORIENTED_EDGE('',*,*,#6317,.F.);
#2950=CARTESIAN_POINT('',(28.277926519851,-7.8856485486546,57.3760619502328));
#2951=DIRECTION('',(-1.0,-4.55756578253349E-17,0.0));
#2952=DIRECTION('',(-4.55756578253349E-17,1.0,0.0));
#2953=ORIENTED_EDGE('',*,*,#6319,.T.);
#2954=ORIENTED_EDGE('',*,*,#6271,.F.);
#2955=ORIENTED_EDGE('',*,*,#6318,.T.);
#2956=ORIENTED_EDGE('',*,*,#6059,.F.);
#2957=CARTESIAN_POINT('',(29.077926519851,-11.6456485486546,57.8760619502328));
#2958=DIRECTION('',(0.0,0.0,-1.0));
#2959=DIRECTION('',(0.0,1.0,0.0));
#2960=ORIENTED_EDGE('',*,*,#6058,.T.);
#2961=ORIENTED_EDGE('',*,*,#6320,.F.);
#2962=ORIENTED_EDGE('',*,*,#6272,.T.);
#2963=ORIENTED_EDGE('',*,*,#6319,.F.);
#2964=CARTESIAN_POINT('',(30.132436519851,-10.8456485486546,57.8760619502328));
#2965=DIRECTION('',(-0.0,1.0,0.0));
#2966=DIRECTION('',(1.0,0.0,0.0));
#2967=ORIENTED_EDGE('',*,*,#6321,.T.);
#2968=ORIENTED_EDGE('',*,*,#6322,.F.);
#2969=ORIENTED_EDGE('',*,*,#6256,.T.);
#2970=ORIENTED_EDGE('',*,*,#6273,.F.);
#2971=ORIENTED_EDGE('',*,*,#6320,.T.);
#2972=ORIENTED_EDGE('',*,*,#6057,.F.);
#2973=CARTESIAN_POINT('',(29.477926519851,-11.6456485486546,57.8760619502328));
#2974=DIRECTION('',(0.0,0.0,1.0));
#2975=DIRECTION('',(0.0,-1.0,0.0));
#2976=ORIENTED_EDGE('',*,*,#6323,.T.);
#2977=ORIENTED_EDGE('',*,*,#6321,.F.);
#2978=ORIENTED_EDGE('',*,*,#6056,.F.);
#2979=ORIENTED_EDGE('',*,*,#6039,.F.);
#2980=ORIENTED_EDGE('',*,*,#6019,.T.);
#2981=ORIENTED_EDGE('',*,*,#6324,.T.);
#2982=ORIENTED_EDGE('',*,*,#6325,.F.);
#2983=ORIENTED_EDGE('',*,*,#6054,.F.);
#2984=ORIENTED_EDGE('',*,*,#6221,.T.);
#2985=ORIENTED_EDGE('',*,*,#6236,.T.);
#2986=ORIENTED_EDGE('',*,*,#6326,.F.);
#2987=CARTESIAN_POINT('',(30.077926519851,-36.1956485486546,57.3760619502328));
#2988=DIRECTION('',(1.0,0.0,0.0));
#2989=DIRECTION('',(0.0,1.0,0.0));
#2990=ORIENTED_EDGE('',*,*,#6323,.F.);
#2991=ORIENTED_EDGE('',*,*,#6327,.T.);
#2992=ORIENTED_EDGE('',*,*,#6257,.F.);
#2993=ORIENTED_EDGE('',*,*,#6322,.T.);
#2994=CARTESIAN_POINT('',(1.33943651985101,-33.9078792292201,56.8760619502328));
#2995=DIRECTION('',(0.0,0.0,-1.0));
#2996=DIRECTION('',(0.0,-1.0,0.0));
#2997=ORIENTED_EDGE('',*,*,#6327,.F.);
#2998=ORIENTED_EDGE('',*,*,#6326,.T.);
#2999=ORIENTED_EDGE('',*,*,#6235,.F.);
#3000=ORIENTED_EDGE('',*,*,#6258,.F.);
#3001=CARTESIAN_POINT('',(29.477926519851,-14.5456485486546,56.8760619502328));
#3002=DIRECTION('',(-0.0,1.0,0.0));
#3003=DIRECTION('',(1.0,0.0,0.0));
#3004=ORIENTED_EDGE('',*,*,#6328,.T.);
#3005=ORIENTED_EDGE('',*,*,#6027,.F.);
#3006=CARTESIAN_POINT('',(28.327926519851,-1.7956485486546,54.6081127578017));
#3007=DIRECTION('',(-0.0,-0.0,-1.0));
#3008=DIRECTION('',(1.0,0.0,0.0));
#3009=ORIENTED_EDGE('',*,*,#6018,.T.);
#3010=ORIENTED_EDGE('',*,*,#6329,.T.);
#3011=ORIENTED_EDGE('',*,*,#6324,.F.);
#3012=CARTESIAN_POINT('',(28.327926519851,-1.7956485486546,58.1160619502328));
#3013=DIRECTION('',(-0.0,-0.0,-1.0));
#3014=DIRECTION('',(1.0,0.0,0.0));
#3015=ORIENTED_EDGE('',*,*,#6278,.F.);
#3016=ORIENTED_EDGE('',*,*,#6330,.F.);
#3017=ORIENTED_EDGE('',*,*,#6331,.F.);
#3018=ORIENTED_EDGE('',*,*,#6332,.T.);
#3019=CARTESIAN_POINT('',(26.737926519851,-17.8456485486546,54.8760619502328));
#3020=DIRECTION('',(0.0,0.0,1.0));
#3021=DIRECTION('',(-1.0,0.0,0.0));
#3022=ORIENTED_EDGE('',*,*,#6333,.F.);
#3023=ORIENTED_EDGE('',*,*,#6334,.T.);
#3024=ORIENTED_EDGE('',*,*,#6335,.F.);
#3025=ORIENTED_EDGE('',*,*,#6336,.F.);
#3026=CARTESIAN_POINT('',(27.577926519851,-1.3626358467624,56.3760619502328));
#3027=DIRECTION('',(-0.5,0.866025403784439,0.0));
#3028=DIRECTION('',(0.0,0.0,1.0));
#3029=ORIENTED_EDGE('',*,*,#6337,.T.);
#3030=ORIENTED_EDGE('',*,*,#6331,.T.);
#3031=CARTESIAN_POINT('',(25.877926519851,-13.2456485486546,55.8760619502328));
#3032=DIRECTION('',(0.0,0.0,-1.0));
#3033=DIRECTION('',(0.0,-1.0,0.0));
#3034=ORIENTED_EDGE('',*,*,#6338,.T.);
#3035=ORIENTED_EDGE('',*,*,#6339,.F.);
#3036=ORIENTED_EDGE('',*,*,#6280,.T.);
#3037=ORIENTED_EDGE('',*,*,#6340,.T.);
#3038=CARTESIAN_POINT('',(29.027926519851,-22.0956485486546,60.2260619502328));
#3039=DIRECTION('',(0.0,-1.0,0.0));
#3040=DIRECTION('',(0.0,0.0,-1.0));
#3041=ORIENTED_EDGE('',*,*,#6341,.F.);
#3042=ORIENTED_EDGE('',*,*,#6342,.T.);
#3043=ORIENTED_EDGE('',*,*,#6338,.F.);
#3044=ORIENTED_EDGE('',*,*,#6343,.F.);
#3045=CARTESIAN_POINT('',(29.277926519851,-22.0206485486546,48.9759657608005));
#3046=DIRECTION('',(-0.0,0.965925826289068,0.258819045102522));
#3047=DIRECTION('',(1.0,0.0,0.0));
#3048=ORIENTED_EDGE('',*,*,#6344,.T.);
#3049=ORIENTED_EDGE('',*,*,#6345,.T.);
#3050=ORIENTED_EDGE('',*,*,#6341,.T.);
#3051=ORIENTED_EDGE('',*,*,#6346,.T.);
#3052=CARTESIAN_POINT('',(29.277926519851,-23.8456485486546,48.6960619502328));
#3053=DIRECTION('',(0.0,0.0,-1.0));
#3054=DIRECTION('',(0.0,-1.0,0.0));
#3055=ORIENTED_EDGE('',*,*,#6344,.F.);
#3056=ORIENTED_EDGE('',*,*,#6347,.F.);
#3057=ORIENTED_EDGE('',*,*,#6348,.F.);
#3058=ORIENTED_EDGE('',*,*,#6349,.F.);
#3059=CARTESIAN_POINT('',(29.277926519851,-21.6706485486546,48.9759657608005));
#3060=DIRECTION('',(0.0,-0.965925826289068,0.258819045102522));
#3061=DIRECTION('',(-1.0,0.0,0.0));
#3062=ORIENTED_EDGE('',*,*,#6345,.F.);
#3063=ORIENTED_EDGE('',*,*,#6349,.T.);
#3064=ORIENTED_EDGE('',*,*,#6350,.F.);
#3065=ORIENTED_EDGE('',*,*,#6342,.F.);
#3066=CARTESIAN_POINT('',(29.452926519851,-21.8456485486546,48.9759657608005));
#3067=DIRECTION('',(-0.965925826289068,0.0,0.258819045102522));
#3068=DIRECTION('',(0.0,1.0,0.0));
#3069=ORIENTED_EDGE('',*,*,#6350,.T.);
#3070=ORIENTED_EDGE('',*,*,#6351,.F.);
#3071=ORIENTED_EDGE('',*,*,#6281,.T.);
#3072=ORIENTED_EDGE('',*,*,#6339,.T.);
#3073=CARTESIAN_POINT('',(29.527926519851,-22.0956485486546,60.2260619502328));
#3074=DIRECTION('',(1.0,0.0,0.0));
#3075=DIRECTION('',(0.0,1.0,0.0));
#3076=ORIENTED_EDGE('',*,*,#6351,.T.);
#3077=ORIENTED_EDGE('',*,*,#6348,.T.);
#3078=ORIENTED_EDGE('',*,*,#6352,.F.);
#3079=ORIENTED_EDGE('',*,*,#6282,.T.);
#3080=CARTESIAN_POINT('',(29.527926519851,-21.5956485486546,60.2260619502328));
#3081=DIRECTION('',(-0.0,1.0,0.0));
#3082=DIRECTION('',(1.0,0.0,0.0));
#3083=ORIENTED_EDGE('',*,*,#6353,.T.);
#3084=ORIENTED_EDGE('',*,*,#6340,.F.);
#3085=ORIENTED_EDGE('',*,*,#6283,.T.);
#3086=ORIENTED_EDGE('',*,*,#6352,.T.);
#3087=CARTESIAN_POINT('',(29.027926519851,-21.5956485486546,60.2260619502328));
#3088=DIRECTION('',(-1.0,0.0,0.0));
#3089=DIRECTION('',(0.0,0.0,1.0));
#3090=ORIENTED_EDGE('',*,*,#6346,.F.);
#3091=ORIENTED_EDGE('',*,*,#6343,.T.);
#3092=ORIENTED_EDGE('',*,*,#6353,.F.);
#3093=ORIENTED_EDGE('',*,*,#6347,.T.);
#3094=CARTESIAN_POINT('',(29.102926519851,-21.8456485486546,48.9759657608005));
#3095=DIRECTION('',(0.965925826289068,0.0,0.258819045102522));
#3096=DIRECTION('',(0.0,-1.0,0.0));
#3097=ORIENTED_EDGE('',*,*,#6354,.T.);
#3098=ORIENTED_EDGE('',*,*,#6355,.F.);
#3099=ORIENTED_EDGE('',*,*,#6284,.T.);
#3100=ORIENTED_EDGE('',*,*,#6356,.T.);
#3101=CARTESIAN_POINT('',(29.027926519851,-16.0956485486546,60.2260619502328));
#3102=DIRECTION('',(0.0,-1.0,0.0));
#3103=DIRECTION('',(0.0,0.0,-1.0));
#3104=ORIENTED_EDGE('',*,*,#6357,.F.);
#3105=ORIENTED_EDGE('',*,*,#6358,.T.);
#3106=ORIENTED_EDGE('',*,*,#6354,.F.);
#3107=ORIENTED_EDGE('',*,*,#6359,.T.);
#3108=CARTESIAN_POINT('',(29.277926519851,-16.0206485486546,48.9759657608005));
#3109=DIRECTION('',(-0.0,0.965925826289068,0.258819045102522));
#3110=DIRECTION('',(1.0,0.0,0.0));
#3111=ORIENTED_EDGE('',*,*,#6360,.T.);
#3112=ORIENTED_EDGE('',*,*,#6361,.T.);
#3113=ORIENTED_EDGE('',*,*,#6362,.T.);
#3114=ORIENTED_EDGE('',*,*,#6357,.T.);
#3115=CARTESIAN_POINT('',(29.277926519851,-23.8456485486546,48.6960619502328));
#3116=DIRECTION('',(0.0,0.0,-1.0));
#3117=DIRECTION('',(0.0,-1.0,0.0));
#3118=ORIENTED_EDGE('',*,*,#6360,.F.);
#3119=ORIENTED_EDGE('',*,*,#6359,.F.);
#3120=ORIENTED_EDGE('',*,*,#6363,.F.);
#3121=ORIENTED_EDGE('',*,*,#6364,.F.);
#3122=CARTESIAN_POINT('',(29.102926519851,-15.8456485486546,48.9759657608005));
#3123=DIRECTION('',(0.965925826289068,0.0,0.258819045102522));
#3124=DIRECTION('',(0.0,-1.0,0.0));
#3125=ORIENTED_EDGE('',*,*,#6361,.F.);
#3126=ORIENTED_EDGE('',*,*,#6364,.T.);
#3127=ORIENTED_EDGE('',*,*,#6365,.F.);
#3128=ORIENTED_EDGE('',*,*,#6366,.F.);
#3129=CARTESIAN_POINT('',(29.277926519851,-15.6706485486546,48.9759657608005));
#3130=DIRECTION('',(0.0,-0.965925826289068,0.258819045102522));
#3131=DIRECTION('',(-1.0,0.0,0.0));
#3132=ORIENTED_EDGE('',*,*,#6362,.F.);
#3133=ORIENTED_EDGE('',*,*,#6366,.T.);
#3134=ORIENTED_EDGE('',*,*,#6367,.F.);
#3135=ORIENTED_EDGE('',*,*,#6358,.F.);
#3136=CARTESIAN_POINT('',(29.452926519851,-15.8456485486546,48.9759657608005));
#3137=DIRECTION('',(-0.965925826289068,0.0,0.258819045102522));
#3138=DIRECTION('',(0.0,1.0,0.0));
#3139=ORIENTED_EDGE('',*,*,#6355,.T.);
#3140=ORIENTED_EDGE('',*,*,#6367,.T.);
#3141=ORIENTED_EDGE('',*,*,#6368,.F.);
#3142=ORIENTED_EDGE('',*,*,#6285,.T.);
#3143=CARTESIAN_POINT('',(29.527926519851,-16.0956485486546,60.2260619502328));
#3144=DIRECTION('',(1.0,0.0,0.0));
#3145=DIRECTION('',(0.0,1.0,0.0));
#3146=ORIENTED_EDGE('',*,*,#6365,.T.);
#3147=ORIENTED_EDGE('',*,*,#6369,.F.);
#3148=ORIENTED_EDGE('',*,*,#6286,.T.);
#3149=ORIENTED_EDGE('',*,*,#6368,.T.);
#3150=CARTESIAN_POINT('',(29.527926519851,-15.5956485486546,60.2260619502328));
#3151=DIRECTION('',(-0.0,1.0,0.0));
#3152=DIRECTION('',(1.0,0.0,0.0));
#3153=ORIENTED_EDGE('',*,*,#6369,.T.);
#3154=ORIENTED_EDGE('',*,*,#6363,.T.);
#3155=ORIENTED_EDGE('',*,*,#6356,.F.);
#3156=ORIENTED_EDGE('',*,*,#6287,.T.);
#3157=CARTESIAN_POINT('',(29.027926519851,-15.5956485486546,60.2260619502328));
#3158=DIRECTION('',(-1.0,0.0,0.0));
#3159=DIRECTION('',(0.0,0.0,1.0));
#3160=ORIENTED_EDGE('',*,*,#6370,.T.);
#3161=ORIENTED_EDGE('',*,*,#6371,.T.);
#3162=ORIENTED_EDGE('',*,*,#6372,.F.);
#3163=ORIENTED_EDGE('',*,*,#6288,.T.);
#3164=CARTESIAN_POINT('',(29.027926519851,-12.0956485486546,60.2260619502328));
#3165=DIRECTION('',(0.0,-1.0,0.0));
#3166=DIRECTION('',(0.0,0.0,-1.0));
#3167=ORIENTED_EDGE('',*,*,#6373,.T.);
#3168=ORIENTED_EDGE('',*,*,#6370,.F.);
#3169=ORIENTED_EDGE('',*,*,#6291,.T.);
#3170=ORIENTED_EDGE('',*,*,#6374,.T.);
#3171=CARTESIAN_POINT('',(29.027926519851,-11.5956485486546,60.2260619502328));
#3172=DIRECTION('',(-1.0,0.0,0.0));
#3173=DIRECTION('',(0.0,0.0,1.0));
#3174=ORIENTED_EDGE('',*,*,#6375,.F.);
#3175=ORIENTED_EDGE('',*,*,#6376,.F.);
#3176=ORIENTED_EDGE('',*,*,#6373,.F.);
#3177=ORIENTED_EDGE('',*,*,#6377,.F.);
#3178=CARTESIAN_POINT('',(29.102926519851,-11.8456485486546,48.9759657608005));
#3179=DIRECTION('',(0.965925826289068,0.0,0.258819045102522));
#3180=DIRECTION('',(0.0,-1.0,0.0));
#3181=ORIENTED_EDGE('',*,*,#6375,.T.);
#3182=ORIENTED_EDGE('',*,*,#6378,.T.);
#3183=ORIENTED_EDGE('',*,*,#6379,.T.);
#3184=ORIENTED_EDGE('',*,*,#6380,.T.);
#3185=CARTESIAN_POINT('',(29.277926519851,-23.8456485486546,48.6960619502328));
#3186=DIRECTION('',(0.0,0.0,-1.0));
#3187=DIRECTION('',(0.0,-1.0,0.0));
#3188=ORIENTED_EDGE('',*,*,#6380,.F.);
#3189=ORIENTED_EDGE('',*,*,#6381,.T.);
#3190=ORIENTED_EDGE('',*,*,#6371,.F.);
#3191=ORIENTED_EDGE('',*,*,#6376,.T.);
#3192=CARTESIAN_POINT('',(29.277926519851,-12.0206485486546,48.9759657608005));
#3193=DIRECTION('',(-0.0,0.965925826289068,0.258819045102521));
#3194=DIRECTION('',(1.0,0.0,0.0));
#3195=ORIENTED_EDGE('',*,*,#6379,.F.);
#3196=ORIENTED_EDGE('',*,*,#6382,.T.);
#3197=ORIENTED_EDGE('',*,*,#6383,.F.);
#3198=ORIENTED_EDGE('',*,*,#6381,.F.);
#3199=CARTESIAN_POINT('',(29.452926519851,-11.8456485486546,48.9759657608005));
#3200=DIRECTION('',(-0.965925826289068,0.0,0.258819045102522));
#3201=DIRECTION('',(0.0,1.0,0.0));
#3202=ORIENTED_EDGE('',*,*,#6383,.T.);
#3203=ORIENTED_EDGE('',*,*,#6384,.F.);
#3204=ORIENTED_EDGE('',*,*,#6289,.T.);
#3205=ORIENTED_EDGE('',*,*,#6372,.T.);
#3206=CARTESIAN_POINT('',(29.527926519851,-12.0956485486546,60.2260619502328));
#3207=DIRECTION('',(1.0,0.0,0.0));
#3208=DIRECTION('',(0.0,1.0,0.0));
#3209=ORIENTED_EDGE('',*,*,#6384,.T.);
#3210=ORIENTED_EDGE('',*,*,#6385,.T.);
#3211=ORIENTED_EDGE('',*,*,#6374,.F.);
#3212=ORIENTED_EDGE('',*,*,#6290,.T.);
#3213=CARTESIAN_POINT('',(29.527926519851,-11.5956485486546,60.2260619502328));
#3214=DIRECTION('',(-0.0,1.0,0.0));
#3215=DIRECTION('',(1.0,0.0,0.0));
#3216=ORIENTED_EDGE('',*,*,#6378,.F.);
#3217=ORIENTED_EDGE('',*,*,#6377,.T.);
#3218=ORIENTED_EDGE('',*,*,#6385,.F.);
#3219=ORIENTED_EDGE('',*,*,#6382,.F.);
#3220=CARTESIAN_POINT('',(29.277926519851,-11.6706485486546,48.9759657608005));
#3221=DIRECTION('',(0.0,-0.965925826289068,0.258819045102522));
#3222=DIRECTION('',(-1.0,0.0,0.0));
#3223=ORIENTED_EDGE('',*,*,#6386,.T.);
#3224=ORIENTED_EDGE('',*,*,#6387,.T.);
#3225=ORIENTED_EDGE('',*,*,#6388,.F.);
#3226=ORIENTED_EDGE('',*,*,#6292,.T.);
#3227=CARTESIAN_POINT('',(29.027926519851,-18.0956485486546,60.2260619502328));
#3228=DIRECTION('',(0.0,-1.0,0.0));
#3229=DIRECTION('',(0.0,0.0,-1.0));
#3230=ORIENTED_EDGE('',*,*,#6389,.T.);
#3231=ORIENTED_EDGE('',*,*,#6386,.F.);
#3232=ORIENTED_EDGE('',*,*,#6295,.T.);
#3233=ORIENTED_EDGE('',*,*,#6390,.T.);
#3234=CARTESIAN_POINT('',(29.027926519851,-17.5956485486546,60.2260619502328));
#3235=DIRECTION('',(-1.0,0.0,0.0));
#3236=DIRECTION('',(0.0,0.0,1.0));
#3237=ORIENTED_EDGE('',*,*,#6391,.F.);
#3238=ORIENTED_EDGE('',*,*,#6392,.F.);
#3239=ORIENTED_EDGE('',*,*,#6389,.F.);
#3240=ORIENTED_EDGE('',*,*,#6393,.F.);
#3241=CARTESIAN_POINT('',(29.102926519851,-17.8456485486546,48.9759657608005));
#3242=DIRECTION('',(0.965925826289068,0.0,0.258819045102522));
#3243=DIRECTION('',(0.0,-1.0,0.0));
#3244=ORIENTED_EDGE('',*,*,#6391,.T.);
#3245=ORIENTED_EDGE('',*,*,#6394,.T.);
#3246=ORIENTED_EDGE('',*,*,#6395,.T.);
#3247=ORIENTED_EDGE('',*,*,#6396,.T.);
#3248=CARTESIAN_POINT('',(29.277926519851,-23.8456485486546,48.6960619502328));
#3249=DIRECTION('',(0.0,0.0,-1.0));
#3250=DIRECTION('',(0.0,-1.0,0.0));
#3251=ORIENTED_EDGE('',*,*,#6396,.F.);
#3252=ORIENTED_EDGE('',*,*,#6397,.T.);
#3253=ORIENTED_EDGE('',*,*,#6387,.F.);
#3254=ORIENTED_EDGE('',*,*,#6392,.T.);
#3255=CARTESIAN_POINT('',(29.277926519851,-18.0206485486546,48.9759657608005));
#3256=DIRECTION('',(-0.0,0.965925826289068,0.258819045102521));
#3257=DIRECTION('',(1.0,0.0,0.0));
#3258=ORIENTED_EDGE('',*,*,#6395,.F.);
#3259=ORIENTED_EDGE('',*,*,#6398,.T.);
#3260=ORIENTED_EDGE('',*,*,#6399,.F.);
#3261=ORIENTED_EDGE('',*,*,#6397,.F.);
#3262=CARTESIAN_POINT('',(29.452926519851,-17.8456485486546,48.9759657608005));
#3263=DIRECTION('',(-0.965925826289068,0.0,0.258819045102522));
#3264=DIRECTION('',(0.0,1.0,0.0));
#3265=ORIENTED_EDGE('',*,*,#6399,.T.);
#3266=ORIENTED_EDGE('',*,*,#6400,.F.);
#3267=ORIENTED_EDGE('',*,*,#6293,.T.);
#3268=ORIENTED_EDGE('',*,*,#6388,.T.);
#3269=CARTESIAN_POINT('',(29.527926519851,-18.0956485486546,60.2260619502328));
#3270=DIRECTION('',(1.0,0.0,0.0));
#3271=DIRECTION('',(0.0,1.0,0.0));
#3272=ORIENTED_EDGE('',*,*,#6400,.T.);
#3273=ORIENTED_EDGE('',*,*,#6401,.T.);
#3274=ORIENTED_EDGE('',*,*,#6390,.F.);
#3275=ORIENTED_EDGE('',*,*,#6294,.T.);
#3276=CARTESIAN_POINT('',(29.527926519851,-17.5956485486546,60.2260619502328));
#3277=DIRECTION('',(-0.0,1.0,0.0));
#3278=DIRECTION('',(1.0,0.0,0.0));
#3279=ORIENTED_EDGE('',*,*,#6394,.F.);
#3280=ORIENTED_EDGE('',*,*,#6393,.T.);
#3281=ORIENTED_EDGE('',*,*,#6401,.F.);
#3282=ORIENTED_EDGE('',*,*,#6398,.F.);
#3283=CARTESIAN_POINT('',(29.277926519851,-17.6706485486546,48.9759657608005));
#3284=DIRECTION('',(0.0,-0.965925826289068,0.258819045102522));
#3285=DIRECTION('',(-1.0,0.0,0.0));
#3286=ORIENTED_EDGE('',*,*,#6402,.T.);
#3287=ORIENTED_EDGE('',*,*,#6403,.T.);
#3288=ORIENTED_EDGE('',*,*,#6404,.F.);
#3289=ORIENTED_EDGE('',*,*,#6296,.T.);
#3290=CARTESIAN_POINT('',(29.027926519851,-13.5956485486546,60.2260619502328));
#3291=DIRECTION('',(-1.0,0.0,0.0));
#3292=DIRECTION('',(0.0,0.0,1.0));
#3293=ORIENTED_EDGE('',*,*,#6405,.T.);
#3294=ORIENTED_EDGE('',*,*,#6402,.F.);
#3295=ORIENTED_EDGE('',*,*,#6299,.T.);
#3296=ORIENTED_EDGE('',*,*,#6406,.T.);
#3297=CARTESIAN_POINT('',(29.527926519851,-13.5956485486546,60.2260619502328));
#3298=DIRECTION('',(-0.0,1.0,0.0));
#3299=DIRECTION('',(1.0,0.0,0.0));
#3300=ORIENTED_EDGE('',*,*,#6407,.F.);
#3301=ORIENTED_EDGE('',*,*,#6408,.T.);
#3302=ORIENTED_EDGE('',*,*,#6405,.F.);
#3303=ORIENTED_EDGE('',*,*,#6409,.T.);
#3304=CARTESIAN_POINT('',(29.277926519851,-13.6706485486546,48.9759657608005));
#3305=DIRECTION('',(0.0,-0.965925826289068,0.258819045102522));
#3306=DIRECTION('',(-1.0,0.0,0.0));
#3307=ORIENTED_EDGE('',*,*,#6410,.T.);
#3308=ORIENTED_EDGE('',*,*,#6411,.T.);
#3309=ORIENTED_EDGE('',*,*,#6412,.T.);
#3310=ORIENTED_EDGE('',*,*,#6407,.T.);
#3311=CARTESIAN_POINT('',(29.277926519851,-23.8456485486546,48.6960619502328));
#3312=DIRECTION('',(0.0,0.0,-1.0));
#3313=DIRECTION('',(0.0,-1.0,0.0));
#3314=ORIENTED_EDGE('',*,*,#6410,.F.);
#3315=ORIENTED_EDGE('',*,*,#6409,.F.);
#3316=ORIENTED_EDGE('',*,*,#6413,.F.);
#3317=ORIENTED_EDGE('',*,*,#6414,.F.);
#3318=CARTESIAN_POINT('',(29.452926519851,-13.8456485486546,48.9759657608005));
#3319=DIRECTION('',(-0.965925826289068,0.0,0.258819045102522));
#3320=DIRECTION('',(0.0,1.0,0.0));
#3321=ORIENTED_EDGE('',*,*,#6411,.F.);
#3322=ORIENTED_EDGE('',*,*,#6414,.T.);
#3323=ORIENTED_EDGE('',*,*,#6415,.F.);
#3324=ORIENTED_EDGE('',*,*,#6416,.F.);
#3325=CARTESIAN_POINT('',(29.277926519851,-14.0206485486546,48.9759657608005));
#3326=DIRECTION('',(-0.0,0.965925826289068,0.258819045102521));
#3327=DIRECTION('',(1.0,0.0,0.0));
#3328=ORIENTED_EDGE('',*,*,#6412,.F.);
#3329=ORIENTED_EDGE('',*,*,#6416,.T.);
#3330=ORIENTED_EDGE('',*,*,#6403,.F.);
#3331=ORIENTED_EDGE('',*,*,#6408,.F.);
#3332=CARTESIAN_POINT('',(29.102926519851,-13.8456485486546,48.9759657608005));
#3333=DIRECTION('',(0.965925826289068,0.0,0.258819045102522));
#3334=DIRECTION('',(0.0,-1.0,0.0));
#3335=ORIENTED_EDGE('',*,*,#6415,.T.);
#3336=ORIENTED_EDGE('',*,*,#6417,.F.);
#3337=ORIENTED_EDGE('',*,*,#6297,.T.);
#3338=ORIENTED_EDGE('',*,*,#6404,.T.);
#3339=CARTESIAN_POINT('',(29.027926519851,-14.0956485486546,60.2260619502328));
#3340=DIRECTION('',(0.0,-1.0,0.0));
#3341=DIRECTION('',(0.0,0.0,-1.0));
#3342=ORIENTED_EDGE('',*,*,#6417,.T.);
#3343=ORIENTED_EDGE('',*,*,#6413,.T.);
#3344=ORIENTED_EDGE('',*,*,#6406,.F.);
#3345=ORIENTED_EDGE('',*,*,#6298,.T.);
#3346=CARTESIAN_POINT('',(29.527926519851,-14.0956485486546,60.2260619502328));
#3347=DIRECTION('',(1.0,0.0,0.0));
#3348=DIRECTION('',(0.0,1.0,0.0));
#3349=ORIENTED_EDGE('',*,*,#6418,.T.);
#3350=ORIENTED_EDGE('',*,*,#6419,.T.);
#3351=ORIENTED_EDGE('',*,*,#6420,.F.);
#3352=ORIENTED_EDGE('',*,*,#6300,.T.);
#3353=CARTESIAN_POINT('',(29.027926519851,-19.5956485486546,60.2260619502328));
#3354=DIRECTION('',(-1.0,0.0,0.0));
#3355=DIRECTION('',(0.0,0.0,1.0));
#3356=ORIENTED_EDGE('',*,*,#6421,.T.);
#3357=ORIENTED_EDGE('',*,*,#6418,.F.);
#3358=ORIENTED_EDGE('',*,*,#6303,.T.);
#3359=ORIENTED_EDGE('',*,*,#6422,.T.);
#3360=CARTESIAN_POINT('',(29.527926519851,-19.5956485486546,60.2260619502328));
#3361=DIRECTION('',(-0.0,1.0,0.0));
#3362=DIRECTION('',(1.0,0.0,0.0));
#3363=ORIENTED_EDGE('',*,*,#6423,.F.);
#3364=ORIENTED_EDGE('',*,*,#6424,.F.);
#3365=ORIENTED_EDGE('',*,*,#6421,.F.);
#3366=ORIENTED_EDGE('',*,*,#6425,.F.);
#3367=CARTESIAN_POINT('',(29.277926519851,-19.6706485486546,48.9759657608005));
#3368=DIRECTION('',(0.0,-0.965925826289068,0.258819045102522));
#3369=DIRECTION('',(-1.0,0.0,0.0));
#3370=ORIENTED_EDGE('',*,*,#6423,.T.);
#3371=ORIENTED_EDGE('',*,*,#6426,.T.);
#3372=ORIENTED_EDGE('',*,*,#6427,.T.);
#3373=ORIENTED_EDGE('',*,*,#6428,.T.);
#3374=CARTESIAN_POINT('',(29.277926519851,-23.8456485486546,48.6960619502328));
#3375=DIRECTION('',(0.0,0.0,-1.0));
#3376=DIRECTION('',(0.0,-1.0,0.0));
#3377=ORIENTED_EDGE('',*,*,#6428,.F.);
#3378=ORIENTED_EDGE('',*,*,#6429,.T.);
#3379=ORIENTED_EDGE('',*,*,#6419,.F.);
#3380=ORIENTED_EDGE('',*,*,#6424,.T.);
#3381=CARTESIAN_POINT('',(29.102926519851,-19.8456485486546,48.9759657608005));
#3382=DIRECTION('',(0.965925826289068,0.0,0.258819045102522));
#3383=DIRECTION('',(0.0,-1.0,0.0));
#3384=ORIENTED_EDGE('',*,*,#6427,.F.);
#3385=ORIENTED_EDGE('',*,*,#6430,.T.);
#3386=ORIENTED_EDGE('',*,*,#6431,.F.);
#3387=ORIENTED_EDGE('',*,*,#6429,.F.);
#3388=CARTESIAN_POINT('',(29.277926519851,-20.0206485486546,48.9759657608005));
#3389=DIRECTION('',(-0.0,0.965925826289068,0.258819045102521));
#3390=DIRECTION('',(1.0,0.0,0.0));
#3391=ORIENTED_EDGE('',*,*,#6431,.T.);
#3392=ORIENTED_EDGE('',*,*,#6432,.F.);
#3393=ORIENTED_EDGE('',*,*,#6301,.T.);
#3394=ORIENTED_EDGE('',*,*,#6420,.T.);
#3395=CARTESIAN_POINT('',(29.027926519851,-20.0956485486546,60.2260619502328));
#3396=DIRECTION('',(0.0,-1.0,0.0));
#3397=DIRECTION('',(0.0,0.0,-1.0));
#3398=ORIENTED_EDGE('',*,*,#6433,.T.);
#3399=ORIENTED_EDGE('',*,*,#6422,.F.);
#3400=ORIENTED_EDGE('',*,*,#6302,.T.);
#3401=ORIENTED_EDGE('',*,*,#6432,.T.);
#3402=CARTESIAN_POINT('',(29.527926519851,-20.0956485486546,60.2260619502328));
#3403=DIRECTION('',(1.0,0.0,0.0));
#3404=DIRECTION('',(0.0,1.0,0.0));
#3405=ORIENTED_EDGE('',*,*,#6426,.F.);
#3406=ORIENTED_EDGE('',*,*,#6425,.T.);
#3407=ORIENTED_EDGE('',*,*,#6433,.F.);
#3408=ORIENTED_EDGE('',*,*,#6430,.F.);
#3409=CARTESIAN_POINT('',(29.452926519851,-19.8456485486546,48.9759657608005));
#3410=DIRECTION('',(-0.965925826289068,0.0,0.258819045102522));
#3411=DIRECTION('',(0.0,1.0,0.0));
#3412=ORIENTED_EDGE('',*,*,#6434,.T.);
#3413=ORIENTED_EDGE('',*,*,#6435,.F.);
#3414=ORIENTED_EDGE('',*,*,#6436,.F.);
#3415=ORIENTED_EDGE('',*,*,#6304,.T.);
#3416=CARTESIAN_POINT('',(29.527926519851,-23.5956485486546,60.2260619502328));
#3417=DIRECTION('',(-0.0,1.0,0.0));
#3418=DIRECTION('',(1.0,0.0,0.0));
#3419=ORIENTED_EDGE('',*,*,#6437,.F.);
#3420=ORIENTED_EDGE('',*,*,#6434,.F.);
#3421=ORIENTED_EDGE('',*,*,#6307,.T.);
#3422=ORIENTED_EDGE('',*,*,#6438,.T.);
#3423=CARTESIAN_POINT('',(29.527926519851,-24.0956485486546,60.2260619502328));
#3424=DIRECTION('',(1.0,0.0,0.0));
#3425=DIRECTION('',(0.0,1.0,0.0));
#3426=ORIENTED_EDGE('',*,*,#6439,.F.);
#3427=ORIENTED_EDGE('',*,*,#6440,.T.);
#3428=ORIENTED_EDGE('',*,*,#6437,.T.);
#3429=ORIENTED_EDGE('',*,*,#6441,.T.);
#3430=CARTESIAN_POINT('',(29.452926519851,-23.8456485486546,48.9759657608005));
#3431=DIRECTION('',(0.965925826289068,0.0,-0.258819045102522));
#3432=DIRECTION('',(0.0,-1.0,0.0));
#3433=ORIENTED_EDGE('',*,*,#6442,.T.);
#3434=ORIENTED_EDGE('',*,*,#6443,.T.);
#3435=ORIENTED_EDGE('',*,*,#6444,.T.);
#3436=ORIENTED_EDGE('',*,*,#6439,.T.);
#3437=CARTESIAN_POINT('',(29.277926519851,-23.8456485486546,48.6960619502328));
#3438=DIRECTION('',(0.0,0.0,-1.0));
#3439=DIRECTION('',(0.0,-1.0,0.0));
#3440=ORIENTED_EDGE('',*,*,#6442,.F.);
#3441=ORIENTED_EDGE('',*,*,#6441,.F.);
#3442=ORIENTED_EDGE('',*,*,#6445,.T.);
#3443=ORIENTED_EDGE('',*,*,#6446,.F.);
#3444=CARTESIAN_POINT('',(29.277926519851,-24.0206485486546,48.9759657608005));
#3445=DIRECTION('',(0.0,-0.965925826289068,-0.258819045102522));
#3446=DIRECTION('',(0.0,0.258819045102522,-0.965925826289068));
#3447=ORIENTED_EDGE('',*,*,#6443,.F.);
#3448=ORIENTED_EDGE('',*,*,#6446,.T.);
#3449=ORIENTED_EDGE('',*,*,#6447,.T.);
#3450=ORIENTED_EDGE('',*,*,#6448,.F.);
#3451=CARTESIAN_POINT('',(29.102926519851,-23.8456485486546,48.9759657608005));
#3452=DIRECTION('',(-0.965925826289068,0.0,-0.258819045102522));
#3453=DIRECTION('',(-0.258819045102522,0.0,0.965925826289068));
#3454=ORIENTED_EDGE('',*,*,#6444,.F.);
#3455=ORIENTED_EDGE('',*,*,#6448,.T.);
#3456=ORIENTED_EDGE('',*,*,#6435,.T.);
#3457=ORIENTED_EDGE('',*,*,#6440,.F.);
#3458=CARTESIAN_POINT('',(29.277926519851,-23.6706485486546,48.9759657608005));
#3459=DIRECTION('',(0.0,0.965925826289068,-0.258819045102522));
#3460=DIRECTION('',(-1.0,0.0,0.0));
#3461=ORIENTED_EDGE('',*,*,#6447,.F.);
#3462=ORIENTED_EDGE('',*,*,#6449,.F.);
#3463=ORIENTED_EDGE('',*,*,#6305,.T.);
#3464=ORIENTED_EDGE('',*,*,#6436,.T.);
#3465=CARTESIAN_POINT('',(29.027926519851,-23.5956485486546,60.2260619502328));
#3466=DIRECTION('',(-1.0,0.0,0.0));
#3467=DIRECTION('',(0.0,0.0,1.0));
#3468=ORIENTED_EDGE('',*,*,#6445,.F.);
#3469=ORIENTED_EDGE('',*,*,#6438,.F.);
#3470=ORIENTED_EDGE('',*,*,#6306,.T.);
#3471=ORIENTED_EDGE('',*,*,#6449,.T.);
#3472=CARTESIAN_POINT('',(29.027926519851,-24.0956485486546,60.2260619502328));
#3473=DIRECTION('',(0.0,-1.0,0.0));
#3474=DIRECTION('',(0.0,0.0,-1.0));
#3475=ORIENTED_EDGE('',*,*,#6450,.F.);
#3476=ORIENTED_EDGE('',*,*,#6451,.T.);
#3477=ORIENTED_EDGE('',*,*,#6231,.F.);
#3478=ORIENTED_EDGE('',*,*,#6261,.F.);
#3479=CARTESIAN_POINT('',(29.477926519851,-20.5456485486546,56.8760619502328));
#3480=DIRECTION('',(-0.0,1.0,0.0));
#3481=DIRECTION('',(1.0,0.0,0.0));
#3482=ORIENTED_EDGE('',*,*,#6452,.F.);
#3483=ORIENTED_EDGE('',*,*,#6450,.T.);
#3484=ORIENTED_EDGE('',*,*,#6260,.T.);
#3485=ORIENTED_EDGE('',*,*,#6453,.T.);
#3486=CARTESIAN_POINT('',(1.33943651985101,-33.9078792292201,56.8760619502328));
#3487=DIRECTION('',(0.0,0.0,-1.0));
#3488=DIRECTION('',(0.0,-1.0,0.0));
#3489=ORIENTED_EDGE('',*,*,#6452,.T.);
#3490=ORIENTED_EDGE('',*,*,#6454,.F.);
#3491=ORIENTED_EDGE('',*,*,#6232,.F.);
#3492=ORIENTED_EDGE('',*,*,#6451,.F.);
#3493=CARTESIAN_POINT('',(30.077926519851,-36.1956485486546,57.3760619502328));
#3494=DIRECTION('',(1.0,0.0,0.0));
#3495=DIRECTION('',(0.0,1.0,0.0));
#3496=ORIENTED_EDGE('',*,*,#6454,.T.);
#3497=ORIENTED_EDGE('',*,*,#6453,.F.);
#3498=ORIENTED_EDGE('',*,*,#6259,.T.);
#3499=ORIENTED_EDGE('',*,*,#6233,.F.);
#3500=CARTESIAN_POINT('',(30.277926519851,-15.1456485486546,56.8760619502328));
#3501=DIRECTION('',(0.0,-1.0,0.0));
#3502=DIRECTION('',(0.0,0.0,-1.0));
#3503=ORIENTED_EDGE('',*,*,#6240,.F.);
#3504=ORIENTED_EDGE('',*,*,#6455,.F.);
#3505=ORIENTED_EDGE('',*,*,#6073,.F.);
#3506=ORIENTED_EDGE('',*,*,#6249,.T.);
#3507=CARTESIAN_POINT('',(30.727926519851,-36.1956485486546,57.3760619502328));
#3508=DIRECTION('',(0.0,-1.0,0.0));
#3509=DIRECTION('',(0.0,0.0,-1.0));
#3510=ORIENTED_EDGE('',*,*,#6239,.F.);
#3511=ORIENTED_EDGE('',*,*,#6016,.F.);
#3512=ORIENTED_EDGE('',*,*,#6456,.F.);
#3513=ORIENTED_EDGE('',*,*,#6074,.T.);
#3514=ORIENTED_EDGE('',*,*,#6455,.T.);
#3515=CARTESIAN_POINT('',(-27.002073480149,-27.5956485486546,57.3760619502328));
#3516=DIRECTION('',(-1.0,0.0,0.0));
#3517=DIRECTION('',(0.0,0.0,1.0));
#3518=ORIENTED_EDGE('',*,*,#6015,.F.);
#3519=ORIENTED_EDGE('',*,*,#6457,.T.);
#3520=ORIENTED_EDGE('',*,*,#6458,.F.);
#3521=ORIENTED_EDGE('',*,*,#6459,.F.);
#3522=ORIENTED_EDGE('',*,*,#6075,.F.);
#3523=ORIENTED_EDGE('',*,*,#6456,.T.);
#3524=CARTESIAN_POINT('',(-25.272073480149,-1.7956485486546,55.3760619502328));
#3525=DIRECTION('',(0.0,0.0,1.0));
#3526=DIRECTION('',(1.0,0.0,0.0));
#3527=ORIENTED_EDGE('',*,*,#6014,.T.);
#3528=ORIENTED_EDGE('',*,*,#6238,.F.);
#3529=ORIENTED_EDGE('',*,*,#6460,.T.);
#3530=ORIENTED_EDGE('',*,*,#6461,.T.);
#3531=CARTESIAN_POINT('',(-25.272073480149,-1.7956485486546,58.1160619502328));
#3532=DIRECTION('',(-0.0,-0.0,-1.0));
#3533=DIRECTION('',(1.0,0.0,0.0));
#3534=ORIENTED_EDGE('',*,*,#6460,.F.);
#3535=ORIENTED_EDGE('',*,*,#6237,.F.);
#3536=ORIENTED_EDGE('',*,*,#6228,.T.);
#3537=ORIENTED_EDGE('',*,*,#6077,.T.);
#3538=ORIENTED_EDGE('',*,*,#6462,.F.);
#3539=CARTESIAN_POINT('',(-27.002073480149,-27.5956485486546,57.3760619502328));
#3540=DIRECTION('',(-1.0,0.0,0.0));
#3541=DIRECTION('',(0.0,0.0,1.0));
#3542=ORIENTED_EDGE('',*,*,#6003,.T.);
#3543=ORIENTED_EDGE('',*,*,#6463,.T.);
#3544=ORIENTED_EDGE('',*,*,#6336,.T.);
#3545=ORIENTED_EDGE('',*,*,#6464,.F.);
#3546=ORIENTED_EDGE('',*,*,#6465,.F.);
#3547=CARTESIAN_POINT('',(27.577926519851,-2.22866125054682,56.3760619502328));
#3548=DIRECTION('',(-1.0,0.0,0.0));
#3549=DIRECTION('',(0.0,0.0,1.0));
#3550=ORIENTED_EDGE('',*,*,#6466,.F.);
#3551=ORIENTED_EDGE('',*,*,#6467,.T.);
#3552=ORIENTED_EDGE('',*,*,#6458,.T.);
#3553=ORIENTED_EDGE('',*,*,#6468,.F.);
#3554=CARTESIAN_POINT('',(-25.272073480149,-1.7956485486546,54.6760619502328));
#3555=DIRECTION('',(0.0,-0.0,1.0));
#3556=DIRECTION('',(-1.0,0.0,0.0));
#3557=ORIENTED_EDGE('',*,*,#6469,.T.);
#3558=ORIENTED_EDGE('',*,*,#6470,.F.);
#3559=ORIENTED_EDGE('',*,*,#6471,.F.);
#3560=ORIENTED_EDGE('',*,*,#6472,.F.);
#3561=ORIENTED_EDGE('',*,*,#6473,.F.);
#3562=CARTESIAN_POINT('',(-23.6055034323182,-25.3775593554268,51.8960619502328));
#3563=DIRECTION('',(0.997185133525116,0.0749787268263269,0.0));
#3564=DIRECTION('',(0.0,0.0,-1.0));
#3565=ORIENTED_EDGE('',*,*,#6466,.T.);
#3566=ORIENTED_EDGE('',*,*,#6474,.T.);
#3567=ORIENTED_EDGE('',*,*,#6475,.T.);
#3568=ORIENTED_EDGE('',*,*,#6476,.T.);
#3569=ORIENTED_EDGE('',*,*,#6013,.T.);
#3570=ORIENTED_EDGE('',*,*,#6477,.T.);
#3571=ORIENTED_EDGE('',*,*,#6478,.T.);
#3572=ORIENTED_EDGE('',*,*,#6009,.T.);
#3573=ORIENTED_EDGE('',*,*,#6479,.T.);
#3574=ORIENTED_EDGE('',*,*,#6480,.T.);
#3575=CARTESIAN_POINT('',(-25.272073480149,-1.7956485486546,55.3760619502328));
#3576=DIRECTION('',(0.0,0.0,1.0));
#3577=DIRECTION('',(1.0,0.0,0.0));
#3578=ORIENTED_EDGE('',*,*,#6481,.T.);
#3579=ORIENTED_EDGE('',*,*,#6475,.F.);
#3580=CARTESIAN_POINT('',(-25.272073480149,-1.7956485486546,54.6081127578017));
#3581=DIRECTION('',(-0.0,-0.0,-1.0));
#3582=DIRECTION('',(1.0,0.0,0.0));
#3583=ORIENTED_EDGE('',*,*,#6481,.F.);
#3584=ORIENTED_EDGE('',*,*,#6482,.T.);
#3585=ORIENTED_EDGE('',*,*,#6483,.F.);
#3586=ORIENTED_EDGE('',*,*,#6484,.F.);
#3587=CARTESIAN_POINT('',(-26.022073480149,-1.3626358467624,56.3760619502328));
#3588=DIRECTION('',(-0.5,0.866025403784439,0.0));
#3589=DIRECTION('',(0.0,0.0,1.0));
#3590=ORIENTED_EDGE('',*,*,#6012,.T.);
#3591=ORIENTED_EDGE('',*,*,#6485,.T.);
#3592=ORIENTED_EDGE('',*,*,#6484,.T.);
#3593=ORIENTED_EDGE('',*,*,#6486,.F.);
#3594=ORIENTED_EDGE('',*,*,#6487,.F.);
#3595=CARTESIAN_POINT('',(-26.022073480149,-2.22866125054682,56.3760619502328));
#3596=DIRECTION('',(-1.0,0.0,0.0));
#3597=DIRECTION('',(0.0,0.0,1.0));
#3598=ORIENTED_EDGE('',*,*,#6011,.T.);
#3599=ORIENTED_EDGE('',*,*,#6476,.F.);
#3600=ORIENTED_EDGE('',*,*,#6485,.F.);
#3601=CARTESIAN_POINT('',(-25.272073480149,-1.7956485486546,54.6081127578017));
#3602=DIRECTION('',(-0.0,-0.0,-1.0));
#3603=DIRECTION('',(1.0,0.0,0.0));
#3604=ORIENTED_EDGE('',*,*,#6488,.F.);
#3605=ORIENTED_EDGE('',*,*,#6487,.T.);
#3606=ORIENTED_EDGE('',*,*,#6489,.F.);
#3607=ORIENTED_EDGE('',*,*,#6490,.F.);
#3608=CARTESIAN_POINT('',(-25.272073480149,-2.66167395243904,56.3760619502328));
#3609=DIRECTION('',(-0.5,-0.866025403784439,0.0));
#3610=DIRECTION('',(-0.866025403784439,0.5,0.0));
#3611=ORIENTED_EDGE('',*,*,#6477,.F.);
#3612=ORIENTED_EDGE('',*,*,#6488,.T.);
#3613=CARTESIAN_POINT('',(-25.272073480149,-1.7956485486546,54.6081127578017));
#3614=DIRECTION('',(-0.0,-0.0,-1.0));
#3615=DIRECTION('',(1.0,0.0,0.0));
#3616=ORIENTED_EDGE('',*,*,#6491,.F.);
#3617=ORIENTED_EDGE('',*,*,#6490,.T.);
#3618=ORIENTED_EDGE('',*,*,#6492,.F.);
#3619=ORIENTED_EDGE('',*,*,#6493,.F.);
#3620=CARTESIAN_POINT('',(-24.522073480149,-2.22866125054682,56.3760619502328));
#3621=DIRECTION('',(0.5,-0.866025403784439,0.0));
#3622=DIRECTION('',(0.0,0.0,-1.0));
#3623=ORIENTED_EDGE('',*,*,#6491,.T.);
#3624=ORIENTED_EDGE('',*,*,#6478,.F.);
#3625=CARTESIAN_POINT('',(-25.272073480149,-1.7956485486546,54.6081127578017));
#3626=DIRECTION('',(-0.0,-0.0,-1.0));
#3627=DIRECTION('',(1.0,0.0,0.0));
#3628=ORIENTED_EDGE('',*,*,#6010,.T.);
#3629=ORIENTED_EDGE('',*,*,#6493,.T.);
#3630=ORIENTED_EDGE('',*,*,#6494,.F.);
#3631=ORIENTED_EDGE('',*,*,#6495,.F.);
#3632=ORIENTED_EDGE('',*,*,#6496,.T.);
#3633=CARTESIAN_POINT('',(-24.522073480149,-1.3626358467624,56.3760619502328));
#3634=DIRECTION('',(1.0,1.25192883228097E-16,0.0));
#3635=DIRECTION('',(-1.25192883228097E-16,1.0,0.0));
#3636=ORIENTED_EDGE('',*,*,#6008,.T.);
#3637=ORIENTED_EDGE('',*,*,#6496,.F.);
#3638=ORIENTED_EDGE('',*,*,#6479,.F.);
#3639=CARTESIAN_POINT('',(-25.272073480149,-1.7956485486546,54.6081127578017));
#3640=DIRECTION('',(-0.0,-0.0,-1.0));
#3641=DIRECTION('',(1.0,0.0,0.0));
#3642=ORIENTED_EDGE('',*,*,#6497,.F.);
#3643=ORIENTED_EDGE('',*,*,#6495,.T.);
#3644=ORIENTED_EDGE('',*,*,#6498,.F.);
#3645=ORIENTED_EDGE('',*,*,#6482,.F.);
#3646=CARTESIAN_POINT('',(-25.272073480149,-0.929623144870199,56.3760619502328));
#3647=DIRECTION('',(0.5,0.866025403784439,0.0));
#3648=DIRECTION('',(0.0,0.0,-1.0));
#3649=ORIENTED_EDGE('',*,*,#6497,.T.);
#3650=ORIENTED_EDGE('',*,*,#6480,.F.);
#3651=CARTESIAN_POINT('',(-25.272073480149,-1.7956485486546,54.6081127578017));
#3652=DIRECTION('',(-0.0,-0.0,-1.0));
#3653=DIRECTION('',(1.0,0.0,0.0));
#3654=ORIENTED_EDGE('',*,*,#6494,.T.);
#3655=ORIENTED_EDGE('',*,*,#6492,.T.);
#3656=ORIENTED_EDGE('',*,*,#6489,.T.);
#3657=ORIENTED_EDGE('',*,*,#6486,.T.);
#3658=ORIENTED_EDGE('',*,*,#6483,.T.);
#3659=ORIENTED_EDGE('',*,*,#6498,.T.);
#3660=CARTESIAN_POINT('',(25.877926519851,-13.2456485486546,55.8760619502328));
#3661=DIRECTION('',(0.0,0.0,-1.0));
#3662=DIRECTION('',(0.0,-1.0,0.0));
#3663=ORIENTED_EDGE('',*,*,#6244,.F.);
#3664=ORIENTED_EDGE('',*,*,#6499,.F.);
#3665=ORIENTED_EDGE('',*,*,#6500,.T.);
#3666=ORIENTED_EDGE('',*,*,#6501,.T.);
#3667=CARTESIAN_POINT('',(28.327926519851,-1.7956485486546,57.4760619502328));
#3668=DIRECTION('',(0.0,0.0,-1.0));
#3669=DIRECTION('',(1.0,0.0,0.0));
#3670=ORIENTED_EDGE('',*,*,#6502,.F.);
#3671=ORIENTED_EDGE('',*,*,#6503,.T.);
#3672=ORIENTED_EDGE('',*,*,#6500,.F.);
#3673=ORIENTED_EDGE('',*,*,#6504,.F.);
#3674=CARTESIAN_POINT('',(28.327926519851,-1.7956485486546,57.8629720556737));
#3675=DIRECTION('',(-0.0,-0.0,-1.0));
#3676=DIRECTION('',(1.0,0.0,0.0));
#3677=ORIENTED_EDGE('',*,*,#6505,.T.);
#3678=ORIENTED_EDGE('',*,*,#6506,.T.);
#3679=ORIENTED_EDGE('',*,*,#6502,.T.);
#3680=ORIENTED_EDGE('',*,*,#6507,.F.);
#3681=CARTESIAN_POINT('',(28.327926519851,-1.7956485486546,57.8860619502328));
#3682=DIRECTION('',(0.0,0.0,-1.0));
#3683=DIRECTION('',(1.0,0.0,0.0));
#3684=ORIENTED_EDGE('',*,*,#6508,.F.);
#3685=ORIENTED_EDGE('',*,*,#6509,.T.);
#3686=ORIENTED_EDGE('',*,*,#6505,.F.);
#3687=ORIENTED_EDGE('',*,*,#6510,.F.);
#3688=CARTESIAN_POINT('',(28.327926519851,-1.7956485486546,55.3760619502328));
#3689=DIRECTION('',(0.0,0.0,1.0));
#3690=DIRECTION('',(1.0,0.0,0.0));
#3691=ORIENTED_EDGE('',*,*,#6511,.T.);
#3692=ORIENTED_EDGE('',*,*,#6512,.T.);
#3693=ORIENTED_EDGE('',*,*,#6216,.T.);
#3694=ORIENTED_EDGE('',*,*,#6513,.T.);
#3695=CARTESIAN_POINT('',(-24.7879431046771,-17.9751268409932,52.0260619502328));
#3696=DIRECTION('',(0.0,0.0,1.0));
#3697=DIRECTION('',(1.0,0.0,0.0));
#3698=ORIENTED_EDGE('',*,*,#6508,.T.);
#3699=ORIENTED_EDGE('',*,*,#6514,.F.);
#3700=ORIENTED_EDGE('',*,*,#6515,.F.);
#3701=ORIENTED_EDGE('',*,*,#6516,.T.);
#3702=CARTESIAN_POINT('',(28.327926519851,-1.7956485486546,65.1760619502328));
#3703=DIRECTION('',(-0.0,-0.0,-1.0));
#3704=DIRECTION('',(1.0,0.0,0.0));
#3705=ORIENTED_EDGE('',*,*,#6517,.T.);
#3706=ORIENTED_EDGE('',*,*,#6515,.T.);
#3707=CARTESIAN_POINT('',(28.327926519851,-2.59564854865461,65.3760619502328));
#3708=DIRECTION('',(0.0,0.0,-1.0));
#3709=DIRECTION('',(0.0,-1.0,0.0));
#3710=ORIENTED_EDGE('',*,*,#6005,.T.);
#3711=ORIENTED_EDGE('',*,*,#6518,.F.);
#3712=ORIENTED_EDGE('',*,*,#6028,.F.);
#3713=CARTESIAN_POINT('',(28.327926519851,-1.7956485486546,54.6081127578017));
#3714=DIRECTION('',(-0.0,-0.0,-1.0));
#3715=DIRECTION('',(1.0,0.0,0.0));
#3716=ORIENTED_EDGE('',*,*,#6519,.F.);
#3717=ORIENTED_EDGE('',*,*,#6520,.T.);
#3718=ORIENTED_EDGE('',*,*,#6521,.F.);
#3719=ORIENTED_EDGE('',*,*,#6522,.F.);
#3720=CARTESIAN_POINT('',(-24.112073480149,-25.4156485486546,55.1980619502328));
#3721=DIRECTION('',(0.0,-0.0,1.0));
#3722=DIRECTION('',(0.997185133525116,0.0749787268263269,0.0));
#3723=ORIENTED_EDGE('',*,*,#6523,.F.);
#3724=ORIENTED_EDGE('',*,*,#6524,.F.);
#3725=ORIENTED_EDGE('',*,*,#6525,.T.);
#3726=ORIENTED_EDGE('',*,*,#6526,.F.);
#3727=ORIENTED_EDGE('',*,*,#6527,.T.);
#3728=CARTESIAN_POINT('',(-24.6186435279798,-25.4537377418824,53.2980619502328));
#3729=DIRECTION('',(-0.997185133525116,-0.0749787268263269,0.0));
#3730=DIRECTION('',(-0.0749787268263269,0.997185133525116,0.0));
#3731=ORIENTED_EDGE('',*,*,#6528,.T.);
#3732=ORIENTED_EDGE('',*,*,#6525,.F.);
#3733=ORIENTED_EDGE('',*,*,#6529,.T.);
#3734=CARTESIAN_POINT('',(-25.3585548970554,-25.5093719571875,52.5260619502328));
#3735=DIRECTION('',(0.0,0.0,-1.0));
#3736=DIRECTION('',(0.0,-1.0,0.0));
#3737=ORIENTED_EDGE('',*,*,#6530,.T.);
#3738=ORIENTED_EDGE('',*,*,#6531,.T.);
#3739=ORIENTED_EDGE('',*,*,#6243,.F.);
#3740=ORIENTED_EDGE('',*,*,#6532,.F.);
#3741=CARTESIAN_POINT('',(-25.272073480149,-1.7956485486546,57.4760619502328));
#3742=DIRECTION('',(0.0,0.0,-1.0));
#3743=DIRECTION('',(1.0,0.0,0.0));
#3744=ORIENTED_EDGE('',*,*,#6007,.T.);
#3745=ORIENTED_EDGE('',*,*,#6533,.T.);
#3746=ORIENTED_EDGE('',*,*,#6534,.F.);
#3747=ORIENTED_EDGE('',*,*,#6535,.F.);
#3748=ORIENTED_EDGE('',*,*,#6518,.T.);
#3749=CARTESIAN_POINT('',(29.077926519851,-1.3626358467624,56.3760619502328));
#3750=DIRECTION('',(1.0,1.25192883228097E-16,0.0));
#3751=DIRECTION('',(-1.25192883228097E-16,1.0,0.0));
#3752=ORIENTED_EDGE('',*,*,#6536,.F.);
#3753=ORIENTED_EDGE('',*,*,#6537,.T.);
#3754=ORIENTED_EDGE('',*,*,#6530,.F.);
#3755=ORIENTED_EDGE('',*,*,#6538,.F.);
#3756=CARTESIAN_POINT('',(-25.272073480149,-1.7956485486546,57.8629720556737));
#3757=DIRECTION('',(-0.0,-0.0,-1.0));
#3758=DIRECTION('',(1.0,0.0,0.0));
#3759=ORIENTED_EDGE('',*,*,#6536,.T.);
#3760=ORIENTED_EDGE('',*,*,#6539,.F.);
#3761=ORIENTED_EDGE('',*,*,#6540,.T.);
#3762=ORIENTED_EDGE('',*,*,#6541,.T.);
#3763=CARTESIAN_POINT('',(-25.272073480149,-1.7956485486546,57.8860619502328));
#3764=DIRECTION('',(0.0,0.0,-1.0));
#3765=DIRECTION('',(1.0,0.0,0.0));
#3766=ORIENTED_EDGE('',*,*,#6542,.F.);
#3767=ORIENTED_EDGE('',*,*,#6543,.F.);
#3768=ORIENTED_EDGE('',*,*,#6544,.F.);
#3769=ORIENTED_EDGE('',*,*,#6545,.T.);
#3770=CARTESIAN_POINT('',(-25.272073480149,-1.7956485486546,55.3760619502328));
#3771=DIRECTION('',(0.0,0.0,1.0));
#3772=DIRECTION('',(1.0,0.0,0.0));
#3773=ORIENTED_EDGE('',*,*,#6513,.F.);
#3774=ORIENTED_EDGE('',*,*,#6215,.F.);
#3775=ORIENTED_EDGE('',*,*,#6546,.T.);
#3776=ORIENTED_EDGE('',*,*,#6547,.F.);
#3777=ORIENTED_EDGE('',*,*,#6033,.T.);
#3778=CARTESIAN_POINT('',(-24.6186435279798,-17.8337377418824,53.2980619502328));
#3779=DIRECTION('',(-0.997185133525116,-0.0749787268263269,0.0));
#3780=DIRECTION('',(-0.0749787268263269,0.997185133525116,0.0));
#3781=ORIENTED_EDGE('',*,*,#6548,.T.);
#3782=ORIENTED_EDGE('',*,*,#6549,.F.);
#3783=ORIENTED_EDGE('',*,*,#6550,.F.);
#3784=ORIENTED_EDGE('',*,*,#6551,.T.);
#3785=CARTESIAN_POINT('',(-25.272073480149,-1.7956485486546,65.1760619502328));
#3786=DIRECTION('',(-0.0,-0.0,-1.0));
#3787=DIRECTION('',(1.0,0.0,0.0));
#3788=ORIENTED_EDGE('',*,*,#6521,.T.);
#3789=ORIENTED_EDGE('',*,*,#6552,.F.);
#3790=ORIENTED_EDGE('',*,*,#6553,.F.);
#3791=ORIENTED_EDGE('',*,*,#6554,.T.);
#3792=CARTESIAN_POINT('',(-24.112073480149,-25.4156485486546,48.8360619502328));
#3793=DIRECTION('',(0.0,0.0,-1.0));
#3794=DIRECTION('',(0.997185133525116,0.0749787268263271,0.0));
#3795=ORIENTED_EDGE('',*,*,#6555,.T.);
#3796=ORIENTED_EDGE('',*,*,#6550,.T.);
#3797=CARTESIAN_POINT('',(-25.272073480149,-2.59564854865461,65.3760619502328));
#3798=DIRECTION('',(0.0,0.0,-1.0));
#3799=DIRECTION('',(0.0,-1.0,0.0));
#3800=ORIENTED_EDGE('',*,*,#6556,.T.);
#3801=ORIENTED_EDGE('',*,*,#6029,.F.);
#3802=CARTESIAN_POINT('',(28.327926519851,-1.7956485486546,54.6081127578017));
#3803=DIRECTION('',(-0.0,-0.0,-1.0));
#3804=DIRECTION('',(1.0,0.0,0.0));
#3805=ORIENTED_EDGE('',*,*,#6557,.F.);
#3806=ORIENTED_EDGE('',*,*,#6558,.T.);
#3807=ORIENTED_EDGE('',*,*,#6174,.F.);
#3808=ORIENTED_EDGE('',*,*,#6559,.F.);
#3809=ORIENTED_EDGE('',*,*,#6529,.F.);
#3810=ORIENTED_EDGE('',*,*,#6524,.T.);
#3811=ORIENTED_EDGE('',*,*,#6560,.F.);
#3812=ORIENTED_EDGE('',*,*,#6472,.T.);
#3813=CARTESIAN_POINT('',(-24.112073480149,-25.4156485486546,55.3760619502328));
#3814=DIRECTION('',(0.0,0.0,-1.0));
#3815=DIRECTION('',(0.997185133525116,0.0749787268263269,0.0));
#3816=ORIENTED_EDGE('',*,*,#6079,.F.);
#3817=ORIENTED_EDGE('',*,*,#6227,.T.);
#3818=ORIENTED_EDGE('',*,*,#6561,.F.);
#3819=ORIENTED_EDGE('',*,*,#6562,.T.);
#3820=CARTESIAN_POINT('',(-2.997073480149,0.104351451345401,59.1760619502328));
#3821=DIRECTION('',(0.0,0.0,1.0));
#3822=DIRECTION('',(-1.0,0.0,0.0));
#3823=ORIENTED_EDGE('',*,*,#6080,.F.);
#3824=ORIENTED_EDGE('',*,*,#6562,.F.);
#3825=ORIENTED_EDGE('',*,*,#6563,.F.);
#3826=ORIENTED_EDGE('',*,*,#6564,.F.);
#3827=CARTESIAN_POINT('',(-3.497073480149,0.104351451345401,59.1760619502328));
#3828=DIRECTION('',(-1.0,0.0,0.0));
#3829=DIRECTION('',(0.0,0.0,1.0));
#3830=ORIENTED_EDGE('',*,*,#6081,.F.);
#3831=ORIENTED_EDGE('',*,*,#6564,.T.);
#3832=ORIENTED_EDGE('',*,*,#6565,.F.);
#3833=ORIENTED_EDGE('',*,*,#6566,.T.);
#3834=CARTESIAN_POINT('',(-2.62707348014899,-1.0312179461598,59.1760619502328));
#3835=DIRECTION('',(0.0,0.0,1.0));
#3836=DIRECTION('',(-1.0,0.0,0.0));
#3837=ORIENTED_EDGE('',*,*,#6082,.F.);
#3838=ORIENTED_EDGE('',*,*,#6566,.F.);
#3839=ORIENTED_EDGE('',*,*,#6567,.F.);
#3840=ORIENTED_EDGE('',*,*,#6568,.T.);
#3841=CARTESIAN_POINT('',(-3.4190734801489,-4.61474079386151,59.1760619502328));
#3842=DIRECTION('',(0.0,0.0,1.0));
#3843=DIRECTION('',(-1.0,0.0,0.0));
#3844=ORIENTED_EDGE('',*,*,#6083,.F.);
#3845=ORIENTED_EDGE('',*,*,#6568,.F.);
#3846=ORIENTED_EDGE('',*,*,#6569,.F.);
#3847=ORIENTED_EDGE('',*,*,#6570,.F.);
#3848=CARTESIAN_POINT('',(-0.619073480148998,-4.6147407938615,59.1760619502328));
#3849=DIRECTION('',(-1.0,0.0,0.0));
#3850=DIRECTION('',(0.0,0.0,1.0));
#3851=ORIENTED_EDGE('',*,*,#6084,.F.);
#3852=ORIENTED_EDGE('',*,*,#6570,.T.);
#3853=ORIENTED_EDGE('',*,*,#6571,.F.);
#3854=ORIENTED_EDGE('',*,*,#6190,.T.);
#3855=CARTESIAN_POINT('',(0.250926519851006,-5.70312808007131,59.1760619502328));
#3856=DIRECTION('',(0.0,0.0,-1.0));
#3857=DIRECTION('',(1.0,0.0,0.0));
#3858=ORIENTED_EDGE('',*,*,#6199,.T.);
#3859=ORIENTED_EDGE('',*,*,#6197,.T.);
#3860=ORIENTED_EDGE('',*,*,#6195,.F.);
#3861=ORIENTED_EDGE('',*,*,#6193,.T.);
#3862=ORIENTED_EDGE('',*,*,#6191,.T.);
#3863=ORIENTED_EDGE('',*,*,#6571,.T.);
#3864=ORIENTED_EDGE('',*,*,#6569,.T.);
#3865=ORIENTED_EDGE('',*,*,#6567,.T.);
#3866=ORIENTED_EDGE('',*,*,#6565,.T.);
#3867=ORIENTED_EDGE('',*,*,#6563,.T.);
#3868=ORIENTED_EDGE('',*,*,#6561,.T.);
#3869=ORIENTED_EDGE('',*,*,#6226,.F.);
#3870=ORIENTED_EDGE('',*,*,#6572,.T.);
#3871=ORIENTED_EDGE('',*,*,#6573,.T.);
#3872=ORIENTED_EDGE('',*,*,#6574,.T.);
#3873=ORIENTED_EDGE('',*,*,#6575,.T.);
#3874=ORIENTED_EDGE('',*,*,#6576,.T.);
#3875=ORIENTED_EDGE('',*,*,#6222,.F.);
#3876=ORIENTED_EDGE('',*,*,#6211,.T.);
#3877=ORIENTED_EDGE('',*,*,#6209,.F.);
#3878=ORIENTED_EDGE('',*,*,#6207,.T.);
#3879=ORIENTED_EDGE('',*,*,#6205,.T.);
#3880=ORIENTED_EDGE('',*,*,#6203,.F.);
#3881=ORIENTED_EDGE('',*,*,#6201,.T.);
#3882=CARTESIAN_POINT('',(10.702926519851,-9.69564854865461,53.0260619502328));
#3883=DIRECTION('',(0.0,0.0,-1.0));
#3884=DIRECTION('',(0.0,-1.0,0.0));
#3885=ORIENTED_EDGE('',*,*,#6577,.F.);
#3886=ORIENTED_EDGE('',*,*,#6223,.F.);
#3887=ORIENTED_EDGE('',*,*,#6576,.F.);
#3888=ORIENTED_EDGE('',*,*,#6578,.F.);
#3889=CARTESIAN_POINT('',(15.32597125795,0.604351451345401,59.1760619502328));
#3890=DIRECTION('',(-0.694658370458997,0.719339800338652,0.0));
#3891=DIRECTION('',(0.0,0.0,1.0));
#3892=ORIENTED_EDGE('',*,*,#6579,.T.);
#3893=ORIENTED_EDGE('',*,*,#6224,.F.);
#3894=ORIENTED_EDGE('',*,*,#6577,.T.);
#3895=ORIENTED_EDGE('',*,*,#6580,.T.);
#3896=ORIENTED_EDGE('',*,*,#6581,.T.);
#3897=ORIENTED_EDGE('',*,*,#6582,.T.);
#3898=CARTESIAN_POINT('',(25.877926519851,-13.2456485486546,55.3760619502328));
#3899=DIRECTION('',(0.0,0.0,-1.0));
#3900=DIRECTION('',(0.0,-1.0,0.0));
#3901=ORIENTED_EDGE('',*,*,#6579,.F.);
#3902=ORIENTED_EDGE('',*,*,#6583,.F.);
#3903=ORIENTED_EDGE('',*,*,#6572,.F.);
#3904=ORIENTED_EDGE('',*,*,#6225,.T.);
#3905=CARTESIAN_POINT('',(7.33543904505601,-0.414988348993298,59.1760619502328));
#3906=DIRECTION('',(0.694658370458997,0.719339800338652,0.0));
#3907=DIRECTION('',(0.0,0.0,-1.0));
#3908=ORIENTED_EDGE('',*,*,#6582,.F.);
#3909=ORIENTED_EDGE('',*,*,#6584,.T.);
#3910=ORIENTED_EDGE('',*,*,#6573,.F.);
#3911=ORIENTED_EDGE('',*,*,#6583,.T.);
#3912=CARTESIAN_POINT('',(8.030097415515,0.304351451345397,59.1760619502328));
#3913=DIRECTION('',(0.0,0.0,-1.0));
#3914=DIRECTION('',(1.0,0.0,0.0));
#3915=ORIENTED_EDGE('',*,*,#6581,.F.);
#3916=ORIENTED_EDGE('',*,*,#6585,.F.);
#3917=ORIENTED_EDGE('',*,*,#6574,.F.);
#3918=ORIENTED_EDGE('',*,*,#6584,.F.);
#3919=CARTESIAN_POINT('',(13.575755624187,-0.695648548654603,59.1760619502328));
#3920=DIRECTION('',(-1.90586856442082E-16,1.0,0.0));
#3921=DIRECTION('',(1.0,1.90586856442082E-16,0.0));
#3922=ORIENTED_EDGE('',*,*,#6580,.F.);
#3923=ORIENTED_EDGE('',*,*,#6578,.T.);
#3924=ORIENTED_EDGE('',*,*,#6575,.F.);
#3925=ORIENTED_EDGE('',*,*,#6585,.T.);
#3926=CARTESIAN_POINT('',(13.575755624187,0.304351451345397,59.1760619502328));
#3927=DIRECTION('',(0.0,0.0,-1.0));
#3928=DIRECTION('',(1.0,0.0,0.0));
#3929=ORIENTED_EDGE('',*,*,#6586,.T.);
#3930=ORIENTED_EDGE('',*,*,#6587,.T.);
#3931=CARTESIAN_POINT('',(-25.3585548970554,-33.1293719571875,52.5260619502328));
#3932=DIRECTION('',(0.0,0.0,-1.0));
#3933=DIRECTION('',(0.0,-1.0,0.0));
#3934=ORIENTED_EDGE('',*,*,#6588,.T.);
#3935=ORIENTED_EDGE('',*,*,#6589,.T.);
#3936=ORIENTED_EDGE('',*,*,#6175,.F.);
#3937=ORIENTED_EDGE('',*,*,#6590,.T.);
#3938=CARTESIAN_POINT('',(17.204996769651,-24.0706485486546,55.7010619502665));
#3939=DIRECTION('',(1.0,0.0,0.0));
#3940=DIRECTION('',(0.0,1.0,0.0));
#3941=ORIENTED_EDGE('',*,*,#6591,.F.);
#3942=ORIENTED_EDGE('',*,*,#6592,.F.);
#3943=ORIENTED_EDGE('',*,*,#6593,.F.);
#3944=ORIENTED_EDGE('',*,*,#6594,.T.);
#3945=ORIENTED_EDGE('',*,*,#6595,.T.);
#3946=ORIENTED_EDGE('',*,*,#6596,.T.);
#3947=ORIENTED_EDGE('',*,*,#6597,.F.);
#3948=ORIENTED_EDGE('',*,*,#6598,.T.);
#3949=ORIENTED_EDGE('',*,*,#6599,.F.);
#3950=ORIENTED_EDGE('',*,*,#6600,.F.);
#3951=ORIENTED_EDGE('',*,*,#6601,.F.);
#3952=ORIENTED_EDGE('',*,*,#6588,.F.);
#3953=ORIENTED_EDGE('',*,*,#6602,.T.);
#3954=ORIENTED_EDGE('',*,*,#6603,.T.);
#3955=ORIENTED_EDGE('',*,*,#6604,.F.);
#3956=ORIENTED_EDGE('',*,*,#6605,.T.);
#3957=ORIENTED_EDGE('',*,*,#6606,.T.);
#3958=CARTESIAN_POINT('',(-7.2921490257586,-21.0456525486549,54.4760619502665));
#3959=DIRECTION('',(0.0,0.0,-1.0));
#3960=DIRECTION('',(0.0,-1.0,0.0));
#3961=ORIENTED_EDGE('',*,*,#6591,.T.);
#3962=ORIENTED_EDGE('',*,*,#6607,.F.);
#3963=ORIENTED_EDGE('',*,*,#6186,.T.);
#3964=ORIENTED_EDGE('',*,*,#6608,.F.);
#3965=CARTESIAN_POINT('',(-7.2921490257586,-32.2456485486209,56.0260619502665));
#3966=DIRECTION('',(1.0,0.0,0.0));
#3967=DIRECTION('',(0.0,-1.0,0.0));
#3968=ORIENTED_EDGE('',*,*,#6185,.F.);
#3969=ORIENTED_EDGE('',*,*,#6609,.T.);
#3970=ORIENTED_EDGE('',*,*,#6592,.T.);
#3971=ORIENTED_EDGE('',*,*,#6608,.T.);
#3972=CARTESIAN_POINT('',(1.852926519851,-32.5706485486209,55.5469214506328));
#3973=DIRECTION('',(-1.0,0.0,0.0));
#3974=DIRECTION('',(0.0,0.0,1.0));
#3975=ORIENTED_EDGE('',*,*,#6184,.F.);
#3976=ORIENTED_EDGE('',*,*,#6610,.T.);
#3977=ORIENTED_EDGE('',*,*,#6593,.T.);
#3978=ORIENTED_EDGE('',*,*,#6609,.F.);
#3979=CARTESIAN_POINT('',(6.907926519851,-31.2247890482546,57.2010619502665));
#3980=DIRECTION('',(-9.90165462318981E-17,-1.0,0.0));
#3981=DIRECTION('',(-1.0,9.90165462318981E-17,0.0));
#3982=ORIENTED_EDGE('',*,*,#6183,.F.);
#3983=ORIENTED_EDGE('',*,*,#6611,.F.);
#3984=ORIENTED_EDGE('',*,*,#6594,.F.);
#3985=ORIENTED_EDGE('',*,*,#6610,.F.);
#3986=CARTESIAN_POINT('',(-0.202073480147007,-11.0497890482546,57.2010619502665));
#3987=DIRECTION('',(-1.0,7.82838839345418E-13,0.0));
#3988=DIRECTION('',(0.0,0.0,1.0));
#3989=ORIENTED_EDGE('',*,*,#6182,.F.);
#3990=ORIENTED_EDGE('',*,*,#6612,.F.);
#3991=ORIENTED_EDGE('',*,*,#6595,.F.);
#3992=ORIENTED_EDGE('',*,*,#6611,.T.);
#3993=CARTESIAN_POINT('',(3.327926519851,-11.5206485486546,57.2010619502665));
#3994=DIRECTION('',(-0.0,1.0,0.0));
#3995=DIRECTION('',(1.0,0.0,0.0));
#3996=ORIENTED_EDGE('',*,*,#6181,.F.);
#3997=ORIENTED_EDGE('',*,*,#6613,.T.);
#3998=ORIENTED_EDGE('',*,*,#6596,.F.);
#3999=ORIENTED_EDGE('',*,*,#6612,.T.);
#4000=CARTESIAN_POINT('',(2.29903779723099,-11.028428440383,52.8760619502328));
#4001=DIRECTION('',(0.768408189280218,0.639960041445633,0.0));
#4002=DIRECTION('',(0.0,0.0,-1.0));
#4003=ORIENTED_EDGE('',*,*,#6180,.F.);
#4004=ORIENTED_EDGE('',*,*,#6614,.T.);
#4005=ORIENTED_EDGE('',*,*,#6597,.T.);
#4006=ORIENTED_EDGE('',*,*,#6613,.F.);
#4007=CARTESIAN_POINT('',(6.602498432841,-16.1956485486546,52.8760619502328));
#4008=DIRECTION('',(2.18561329179863E-16,1.0,0.0));
#4009=DIRECTION('',(1.0,-2.18561329179863E-16,0.0));
#4010=ORIENTED_EDGE('',*,*,#6179,.F.);
#4011=ORIENTED_EDGE('',*,*,#6615,.T.);
#4012=ORIENTED_EDGE('',*,*,#6598,.F.);
#4013=ORIENTED_EDGE('',*,*,#6614,.F.);
#4014=CARTESIAN_POINT('',(14.729996769651,-17.7456485486546,57.2010619502665));
#4015=DIRECTION('',(1.0,0.0,0.0));
#4016=DIRECTION('',(0.0,1.0,0.0));
#4017=ORIENTED_EDGE('',*,*,#6178,.T.);
#4018=ORIENTED_EDGE('',*,*,#6616,.T.);
#4019=ORIENTED_EDGE('',*,*,#6599,.T.);
#4020=ORIENTED_EDGE('',*,*,#6615,.F.);
#4021=CARTESIAN_POINT('',(18.700856270017,-18.6456485486546,53.2969214506328));
#4022=DIRECTION('',(0.0,-1.0,0.0));
#4023=DIRECTION('',(0.0,0.0,-1.0));
#4024=ORIENTED_EDGE('',*,*,#6600,.T.);
#4025=ORIENTED_EDGE('',*,*,#6616,.F.);
#4026=ORIENTED_EDGE('',*,*,#6177,.T.);
#4027=ORIENTED_EDGE('',*,*,#6617,.F.);
#4028=CARTESIAN_POINT('',(18.375856270017,-21.0456525486549,56.0260619502665));
#4029=DIRECTION('',(-0.0,1.0,0.0));
#4030=DIRECTION('',(1.0,0.0,0.0));
#4031=ORIENTED_EDGE('',*,*,#6176,.T.);
#4032=ORIENTED_EDGE('',*,*,#6589,.F.);
#4033=ORIENTED_EDGE('',*,*,#6601,.T.);
#4034=ORIENTED_EDGE('',*,*,#6617,.T.);
#4035=CARTESIAN_POINT('',(18.700856270017,-21.7456485486546,58.0969214506328));
#4036=DIRECTION('',(-0.0,1.0,0.0));
#4037=DIRECTION('',(1.0,0.0,0.0));
#4038=ORIENTED_EDGE('',*,*,#6187,.F.);
#4039=ORIENTED_EDGE('',*,*,#6607,.T.);
#4040=ORIENTED_EDGE('',*,*,#6604,.T.);
#4041=ORIENTED_EDGE('',*,*,#6618,.T.);
#4042=CARTESIAN_POINT('',(4.802926519851,-34.2247890482546,55.7010619502665));
#4043=DIRECTION('',(1.0,0.0,0.0));
#4044=DIRECTION('',(0.0,1.0,0.0));
#4045=ORIENTED_EDGE('',*,*,#6188,.F.);
#4046=ORIENTED_EDGE('',*,*,#6618,.F.);
#4047=ORIENTED_EDGE('',*,*,#6603,.F.);
#4048=ORIENTED_EDGE('',*,*,#6619,.F.);
#4049=CARTESIAN_POINT('',(6.907926519851,-31.2247890482546,57.2010619502665));
#4050=DIRECTION('',(-9.90165462318981E-17,-1.0,0.0));
#4051=DIRECTION('',(-1.0,9.90165462318981E-17,0.0));
#4052=ORIENTED_EDGE('',*,*,#6189,.F.);
#4053=ORIENTED_EDGE('',*,*,#6619,.T.);
#4054=ORIENTED_EDGE('',*,*,#6602,.F.);
#4055=ORIENTED_EDGE('',*,*,#6590,.F.);
#4056=CARTESIAN_POINT('',(10.050856270051,-31.2247890482546,54.4760619502665));
#4057=DIRECTION('',(-0.707106781186547,0.707106781186548,0.0));
#4058=DIRECTION('',(0.0,0.0,1.0));
#4059=ORIENTED_EDGE('',*,*,#6605,.F.);
#4060=ORIENTED_EDGE('',*,*,#6620,.F.);
#4061=ORIENTED_EDGE('',*,*,#6621,.F.);
#4062=ORIENTED_EDGE('',*,*,#6622,.T.);
#4063=CARTESIAN_POINT('',(1.69792651985099,-13.4206485486546,61.2310098006694));
#4064=DIRECTION('',(0.0,0.0,1.0));
#4065=DIRECTION('',(-1.0,0.0,0.0));
#4066=ORIENTED_EDGE('',*,*,#6333,.T.);
#4067=ORIENTED_EDGE('',*,*,#6025,.F.);
#4068=CARTESIAN_POINT('',(28.327926519851,-1.7956485486546,54.6081127578017));
#4069=DIRECTION('',(-0.0,-0.0,-1.0));
#4070=DIRECTION('',(1.0,0.0,0.0));
#4071=ORIENTED_EDGE('',*,*,#6623,.T.);
#4072=ORIENTED_EDGE('',*,*,#6621,.T.);
#4073=CARTESIAN_POINT('',(25.877926519851,-13.2456485486546,55.3760619502328));
#4074=DIRECTION('',(0.0,0.0,-1.0));
#4075=DIRECTION('',(0.0,-1.0,0.0));
#4076=ORIENTED_EDGE('',*,*,#6624,.F.);
#4077=ORIENTED_EDGE('',*,*,#6625,.F.);
#4078=ORIENTED_EDGE('',*,*,#6626,.T.);
#4079=ORIENTED_EDGE('',*,*,#6085,.T.);
#4080=CARTESIAN_POINT('',(-22.272073480149,-22.9906485486546,57.3760619502328));
#4081=DIRECTION('',(-1.0,0.0,0.0));
#4082=DIRECTION('',(0.0,0.0,1.0));
#4083=ORIENTED_EDGE('',*,*,#6627,.T.);
#4084=ORIENTED_EDGE('',*,*,#6628,.T.);
#4085=ORIENTED_EDGE('',*,*,#6624,.T.);
#4086=ORIENTED_EDGE('',*,*,#6096,.T.);
#4087=CARTESIAN_POINT('',(-18.772073480149,-22.9906485486546,57.3760619502328));
#4088=DIRECTION('',(-0.0,1.0,0.0));
#4089=DIRECTION('',(1.0,0.0,0.0));
#4090=ORIENTED_EDGE('',*,*,#6095,.T.);
#4091=ORIENTED_EDGE('',*,*,#6629,.T.);
#4092=ORIENTED_EDGE('',*,*,#6630,.F.);
#4093=ORIENTED_EDGE('',*,*,#6627,.F.);
#4094=CARTESIAN_POINT('',(-18.772073480149,-23.6656485486546,57.3760619502328));
#4095=DIRECTION('',(1.0,0.0,0.0));
#4096=DIRECTION('',(0.0,1.0,0.0));
#4097=ORIENTED_EDGE('',*,*,#6630,.T.);
#4098=ORIENTED_EDGE('',*,*,#6631,.T.);
#4099=ORIENTED_EDGE('',*,*,#6632,.T.);
#4100=ORIENTED_EDGE('',*,*,#6633,.T.);
#4101=ORIENTED_EDGE('',*,*,#6634,.T.);
#4102=ORIENTED_EDGE('',*,*,#6635,.F.);
#4103=ORIENTED_EDGE('',*,*,#6636,.T.);
#4104=ORIENTED_EDGE('',*,*,#6637,.T.);
#4105=ORIENTED_EDGE('',*,*,#6638,.F.);
#4106=ORIENTED_EDGE('',*,*,#6639,.T.);
#4107=ORIENTED_EDGE('',*,*,#6625,.T.);
#4108=ORIENTED_EDGE('',*,*,#6628,.F.);
#4109=CARTESIAN_POINT('',(-20.522073480149,-24.3656485486546,54.5760619502328));
#4110=DIRECTION('',(0.0,0.0,-1.0));
#4111=DIRECTION('',(0.0,-1.0,0.0));
#4112=ORIENTED_EDGE('',*,*,#6626,.F.);
#4113=ORIENTED_EDGE('',*,*,#6639,.F.);
#4114=ORIENTED_EDGE('',*,*,#6640,.F.);
#4115=ORIENTED_EDGE('',*,*,#6086,.T.);
#4116=CARTESIAN_POINT('',(-22.272073480149,-23.6656485486546,57.3760619502328));
#4117=DIRECTION('',(-0.0,1.0,0.0));
#4118=DIRECTION('',(1.0,0.0,0.0));
#4119=ORIENTED_EDGE('',*,*,#6640,.T.);
#4120=ORIENTED_EDGE('',*,*,#6638,.T.);
#4121=ORIENTED_EDGE('',*,*,#6641,.T.);
#4122=ORIENTED_EDGE('',*,*,#6087,.F.);
#4123=CARTESIAN_POINT('',(-22.897073480149,-23.3456485486546,57.3760619502328));
#4124=DIRECTION('',(1.0,0.0,0.0));
#4125=DIRECTION('',(0.0,1.0,0.0));
#4126=ORIENTED_EDGE('',*,*,#6641,.F.);
#4127=ORIENTED_EDGE('',*,*,#6637,.F.);
#4128=ORIENTED_EDGE('',*,*,#6642,.T.);
#4129=ORIENTED_EDGE('',*,*,#6088,.T.);
#4130=CARTESIAN_POINT('',(-22.422073480149,-25.0656485486546,57.3760619502328));
#4131=DIRECTION('',(0.0,-1.0,0.0));
#4132=DIRECTION('',(0.0,0.0,-1.0));
#4133=ORIENTED_EDGE('',*,*,#6089,.T.);
#4134=ORIENTED_EDGE('',*,*,#6642,.F.);
#4135=ORIENTED_EDGE('',*,*,#6636,.F.);
#4136=ORIENTED_EDGE('',*,*,#6643,.F.);
#4137=CARTESIAN_POINT('',(-22.272073480149,-22.9906485486546,57.3760619502328));
#4138=DIRECTION('',(-1.0,0.0,0.0));
#4139=DIRECTION('',(0.0,0.0,1.0));
#4140=ORIENTED_EDGE('',*,*,#6635,.T.);
#4141=ORIENTED_EDGE('',*,*,#6644,.T.);
#4142=ORIENTED_EDGE('',*,*,#6090,.F.);
#4143=ORIENTED_EDGE('',*,*,#6643,.T.);
#4144=CARTESIAN_POINT('',(-22.272073480149,-25.7406485486546,57.3760619502328));
#4145=DIRECTION('',(0.0,-1.0,0.0));
#4146=DIRECTION('',(0.0,0.0,-1.0));
#4147=ORIENTED_EDGE('',*,*,#6091,.T.);
#4148=ORIENTED_EDGE('',*,*,#6644,.F.);
#4149=ORIENTED_EDGE('',*,*,#6634,.F.);
#4150=ORIENTED_EDGE('',*,*,#6645,.T.);
#4151=CARTESIAN_POINT('',(-18.772073480149,-23.6656485486546,57.3760619502328));
#4152=DIRECTION('',(1.0,0.0,0.0));
#4153=DIRECTION('',(0.0,1.0,0.0));
#4154=ORIENTED_EDGE('',*,*,#6092,.T.);
#4155=ORIENTED_EDGE('',*,*,#6645,.F.);
#4156=ORIENTED_EDGE('',*,*,#6633,.F.);
#4157=ORIENTED_EDGE('',*,*,#6646,.F.);
#4158=CARTESIAN_POINT('',(-22.422073480149,-25.0656485486546,57.3760619502328));
#4159=DIRECTION('',(0.0,-1.0,0.0));
#4160=DIRECTION('',(0.0,0.0,-1.0));
#4161=ORIENTED_EDGE('',*,*,#6093,.T.);
#4162=ORIENTED_EDGE('',*,*,#6646,.T.);
#4163=ORIENTED_EDGE('',*,*,#6632,.F.);
#4164=ORIENTED_EDGE('',*,*,#6647,.F.);
#4165=CARTESIAN_POINT('',(-18.622073480149,-25.0656485486546,57.3760619502328));
#4166=DIRECTION('',(1.0,0.0,0.0));
#4167=DIRECTION('',(0.0,1.0,0.0));
#4168=ORIENTED_EDGE('',*,*,#6094,.T.);
#4169=ORIENTED_EDGE('',*,*,#6647,.T.);
#4170=ORIENTED_EDGE('',*,*,#6631,.F.);
#4171=ORIENTED_EDGE('',*,*,#6629,.F.);
#4172=CARTESIAN_POINT('',(-22.272073480149,-23.6656485486546,57.3760619502328));
#4173=DIRECTION('',(-0.0,1.0,0.0));
#4174=DIRECTION('',(1.0,0.0,0.0));
#4175=ORIENTED_EDGE('',*,*,#6648,.T.);
#4176=ORIENTED_EDGE('',*,*,#6649,.T.);
#4177=ORIENTED_EDGE('',*,*,#6650,.T.);
#4178=ORIENTED_EDGE('',*,*,#6097,.F.);
#4179=CARTESIAN_POINT('',(-22.897073480149,-23.3456485486546,57.3760619502328));
#4180=DIRECTION('',(1.0,0.0,0.0));
#4181=DIRECTION('',(0.0,1.0,0.0));
#4182=ORIENTED_EDGE('',*,*,#6651,.T.);
#4183=ORIENTED_EDGE('',*,*,#6652,.F.);
#4184=ORIENTED_EDGE('',*,*,#6648,.F.);
#4185=ORIENTED_EDGE('',*,*,#6110,.F.);
#4186=CARTESIAN_POINT('',(-21.247073480149,-15.0956485486546,57.3760619502328));
#4187=DIRECTION('',(-0.707106781186548,0.707106781186548,0.0));
#4188=DIRECTION('',(0.0,0.0,1.0));
#4189=ORIENTED_EDGE('',*,*,#6109,.T.);
#4190=ORIENTED_EDGE('',*,*,#6653,.F.);
#4191=ORIENTED_EDGE('',*,*,#6654,.T.);
#4192=ORIENTED_EDGE('',*,*,#6651,.F.);
#4193=CARTESIAN_POINT('',(-19.947073480149,-15.0956485486546,57.3760619502328));
#4194=DIRECTION('',(-0.0,1.0,0.0));
#4195=DIRECTION('',(1.0,0.0,0.0));
#4196=ORIENTED_EDGE('',*,*,#6655,.F.);
#4197=ORIENTED_EDGE('',*,*,#6656,.T.);
#4198=ORIENTED_EDGE('',*,*,#6657,.F.);
#4199=ORIENTED_EDGE('',*,*,#6658,.F.);
#4200=ORIENTED_EDGE('',*,*,#6659,.F.);
#4201=ORIENTED_EDGE('',*,*,#6660,.F.);
#4202=ORIENTED_EDGE('',*,*,#6661,.F.);
#4203=ORIENTED_EDGE('',*,*,#6649,.F.);
#4204=ORIENTED_EDGE('',*,*,#6652,.T.);
#4205=ORIENTED_EDGE('',*,*,#6654,.F.);
#4206=ORIENTED_EDGE('',*,*,#6662,.F.);
#4207=ORIENTED_EDGE('',*,*,#6663,.F.);
#4208=ORIENTED_EDGE('',*,*,#6664,.F.);
#4209=ORIENTED_EDGE('',*,*,#6665,.F.);
#4210=CARTESIAN_POINT('',(-18.997073480149,-18.5456485486546,54.3760619502328));
#4211=DIRECTION('',(0.0,0.0,-1.0));
#4212=DIRECTION('',(0.0,-1.0,0.0));
#4213=ORIENTED_EDGE('',*,*,#6104,.T.);
#4214=ORIENTED_EDGE('',*,*,#6666,.F.);
#4215=ORIENTED_EDGE('',*,*,#6655,.T.);
#4216=ORIENTED_EDGE('',*,*,#6667,.F.);
#4217=CARTESIAN_POINT('',(-15.547073480149,-20.7956485486546,57.3760619502328));
#4218=DIRECTION('',(1.0,0.0,0.0));
#4219=DIRECTION('',(0.0,1.0,0.0));
#4220=ORIENTED_EDGE('',*,*,#6105,.T.);
#4221=ORIENTED_EDGE('',*,*,#6667,.T.);
#4222=ORIENTED_EDGE('',*,*,#6665,.T.);
#4223=ORIENTED_EDGE('',*,*,#6668,.F.);
#4224=CARTESIAN_POINT('',(-19.947073480149,-15.0956485486546,57.3760619502328));
#4225=DIRECTION('',(-0.0,1.0,0.0));
#4226=DIRECTION('',(1.0,0.0,0.0));
#4227=ORIENTED_EDGE('',*,*,#6106,.T.);
#4228=ORIENTED_EDGE('',*,*,#6668,.T.);
#4229=ORIENTED_EDGE('',*,*,#6664,.T.);
#4230=ORIENTED_EDGE('',*,*,#6669,.F.);
#4231=CARTESIAN_POINT('',(-18.047073480149,-22.6456485486546,57.3760619502328));
#4232=DIRECTION('',(1.0,0.0,0.0));
#4233=DIRECTION('',(0.0,1.0,0.0));
#4234=ORIENTED_EDGE('',*,*,#6107,.F.);
#4235=ORIENTED_EDGE('',*,*,#6669,.T.);
#4236=ORIENTED_EDGE('',*,*,#6663,.T.);
#4237=ORIENTED_EDGE('',*,*,#6670,.T.);
#4238=CARTESIAN_POINT('',(-18.047073480149,-14.4456485486546,57.3760619502328));
#4239=DIRECTION('',(-0.0,1.0,0.0));
#4240=DIRECTION('',(1.0,0.0,0.0));
#4241=ORIENTED_EDGE('',*,*,#6108,.T.);
#4242=ORIENTED_EDGE('',*,*,#6670,.F.);
#4243=ORIENTED_EDGE('',*,*,#6662,.T.);
#4244=ORIENTED_EDGE('',*,*,#6653,.T.);
#4245=CARTESIAN_POINT('',(-19.947073480149,-14.4456485486546,57.3760619502328));
#4246=DIRECTION('',(-1.0,0.0,0.0));
#4247=DIRECTION('',(0.0,0.0,1.0));
#4248=ORIENTED_EDGE('',*,*,#6103,.F.);
#4249=ORIENTED_EDGE('',*,*,#6671,.T.);
#4250=ORIENTED_EDGE('',*,*,#6656,.F.);
#4251=ORIENTED_EDGE('',*,*,#6666,.T.);
#4252=CARTESIAN_POINT('',(-16.747073480149,-21.9956485486546,57.3760619502328));
#4253=DIRECTION('',(0.707106781186548,-0.707106781186548,0.0));
#4254=DIRECTION('',(0.0,0.0,-1.0));
#4255=ORIENTED_EDGE('',*,*,#6102,.T.);
#4256=ORIENTED_EDGE('',*,*,#6672,.T.);
#4257=ORIENTED_EDGE('',*,*,#6657,.T.);
#4258=ORIENTED_EDGE('',*,*,#6671,.F.);
#4259=CARTESIAN_POINT('',(-22.447073480149,-21.9956485486546,57.3760619502328));
#4260=DIRECTION('',(0.0,-1.0,0.0));
#4261=DIRECTION('',(0.0,0.0,-1.0));
#4262=ORIENTED_EDGE('',*,*,#6101,.T.);
#4263=ORIENTED_EDGE('',*,*,#6673,.T.);
#4264=ORIENTED_EDGE('',*,*,#6658,.T.);
#4265=ORIENTED_EDGE('',*,*,#6672,.F.);
#4266=CARTESIAN_POINT('',(-18.047073480149,-22.6456485486546,57.3760619502328));
#4267=DIRECTION('',(1.0,0.0,0.0));
#4268=DIRECTION('',(0.0,1.0,0.0));
#4269=ORIENTED_EDGE('',*,*,#6100,.T.);
#4270=ORIENTED_EDGE('',*,*,#6674,.F.);
#4271=ORIENTED_EDGE('',*,*,#6659,.T.);
#4272=ORIENTED_EDGE('',*,*,#6673,.F.);
#4273=CARTESIAN_POINT('',(-19.947073480149,-22.6456485486546,57.3760619502328));
#4274=DIRECTION('',(0.0,-1.0,0.0));
#4275=DIRECTION('',(0.0,0.0,-1.0));
#4276=ORIENTED_EDGE('',*,*,#6099,.T.);
#4277=ORIENTED_EDGE('',*,*,#6675,.F.);
#4278=ORIENTED_EDGE('',*,*,#6660,.T.);
#4279=ORIENTED_EDGE('',*,*,#6674,.T.);
#4280=CARTESIAN_POINT('',(-19.947073480149,-14.4456485486546,57.3760619502328));
#4281=DIRECTION('',(-1.0,0.0,0.0));
#4282=DIRECTION('',(0.0,0.0,1.0));
#4283=ORIENTED_EDGE('',*,*,#6650,.F.);
#4284=ORIENTED_EDGE('',*,*,#6661,.T.);
#4285=ORIENTED_EDGE('',*,*,#6675,.T.);
#4286=ORIENTED_EDGE('',*,*,#6098,.T.);
#4287=CARTESIAN_POINT('',(-22.447073480149,-21.9956485486546,57.3760619502328));
#4288=DIRECTION('',(0.0,-1.0,0.0));
#4289=DIRECTION('',(0.0,0.0,-1.0));
#4290=ORIENTED_EDGE('',*,*,#6111,.F.);
#4291=ORIENTED_EDGE('',*,*,#6676,.F.);
#4292=ORIENTED_EDGE('',*,*,#6677,.F.);
#4293=ORIENTED_EDGE('',*,*,#6678,.T.);
#4294=CARTESIAN_POINT('',(-14.822073480149,0.0793514513454028,57.3760619502328));
#4295=DIRECTION('',(-0.0,1.0,0.0));
#4296=DIRECTION('',(1.0,0.0,0.0));
#4297=ORIENTED_EDGE('',*,*,#6112,.F.);
#4298=ORIENTED_EDGE('',*,*,#6678,.F.);
#4299=ORIENTED_EDGE('',*,*,#6679,.F.);
#4300=ORIENTED_EDGE('',*,*,#6680,.T.);
#4301=CARTESIAN_POINT('',(-20.272073480149,0.0793514513454028,57.3760619502328));
#4302=DIRECTION('',(-1.0,0.0,0.0));
#4303=DIRECTION('',(0.0,0.0,1.0));
#4304=ORIENTED_EDGE('',*,*,#6113,.F.);
#4305=ORIENTED_EDGE('',*,*,#6680,.F.);
#4306=ORIENTED_EDGE('',*,*,#6681,.F.);
#4307=ORIENTED_EDGE('',*,*,#6682,.T.);
#4308=CARTESIAN_POINT('',(-20.272073480149,-5.37064854865461,57.3760619502328));
#4309=DIRECTION('',(0.0,-1.0,0.0));
#4310=DIRECTION('',(0.0,0.0,-1.0));
#4311=ORIENTED_EDGE('',*,*,#6114,.F.);
#4312=ORIENTED_EDGE('',*,*,#6682,.F.);
#4313=ORIENTED_EDGE('',*,*,#6683,.F.);
#4314=ORIENTED_EDGE('',*,*,#6676,.T.);
#4315=CARTESIAN_POINT('',(-14.822073480149,-5.37064854865461,57.3760619502328));
#4316=DIRECTION('',(1.0,0.0,0.0));
#4317=DIRECTION('',(0.0,1.0,0.0));
#4318=ORIENTED_EDGE('',*,*,#6677,.T.);
#4319=ORIENTED_EDGE('',*,*,#6683,.T.);
#4320=ORIENTED_EDGE('',*,*,#6681,.T.);
#4321=ORIENTED_EDGE('',*,*,#6679,.T.);
#4322=CARTESIAN_POINT('',(-17.547073480149,-2.64564854865461,54.3760619502328));
#4323=DIRECTION('',(0.0,0.0,-1.0));
#4324=DIRECTION('',(0.0,-1.0,0.0));
#4325=ORIENTED_EDGE('',*,*,#6115,.F.);
#4326=ORIENTED_EDGE('',*,*,#6684,.F.);
#4327=ORIENTED_EDGE('',*,*,#6685,.F.);
#4328=ORIENTED_EDGE('',*,*,#6686,.F.);
#4329=CARTESIAN_POINT('',(-0.956997934537,-10.6655887350933,58.3760619502328));
#4330=DIRECTION('',(0.96346703493551,0.267826945232509,0.0));
#4331=DIRECTION('',(0.0,0.0,-1.0));
#4332=ORIENTED_EDGE('',*,*,#6116,.F.);
#4333=ORIENTED_EDGE('',*,*,#6686,.T.);
#4334=ORIENTED_EDGE('',*,*,#6687,.F.);
#4335=ORIENTED_EDGE('',*,*,#6688,.T.);
#4336=CARTESIAN_POINT('',(-1.896959048551,-9.52447297764777,58.3760619502328));
#4337=DIRECTION('',(0.0,0.0,-1.0));
#4338=DIRECTION('',(1.0,0.0,0.0));
#4339=ORIENTED_EDGE('',*,*,#6117,.F.);
#4340=ORIENTED_EDGE('',*,*,#6688,.F.);
#4341=ORIENTED_EDGE('',*,*,#6689,.F.);
#4342=ORIENTED_EDGE('',*,*,#6690,.F.);
#4343=CARTESIAN_POINT('',(-1.649188878225,-8.97756823428371,58.3760619502328));
#4344=DIRECTION('',(0.446131719709506,0.89496731150866,0.0));
#4345=DIRECTION('',(0.0,0.0,-1.0));
#4346=ORIENTED_EDGE('',*,*,#6691,.T.);
#4347=ORIENTED_EDGE('',*,*,#6118,.F.);
#4348=ORIENTED_EDGE('',*,*,#6690,.T.);
#4349=ORIENTED_EDGE('',*,*,#6692,.F.);
#4350=CARTESIAN_POINT('',(-7.1770883655195,-6.78064854865444,58.3760619502328));
#4351=DIRECTION('',(0.0,0.0,1.0));
#4352=DIRECTION('',(-1.0,0.0,0.0));
#4353=ORIENTED_EDGE('',*,*,#6691,.F.);
#4354=ORIENTED_EDGE('',*,*,#6693,.T.);
#4355=ORIENTED_EDGE('',*,*,#6694,.F.);
#4356=ORIENTED_EDGE('',*,*,#6119,.F.);
#4357=CARTESIAN_POINT('',(-7.05937348014869,-6.28064854865447,58.3760619502328));
#4358=DIRECTION('',(2.65010235978025E-13,1.0,0.0));
#4359=DIRECTION('',(1.0,-2.65010235978025E-13,0.0));
#4360=ORIENTED_EDGE('',*,*,#6695,.T.);
#4361=ORIENTED_EDGE('',*,*,#6120,.F.);
#4362=ORIENTED_EDGE('',*,*,#6694,.T.);
#4363=ORIENTED_EDGE('',*,*,#6696,.F.);
#4364=CARTESIAN_POINT('',(-8.03690750355091,-6.78064854865421,58.3760619502328));
#4365=DIRECTION('',(0.0,0.0,1.0));
#4366=DIRECTION('',(-1.0,0.0,0.0));
#4367=ORIENTED_EDGE('',*,*,#6121,.F.);
#4368=ORIENTED_EDGE('',*,*,#6695,.F.);
#4369=ORIENTED_EDGE('',*,*,#6697,.F.);
#4370=ORIENTED_EDGE('',*,*,#6698,.F.);
#4371=CARTESIAN_POINT('',(-8.1546223889209,-6.28064854865414,58.3760619502328));
#4372=DIRECTION('',(-0.446131719709032,0.894967311508896,0.0));
#4373=DIRECTION('',(0.0,0.0,1.0));
#4374=ORIENTED_EDGE('',*,*,#6122,.F.);
#4375=ORIENTED_EDGE('',*,*,#6698,.T.);
#4376=ORIENTED_EDGE('',*,*,#6699,.F.);
#4377=ORIENTED_EDGE('',*,*,#6700,.T.);
#4378=CARTESIAN_POINT('',(-13.3170368205222,-9.52447297764519,58.3760619502328));
#4379=DIRECTION('',(0.0,0.0,-1.0));
#4380=DIRECTION('',(1.0,0.0,0.0));
#4381=ORIENTED_EDGE('',*,*,#6123,.F.);
#4382=ORIENTED_EDGE('',*,*,#6700,.F.);
#4383=ORIENTED_EDGE('',*,*,#6701,.F.);
#4384=ORIENTED_EDGE('',*,*,#6702,.T.);
#4385=CARTESIAN_POINT('',(-13.9010749457443,-9.38520947235978,58.3760619502328));
#4386=DIRECTION('',(-0.963467034935368,0.267826945233019,0.0));
#4387=DIRECTION('',(0.0,0.0,1.0));
#4388=ORIENTED_EDGE('',*,*,#6124,.F.);
#4389=ORIENTED_EDGE('',*,*,#6702,.F.);
#4390=ORIENTED_EDGE('',*,*,#6703,.T.);
#4391=ORIENTED_EDGE('',*,*,#6704,.F.);
#4392=CARTESIAN_POINT('',(-14.2569979345311,-31.0388463483207,58.3760619502328));
#4393=DIRECTION('',(-1.0,-2.5279697948495E-13,0.0));
#4394=DIRECTION('',(-2.5279697948495E-13,1.0,0.0));
#4395=ORIENTED_EDGE('',*,*,#6125,.F.);
#4396=ORIENTED_EDGE('',*,*,#6704,.T.);
#4397=ORIENTED_EDGE('',*,*,#6705,.F.);
#4398=ORIENTED_EDGE('',*,*,#6706,.T.);
#4399=CARTESIAN_POINT('',(-13.6569979345305,-33.6866484506151,58.3760619502328));
#4400=DIRECTION('',(0.0,0.0,-1.0));
#4401=DIRECTION('',(1.0,0.0,0.0));
#4402=ORIENTED_EDGE('',*,*,#6126,.F.);
#4403=ORIENTED_EDGE('',*,*,#6706,.F.);
#4404=ORIENTED_EDGE('',*,*,#6707,.T.);
#4405=ORIENTED_EDGE('',*,*,#6708,.F.);
#4406=CARTESIAN_POINT('',(-13.8069979345305,-34.2866484506151,58.3760619502328));
#4407=DIRECTION('',(-2.65010235978025E-13,-1.0,0.0));
#4408=DIRECTION('',(-1.0,2.65010235978025E-13,0.0));
#4409=ORIENTED_EDGE('',*,*,#6127,.F.);
#4410=ORIENTED_EDGE('',*,*,#6708,.T.);
#4411=ORIENTED_EDGE('',*,*,#6709,.F.);
#4412=ORIENTED_EDGE('',*,*,#6710,.T.);
#4413=CARTESIAN_POINT('',(-1.556997934555,-33.6866484506183,58.3760619502328));
#4414=DIRECTION('',(0.0,0.0,-1.0));
#4415=DIRECTION('',(1.0,0.0,0.0));
#4416=ORIENTED_EDGE('',*,*,#6128,.F.);
#4417=ORIENTED_EDGE('',*,*,#6710,.F.);
#4418=ORIENTED_EDGE('',*,*,#6711,.F.);
#4419=ORIENTED_EDGE('',*,*,#6684,.T.);
#4420=CARTESIAN_POINT('',(-0.956997934553002,-31.0381803284263,58.3760619502328));
#4421=DIRECTION('',(1.0,-7.82817451441E-13,0.0));
#4422=DIRECTION('',(-7.82817451441E-13,-1.0,0.0));
#4423=ORIENTED_EDGE('',*,*,#6685,.T.);
#4424=ORIENTED_EDGE('',*,*,#6711,.T.);
#4425=ORIENTED_EDGE('',*,*,#6709,.T.);
#4426=ORIENTED_EDGE('',*,*,#6707,.F.);
#4427=ORIENTED_EDGE('',*,*,#6705,.T.);
#4428=ORIENTED_EDGE('',*,*,#6703,.F.);
#4429=ORIENTED_EDGE('',*,*,#6701,.T.);
#4430=ORIENTED_EDGE('',*,*,#6699,.T.);
#4431=ORIENTED_EDGE('',*,*,#6697,.T.);
#4432=ORIENTED_EDGE('',*,*,#6696,.T.);
#4433=ORIENTED_EDGE('',*,*,#6693,.F.);
#4434=ORIENTED_EDGE('',*,*,#6692,.T.);
#4435=ORIENTED_EDGE('',*,*,#6689,.T.);
#4436=ORIENTED_EDGE('',*,*,#6687,.T.);
#4437=CARTESIAN_POINT('',(-7.547073480149,-21.0456485486546,53.0260619502328));
#4438=DIRECTION('',(0.0,0.0,-1.0));
#4439=DIRECTION('',(0.0,-1.0,0.0));
#4440=ORIENTED_EDGE('',*,*,#6129,.F.);
#4441=ORIENTED_EDGE('',*,*,#6712,.F.);
#4442=ORIENTED_EDGE('',*,*,#6713,.F.);
#4443=ORIENTED_EDGE('',*,*,#6714,.T.);
#4444=CARTESIAN_POINT('',(-19.297073480149,-10.1956485486546,57.3760619502328));
#4445=DIRECTION('',(-1.0,0.0,0.0));
#4446=DIRECTION('',(0.0,0.0,1.0));
#4447=ORIENTED_EDGE('',*,*,#6130,.F.);
#4448=ORIENTED_EDGE('',*,*,#6714,.F.);
#4449=ORIENTED_EDGE('',*,*,#6715,.F.);
#4450=ORIENTED_EDGE('',*,*,#6716,.T.);
#4451=CARTESIAN_POINT('',(-19.297073480149,-13.6956485486546,57.3760619502328));
#4452=DIRECTION('',(0.0,-1.0,0.0));
#4453=DIRECTION('',(0.0,0.0,-1.0));
#4454=ORIENTED_EDGE('',*,*,#6131,.F.);
#4455=ORIENTED_EDGE('',*,*,#6716,.F.);
#4456=ORIENTED_EDGE('',*,*,#6717,.F.);
#4457=ORIENTED_EDGE('',*,*,#6718,.T.);
#4458=CARTESIAN_POINT('',(-18.622073480149,-13.6956485486546,57.3760619502328));
#4459=DIRECTION('',(-1.0,0.0,0.0));
#4460=DIRECTION('',(0.0,0.0,1.0));
#4461=ORIENTED_EDGE('',*,*,#6132,.F.);
#4462=ORIENTED_EDGE('',*,*,#6718,.F.);
#4463=ORIENTED_EDGE('',*,*,#6719,.F.);
#4464=ORIENTED_EDGE('',*,*,#6720,.T.);
#4465=CARTESIAN_POINT('',(-18.622073480149,-13.8456485486546,57.3760619502328));
#4466=DIRECTION('',(0.0,-1.0,0.0));
#4467=DIRECTION('',(0.0,0.0,-1.0));
#4468=ORIENTED_EDGE('',*,*,#6133,.F.);
#4469=ORIENTED_EDGE('',*,*,#6720,.F.);
#4470=ORIENTED_EDGE('',*,*,#6721,.F.);
#4471=ORIENTED_EDGE('',*,*,#6722,.T.);
#4472=CARTESIAN_POINT('',(-17.222073480149,-13.8456485486546,57.3760619502328));
#4473=DIRECTION('',(1.0,0.0,0.0));
#4474=DIRECTION('',(0.0,1.0,0.0));
#4475=ORIENTED_EDGE('',*,*,#6134,.F.);
#4476=ORIENTED_EDGE('',*,*,#6722,.F.);
#4477=ORIENTED_EDGE('',*,*,#6723,.F.);
#4478=ORIENTED_EDGE('',*,*,#6724,.T.);
#4479=CARTESIAN_POINT('',(-17.222073480149,-13.6956485486546,57.3760619502328));
#4480=DIRECTION('',(0.0,-1.0,0.0));
#4481=DIRECTION('',(0.0,0.0,-1.0));
#4482=ORIENTED_EDGE('',*,*,#6135,.F.);
#4483=ORIENTED_EDGE('',*,*,#6724,.F.);
#4484=ORIENTED_EDGE('',*,*,#6725,.F.);
#4485=ORIENTED_EDGE('',*,*,#6726,.T.);
#4486=CARTESIAN_POINT('',(-16.547073480149,-13.6956485486546,57.3760619502328));
#4487=DIRECTION('',(1.0,0.0,0.0));
#4488=DIRECTION('',(0.0,1.0,0.0));
#4489=ORIENTED_EDGE('',*,*,#6136,.T.);
#4490=ORIENTED_EDGE('',*,*,#6726,.F.);
#4491=ORIENTED_EDGE('',*,*,#6727,.F.);
#4492=ORIENTED_EDGE('',*,*,#6728,.T.);
#4493=CARTESIAN_POINT('',(-16.547073480149,-10.1956485486546,57.3760619502328));
#4494=DIRECTION('',(-0.0,1.0,0.0));
#4495=DIRECTION('',(1.0,0.0,0.0));
#4496=ORIENTED_EDGE('',*,*,#6137,.F.);
#4497=ORIENTED_EDGE('',*,*,#6728,.F.);
#4498=ORIENTED_EDGE('',*,*,#6729,.F.);
#4499=ORIENTED_EDGE('',*,*,#6730,.T.);
#4500=CARTESIAN_POINT('',(-17.222073480149,-10.1956485486546,57.3760619502328));
#4501=DIRECTION('',(1.0,0.0,0.0));
#4502=DIRECTION('',(0.0,1.0,0.0));
#4503=ORIENTED_EDGE('',*,*,#6138,.F.);
#4504=ORIENTED_EDGE('',*,*,#6730,.F.);
#4505=ORIENTED_EDGE('',*,*,#6731,.F.);
#4506=ORIENTED_EDGE('',*,*,#6732,.T.);
#4507=CARTESIAN_POINT('',(-17.222073480149,-10.0456485486546,57.3760619502328));
#4508=DIRECTION('',(-0.0,1.0,0.0));
#4509=DIRECTION('',(1.0,0.0,0.0));
#4510=ORIENTED_EDGE('',*,*,#6139,.F.);
#4511=ORIENTED_EDGE('',*,*,#6732,.F.);
#4512=ORIENTED_EDGE('',*,*,#6733,.F.);
#4513=ORIENTED_EDGE('',*,*,#6734,.T.);
#4514=CARTESIAN_POINT('',(-18.622073480149,-10.0456485486546,57.3760619502328));
#4515=DIRECTION('',(-1.0,0.0,0.0));
#4516=DIRECTION('',(0.0,0.0,1.0));
#4517=ORIENTED_EDGE('',*,*,#6140,.T.);
#4518=ORIENTED_EDGE('',*,*,#6734,.F.);
#4519=ORIENTED_EDGE('',*,*,#6735,.F.);
#4520=ORIENTED_EDGE('',*,*,#6712,.T.);
#4521=CARTESIAN_POINT('',(-18.622073480149,-10.1956485486546,57.3760619502328));
#4522=DIRECTION('',(-0.0,1.0,0.0));
#4523=DIRECTION('',(1.0,0.0,0.0));
#4524=ORIENTED_EDGE('',*,*,#6723,.T.);
#4525=ORIENTED_EDGE('',*,*,#6721,.T.);
#4526=ORIENTED_EDGE('',*,*,#6719,.T.);
#4527=ORIENTED_EDGE('',*,*,#6717,.T.);
#4528=ORIENTED_EDGE('',*,*,#6715,.T.);
#4529=ORIENTED_EDGE('',*,*,#6713,.T.);
#4530=ORIENTED_EDGE('',*,*,#6735,.T.);
#4531=ORIENTED_EDGE('',*,*,#6733,.T.);
#4532=ORIENTED_EDGE('',*,*,#6731,.T.);
#4533=ORIENTED_EDGE('',*,*,#6729,.T.);
#4534=ORIENTED_EDGE('',*,*,#6727,.T.);
#4535=ORIENTED_EDGE('',*,*,#6725,.T.);
#4536=CARTESIAN_POINT('',(-17.922073480149,-11.9456485486546,54.5760619502328));
#4537=DIRECTION('',(0.0,0.0,-1.0));
#4538=DIRECTION('',(0.0,-1.0,0.0));
#4539=ORIENTED_EDGE('',*,*,#6736,.F.);
#4540=ORIENTED_EDGE('',*,*,#6737,.F.);
#4541=ORIENTED_EDGE('',*,*,#6738,.T.);
#4542=ORIENTED_EDGE('',*,*,#6141,.T.);
#4543=CARTESIAN_POINT('',(-19.697073480149,-13.6956485486546,57.3760619502328));
#4544=DIRECTION('',(1.0,0.0,0.0));
#4545=DIRECTION('',(0.0,1.0,0.0));
#4546=ORIENTED_EDGE('',*,*,#6152,.T.);
#4547=ORIENTED_EDGE('',*,*,#6739,.T.);
#4548=ORIENTED_EDGE('',*,*,#6740,.F.);
#4549=ORIENTED_EDGE('',*,*,#6736,.T.);
#4550=CARTESIAN_POINT('',(-22.447073480149,-13.6956485486546,57.3760619502328));
#4551=DIRECTION('',(0.0,-1.0,0.0));
#4552=DIRECTION('',(0.0,0.0,-1.0));
#4553=ORIENTED_EDGE('',*,*,#6740,.T.);
#4554=ORIENTED_EDGE('',*,*,#6741,.T.);
#4555=ORIENTED_EDGE('',*,*,#6742,.T.);
#4556=ORIENTED_EDGE('',*,*,#6743,.T.);
#4557=ORIENTED_EDGE('',*,*,#6744,.T.);
#4558=ORIENTED_EDGE('',*,*,#6745,.F.);
#4559=ORIENTED_EDGE('',*,*,#6746,.T.);
#4560=ORIENTED_EDGE('',*,*,#6747,.T.);
#4561=ORIENTED_EDGE('',*,*,#6748,.T.);
#4562=ORIENTED_EDGE('',*,*,#6749,.T.);
#4563=ORIENTED_EDGE('',*,*,#6750,.T.);
#4564=ORIENTED_EDGE('',*,*,#6737,.T.);
#4565=CARTESIAN_POINT('',(-21.072073480149,-11.9456485486546,54.5760619502328));
#4566=DIRECTION('',(0.0,0.0,-1.0));
#4567=DIRECTION('',(0.0,-1.0,0.0));
#4568=ORIENTED_EDGE('',*,*,#6738,.F.);
#4569=ORIENTED_EDGE('',*,*,#6750,.F.);
#4570=ORIENTED_EDGE('',*,*,#6751,.T.);
#4571=ORIENTED_EDGE('',*,*,#6142,.T.);
#4572=CARTESIAN_POINT('',(-21.772073480149,-10.1956485486546,57.3760619502328));
#4573=DIRECTION('',(-0.0,1.0,0.0));
#4574=DIRECTION('',(1.0,0.0,0.0));
#4575=ORIENTED_EDGE('',*,*,#6143,.F.);
#4576=ORIENTED_EDGE('',*,*,#6751,.F.);
#4577=ORIENTED_EDGE('',*,*,#6749,.F.);
#4578=ORIENTED_EDGE('',*,*,#6752,.T.);
#4579=CARTESIAN_POINT('',(-20.372073480149,-13.8456485486546,57.3760619502328));
#4580=DIRECTION('',(1.0,0.0,0.0));
#4581=DIRECTION('',(0.0,1.0,0.0));
#4582=ORIENTED_EDGE('',*,*,#6144,.T.);
#4583=ORIENTED_EDGE('',*,*,#6752,.F.);
#4584=ORIENTED_EDGE('',*,*,#6748,.F.);
#4585=ORIENTED_EDGE('',*,*,#6753,.F.);
#4586=CARTESIAN_POINT('',(-20.372073480149,-10.0456485486546,57.3760619502328));
#4587=DIRECTION('',(-0.0,1.0,0.0));
#4588=DIRECTION('',(1.0,0.0,0.0));
#4589=ORIENTED_EDGE('',*,*,#6145,.T.);
#4590=ORIENTED_EDGE('',*,*,#6753,.T.);
#4591=ORIENTED_EDGE('',*,*,#6747,.F.);
#4592=ORIENTED_EDGE('',*,*,#6754,.F.);
#4593=CARTESIAN_POINT('',(-21.772073480149,-13.6956485486546,57.3760619502328));
#4594=DIRECTION('',(-1.0,0.0,0.0));
#4595=DIRECTION('',(0.0,0.0,1.0));
#4596=ORIENTED_EDGE('',*,*,#6146,.T.);
#4597=ORIENTED_EDGE('',*,*,#6754,.T.);
#4598=ORIENTED_EDGE('',*,*,#6746,.F.);
#4599=ORIENTED_EDGE('',*,*,#6755,.T.);
#4600=CARTESIAN_POINT('',(-21.772073480149,-10.1956485486546,57.3760619502328));
#4601=DIRECTION('',(-0.0,1.0,0.0));
#4602=DIRECTION('',(1.0,0.0,0.0));
#4603=ORIENTED_EDGE('',*,*,#6147,.F.);
#4604=ORIENTED_EDGE('',*,*,#6755,.F.);
#4605=ORIENTED_EDGE('',*,*,#6745,.T.);
#4606=ORIENTED_EDGE('',*,*,#6756,.T.);
#4607=CARTESIAN_POINT('',(-22.897073480149,-23.3456485486546,57.3760619502328));
#4608=DIRECTION('',(1.0,0.0,0.0));
#4609=DIRECTION('',(0.0,1.0,0.0));
#4610=ORIENTED_EDGE('',*,*,#6148,.T.);
#4611=ORIENTED_EDGE('',*,*,#6756,.F.);
#4612=ORIENTED_EDGE('',*,*,#6744,.F.);
#4613=ORIENTED_EDGE('',*,*,#6757,.T.);
#4614=CARTESIAN_POINT('',(-22.447073480149,-13.6956485486546,57.3760619502328));
#4615=DIRECTION('',(0.0,-1.0,0.0));
#4616=DIRECTION('',(0.0,0.0,-1.0));
#4617=ORIENTED_EDGE('',*,*,#6149,.T.);
#4618=ORIENTED_EDGE('',*,*,#6757,.F.);
#4619=ORIENTED_EDGE('',*,*,#6743,.F.);
#4620=ORIENTED_EDGE('',*,*,#6758,.T.);
#4621=CARTESIAN_POINT('',(-21.772073480149,-13.6956485486546,57.3760619502328));
#4622=DIRECTION('',(-1.0,0.0,0.0));
#4623=DIRECTION('',(0.0,0.0,1.0));
#4624=ORIENTED_EDGE('',*,*,#6150,.T.);
#4625=ORIENTED_EDGE('',*,*,#6758,.F.);
#4626=ORIENTED_EDGE('',*,*,#6742,.F.);
#4627=ORIENTED_EDGE('',*,*,#6759,.F.);
#4628=CARTESIAN_POINT('',(-21.772073480149,-13.8456485486546,57.3760619502328));
#4629=DIRECTION('',(0.0,-1.0,0.0));
#4630=DIRECTION('',(0.0,0.0,-1.0));
#4631=ORIENTED_EDGE('',*,*,#6151,.F.);
#4632=ORIENTED_EDGE('',*,*,#6759,.T.);
#4633=ORIENTED_EDGE('',*,*,#6741,.F.);
#4634=ORIENTED_EDGE('',*,*,#6739,.F.);
#4635=CARTESIAN_POINT('',(-20.372073480149,-13.8456485486546,57.3760619502328));
#4636=DIRECTION('',(1.0,0.0,0.0));
#4637=DIRECTION('',(0.0,1.0,0.0));
#4638=ORIENTED_EDGE('',*,*,#6760,.T.);
#4639=ORIENTED_EDGE('',*,*,#6761,.F.);
#4640=ORIENTED_EDGE('',*,*,#6153,.T.);
#4641=ORIENTED_EDGE('',*,*,#6762,.F.);
#4642=CARTESIAN_POINT('',(10.477926519851,-35.5456485486546,54.8760619502328));
#4643=DIRECTION('',(-0.0,1.0,0.0));
#4644=DIRECTION('',(1.0,0.0,0.0));
#4645=ORIENTED_EDGE('',*,*,#6760,.F.);
#4646=ORIENTED_EDGE('',*,*,#6763,.F.);
#4647=ORIENTED_EDGE('',*,*,#6764,.F.);
#4648=ORIENTED_EDGE('',*,*,#6765,.F.);
#4649=CARTESIAN_POINT('',(7.77792651985099,-35.5456485486546,54.8760619502328));
#4650=DIRECTION('',(0.0,0.0,1.0));
#4651=DIRECTION('',(1.0,0.0,0.0));
#4652=ORIENTED_EDGE('',*,*,#6766,.T.);
#4653=ORIENTED_EDGE('',*,*,#6767,.T.);
#4654=ORIENTED_EDGE('',*,*,#6765,.T.);
#4655=ORIENTED_EDGE('',*,*,#6768,.F.);
#4656=CARTESIAN_POINT('',(10.447926519851,-12.0,54.9060619502328));
#4657=DIRECTION('',(0.0,-1.0,0.0));
#4658=DIRECTION('',(1.0,0.0,0.0));
#4659=ORIENTED_EDGE('',*,*,#6769,.F.);
#4660=ORIENTED_EDGE('',*,*,#6766,.F.);
#4661=ORIENTED_EDGE('',*,*,#6770,.F.);
#4662=ORIENTED_EDGE('',*,*,#6155,.T.);
#4663=CARTESIAN_POINT('',(10.477926519851,-33.0456485486546,54.8760619502328));
#4664=DIRECTION('',(-1.0,0.0,0.0));
#4665=DIRECTION('',(0.0,0.0,1.0));
#4666=ORIENTED_EDGE('',*,*,#6769,.T.);
#4667=ORIENTED_EDGE('',*,*,#6154,.F.);
#4668=ORIENTED_EDGE('',*,*,#6761,.T.);
#4669=ORIENTED_EDGE('',*,*,#6767,.F.);
#4670=CARTESIAN_POINT('',(10.447926519851,-35.5156485486546,0.0));
#4671=DIRECTION('',(0.0,0.0,1.0));
#4672=DIRECTION('',(-1.0,0.0,0.0));
#4673=ORIENTED_EDGE('',*,*,#6768,.T.);
#4674=ORIENTED_EDGE('',*,*,#6771,.T.);
#4675=ORIENTED_EDGE('',*,*,#6156,.F.);
#4676=ORIENTED_EDGE('',*,*,#6770,.T.);
#4677=CARTESIAN_POINT('',(10.447926519851,-33.0756485486546,0.0));
#4678=DIRECTION('',(0.0,0.0,-1.0));
#4679=DIRECTION('',(1.0,0.0,0.0));
#4680=ORIENTED_EDGE('',*,*,#6157,.T.);
#4681=ORIENTED_EDGE('',*,*,#6771,.F.);
#4682=ORIENTED_EDGE('',*,*,#6764,.T.);
#4683=ORIENTED_EDGE('',*,*,#6772,.F.);
#4684=CARTESIAN_POINT('',(10.477926519851,-33.0456485486546,54.8760619502328));
#4685=DIRECTION('',(0.0,-1.0,0.0));
#4686=DIRECTION('',(0.0,0.0,-1.0));
#4687=ORIENTED_EDGE('',*,*,#6772,.T.);
#4688=ORIENTED_EDGE('',*,*,#6773,.F.);
#4689=ORIENTED_EDGE('',*,*,#6774,.T.);
#4690=ORIENTED_EDGE('',*,*,#6158,.F.);
#4691=CARTESIAN_POINT('',(7.30792651985099,-33.0756485486546,0.0));
#4692=DIRECTION('',(0.0,0.0,1.0));
#4693=DIRECTION('',(-1.0,0.0,0.0));
#4694=ORIENTED_EDGE('',*,*,#6775,.F.);
#4695=ORIENTED_EDGE('',*,*,#6776,.F.);
#4696=ORIENTED_EDGE('',*,*,#6159,.T.);
#4697=ORIENTED_EDGE('',*,*,#6774,.F.);
#4698=CARTESIAN_POINT('',(7.27792651985099,-33.0456485486546,54.8760619502328));
#4699=DIRECTION('',(1.0,0.0,0.0));
#4700=DIRECTION('',(0.0,1.0,0.0));
#4701=ORIENTED_EDGE('',*,*,#6775,.T.);
#4702=ORIENTED_EDGE('',*,*,#6773,.T.);
#4703=ORIENTED_EDGE('',*,*,#6763,.T.);
#4704=ORIENTED_EDGE('',*,*,#6777,.F.);
#4705=CARTESIAN_POINT('',(7.30792651985099,-12.0,54.9060619502328));
#4706=DIRECTION('',(0.0,1.0,0.0));
#4707=DIRECTION('',(-1.0,0.0,0.0));
#4708=ORIENTED_EDGE('',*,*,#6776,.T.);
#4709=ORIENTED_EDGE('',*,*,#6777,.T.);
#4710=ORIENTED_EDGE('',*,*,#6762,.T.);
#4711=ORIENTED_EDGE('',*,*,#6160,.F.);
#4712=CARTESIAN_POINT('',(7.30792651985099,-35.5156485486546,0.0));
#4713=DIRECTION('',(0.0,0.0,-1.0));
#4714=DIRECTION('',(1.0,0.0,0.0));
#4715=ORIENTED_EDGE('',*,*,#6161,.F.);
#4716=ORIENTED_EDGE('',*,*,#6778,.F.);
#4717=ORIENTED_EDGE('',*,*,#6779,.F.);
#4718=ORIENTED_EDGE('',*,*,#6780,.T.);
#4719=ORIENTED_EDGE('',*,*,#6781,.F.);
#4720=ORIENTED_EDGE('',*,*,#6782,.T.);
#4721=ORIENTED_EDGE('',*,*,#6783,.F.);
#4722=ORIENTED_EDGE('',*,*,#6784,.T.);
#4723=CARTESIAN_POINT('',(26.687926519851,-6.3656485486546,55.1560619502328));
#4724=DIRECTION('',(0.0,0.0,-1.0));
#4725=DIRECTION('',(-0.0749787268263269,0.997185133525116,0.0));
#4726=ORIENTED_EDGE('',*,*,#6785,.T.);
#4727=ORIENTED_EDGE('',*,*,#6786,.T.);
#4728=ORIENTED_EDGE('',*,*,#6787,.T.);
#4729=ORIENTED_EDGE('',*,*,#6783,.T.);
#4730=ORIENTED_EDGE('',*,*,#6788,.T.);
#4731=ORIENTED_EDGE('',*,*,#6789,.T.);
#4732=CARTESIAN_POINT('',(-24.7879431046771,-10.3551268409932,52.0260619502328));
#4733=DIRECTION('',(0.0,0.0,1.0));
#4734=DIRECTION('',(1.0,0.0,0.0));
#4735=ORIENTED_EDGE('',*,*,#6790,.F.);
#4736=ORIENTED_EDGE('',*,*,#6791,.F.);
#4737=ORIENTED_EDGE('',*,*,#6789,.F.);
#4738=ORIENTED_EDGE('',*,*,#6792,.F.);
#4739=ORIENTED_EDGE('',*,*,#6793,.T.);
#4740=CARTESIAN_POINT('',(26.687926519851,-6.3656485486546,54.9780619502328));
#4741=DIRECTION('',(0.0,0.0,1.0));
#4742=DIRECTION('',(-0.0749787268263269,0.997185133525116,0.0));
#4743=ORIENTED_EDGE('',*,*,#6794,.T.);
#4744=ORIENTED_EDGE('',*,*,#6779,.T.);
#4745=ORIENTED_EDGE('',*,*,#6795,.T.);
#4746=ORIENTED_EDGE('',*,*,#6796,.T.);
#4747=ORIENTED_EDGE('',*,*,#6797,.T.);
#4748=ORIENTED_EDGE('',*,*,#6792,.T.);
#4749=CARTESIAN_POINT('',(-24.7879431046771,-10.3551268409932,52.0260619502328));
#4750=DIRECTION('',(0.0,0.0,1.0));
#4751=DIRECTION('',(1.0,0.0,0.0));
#4752=ORIENTED_EDGE('',*,*,#6788,.F.);
#4753=ORIENTED_EDGE('',*,*,#6782,.F.);
#4754=ORIENTED_EDGE('',*,*,#6798,.F.);
#4755=ORIENTED_EDGE('',*,*,#6780,.F.);
#4756=ORIENTED_EDGE('',*,*,#6794,.F.);
#4757=CARTESIAN_POINT('',(27.233211322942,-3.48149580328398,53.2960619502328));
#4758=DIRECTION('',(0.997185133525116,0.0749787268263269,0.0));
#4759=DIRECTION('',(0.0,0.0,-1.0));
#4760=ORIENTED_EDGE('',*,*,#6781,.T.);
#4761=ORIENTED_EDGE('',*,*,#6798,.T.);
#4762=CARTESIAN_POINT('',(-25.3585548970554,-10.2693719571875,52.5260619502328));
#4763=DIRECTION('',(0.0,0.0,-1.0));
#4764=DIRECTION('',(0.0,-1.0,0.0));
#4765=ORIENTED_EDGE('',*,*,#6553,.T.);
#4766=ORIENTED_EDGE('',*,*,#6799,.T.);
#4767=CARTESIAN_POINT('',(-24.0415182705961,-25.3460292336644,48.3360619502328));
#4768=DIRECTION('',(0.0,0.0,-1.0));
#4769=DIRECTION('',(0.0,-1.0,0.0));
#4770=ORIENTED_EDGE('',*,*,#6790,.T.);
#4771=ORIENTED_EDGE('',*,*,#6800,.F.);
#4772=ORIENTED_EDGE('',*,*,#6801,.F.);
#4773=ORIENTED_EDGE('',*,*,#6802,.T.);
#4774=CARTESIAN_POINT('',(26.687926519851,-6.3656485486546,49.0860619502328));
#4775=DIRECTION('',(0.0,0.0,-1.0));
#4776=DIRECTION('',(-0.0749787268263149,0.997185133525117,0.0));
#4777=ORIENTED_EDGE('',*,*,#6511,.F.);
#4778=ORIENTED_EDGE('',*,*,#6803,.T.);
#4779=ORIENTED_EDGE('',*,*,#6804,.F.);
#4780=ORIENTED_EDGE('',*,*,#6805,.F.);
#4781=CARTESIAN_POINT('',(-24.112073480149,-17.7956485486546,55.1980619502328));
#4782=DIRECTION('',(0.0,-0.0,1.0));
#4783=DIRECTION('',(0.997185133525116,0.0749787268263269,0.0));
#4784=ORIENTED_EDGE('',*,*,#6806,.T.);
#4785=ORIENTED_EDGE('',*,*,#6801,.T.);
#4786=CARTESIAN_POINT('',(26.618307204861,-6.29509333910173,48.3360619502328));
#4787=DIRECTION('',(0.0,0.0,-1.0));
#4788=DIRECTION('',(0.0,-1.0,0.0));
#4789=ORIENTED_EDGE('',*,*,#6796,.F.);
#4790=ORIENTED_EDGE('',*,*,#6807,.F.);
#4791=ORIENTED_EDGE('',*,*,#6808,.F.);
#4792=ORIENTED_EDGE('',*,*,#6809,.F.);
#4793=ORIENTED_EDGE('',*,*,#6786,.F.);
#4794=CARTESIAN_POINT('',(25.717489919984,-3.59546346806,52.7060619502328));
#4795=DIRECTION('',(-0.997185133525116,-0.0749787268263269,0.0));
#4796=DIRECTION('',(-0.0749787268263269,0.997185133525116,0.0));
#4797=ORIENTED_EDGE('',*,*,#6022,.F.);
#4798=ORIENTED_EDGE('',*,*,#6465,.T.);
#4799=ORIENTED_EDGE('',*,*,#6810,.F.);
#4800=ORIENTED_EDGE('',*,*,#6811,.F.);
#4801=CARTESIAN_POINT('',(28.327926519851,-2.66167395243904,56.3760619502328));
#4802=DIRECTION('',(-0.5,-0.866025403784439,0.0));
#4803=DIRECTION('',(-0.866025403784439,0.5,0.0));
#4804=ORIENTED_EDGE('',*,*,#6812,.T.);
#4805=ORIENTED_EDGE('',*,*,#6808,.T.);
#4806=CARTESIAN_POINT('',(-25.3585548970554,-10.2693719571875,52.5260619502328));
#4807=DIRECTION('',(0.0,0.0,-1.0));
#4808=DIRECTION('',(0.0,-1.0,0.0));
#4809=ORIENTED_EDGE('',*,*,#6813,.F.);
#4810=ORIENTED_EDGE('',*,*,#6814,.T.);
#4811=ORIENTED_EDGE('',*,*,#6164,.F.);
#4812=ORIENTED_EDGE('',*,*,#6815,.F.);
#4813=ORIENTED_EDGE('',*,*,#6816,.F.);
#4814=ORIENTED_EDGE('',*,*,#6817,.T.);
#4815=ORIENTED_EDGE('',*,*,#6818,.F.);
#4816=ORIENTED_EDGE('',*,*,#6819,.T.);
#4817=CARTESIAN_POINT('',(26.687926519851,-10.1756485486546,55.1560619502328));
#4818=DIRECTION('',(0.0,0.0,-1.0));
#4819=DIRECTION('',(-0.0749787268263269,0.997185133525116,0.0));
#4820=ORIENTED_EDGE('',*,*,#6556,.F.);
#4821=ORIENTED_EDGE('',*,*,#6535,.T.);
#4822=ORIENTED_EDGE('',*,*,#6820,.F.);
#4823=ORIENTED_EDGE('',*,*,#6334,.F.);
#4824=CARTESIAN_POINT('',(28.327926519851,-0.929623144870199,56.3760619502328));
#4825=DIRECTION('',(0.5,0.866025403784439,0.0));
#4826=DIRECTION('',(0.0,0.0,-1.0));
#4827=ORIENTED_EDGE('',*,*,#6821,.T.);
#4828=ORIENTED_EDGE('',*,*,#6816,.T.);
#4829=ORIENTED_EDGE('',*,*,#6822,.T.);
#4830=ORIENTED_EDGE('',*,*,#6823,.T.);
#4831=ORIENTED_EDGE('',*,*,#6824,.T.);
#4832=ORIENTED_EDGE('',*,*,#6825,.T.);
#4833=CARTESIAN_POINT('',(-24.7879431046771,-14.1651268409932,52.0260619502328));
#4834=DIRECTION('',(0.0,0.0,1.0));
#4835=DIRECTION('',(1.0,0.0,0.0));
#4836=ORIENTED_EDGE('',*,*,#6826,.F.);
#4837=ORIENTED_EDGE('',*,*,#6819,.F.);
#4838=ORIENTED_EDGE('',*,*,#6827,.F.);
#4839=ORIENTED_EDGE('',*,*,#6817,.F.);
#4840=ORIENTED_EDGE('',*,*,#6821,.F.);
#4841=CARTESIAN_POINT('',(27.233211322942,-7.29149580328398,53.2960619502328));
#4842=DIRECTION('',(0.997185133525116,0.0749787268263269,0.0));
#4843=DIRECTION('',(0.0,0.0,-1.0));
#4844=ORIENTED_EDGE('',*,*,#6828,.T.);
#4845=ORIENTED_EDGE('',*,*,#6829,.T.);
#4846=ORIENTED_EDGE('',*,*,#6830,.T.);
#4847=ORIENTED_EDGE('',*,*,#6813,.T.);
#4848=ORIENTED_EDGE('',*,*,#6826,.T.);
#4849=ORIENTED_EDGE('',*,*,#6831,.T.);
#4850=CARTESIAN_POINT('',(-24.7879431046771,-14.1651268409932,52.0260619502328));
#4851=DIRECTION('',(0.0,0.0,1.0));
#4852=DIRECTION('',(1.0,0.0,0.0));
#4853=ORIENTED_EDGE('',*,*,#6832,.F.);
#4854=ORIENTED_EDGE('',*,*,#6833,.F.);
#4855=ORIENTED_EDGE('',*,*,#6824,.F.);
#4856=ORIENTED_EDGE('',*,*,#6828,.F.);
#4857=ORIENTED_EDGE('',*,*,#6834,.T.);
#4858=CARTESIAN_POINT('',(26.687926519851,-10.1756485486546,54.9780619502328));
#4859=DIRECTION('',(0.0,0.0,1.0));
#4860=DIRECTION('',(-0.0749787268263269,0.997185133525116,0.0));
#4861=ORIENTED_EDGE('',*,*,#6832,.T.);
#4862=ORIENTED_EDGE('',*,*,#6835,.F.);
#4863=ORIENTED_EDGE('',*,*,#6836,.F.);
#4864=ORIENTED_EDGE('',*,*,#6837,.T.);
#4865=CARTESIAN_POINT('',(26.687926519851,-10.1756485486546,49.0860619502328));
#4866=DIRECTION('',(0.0,0.0,-1.0));
#4867=DIRECTION('',(-0.0749787268263149,0.997185133525117,0.0));
#4868=ORIENTED_EDGE('',*,*,#6557,.T.);
#4869=ORIENTED_EDGE('',*,*,#6471,.T.);
#4870=ORIENTED_EDGE('',*,*,#6838,.T.);
#4871=CARTESIAN_POINT('',(-25.3585548970554,-25.5093719571875,52.5260619502328));
#4872=DIRECTION('',(0.0,0.0,-1.0));
#4873=DIRECTION('',(0.0,-1.0,0.0));
#4874=ORIENTED_EDGE('',*,*,#6839,.T.);
#4875=ORIENTED_EDGE('',*,*,#6836,.T.);
#4876=CARTESIAN_POINT('',(26.618307204861,-10.1050933391017,48.3360619502328));
#4877=DIRECTION('',(0.0,0.0,-1.0));
#4878=DIRECTION('',(0.0,-1.0,0.0));
#4879=ORIENTED_EDGE('',*,*,#6840,.T.);
#4880=ORIENTED_EDGE('',*,*,#6546,.F.);
#4881=ORIENTED_EDGE('',*,*,#6214,.T.);
#4882=CARTESIAN_POINT('',(-25.3585548970554,-17.8893719571875,52.5260619502328));
#4883=DIRECTION('',(0.0,0.0,-1.0));
#4884=DIRECTION('',(0.0,-1.0,0.0));
#4885=ORIENTED_EDGE('',*,*,#6823,.F.);
#4886=ORIENTED_EDGE('',*,*,#6841,.F.);
#4887=ORIENTED_EDGE('',*,*,#6842,.F.);
#4888=ORIENTED_EDGE('',*,*,#6843,.F.);
#4889=ORIENTED_EDGE('',*,*,#6829,.F.);
#4890=CARTESIAN_POINT('',(25.717489919984,-7.40546346806,52.7060619502328));
#4891=DIRECTION('',(-0.997185133525116,-0.0749787268263269,0.0));
#4892=DIRECTION('',(-0.0749787268263269,0.997185133525116,0.0));
#4893=ORIENTED_EDGE('',*,*,#6844,.T.);
#4894=ORIENTED_EDGE('',*,*,#6842,.T.);
#4895=CARTESIAN_POINT('',(-25.3585548970554,-14.0793719571875,52.5260619502328));
#4896=DIRECTION('',(0.0,0.0,-1.0));
#4897=DIRECTION('',(0.0,-1.0,0.0));
#4898=ORIENTED_EDGE('',*,*,#6818,.T.);
#4899=ORIENTED_EDGE('',*,*,#6827,.T.);
#4900=CARTESIAN_POINT('',(-25.3585548970554,-14.0793719571875,52.5260619502328));
#4901=DIRECTION('',(0.0,0.0,-1.0));
#4902=DIRECTION('',(0.0,-1.0,0.0));
#4903=ORIENTED_EDGE('',*,*,#6165,.F.);
#4904=ORIENTED_EDGE('',*,*,#6845,.F.);
#4905=ORIENTED_EDGE('',*,*,#6846,.F.);
#4906=ORIENTED_EDGE('',*,*,#6847,.T.);
#4907=ORIENTED_EDGE('',*,*,#6848,.F.);
#4908=ORIENTED_EDGE('',*,*,#6849,.T.);
#4909=ORIENTED_EDGE('',*,*,#6850,.F.);
#4910=ORIENTED_EDGE('',*,*,#6851,.T.);
#4911=CARTESIAN_POINT('',(-24.112073480149,-10.1756485486546,55.3760619502328));
#4912=DIRECTION('',(0.0,0.0,-1.0));
#4913=DIRECTION('',(0.997185133525116,0.0749787268263269,0.0));
#4914=ORIENTED_EDGE('',*,*,#6852,.T.);
#4915=ORIENTED_EDGE('',*,*,#6853,.T.);
#4916=CARTESIAN_POINT('',(-24.0415182705961,-17.7260292336644,48.3360619502328));
#4917=DIRECTION('',(0.0,0.0,-1.0));
#4918=DIRECTION('',(0.0,-1.0,0.0));
#4919=ORIENTED_EDGE('',*,*,#6854,.T.);
#4920=ORIENTED_EDGE('',*,*,#6855,.F.);
#4921=ORIENTED_EDGE('',*,*,#6846,.T.);
#4922=CARTESIAN_POINT('',(-25.3585548970554,-10.2693719571875,52.5260619502328));
#4923=DIRECTION('',(0.0,0.0,-1.0));
#4924=DIRECTION('',(0.0,-1.0,0.0));
#4925=ORIENTED_EDGE('',*,*,#6856,.F.);
#4926=ORIENTED_EDGE('',*,*,#6847,.F.);
#4927=ORIENTED_EDGE('',*,*,#6855,.T.);
#4928=ORIENTED_EDGE('',*,*,#6857,.F.);
#4929=ORIENTED_EDGE('',*,*,#6858,.T.);
#4930=CARTESIAN_POINT('',(-24.6186435279798,-10.2137377418824,53.2980619502328));
#4931=DIRECTION('',(-0.997185133525116,-0.0749787268263269,0.0));
#4932=DIRECTION('',(-0.0749787268263269,0.997185133525116,0.0));
#4933=ORIENTED_EDGE('',*,*,#6859,.T.);
#4934=ORIENTED_EDGE('',*,*,#6860,.T.);
#4935=ORIENTED_EDGE('',*,*,#6848,.T.);
#4936=ORIENTED_EDGE('',*,*,#6856,.T.);
#4937=CARTESIAN_POINT('',(-24.7879431046771,-10.3551268409932,52.0260619502328));
#4938=DIRECTION('',(0.0,0.0,1.0));
#4939=DIRECTION('',(1.0,0.0,0.0));
#4940=ORIENTED_EDGE('',*,*,#6859,.F.);
#4941=ORIENTED_EDGE('',*,*,#6861,.T.);
#4942=ORIENTED_EDGE('',*,*,#6862,.F.);
#4943=ORIENTED_EDGE('',*,*,#6863,.F.);
#4944=CARTESIAN_POINT('',(-24.112073480149,-10.1756485486546,55.1980619502328));
#4945=DIRECTION('',(0.0,-0.0,1.0));
#4946=DIRECTION('',(0.997185133525116,0.0749787268263269,0.0));
#4947=ORIENTED_EDGE('',*,*,#6862,.T.);
#4948=ORIENTED_EDGE('',*,*,#6864,.F.);
#4949=ORIENTED_EDGE('',*,*,#6865,.F.);
#4950=ORIENTED_EDGE('',*,*,#6866,.T.);
#4951=CARTESIAN_POINT('',(-24.112073480149,-10.1756485486546,48.8360619502328));
#4952=DIRECTION('',(0.0,0.0,-1.0));
#4953=DIRECTION('',(0.997185133525116,0.0749787268263275,0.0));
#4954=ORIENTED_EDGE('',*,*,#6519,.T.);
#4955=ORIENTED_EDGE('',*,*,#6473,.T.);
#4956=ORIENTED_EDGE('',*,*,#6560,.T.);
#4957=ORIENTED_EDGE('',*,*,#6523,.T.);
#4958=CARTESIAN_POINT('',(-24.7879431046771,-25.5951268409932,52.0260619502328));
#4959=DIRECTION('',(0.0,0.0,1.0));
#4960=DIRECTION('',(1.0,0.0,0.0));
#4961=ORIENTED_EDGE('',*,*,#6527,.F.);
#4962=ORIENTED_EDGE('',*,*,#6867,.T.);
#4963=ORIENTED_EDGE('',*,*,#6469,.F.);
#4964=ORIENTED_EDGE('',*,*,#6868,.T.);
#4965=CARTESIAN_POINT('',(-24.7879431046771,-25.5951268409932,52.0260619502328));
#4966=DIRECTION('',(0.0,0.0,1.0));
#4967=DIRECTION('',(1.0,0.0,0.0));
#4968=ORIENTED_EDGE('',*,*,#6858,.F.);
#4969=ORIENTED_EDGE('',*,*,#6869,.T.);
#4970=ORIENTED_EDGE('',*,*,#6870,.F.);
#4971=ORIENTED_EDGE('',*,*,#6871,.T.);
#4972=CARTESIAN_POINT('',(-24.7879431046771,-10.3551268409932,52.0260619502328));
#4973=DIRECTION('',(0.0,0.0,1.0));
#4974=DIRECTION('',(1.0,0.0,0.0));
#4975=ORIENTED_EDGE('',*,*,#6870,.T.);
#4976=ORIENTED_EDGE('',*,*,#6872,.F.);
#4977=ORIENTED_EDGE('',*,*,#6873,.F.);
#4978=ORIENTED_EDGE('',*,*,#6849,.F.);
#4979=ORIENTED_EDGE('',*,*,#6860,.F.);
#4980=CARTESIAN_POINT('',(-23.6055034323182,-10.1375593554268,51.8960619502328));
#4981=DIRECTION('',(0.997185133525116,0.0749787268263269,0.0));
#4982=DIRECTION('',(0.0,0.0,-1.0));
#4983=ORIENTED_EDGE('',*,*,#6850,.T.);
#4984=ORIENTED_EDGE('',*,*,#6873,.T.);
#4985=ORIENTED_EDGE('',*,*,#6874,.T.);
#4986=CARTESIAN_POINT('',(-25.3585548970554,-10.2693719571875,52.5260619502328));
#4987=DIRECTION('',(0.0,0.0,-1.0));
#4988=DIRECTION('',(0.0,-1.0,0.0));
#4989=ORIENTED_EDGE('',*,*,#6875,.T.);
#4990=ORIENTED_EDGE('',*,*,#6865,.T.);
#4991=CARTESIAN_POINT('',(-24.0415182705961,-10.1060292336645,48.3360619502328));
#4992=DIRECTION('',(0.0,0.0,-1.0));
#4993=DIRECTION('',(0.0,-1.0,0.0));
#4994=ORIENTED_EDGE('',*,*,#6876,.F.);
#4995=ORIENTED_EDGE('',*,*,#6877,.T.);
#4996=ORIENTED_EDGE('',*,*,#6167,.F.);
#4997=ORIENTED_EDGE('',*,*,#6878,.F.);
#4998=ORIENTED_EDGE('',*,*,#6879,.F.);
#4999=ORIENTED_EDGE('',*,*,#6880,.T.);
#5000=ORIENTED_EDGE('',*,*,#6881,.F.);
#5001=ORIENTED_EDGE('',*,*,#6882,.T.);
#5002=CARTESIAN_POINT('',(26.687926519851,-25.4156485486546,55.1560619502328));
#5003=DIRECTION('',(0.0,0.0,-1.0));
#5004=DIRECTION('',(-0.0749787268263269,0.997185133525116,0.0));
#5005=ORIENTED_EDGE('',*,*,#6335,.T.);
#5006=ORIENTED_EDGE('',*,*,#6820,.T.);
#5007=ORIENTED_EDGE('',*,*,#6534,.T.);
#5008=ORIENTED_EDGE('',*,*,#6883,.T.);
#5009=ORIENTED_EDGE('',*,*,#6810,.T.);
#5010=ORIENTED_EDGE('',*,*,#6464,.T.);
#5011=CARTESIAN_POINT('',(25.877926519851,-13.2456485486546,55.8760619502328));
#5012=DIRECTION('',(0.0,0.0,-1.0));
#5013=DIRECTION('',(0.0,-1.0,0.0));
#5014=ORIENTED_EDGE('',*,*,#6884,.T.);
#5015=ORIENTED_EDGE('',*,*,#6885,.T.);
#5016=ORIENTED_EDGE('',*,*,#6879,.T.);
#5017=ORIENTED_EDGE('',*,*,#6886,.T.);
#5018=ORIENTED_EDGE('',*,*,#6887,.T.);
#5019=ORIENTED_EDGE('',*,*,#6888,.T.);
#5020=CARTESIAN_POINT('',(-24.7879431046771,-29.4051268409932,52.0260619502328));
#5021=DIRECTION('',(0.0,0.0,1.0));
#5022=DIRECTION('',(1.0,0.0,0.0));
#5023=ORIENTED_EDGE('',*,*,#6884,.F.);
#5024=ORIENTED_EDGE('',*,*,#6889,.T.);
#5025=ORIENTED_EDGE('',*,*,#6890,.F.);
#5026=ORIENTED_EDGE('',*,*,#6891,.F.);
#5027=ORIENTED_EDGE('',*,*,#6892,.F.);
#5028=CARTESIAN_POINT('',(26.687926519851,-25.4156485486546,54.9780619502328));
#5029=DIRECTION('',(0.0,0.0,1.0));
#5030=DIRECTION('',(-0.0749787268263269,0.997185133525116,0.0));
#5031=ORIENTED_EDGE('',*,*,#6002,.T.);
#5032=ORIENTED_EDGE('',*,*,#6026,.F.);
#5033=ORIENTED_EDGE('',*,*,#6463,.F.);
#5034=CARTESIAN_POINT('',(28.327926519851,-1.7956485486546,54.6081127578017));
#5035=DIRECTION('',(-0.0,-0.0,-1.0));
#5036=DIRECTION('',(1.0,0.0,0.0));
#5037=ORIENTED_EDGE('',*,*,#6893,.T.);
#5038=ORIENTED_EDGE('',*,*,#6894,.F.);
#5039=ORIENTED_EDGE('',*,*,#6895,.F.);
#5040=ORIENTED_EDGE('',*,*,#6896,.T.);
#5041=CARTESIAN_POINT('',(26.687926519851,-25.4156485486546,49.0860619502328));
#5042=DIRECTION('',(0.0,0.0,-1.0));
#5043=DIRECTION('',(-0.0749787268263149,0.997185133525117,0.0));
#5044=ORIENTED_EDGE('',*,*,#6897,.T.);
#5045=ORIENTED_EDGE('',*,*,#6898,.F.);
#5046=ORIENTED_EDGE('',*,*,#6852,.F.);
#5047=ORIENTED_EDGE('',*,*,#6899,.T.);
#5048=CARTESIAN_POINT('',(-24.112073480149,-17.7956485486546,48.8360619502328));
#5049=DIRECTION('',(0.0,0.0,-1.0));
#5050=DIRECTION('',(0.997185133525116,0.0749787268263271,0.0));
#5051=ORIENTED_EDGE('',*,*,#6900,.T.);
#5052=ORIENTED_EDGE('',*,*,#6895,.T.);
#5053=CARTESIAN_POINT('',(26.618307204861,-25.3450933391017,48.3360619502328));
#5054=DIRECTION('',(0.0,0.0,-1.0));
#5055=DIRECTION('',(0.0,-1.0,0.0));
#5056=ORIENTED_EDGE('',*,*,#6901,.T.);
#5057=ORIENTED_EDGE('',*,*,#6902,.T.);
#5058=ORIENTED_EDGE('',*,*,#6876,.T.);
#5059=ORIENTED_EDGE('',*,*,#6903,.T.);
#5060=ORIENTED_EDGE('',*,*,#6892,.T.);
#5061=ORIENTED_EDGE('',*,*,#6904,.T.);
#5062=CARTESIAN_POINT('',(-24.7879431046771,-29.4051268409932,52.0260619502328));
#5063=DIRECTION('',(0.0,0.0,1.0));
#5064=DIRECTION('',(1.0,0.0,0.0));
#5065=ORIENTED_EDGE('',*,*,#6887,.F.);
#5066=ORIENTED_EDGE('',*,*,#6905,.F.);
#5067=ORIENTED_EDGE('',*,*,#6906,.F.);
#5068=ORIENTED_EDGE('',*,*,#6907,.F.);
#5069=ORIENTED_EDGE('',*,*,#6901,.F.);
#5070=CARTESIAN_POINT('',(27.233211322942,-22.531495803284,53.2960619502328));
#5071=DIRECTION('',(0.997185133525116,0.0749787268263269,0.0));
#5072=DIRECTION('',(0.0,0.0,-1.0));
#5073=ORIENTED_EDGE('',*,*,#6908,.T.);
#5074=ORIENTED_EDGE('',*,*,#6906,.T.);
#5075=CARTESIAN_POINT('',(-25.3585548970554,-29.3193719571875,52.5260619502328));
#5076=DIRECTION('',(0.0,0.0,-1.0));
#5077=DIRECTION('',(0.0,-1.0,0.0));
#5078=ORIENTED_EDGE('',*,*,#6903,.F.);
#5079=ORIENTED_EDGE('',*,*,#6882,.F.);
#5080=ORIENTED_EDGE('',*,*,#6909,.F.);
#5081=ORIENTED_EDGE('',*,*,#6880,.F.);
#5082=ORIENTED_EDGE('',*,*,#6885,.F.);
#5083=CARTESIAN_POINT('',(25.717489919984,-22.64546346806,52.7060619502328));
#5084=DIRECTION('',(-0.997185133525116,-0.0749787268263269,0.0));
#5085=DIRECTION('',(-0.0749787268263269,0.997185133525116,0.0));
#5086=ORIENTED_EDGE('',*,*,#6881,.T.);
#5087=ORIENTED_EDGE('',*,*,#6909,.T.);
#5088=CARTESIAN_POINT('',(-25.3585548970554,-29.3193719571875,52.5260619502328));
#5089=DIRECTION('',(0.0,0.0,-1.0));
#5090=DIRECTION('',(0.0,-1.0,0.0));
#5091=ORIENTED_EDGE('',*,*,#6910,.F.);
#5092=ORIENTED_EDGE('',*,*,#6911,.T.);
#5093=ORIENTED_EDGE('',*,*,#6169,.F.);
#5094=ORIENTED_EDGE('',*,*,#6912,.F.);
#5095=ORIENTED_EDGE('',*,*,#6913,.F.);
#5096=ORIENTED_EDGE('',*,*,#6914,.T.);
#5097=ORIENTED_EDGE('',*,*,#6586,.F.);
#5098=ORIENTED_EDGE('',*,*,#6915,.T.);
#5099=CARTESIAN_POINT('',(26.687926519851,-29.2256485486546,55.1560619502328));
#5100=DIRECTION('',(0.0,0.0,-1.0));
#5101=DIRECTION('',(-0.0749787268263269,0.997185133525116,0.0));
#5102=ORIENTED_EDGE('',*,*,#6218,.T.);
#5103=ORIENTED_EDGE('',*,*,#6916,.T.);
#5104=ORIENTED_EDGE('',*,*,#6917,.T.);
#5105=CARTESIAN_POINT('',(-25.3585548970554,-17.8893719571875,52.5260619502328));
#5106=DIRECTION('',(0.0,0.0,-1.0));
#5107=DIRECTION('',(0.0,-1.0,0.0));
#5108=ORIENTED_EDGE('',*,*,#6918,.T.);
#5109=ORIENTED_EDGE('',*,*,#6919,.T.);
#5110=ORIENTED_EDGE('',*,*,#6913,.T.);
#5111=ORIENTED_EDGE('',*,*,#6920,.T.);
#5112=ORIENTED_EDGE('',*,*,#6921,.T.);
#5113=ORIENTED_EDGE('',*,*,#6922,.T.);
#5114=CARTESIAN_POINT('',(-24.7879431046771,-33.2151268409932,52.0260619502328));
#5115=DIRECTION('',(0.0,0.0,1.0));
#5116=DIRECTION('',(1.0,0.0,0.0));
#5117=ORIENTED_EDGE('',*,*,#6918,.F.);
#5118=ORIENTED_EDGE('',*,*,#6923,.T.);
#5119=ORIENTED_EDGE('',*,*,#6924,.F.);
#5120=ORIENTED_EDGE('',*,*,#6925,.F.);
#5121=ORIENTED_EDGE('',*,*,#6926,.F.);
#5122=CARTESIAN_POINT('',(26.687926519851,-29.2256485486546,54.9780619502328));
#5123=DIRECTION('',(0.0,0.0,1.0));
#5124=DIRECTION('',(-0.0749787268263269,0.997185133525116,0.0));
#5125=ORIENTED_EDGE('',*,*,#6927,.T.);
#5126=ORIENTED_EDGE('',*,*,#6928,.T.);
#5127=ORIENTED_EDGE('',*,*,#6910,.T.);
#5128=ORIENTED_EDGE('',*,*,#6929,.T.);
#5129=ORIENTED_EDGE('',*,*,#6926,.T.);
#5130=ORIENTED_EDGE('',*,*,#6930,.T.);
#5131=CARTESIAN_POINT('',(-24.7879431046771,-33.2151268409932,52.0260619502328));
#5132=DIRECTION('',(0.0,0.0,1.0));
#5133=DIRECTION('',(1.0,0.0,0.0));
#5134=ORIENTED_EDGE('',*,*,#6921,.F.);
#5135=ORIENTED_EDGE('',*,*,#6931,.F.);
#5136=ORIENTED_EDGE('',*,*,#6932,.F.);
#5137=ORIENTED_EDGE('',*,*,#6933,.F.);
#5138=ORIENTED_EDGE('',*,*,#6927,.F.);
#5139=CARTESIAN_POINT('',(27.233211322942,-26.341495803284,53.2960619502328));
#5140=DIRECTION('',(0.997185133525116,0.0749787268263269,0.0));
#5141=DIRECTION('',(0.0,0.0,-1.0));
#5142=ORIENTED_EDGE('',*,*,#6934,.T.);
#5143=ORIENTED_EDGE('',*,*,#6932,.T.);
#5144=CARTESIAN_POINT('',(-25.3585548970554,-33.1293719571875,52.5260619502328));
#5145=DIRECTION('',(0.0,0.0,-1.0));
#5146=DIRECTION('',(0.0,-1.0,0.0));
#5147=ORIENTED_EDGE('',*,*,#6328,.F.);
#5148=ORIENTED_EDGE('',*,*,#6811,.T.);
#5149=ORIENTED_EDGE('',*,*,#6883,.F.);
#5150=ORIENTED_EDGE('',*,*,#6533,.F.);
#5151=CARTESIAN_POINT('',(29.077926519851,-2.22866125054682,56.3760619502328));
#5152=DIRECTION('',(0.5,-0.866025403784439,0.0));
#5153=DIRECTION('',(0.0,0.0,-1.0));
#5154=ORIENTED_EDGE('',*,*,#6924,.T.);
#5155=ORIENTED_EDGE('',*,*,#6935,.F.);
#5156=ORIENTED_EDGE('',*,*,#6936,.F.);
#5157=ORIENTED_EDGE('',*,*,#6937,.T.);
#5158=CARTESIAN_POINT('',(26.687926519851,-29.2256485486546,49.0860619502328));
#5159=DIRECTION('',(0.0,0.0,-1.0));
#5160=DIRECTION('',(-0.0749787268263151,0.997185133525117,0.0));
#5161=ORIENTED_EDGE('',*,*,#6936,.T.);
#5162=ORIENTED_EDGE('',*,*,#6938,.T.);
#5163=CARTESIAN_POINT('',(26.618307204861,-29.1550933391017,48.3360619502328));
#5164=DIRECTION('',(0.0,0.0,-1.0));
#5165=DIRECTION('',(0.0,-1.0,0.0));
#5166=ORIENTED_EDGE('',*,*,#6035,.T.);
#5167=ORIENTED_EDGE('',*,*,#6939,.F.);
#5168=ORIENTED_EDGE('',*,*,#6916,.F.);
#5169=ORIENTED_EDGE('',*,*,#6217,.F.);
#5170=ORIENTED_EDGE('',*,*,#6512,.F.);
#5171=CARTESIAN_POINT('',(-23.6055034323182,-17.7575593554268,51.8960619502328));
#5172=DIRECTION('',(0.997185133525116,0.0749787268263269,0.0));
#5173=DIRECTION('',(0.0,0.0,-1.0));
#5174=ORIENTED_EDGE('',*,*,#6929,.F.);
#5175=ORIENTED_EDGE('',*,*,#6915,.F.);
#5176=ORIENTED_EDGE('',*,*,#6587,.F.);
#5177=ORIENTED_EDGE('',*,*,#6914,.F.);
#5178=ORIENTED_EDGE('',*,*,#6919,.F.);
#5179=CARTESIAN_POINT('',(25.717489919984,-26.45546346806,52.7060619502328));
#5180=DIRECTION('',(-0.997185133525116,-0.0749787268263269,0.0));
#5181=DIRECTION('',(-0.0749787268263269,0.997185133525116,0.0));
#5182=ORIENTED_EDGE('',*,*,#6863,.T.);
#5183=ORIENTED_EDGE('',*,*,#6940,.F.);
#5184=ORIENTED_EDGE('',*,*,#6861,.F.);
#5185=ORIENTED_EDGE('',*,*,#6871,.F.);
#5186=CARTESIAN_POINT('',(-24.112073480149,-10.1756485486546,55.1980619502328));
#5187=DIRECTION('',(0.0,-0.0,1.0));
#5188=DIRECTION('',(0.997185133525116,0.0749787268263269,0.0));
#5189=ORIENTED_EDGE('',*,*,#6854,.F.);
#5190=ORIENTED_EDGE('',*,*,#6845,.T.);
#5191=ORIENTED_EDGE('',*,*,#6166,.F.);
#5192=ORIENTED_EDGE('',*,*,#6851,.F.);
#5193=ORIENTED_EDGE('',*,*,#6874,.F.);
#5194=ORIENTED_EDGE('',*,*,#6872,.T.);
#5195=ORIENTED_EDGE('',*,*,#6869,.F.);
#5196=ORIENTED_EDGE('',*,*,#6857,.T.);
#5197=CARTESIAN_POINT('',(-24.112073480149,-10.1756485486546,55.3760619502328));
#5198=DIRECTION('',(0.0,0.0,-1.0));
#5199=DIRECTION('',(0.997185133525116,0.0749787268263269,0.0));
#5200=ORIENTED_EDGE('',*,*,#6893,.F.);
#5201=ORIENTED_EDGE('',*,*,#6889,.F.);
#5202=ORIENTED_EDGE('',*,*,#6888,.F.);
#5203=ORIENTED_EDGE('',*,*,#6904,.F.);
#5204=ORIENTED_EDGE('',*,*,#6891,.T.);
#5205=CARTESIAN_POINT('',(26.687926519851,-25.4156485486546,54.9780619502328));
#5206=DIRECTION('',(0.0,0.0,1.0));
#5207=DIRECTION('',(-0.0749787268263269,0.997185133525116,0.0));
#5208=ORIENTED_EDGE('',*,*,#6795,.F.);
#5209=ORIENTED_EDGE('',*,*,#6778,.T.);
#5210=ORIENTED_EDGE('',*,*,#6162,.F.);
#5211=ORIENTED_EDGE('',*,*,#6784,.F.);
#5212=ORIENTED_EDGE('',*,*,#6787,.F.);
#5213=ORIENTED_EDGE('',*,*,#6809,.T.);
#5214=ORIENTED_EDGE('',*,*,#6812,.F.);
#5215=ORIENTED_EDGE('',*,*,#6807,.T.);
#5216=CARTESIAN_POINT('',(26.687926519851,-6.3656485486546,55.1560619502328));
#5217=DIRECTION('',(0.0,0.0,-1.0));
#5218=DIRECTION('',(-0.0749787268263269,0.997185133525116,0.0));
#5219=ORIENTED_EDGE('',*,*,#6555,.F.);
#5220=ORIENTED_EDGE('',*,*,#6549,.T.);
#5221=ORIENTED_EDGE('',*,*,#6544,.T.);
#5222=ORIENTED_EDGE('',*,*,#6551,.F.);
#5223=CARTESIAN_POINT('',(-25.272073480149,-1.7956485486546,65.1760619502328));
#5224=DIRECTION('',(-0.0,-0.0,-1.0));
#5225=DIRECTION('',(1.0,0.0,0.0));
#5226=ORIENTED_EDGE('',*,*,#6878,.T.);
#5227=ORIENTED_EDGE('',*,*,#6168,.F.);
#5228=ORIENTED_EDGE('',*,*,#6877,.F.);
#5229=ORIENTED_EDGE('',*,*,#6902,.F.);
#5230=ORIENTED_EDGE('',*,*,#6907,.T.);
#5231=ORIENTED_EDGE('',*,*,#6908,.F.);
#5232=ORIENTED_EDGE('',*,*,#6905,.T.);
#5233=ORIENTED_EDGE('',*,*,#6886,.F.);
#5234=CARTESIAN_POINT('',(26.687926519851,-25.4156485486546,55.1560619502328));
#5235=DIRECTION('',(0.0,0.0,-1.0));
#5236=DIRECTION('',(-0.0749787268263269,0.997185133525116,0.0));
#5237=ORIENTED_EDGE('',*,*,#6504,.T.);
#5238=ORIENTED_EDGE('',*,*,#6941,.F.);
#5239=ORIENTED_EDGE('',*,*,#6503,.F.);
#5240=ORIENTED_EDGE('',*,*,#6942,.F.);
#5241=CARTESIAN_POINT('',(28.327926519851,-1.7956485486546,57.8629720556737));
#5242=DIRECTION('',(-0.0,-0.0,-1.0));
#5243=DIRECTION('',(1.0,0.0,0.0));
#5244=ORIENTED_EDGE('',*,*,#6337,.F.);
#5245=ORIENTED_EDGE('',*,*,#6330,.T.);
#5246=ORIENTED_EDGE('',*,*,#6279,.F.);
#5247=ORIENTED_EDGE('',*,*,#6332,.F.);
#5248=CARTESIAN_POINT('',(26.737926519851,-17.8456485486546,54.8760619502328));
#5249=DIRECTION('',(0.0,0.0,1.0));
#5250=DIRECTION('',(-1.0,0.0,0.0));
#5251=ORIENTED_EDGE('',*,*,#6943,.T.);
#5252=ORIENTED_EDGE('',*,*,#6467,.F.);
#5253=ORIENTED_EDGE('',*,*,#6474,.F.);
#5254=ORIENTED_EDGE('',*,*,#6468,.T.);
#5255=CARTESIAN_POINT('',(-25.272073480149,-1.7956485486546,54.6760619502328));
#5256=DIRECTION('',(0.0,-0.0,1.0));
#5257=DIRECTION('',(-1.0,0.0,0.0));
#5258=ORIENTED_EDGE('',*,*,#6173,.F.);
#5259=ORIENTED_EDGE('',*,*,#6558,.F.);
#5260=ORIENTED_EDGE('',*,*,#6838,.F.);
#5261=ORIENTED_EDGE('',*,*,#6470,.T.);
#5262=ORIENTED_EDGE('',*,*,#6867,.F.);
#5263=ORIENTED_EDGE('',*,*,#6526,.T.);
#5264=ORIENTED_EDGE('',*,*,#6528,.F.);
#5265=ORIENTED_EDGE('',*,*,#6559,.T.);
#5266=CARTESIAN_POINT('',(-24.112073480149,-25.4156485486546,55.3760619502328));
#5267=DIRECTION('',(0.0,0.0,-1.0));
#5268=DIRECTION('',(0.997185133525116,0.0749787268263269,0.0));
#5269=ORIENTED_EDGE('',*,*,#6537,.F.);
#5270=ORIENTED_EDGE('',*,*,#6944,.F.);
#5271=ORIENTED_EDGE('',*,*,#6538,.T.);
#5272=ORIENTED_EDGE('',*,*,#6945,.F.);
#5273=CARTESIAN_POINT('',(-25.272073480149,-1.7956485486546,57.8629720556737));
#5274=DIRECTION('',(-0.0,-0.0,-1.0));
#5275=DIRECTION('',(1.0,0.0,0.0));
#5276=ORIENTED_EDGE('',*,*,#6517,.F.);
#5277=ORIENTED_EDGE('',*,*,#6514,.T.);
#5278=ORIENTED_EDGE('',*,*,#6946,.T.);
#5279=ORIENTED_EDGE('',*,*,#6516,.F.);
#5280=CARTESIAN_POINT('',(28.327926519851,-1.7956485486546,65.1760619502328));
#5281=DIRECTION('',(-0.0,-0.0,-1.0));
#5282=DIRECTION('',(1.0,0.0,0.0));
#5283=ORIENTED_EDGE('',*,*,#6897,.F.);
#5284=ORIENTED_EDGE('',*,*,#6803,.F.);
#5285=ORIENTED_EDGE('',*,*,#6036,.F.);
#5286=ORIENTED_EDGE('',*,*,#6805,.T.);
#5287=CARTESIAN_POINT('',(-24.112073480149,-17.7956485486546,55.1980619502328));
#5288=DIRECTION('',(0.0,-0.0,1.0));
#5289=DIRECTION('',(0.997185133525116,0.0749787268263269,0.0));
#5290=ORIENTED_EDGE('',*,*,#6037,.T.);
#5291=ORIENTED_EDGE('',*,*,#6030,.F.);
#5292=ORIENTED_EDGE('',*,*,#6024,.F.);
#5293=ORIENTED_EDGE('',*,*,#6032,.T.);
#5294=CARTESIAN_POINT('',(28.327926519851,-1.7956485486546,54.6760619502328));
#5295=DIRECTION('',(0.0,-0.0,1.0));
#5296=DIRECTION('',(-1.0,0.0,0.0));
#5297=ORIENTED_EDGE('',*,*,#6840,.F.);
#5298=ORIENTED_EDGE('',*,*,#6213,.T.);
#5299=ORIENTED_EDGE('',*,*,#6172,.F.);
#5300=ORIENTED_EDGE('',*,*,#6219,.F.);
#5301=ORIENTED_EDGE('',*,*,#6917,.F.);
#5302=ORIENTED_EDGE('',*,*,#6939,.T.);
#5303=ORIENTED_EDGE('',*,*,#6034,.F.);
#5304=ORIENTED_EDGE('',*,*,#6547,.T.);
#5305=CARTESIAN_POINT('',(-24.112073480149,-17.7956485486546,55.3760619502328));
#5306=DIRECTION('',(0.0,0.0,-1.0));
#5307=DIRECTION('',(0.997185133525116,0.0749787268263269,0.0));
#5308=ORIENTED_EDGE('',*,*,#6791,.T.);
#5309=ORIENTED_EDGE('',*,*,#6947,.F.);
#5310=ORIENTED_EDGE('',*,*,#6793,.F.);
#5311=ORIENTED_EDGE('',*,*,#6797,.F.);
#5312=ORIENTED_EDGE('',*,*,#6785,.F.);
#5313=CARTESIAN_POINT('',(26.687926519851,-6.3656485486546,54.9780619502328));
#5314=DIRECTION('',(0.0,0.0,1.0));
#5315=DIRECTION('',(-0.0749787268263269,0.997185133525116,0.0));
#5316=ORIENTED_EDGE('',*,*,#6943,.F.);
#5317=ORIENTED_EDGE('',*,*,#6457,.F.);
#5318=ORIENTED_EDGE('',*,*,#6461,.F.);
#5319=ORIENTED_EDGE('',*,*,#6462,.T.);
#5320=ORIENTED_EDGE('',*,*,#6076,.F.);
#5321=ORIENTED_EDGE('',*,*,#6459,.T.);
#5322=CARTESIAN_POINT('',(-25.272073480149,-1.7956485486546,55.3760619502328));
#5323=DIRECTION('',(0.0,0.0,1.0));
#5324=DIRECTION('',(1.0,0.0,0.0));
#5325=ORIENTED_EDGE('',*,*,#6623,.F.);
#5326=ORIENTED_EDGE('',*,*,#6620,.T.);
#5327=ORIENTED_EDGE('',*,*,#6606,.F.);
#5328=ORIENTED_EDGE('',*,*,#6622,.F.);
#5329=CARTESIAN_POINT('',(1.69792651985099,-13.4206485486546,61.2310098006694));
#5330=DIRECTION('',(0.0,0.0,1.0));
#5331=DIRECTION('',(-1.0,0.0,0.0));
#5332=ORIENTED_EDGE('',*,*,#6912,.T.);
#5333=ORIENTED_EDGE('',*,*,#6170,.F.);
#5334=ORIENTED_EDGE('',*,*,#6911,.F.);
#5335=ORIENTED_EDGE('',*,*,#6928,.F.);
#5336=ORIENTED_EDGE('',*,*,#6933,.T.);
#5337=ORIENTED_EDGE('',*,*,#6934,.F.);
#5338=ORIENTED_EDGE('',*,*,#6931,.T.);
#5339=ORIENTED_EDGE('',*,*,#6920,.F.);
#5340=CARTESIAN_POINT('',(26.687926519851,-29.2256485486546,55.1560619502328));
#5341=DIRECTION('',(0.0,0.0,-1.0));
#5342=DIRECTION('',(-0.0749787268263269,0.997185133525116,0.0));
#5343=ORIENTED_EDGE('',*,*,#6329,.F.);
#5344=ORIENTED_EDGE('',*,*,#6038,.T.);
#5345=ORIENTED_EDGE('',*,*,#6031,.F.);
#5346=ORIENTED_EDGE('',*,*,#6041,.F.);
#5347=ORIENTED_EDGE('',*,*,#6055,.F.);
#5348=ORIENTED_EDGE('',*,*,#6325,.T.);
#5349=CARTESIAN_POINT('',(28.327926519851,-1.7956485486546,55.3760619502328));
#5350=DIRECTION('',(0.0,0.0,1.0));
#5351=DIRECTION('',(1.0,0.0,0.0));
#5352=ORIENTED_EDGE('',*,*,#6163,.F.);
#5353=ORIENTED_EDGE('',*,*,#6814,.F.);
#5354=ORIENTED_EDGE('',*,*,#6830,.F.);
#5355=ORIENTED_EDGE('',*,*,#6843,.T.);
#5356=ORIENTED_EDGE('',*,*,#6844,.F.);
#5357=ORIENTED_EDGE('',*,*,#6841,.T.);
#5358=ORIENTED_EDGE('',*,*,#6822,.F.);
#5359=ORIENTED_EDGE('',*,*,#6815,.T.);
#5360=CARTESIAN_POINT('',(26.687926519851,-10.1756485486546,55.1560619502328));
#5361=DIRECTION('',(0.0,0.0,-1.0));
#5362=DIRECTION('',(-0.0749787268263269,0.997185133525116,0.0));
#5363=ORIENTED_EDGE('',*,*,#6923,.F.);
#5364=ORIENTED_EDGE('',*,*,#6922,.F.);
#5365=ORIENTED_EDGE('',*,*,#6930,.F.);
#5366=ORIENTED_EDGE('',*,*,#6925,.T.);
#5367=ORIENTED_EDGE('',*,*,#6948,.F.);
#5368=CARTESIAN_POINT('',(26.687926519851,-29.2256485486546,54.9780619502328));
#5369=DIRECTION('',(0.0,0.0,1.0));
#5370=DIRECTION('',(-0.0749787268263269,0.997185133525116,0.0));
#5371=ORIENTED_EDGE('',*,*,#6825,.F.);
#5372=ORIENTED_EDGE('',*,*,#6833,.T.);
#5373=ORIENTED_EDGE('',*,*,#6949,.F.);
#5374=ORIENTED_EDGE('',*,*,#6834,.F.);
#5375=ORIENTED_EDGE('',*,*,#6831,.F.);
#5376=CARTESIAN_POINT('',(26.687926519851,-10.1756485486546,54.9780619502328));
#5377=DIRECTION('',(0.0,0.0,1.0));
#5378=DIRECTION('',(-0.0749787268263269,0.997185133525116,0.0));
#5379=ORIENTED_EDGE('',*,*,#6510,.T.);
#5380=ORIENTED_EDGE('',*,*,#6950,.F.);
#5381=ORIENTED_EDGE('',*,*,#6509,.F.);
#5382=ORIENTED_EDGE('',*,*,#6946,.F.);
#5383=CARTESIAN_POINT('',(28.327926519851,-1.7956485486546,55.3760619502328));
#5384=DIRECTION('',(0.0,0.0,1.0));
#5385=DIRECTION('',(1.0,0.0,0.0));
#5386=ORIENTED_EDGE('',*,*,#6522,.T.);
#5387=ORIENTED_EDGE('',*,*,#6951,.F.);
#5388=ORIENTED_EDGE('',*,*,#6520,.F.);
#5389=ORIENTED_EDGE('',*,*,#6868,.F.);
#5390=CARTESIAN_POINT('',(-24.112073480149,-25.4156485486546,55.1980619502328));
#5391=DIRECTION('',(0.0,-0.0,1.0));
#5392=DIRECTION('',(0.997185133525116,0.0749787268263269,0.0));
#5393=ORIENTED_EDGE('',*,*,#6548,.F.);
#5394=ORIENTED_EDGE('',*,*,#6543,.T.);
#5395=ORIENTED_EDGE('',*,*,#6540,.F.);
#5396=ORIENTED_EDGE('',*,*,#6545,.F.);
#5397=CARTESIAN_POINT('',(-25.272073480149,-1.7956485486546,55.3760619502328));
#5398=DIRECTION('',(0.0,0.0,1.0));
#5399=DIRECTION('',(1.0,0.0,0.0));
#5400=ORIENTED_EDGE('',*,*,#6499,.T.);
#5401=ORIENTED_EDGE('',*,*,#6245,.F.);
#5402=ORIENTED_EDGE('',*,*,#6501,.F.);
#5403=ORIENTED_EDGE('',*,*,#6941,.T.);
#5404=CARTESIAN_POINT('',(28.327926519851,-1.7956485486546,57.4760619502328));
#5405=DIRECTION('',(0.0,0.0,-1.0));
#5406=DIRECTION('',(1.0,0.0,0.0));
#5407=ORIENTED_EDGE('',*,*,#6935,.T.);
#5408=ORIENTED_EDGE('',*,*,#6948,.T.);
#5409=ORIENTED_EDGE('',*,*,#6937,.F.);
#5410=ORIENTED_EDGE('',*,*,#6938,.F.);
#5411=CARTESIAN_POINT('',(26.687926519851,-29.2256485486546,49.0860619502328));
#5412=DIRECTION('',(0.0,0.0,-1.0));
#5413=DIRECTION('',(-0.0749787268263151,0.997185133525117,0.0));
#5414=ORIENTED_EDGE('',*,*,#6839,.F.);
#5415=ORIENTED_EDGE('',*,*,#6835,.T.);
#5416=ORIENTED_EDGE('',*,*,#6949,.T.);
#5417=ORIENTED_EDGE('',*,*,#6837,.F.);
#5418=CARTESIAN_POINT('',(26.687926519851,-10.1756485486546,49.0860619502328));
#5419=DIRECTION('',(0.0,0.0,-1.0));
#5420=DIRECTION('',(-0.0749787268263149,0.997185133525117,0.0));
#5421=ORIENTED_EDGE('',*,*,#6898,.T.);
#5422=ORIENTED_EDGE('',*,*,#6804,.T.);
#5423=ORIENTED_EDGE('',*,*,#6899,.F.);
#5424=ORIENTED_EDGE('',*,*,#6853,.F.);
#5425=CARTESIAN_POINT('',(-24.112073480149,-17.7956485486546,48.8360619502328));
#5426=DIRECTION('',(0.0,0.0,-1.0));
#5427=DIRECTION('',(0.997185133525116,0.0749787268263271,0.0));
#5428=ORIENTED_EDGE('',*,*,#6900,.F.);
#5429=ORIENTED_EDGE('',*,*,#6894,.T.);
#5430=ORIENTED_EDGE('',*,*,#6890,.T.);
#5431=ORIENTED_EDGE('',*,*,#6896,.F.);
#5432=CARTESIAN_POINT('',(26.687926519851,-25.4156485486546,49.0860619502328));
#5433=DIRECTION('',(0.0,0.0,-1.0));
#5434=DIRECTION('',(-0.0749787268263149,0.997185133525117,0.0));
#5435=ORIENTED_EDGE('',*,*,#6875,.F.);
#5436=ORIENTED_EDGE('',*,*,#6864,.T.);
#5437=ORIENTED_EDGE('',*,*,#6940,.T.);
#5438=ORIENTED_EDGE('',*,*,#6866,.F.);
#5439=CARTESIAN_POINT('',(-24.112073480149,-10.1756485486546,48.8360619502328));
#5440=DIRECTION('',(0.0,0.0,-1.0));
#5441=DIRECTION('',(0.997185133525116,0.0749787268263275,0.0));
#5442=ORIENTED_EDGE('',*,*,#6242,.F.);
#5443=ORIENTED_EDGE('',*,*,#6531,.F.);
#5444=ORIENTED_EDGE('',*,*,#6945,.T.);
#5445=ORIENTED_EDGE('',*,*,#6532,.T.);
#5446=CARTESIAN_POINT('',(-25.272073480149,-1.7956485486546,57.4760619502328));
#5447=DIRECTION('',(0.0,0.0,-1.0));
#5448=DIRECTION('',(1.0,0.0,0.0));
#5449=ORIENTED_EDGE('',*,*,#6542,.T.);
#5450=ORIENTED_EDGE('',*,*,#6539,.T.);
#5451=ORIENTED_EDGE('',*,*,#6944,.T.);
#5452=ORIENTED_EDGE('',*,*,#6541,.F.);
#5453=CARTESIAN_POINT('',(-25.272073480149,-1.7956485486546,57.8860619502328));
#5454=DIRECTION('',(0.0,0.0,-1.0));
#5455=DIRECTION('',(1.0,0.0,0.0));
#5456=ORIENTED_EDGE('',*,*,#6507,.T.);
#5457=ORIENTED_EDGE('',*,*,#6942,.T.);
#5458=ORIENTED_EDGE('',*,*,#6506,.F.);
#5459=ORIENTED_EDGE('',*,*,#6950,.T.);
#5460=CARTESIAN_POINT('',(28.327926519851,-1.7956485486546,57.8860619502328));
#5461=DIRECTION('',(0.0,0.0,-1.0));
#5462=DIRECTION('',(1.0,0.0,0.0));
#5463=ORIENTED_EDGE('',*,*,#6554,.F.);
#5464=ORIENTED_EDGE('',*,*,#6799,.F.);
#5465=ORIENTED_EDGE('',*,*,#6552,.T.);
#5466=ORIENTED_EDGE('',*,*,#6951,.T.);
#5467=CARTESIAN_POINT('',(-24.112073480149,-25.4156485486546,48.8360619502328));
#5468=DIRECTION('',(0.0,0.0,-1.0));
#5469=DIRECTION('',(0.997185133525116,0.0749787268263271,0.0));
#5470=ORIENTED_EDGE('',*,*,#6806,.F.);
#5471=ORIENTED_EDGE('',*,*,#6800,.T.);
#5472=ORIENTED_EDGE('',*,*,#6947,.T.);
#5473=ORIENTED_EDGE('',*,*,#6802,.F.);
#5474=CARTESIAN_POINT('',(26.687926519851,-6.3656485486546,49.0860619502328));
#5475=DIRECTION('',(0.0,0.0,-1.0));
#5476=DIRECTION('',(-0.0749787268263149,0.997185133525117,0.0));
#5477=ORIENTED_EDGE('',*,*,#6952,.T.);
#5478=ORIENTED_EDGE('',*,*,#6953,.T.);
#5479=ORIENTED_EDGE('',*,*,#6954,.T.);
#5480=ORIENTED_EDGE('',*,*,#6955,.T.);
#5481=CARTESIAN_POINT('',(1.52792651985099,-21.4637669014263,61.2760619502328));
#5482=DIRECTION('',(0.0,0.0,1.0));
#5483=DIRECTION('',(1.0,0.0,0.0));
#5484=ORIENTED_EDGE('',*,*,#6952,.F.);
#5485=ORIENTED_EDGE('',*,*,#6956,.T.);
#5486=ORIENTED_EDGE('',*,*,#6957,.T.);
#5487=ORIENTED_EDGE('',*,*,#6958,.T.);
#5488=ORIENTED_EDGE('',*,*,#6959,.T.);
#5489=ORIENTED_EDGE('',*,*,#6960,.T.);
#5490=ORIENTED_EDGE('',*,*,#6961,.T.);
#5491=ORIENTED_EDGE('',*,*,#6962,.F.);
#5492=CARTESIAN_POINT('',(-27.172073480149,0.104351451345401,61.2760619502328));
#5493=DIRECTION('',(-0.0,1.0,0.0));
#5494=DIRECTION('',(1.0,0.0,0.0));
#5495=ORIENTED_EDGE('',*,*,#6953,.F.);
#5496=ORIENTED_EDGE('',*,*,#6962,.T.);
#5497=ORIENTED_EDGE('',*,*,#6963,.T.);
#5498=ORIENTED_EDGE('',*,*,#6964,.F.);
#5499=CARTESIAN_POINT('',(30.227926519851,0.104351451345401,61.2760619502328));
#5500=DIRECTION('',(1.0,0.0,0.0));
#5501=DIRECTION('',(0.0,1.0,0.0));
#5502=ORIENTED_EDGE('',*,*,#6954,.F.);
#5503=ORIENTED_EDGE('',*,*,#6964,.T.);
#5504=ORIENTED_EDGE('',*,*,#6965,.T.);
#5505=ORIENTED_EDGE('',*,*,#6966,.T.);
#5506=ORIENTED_EDGE('',*,*,#6967,.T.);
#5507=ORIENTED_EDGE('',*,*,#6968,.T.);
#5508=ORIENTED_EDGE('',*,*,#6969,.T.);
#5509=ORIENTED_EDGE('',*,*,#6970,.F.);
#5510=CARTESIAN_POINT('',(30.227926519851,-35.6956485486546,61.2760619502328));
#5511=DIRECTION('',(0.0,-1.0,0.0));
#5512=DIRECTION('',(0.0,0.0,-1.0));
#5513=ORIENTED_EDGE('',*,*,#6955,.F.);
#5514=ORIENTED_EDGE('',*,*,#6970,.T.);
#5515=ORIENTED_EDGE('',*,*,#6971,.T.);
#5516=ORIENTED_EDGE('',*,*,#6956,.F.);
#5517=CARTESIAN_POINT('',(-27.172073480149,-35.6956485486546,61.2760619502328));
#5518=DIRECTION('',(-1.0,0.0,0.0));
#5519=DIRECTION('',(0.0,0.0,1.0));
#5520=ORIENTED_EDGE('',*,*,#6971,.F.);
#5521=ORIENTED_EDGE('',*,*,#6969,.F.);
#5522=ORIENTED_EDGE('',*,*,#6972,.F.);
#5523=ORIENTED_EDGE('',*,*,#6957,.F.);
#5524=CARTESIAN_POINT('',(1.52792651985099,-17.7956485486546,63.0260619502327));
#5525=DIRECTION('',(0.0,0.0,1.0));
#5526=DIRECTION('',(1.0,0.0,0.0));
#5527=ORIENTED_EDGE('',*,*,#6958,.F.);
#5528=ORIENTED_EDGE('',*,*,#6972,.T.);
#5529=ORIENTED_EDGE('',*,*,#6968,.F.);
#5530=ORIENTED_EDGE('',*,*,#6973,.F.);
#5531=CARTESIAN_POINT('',(-19.672073480149,1.9043514513454,65.0260619502327));
#5532=DIRECTION('',(-1.0,0.0,0.0));
#5533=DIRECTION('',(0.0,0.0,1.0));
#5534=ORIENTED_EDGE('',*,*,#6974,.T.);
#5535=ORIENTED_EDGE('',*,*,#6959,.F.);
#5536=ORIENTED_EDGE('',*,*,#6973,.T.);
#5537=ORIENTED_EDGE('',*,*,#6967,.F.);
#5538=CARTESIAN_POINT('',(-7.672073480149,-21.0456485486546,65.0260619502327));
#5539=DIRECTION('',(0.0,0.0,1.0));
#5540=DIRECTION('',(1.0,0.0,0.0));
#5541=ORIENTED_EDGE('',*,*,#6960,.F.);
#5542=ORIENTED_EDGE('',*,*,#6974,.F.);
#5543=ORIENTED_EDGE('',*,*,#6966,.F.);
#5544=ORIENTED_EDGE('',*,*,#6975,.T.);
#5545=CARTESIAN_POINT('',(23.127926519851,-37.6956485486546,65.0260619502327));
#5546=DIRECTION('',(1.0,0.0,0.0));
#5547=DIRECTION('',(0.0,1.0,0.0));
#5548=ORIENTED_EDGE('',*,*,#6963,.F.);
#5549=ORIENTED_EDGE('',*,*,#6961,.F.);
#5550=ORIENTED_EDGE('',*,*,#6975,.F.);
#5551=ORIENTED_EDGE('',*,*,#6965,.F.);
#5552=CARTESIAN_POINT('',(1.52792651985099,-17.7956485486546,63.0260619502327));
#5553=DIRECTION('',(0.0,0.0,1.0));
#5554=DIRECTION('',(1.0,0.0,0.0));
#5555=ORIENTED_EDGE('',*,*,#6976,.F.);
#5556=ORIENTED_EDGE('',*,*,#6977,.F.);
#5557=ORIENTED_EDGE('',*,*,#6978,.T.);
#5558=ORIENTED_EDGE('',*,*,#6979,.F.);
#5559=CARTESIAN_POINT('',(-22.094073480149,-4.71464854865459,61.2760619502328));
#5560=DIRECTION('',(0.0,0.0,1.0));
#5561=DIRECTION('',(1.0,0.0,0.0));
#5562=ORIENTED_EDGE('',*,*,#6980,.F.);
#5563=ORIENTED_EDGE('',*,*,#6981,.T.);
#5564=ORIENTED_EDGE('',*,*,#6982,.F.);
#5565=ORIENTED_EDGE('',*,*,#6983,.T.);
#5566=CARTESIAN_POINT('',(25.149926519851,-4.71464854865459,61.2760619502328));
#5567=DIRECTION('',(0.0,0.0,1.0));
#5568=DIRECTION('',(-1.0,0.0,0.0));
#5569=ORIENTED_EDGE('',*,*,#6984,.F.);
#5570=ORIENTED_EDGE('',*,*,#6985,.T.);
#5571=ORIENTED_EDGE('',*,*,#6980,.T.);
#5572=ORIENTED_EDGE('',*,*,#6986,.F.);
#5573=ORIENTED_EDGE('',*,*,#6987,.F.);
#5574=ORIENTED_EDGE('',*,*,#6988,.T.);
#5575=ORIENTED_EDGE('',*,*,#6989,.F.);
#5576=ORIENTED_EDGE('',*,*,#6990,.T.);
#5577=ORIENTED_EDGE('',*,*,#6991,.T.);
#5578=ORIENTED_EDGE('',*,*,#6992,.F.);
#5579=ORIENTED_EDGE('',*,*,#6993,.F.);
#5580=ORIENTED_EDGE('',*,*,#6994,.T.);
#5581=ORIENTED_EDGE('',*,*,#6977,.T.);
#5582=ORIENTED_EDGE('',*,*,#6995,.T.);
#5583=ORIENTED_EDGE('',*,*,#6996,.T.);
#5584=ORIENTED_EDGE('',*,*,#6997,.T.);
#5585=ORIENTED_EDGE('',*,*,#6998,.T.);
#5586=ORIENTED_EDGE('',*,*,#6999,.T.);
#5587=ORIENTED_EDGE('',*,*,#7000,.T.);
#5588=ORIENTED_EDGE('',*,*,#7001,.T.);
#5589=ORIENTED_EDGE('',*,*,#7002,.T.);
#5590=ORIENTED_EDGE('',*,*,#7003,.T.);
#5591=ORIENTED_EDGE('',*,*,#7004,.T.);
#5592=CARTESIAN_POINT('',(19.3805838073764,-33.2206485486546,63.0260619502328));
#5593=DIRECTION('',(0.0,0.0,-1.0));
#5594=DIRECTION('',(0.0,-1.0,0.0));
#5595=ORIENTED_EDGE('',*,*,#6984,.T.);
#5596=ORIENTED_EDGE('',*,*,#7005,.T.);
#5597=ORIENTED_EDGE('',*,*,#7006,.F.);
#5598=ORIENTED_EDGE('',*,*,#7007,.F.);
#5599=ORIENTED_EDGE('',*,*,#7008,.F.);
#5600=ORIENTED_EDGE('',*,*,#7009,.F.);
#5601=ORIENTED_EDGE('',*,*,#7010,.F.);
#5602=ORIENTED_EDGE('',*,*,#7011,.T.);
#5603=CARTESIAN_POINT('',(23.872926519851,0.5043514513454,62.7760619502328));
#5604=DIRECTION('',(-0.0,1.0,0.0));
#5605=DIRECTION('',(1.0,0.0,0.0));
#5606=ORIENTED_EDGE('',*,*,#6985,.F.);
#5607=ORIENTED_EDGE('',*,*,#7011,.F.);
#5608=ORIENTED_EDGE('',*,*,#7012,.F.);
#5609=ORIENTED_EDGE('',*,*,#6981,.F.);
#5610=CARTESIAN_POINT('',(26.0279265198512,1.48535145134539,65.3760619502328));
#5611=DIRECTION('',(-1.0,8.26212483441977E-16,0.0));
#5612=DIRECTION('',(0.0,0.0,1.0));
#5613=ORIENTED_EDGE('',*,*,#7012,.T.);
#5614=ORIENTED_EDGE('',*,*,#7010,.T.);
#5615=ORIENTED_EDGE('',*,*,#7013,.T.);
#5616=ORIENTED_EDGE('',*,*,#7014,.T.);
#5617=ORIENTED_EDGE('',*,*,#7015,.T.);
#5618=ORIENTED_EDGE('',*,*,#6982,.T.);
#5619=ORIENTED_EDGE('',*,*,#7016,.T.);
#5620=ORIENTED_EDGE('',*,*,#7017,.T.);
#5621=CARTESIAN_POINT('',(29.4024634207352,-0.2171342668764,61.2760619502328));
#5622=DIRECTION('',(0.0,0.0,-1.0));
#5623=DIRECTION('',(0.0,-1.0,0.0));
#5624=ORIENTED_EDGE('',*,*,#6983,.F.);
#5625=ORIENTED_EDGE('',*,*,#7015,.F.);
#5626=ORIENTED_EDGE('',*,*,#7018,.F.);
#5627=ORIENTED_EDGE('',*,*,#6986,.T.);
#5628=CARTESIAN_POINT('',(23.7310849824819,-4.09564854865459,61.2760619502328));
#5629=DIRECTION('',(-0.0,1.0,0.0));
#5630=DIRECTION('',(1.0,0.0,0.0));
#5631=ORIENTED_EDGE('',*,*,#7019,.F.);
#5632=ORIENTED_EDGE('',*,*,#7020,.T.);
#5633=ORIENTED_EDGE('',*,*,#7021,.F.);
#5634=ORIENTED_EDGE('',*,*,#6987,.T.);
#5635=ORIENTED_EDGE('',*,*,#7018,.T.);
#5636=ORIENTED_EDGE('',*,*,#7014,.F.);
#5637=ORIENTED_EDGE('',*,*,#7022,.F.);
#5638=ORIENTED_EDGE('',*,*,#7023,.T.);
#5639=CARTESIAN_POINT('',(30.627926519851,0.0193514513454005,62.7760619502328));
#5640=DIRECTION('',(1.0,0.0,0.0));
#5641=DIRECTION('',(0.0,1.0,0.0));
#5642=ORIENTED_EDGE('',*,*,#7019,.T.);
#5643=ORIENTED_EDGE('',*,*,#7024,.F.);
#5644=ORIENTED_EDGE('',*,*,#7025,.T.);
#5645=ORIENTED_EDGE('',*,*,#7026,.F.);
#5646=CARTESIAN_POINT('',(30.027926519851,-35.4956485486546,62.7760619502328));
#5647=DIRECTION('',(0.0,0.0,1.0));
#5648=DIRECTION('',(-1.0,0.0,0.0));
#5649=ORIENTED_EDGE('',*,*,#7027,.T.);
#5650=ORIENTED_EDGE('',*,*,#7020,.F.);
#5651=ORIENTED_EDGE('',*,*,#7026,.T.);
#5652=ORIENTED_EDGE('',*,*,#7028,.F.);
#5653=CARTESIAN_POINT('',(30.3235121562317,-8.0266464772789,61.2760619502328));
#5654=DIRECTION('',(0.0,0.0,1.0));
#5655=DIRECTION('',(1.0,0.0,0.0));
#5656=ORIENTED_EDGE('',*,*,#7021,.T.);
#5657=ORIENTED_EDGE('',*,*,#7027,.F.);
#5658=ORIENTED_EDGE('',*,*,#7029,.T.);
#5659=ORIENTED_EDGE('',*,*,#6988,.F.);
#5660=CARTESIAN_POINT('',(27.2182410949018,-36.2106485486546,61.2760619502328));
#5661=DIRECTION('',(-0.707106781186548,0.707106781186548,0.0));
#5662=DIRECTION('',(0.0,0.0,1.0));
#5663=ORIENTED_EDGE('',*,*,#6989,.T.);
#5664=ORIENTED_EDGE('',*,*,#7029,.F.);
#5665=ORIENTED_EDGE('',*,*,#7028,.T.);
#5666=ORIENTED_EDGE('',*,*,#7025,.F.);
#5667=ORIENTED_EDGE('',*,*,#7030,.T.);
#5668=ORIENTED_EDGE('',*,*,#7031,.F.);
#5669=ORIENTED_EDGE('',*,*,#7032,.F.);
#5670=ORIENTED_EDGE('',*,*,#7033,.T.);
#5671=CARTESIAN_POINT('',(29.983926519851,-36.0956485486546,62.7760619502328));
#5672=DIRECTION('',(0.0,-1.0,0.0));
#5673=DIRECTION('',(0.0,0.0,-1.0));
#5674=ORIENTED_EDGE('',*,*,#6990,.F.);
#5675=ORIENTED_EDGE('',*,*,#7033,.F.);
#5676=ORIENTED_EDGE('',*,*,#7034,.F.);
#5677=ORIENTED_EDGE('',*,*,#7035,.F.);
#5678=CARTESIAN_POINT('',(-24.872073480149,-33.3956485486546,61.2760619502328));
#5679=DIRECTION('',(1.0,0.0,0.0));
#5680=DIRECTION('',(0.0,1.0,0.0));
#5681=ORIENTED_EDGE('',*,*,#7035,.T.);
#5682=ORIENTED_EDGE('',*,*,#7036,.F.);
#5683=ORIENTED_EDGE('',*,*,#7037,.T.);
#5684=ORIENTED_EDGE('',*,*,#6991,.F.);
#5685=CARTESIAN_POINT('',(-27.572073480149,-30.7956485486546,61.2760619502328));
#5686=DIRECTION('',(0.707106781186547,0.707106781186548,0.0));
#5687=DIRECTION('',(0.0,0.0,-1.0));
#5688=ORIENTED_EDGE('',*,*,#7038,.F.);
#5689=ORIENTED_EDGE('',*,*,#7039,.F.);
#5690=ORIENTED_EDGE('',*,*,#7040,.T.);
#5691=ORIENTED_EDGE('',*,*,#6992,.T.);
#5692=ORIENTED_EDGE('',*,*,#7037,.F.);
#5693=ORIENTED_EDGE('',*,*,#7041,.F.);
#5694=ORIENTED_EDGE('',*,*,#7042,.F.);
#5695=ORIENTED_EDGE('',*,*,#7043,.T.);
#5696=CARTESIAN_POINT('',(-27.572073480149,-35.6106485486546,62.7960619502328));
#5697=DIRECTION('',(-1.0,0.0,0.0));
#5698=DIRECTION('',(0.0,0.0,1.0));
#5699=ORIENTED_EDGE('',*,*,#7038,.T.);
#5700=ORIENTED_EDGE('',*,*,#7044,.F.);
#5701=ORIENTED_EDGE('',*,*,#7007,.T.);
#5702=ORIENTED_EDGE('',*,*,#7045,.F.);
#5703=CARTESIAN_POINT('',(-26.972073480149,-0.0956485486545944,62.7760619502328));
#5704=DIRECTION('',(0.0,0.0,1.0));
#5705=DIRECTION('',(-1.0,0.0,0.0));
#5706=ORIENTED_EDGE('',*,*,#7046,.T.);
#5707=ORIENTED_EDGE('',*,*,#6979,.T.);
#5708=ORIENTED_EDGE('',*,*,#7047,.T.);
#5709=ORIENTED_EDGE('',*,*,#7048,.F.);
#5710=ORIENTED_EDGE('',*,*,#7039,.T.);
#5711=ORIENTED_EDGE('',*,*,#7045,.T.);
#5712=ORIENTED_EDGE('',*,*,#7006,.T.);
#5713=ORIENTED_EDGE('',*,*,#7049,.T.);
#5714=ORIENTED_EDGE('',*,*,#7050,.T.);
#5715=ORIENTED_EDGE('',*,*,#7051,.T.);
#5716=CARTESIAN_POINT('',(29.4024634207352,-0.2171342668764,61.2760619502328));
#5717=DIRECTION('',(0.0,0.0,-1.0));
#5718=DIRECTION('',(0.0,-1.0,0.0));
#5719=ORIENTED_EDGE('',*,*,#6976,.T.);
#5720=ORIENTED_EDGE('',*,*,#7046,.F.);
#5721=ORIENTED_EDGE('',*,*,#7052,.T.);
#5722=ORIENTED_EDGE('',*,*,#6995,.F.);
#5723=CARTESIAN_POINT('',(-22.094073480149,-4.71464854865459,61.2760619502328));
#5724=DIRECTION('',(0.0,0.0,1.0));
#5725=DIRECTION('',(1.0,0.0,0.0));
#5726=ORIENTED_EDGE('',*,*,#7053,.T.);
#5727=ORIENTED_EDGE('',*,*,#7047,.F.);
#5728=ORIENTED_EDGE('',*,*,#6978,.F.);
#5729=ORIENTED_EDGE('',*,*,#6994,.F.);
#5730=CARTESIAN_POINT('',(-23.572073480149,-6.0430692733001,61.2760619502328));
#5731=DIRECTION('',(1.0,0.0,0.0));
#5732=DIRECTION('',(0.0,1.0,0.0));
#5733=ORIENTED_EDGE('',*,*,#7053,.F.);
#5734=ORIENTED_EDGE('',*,*,#6993,.T.);
#5735=ORIENTED_EDGE('',*,*,#7040,.F.);
#5736=ORIENTED_EDGE('',*,*,#7048,.T.);
#5737=CARTESIAN_POINT('',(-25.7229306066516,-6.8956485486546,61.2760619502328));
#5738=DIRECTION('',(-0.0,1.0,0.0));
#5739=DIRECTION('',(1.0,0.0,0.0));
#5740=ORIENTED_EDGE('',*,*,#6996,.F.);
#5741=ORIENTED_EDGE('',*,*,#7052,.F.);
#5742=ORIENTED_EDGE('',*,*,#7049,.F.);
#5743=ORIENTED_EDGE('',*,*,#7005,.F.);
#5744=CARTESIAN_POINT('',(-22.472073480149,0.5043514513454,61.2760619502328));
#5745=DIRECTION('',(1.0,-1.57758156252242E-16,0.0));
#5746=DIRECTION('',(-1.57758156252242E-16,-1.0,0.0));
#5747=ORIENTED_EDGE('',*,*,#7054,.T.);
#5748=ORIENTED_EDGE('',*,*,#7055,.T.);
#5749=ORIENTED_EDGE('',*,*,#7050,.F.);
#5750=ORIENTED_EDGE('',*,*,#7056,.F.);
#5751=CARTESIAN_POINT('',(-25.272073480149,-1.7956485486546,60.866809679044));
#5752=DIRECTION('',(-0.0,-0.0,-1.0));
#5753=DIRECTION('',(-1.0,0.0,0.0));
#5754=ORIENTED_EDGE('',*,*,#7054,.F.);
#5755=ORIENTED_EDGE('',*,*,#7057,.F.);
#5756=ORIENTED_EDGE('',*,*,#7058,.F.);
#5757=ORIENTED_EDGE('',*,*,#7059,.T.);
#5758=CARTESIAN_POINT('',(-25.272073480149,-1.7956485486546,61.2760619502328));
#5759=DIRECTION('',(0.0,0.0,1.0));
#5760=DIRECTION('',(-1.0,0.0,0.0));
#5761=ORIENTED_EDGE('',*,*,#7060,.F.);
#5762=ORIENTED_EDGE('',*,*,#7061,.F.);
#5763=ORIENTED_EDGE('',*,*,#7002,.F.);
#5764=ORIENTED_EDGE('',*,*,#7062,.T.);
#5765=CARTESIAN_POINT('',(-22.094073480149,-4.71464854865459,66.0260619502328));
#5766=DIRECTION('',(0.0,0.0,-1.0));
#5767=DIRECTION('',(1.0,0.0,0.0));
#5768=ORIENTED_EDGE('',*,*,#7030,.F.);
#5769=ORIENTED_EDGE('',*,*,#7024,.T.);
#5770=ORIENTED_EDGE('',*,*,#7023,.F.);
#5771=ORIENTED_EDGE('',*,*,#7063,.T.);
#5772=ORIENTED_EDGE('',*,*,#7008,.T.);
#5773=ORIENTED_EDGE('',*,*,#7044,.T.);
#5774=ORIENTED_EDGE('',*,*,#7043,.F.);
#5775=ORIENTED_EDGE('',*,*,#7064,.T.);
#5776=ORIENTED_EDGE('',*,*,#7065,.T.);
#5777=ORIENTED_EDGE('',*,*,#7066,.T.);
#5778=ORIENTED_EDGE('',*,*,#7067,.T.);
#5779=ORIENTED_EDGE('',*,*,#7068,.T.);
#5780=ORIENTED_EDGE('',*,*,#7069,.T.);
#5781=ORIENTED_EDGE('',*,*,#7070,.T.);
#5782=ORIENTED_EDGE('',*,*,#7071,.T.);
#5783=ORIENTED_EDGE('',*,*,#7072,.T.);
#5784=ORIENTED_EDGE('',*,*,#7073,.T.);
#5785=ORIENTED_EDGE('',*,*,#7074,.T.);
#5786=ORIENTED_EDGE('',*,*,#7075,.T.);
#5787=ORIENTED_EDGE('',*,*,#7058,.T.);
#5788=CARTESIAN_POINT('',(23.1521088568525,-19.7210401395914,66.0260619502328));
#5789=DIRECTION('',(0.0,0.0,1.0));
#5790=DIRECTION('',(1.0,0.0,0.0));
#5791=ORIENTED_EDGE('',*,*,#7031,.T.);
#5792=ORIENTED_EDGE('',*,*,#7064,.F.);
#5793=ORIENTED_EDGE('',*,*,#7042,.T.);
#5794=ORIENTED_EDGE('',*,*,#7076,.F.);
#5795=CARTESIAN_POINT('',(-26.972073480149,-35.4956485486546,62.7760619502328));
#5796=DIRECTION('',(0.0,0.0,1.0));
#5797=DIRECTION('',(-1.0,0.0,0.0));
#5798=ORIENTED_EDGE('',*,*,#7034,.T.);
#5799=ORIENTED_EDGE('',*,*,#7032,.T.);
#5800=ORIENTED_EDGE('',*,*,#7076,.T.);
#5801=ORIENTED_EDGE('',*,*,#7041,.T.);
#5802=ORIENTED_EDGE('',*,*,#7036,.T.);
#5803=CARTESIAN_POINT('',(29.4024634207352,-0.2171342668764,61.2760619502328));
#5804=DIRECTION('',(0.0,0.0,-1.0));
#5805=DIRECTION('',(0.0,-1.0,0.0));
#5806=ORIENTED_EDGE('',*,*,#7009,.T.);
#5807=ORIENTED_EDGE('',*,*,#7063,.F.);
#5808=ORIENTED_EDGE('',*,*,#7022,.T.);
#5809=ORIENTED_EDGE('',*,*,#7013,.F.);
#5810=CARTESIAN_POINT('',(30.027926519851,-0.0956485486545944,62.7760619502328));
#5811=DIRECTION('',(0.0,0.0,1.0));
#5812=DIRECTION('',(-1.0,0.0,0.0));
#5813=ORIENTED_EDGE('',*,*,#7077,.F.);
#5814=ORIENTED_EDGE('',*,*,#7078,.F.);
#5815=ORIENTED_EDGE('',*,*,#7066,.F.);
#5816=ORIENTED_EDGE('',*,*,#7079,.T.);
#5817=CARTESIAN_POINT('',(28.327926519851,-1.7956485486546,61.2760619502328));
#5818=DIRECTION('',(0.0,0.0,1.0));
#5819=DIRECTION('',(-1.0,0.0,0.0));
#5820=ORIENTED_EDGE('',*,*,#7003,.F.);
#5821=ORIENTED_EDGE('',*,*,#7080,.T.);
#5822=ORIENTED_EDGE('',*,*,#7081,.F.);
#5823=ORIENTED_EDGE('',*,*,#7082,.F.);
#5824=CARTESIAN_POINT('',(-22.094073480149,-30.8766485486546,66.0260619502328));
#5825=DIRECTION('',(0.0,0.0,-1.0));
#5826=DIRECTION('',(1.0,0.0,0.0));
#5827=ORIENTED_EDGE('',*,*,#7077,.T.);
#5828=ORIENTED_EDGE('',*,*,#7083,.T.);
#5829=ORIENTED_EDGE('',*,*,#7017,.F.);
#5830=ORIENTED_EDGE('',*,*,#7084,.F.);
#5831=CARTESIAN_POINT('',(28.327926519851,-1.7956485486546,60.866809679044));
#5832=DIRECTION('',(-0.0,-0.0,-1.0));
#5833=DIRECTION('',(-1.0,0.0,0.0));
#5834=ORIENTED_EDGE('',*,*,#7073,.F.);
#5835=ORIENTED_EDGE('',*,*,#7085,.F.);
#5836=ORIENTED_EDGE('',*,*,#7086,.T.);
#5837=ORIENTED_EDGE('',*,*,#7087,.T.);
#5838=CARTESIAN_POINT('',(-22.094073480149,-4.71464854865459,66.1543741137458));
#5839=DIRECTION('',(-0.0,-0.0,1.0));
#5840=DIRECTION('',(1.0,0.0,0.0));
#5841=ORIENTED_EDGE('',*,*,#7088,.T.);
#5842=ORIENTED_EDGE('',*,*,#7089,.T.);
#5843=ORIENTED_EDGE('',*,*,#7067,.F.);
#5844=ORIENTED_EDGE('',*,*,#7090,.F.);
#5845=CARTESIAN_POINT('',(25.149926519851,-30.8766485486546,66.1543741137458));
#5846=DIRECTION('',(-0.0,-0.0,1.0));
#5847=DIRECTION('',(1.0,0.0,0.0));
#5848=ORIENTED_EDGE('',*,*,#6997,.F.);
#5849=ORIENTED_EDGE('',*,*,#7091,.T.);
#5850=ORIENTED_EDGE('',*,*,#7092,.F.);
#5851=ORIENTED_EDGE('',*,*,#7093,.F.);
#5852=CARTESIAN_POINT('',(25.149926519851,-4.71464854865459,66.0260619502328));
#5853=DIRECTION('',(0.0,0.0,-1.0));
#5854=DIRECTION('',(1.0,0.0,0.0));
#5855=ORIENTED_EDGE('',*,*,#6999,.F.);
#5856=ORIENTED_EDGE('',*,*,#7094,.T.);
#5857=ORIENTED_EDGE('',*,*,#7095,.F.);
#5858=ORIENTED_EDGE('',*,*,#7096,.F.);
#5859=CARTESIAN_POINT('',(25.149926519851,-30.8766485486546,66.0260619502328));
#5860=DIRECTION('',(0.0,0.0,-1.0));
#5861=DIRECTION('',(1.0,0.0,0.0));
#5862=ORIENTED_EDGE('',*,*,#7097,.T.);
#5863=ORIENTED_EDGE('',*,*,#7098,.T.);
#5864=ORIENTED_EDGE('',*,*,#7072,.F.);
#5865=ORIENTED_EDGE('',*,*,#7099,.F.);
#5866=CARTESIAN_POINT('',(-22.094073480149,-30.8766485486546,66.1543741137458));
#5867=DIRECTION('',(-0.0,-0.0,1.0));
#5868=DIRECTION('',(1.0,0.0,0.0));
#5869=ORIENTED_EDGE('',*,*,#7069,.F.);
#5870=ORIENTED_EDGE('',*,*,#7100,.F.);
#5871=ORIENTED_EDGE('',*,*,#7101,.T.);
#5872=ORIENTED_EDGE('',*,*,#7102,.T.);
#5873=CARTESIAN_POINT('',(25.149926519851,-4.71464854865459,66.1543741137458));
#5874=DIRECTION('',(-0.0,-0.0,1.0));
#5875=DIRECTION('',(1.0,0.0,0.0));
#5876=ORIENTED_EDGE('',*,*,#7088,.F.);
#5877=ORIENTED_EDGE('',*,*,#7094,.F.);
#5878=ORIENTED_EDGE('',*,*,#7000,.F.);
#5879=ORIENTED_EDGE('',*,*,#7096,.T.);
#5880=CARTESIAN_POINT('',(25.149926519851,-30.8766485486546,66.0260619502328));
#5881=DIRECTION('',(0.0,0.0,-1.0));
#5882=DIRECTION('',(1.0,0.0,0.0));
#5883=ORIENTED_EDGE('',*,*,#7001,.F.);
#5884=ORIENTED_EDGE('',*,*,#7061,.T.);
#5885=ORIENTED_EDGE('',*,*,#7086,.F.);
#5886=ORIENTED_EDGE('',*,*,#7062,.F.);
#5887=CARTESIAN_POINT('',(-22.094073480149,-4.71464854865459,66.0260619502328));
#5888=DIRECTION('',(0.0,0.0,-1.0));
#5889=DIRECTION('',(1.0,0.0,0.0));
#5890=ORIENTED_EDGE('',*,*,#7089,.F.);
#5891=ORIENTED_EDGE('',*,*,#7095,.T.);
#5892=ORIENTED_EDGE('',*,*,#7090,.T.);
#5893=ORIENTED_EDGE('',*,*,#7068,.F.);
#5894=CARTESIAN_POINT('',(25.149926519851,-30.8766485486546,66.1543741137458));
#5895=DIRECTION('',(-0.0,-0.0,1.0));
#5896=DIRECTION('',(1.0,0.0,0.0));
#5897=ORIENTED_EDGE('',*,*,#7060,.T.);
#5898=ORIENTED_EDGE('',*,*,#7085,.T.);
#5899=ORIENTED_EDGE('',*,*,#7074,.F.);
#5900=ORIENTED_EDGE('',*,*,#7087,.F.);
#5901=CARTESIAN_POINT('',(-22.094073480149,-4.71464854865459,66.1543741137458));
#5902=DIRECTION('',(-0.0,-0.0,1.0));
#5903=DIRECTION('',(1.0,0.0,0.0));
#5904=ORIENTED_EDGE('',*,*,#7071,.F.);
#5905=ORIENTED_EDGE('',*,*,#7098,.F.);
#5906=ORIENTED_EDGE('',*,*,#7081,.T.);
#5907=ORIENTED_EDGE('',*,*,#7099,.T.);
#5908=CARTESIAN_POINT('',(-22.094073480149,-30.8766485486546,66.1543741137458));
#5909=DIRECTION('',(-0.0,-0.0,1.0));
#5910=DIRECTION('',(1.0,0.0,0.0));
#5911=ORIENTED_EDGE('',*,*,#7101,.F.);
#5912=ORIENTED_EDGE('',*,*,#7091,.F.);
#5913=ORIENTED_EDGE('',*,*,#6998,.F.);
#5914=ORIENTED_EDGE('',*,*,#7093,.T.);
#5915=CARTESIAN_POINT('',(25.149926519851,-4.71464854865459,66.0260619502328));
#5916=DIRECTION('',(0.0,0.0,-1.0));
#5917=DIRECTION('',(1.0,0.0,0.0));
#5918=ORIENTED_EDGE('',*,*,#7065,.F.);
#5919=ORIENTED_EDGE('',*,*,#7078,.T.);
#5920=ORIENTED_EDGE('',*,*,#7103,.F.);
#5921=ORIENTED_EDGE('',*,*,#7079,.F.);
#5922=CARTESIAN_POINT('',(28.327926519851,-1.7956485486546,61.2760619502328));
#5923=DIRECTION('',(0.0,0.0,1.0));
#5924=DIRECTION('',(-1.0,0.0,0.0));
#5925=ORIENTED_EDGE('',*,*,#7097,.F.);
#5926=ORIENTED_EDGE('',*,*,#7080,.F.);
#5927=ORIENTED_EDGE('',*,*,#7004,.F.);
#5928=ORIENTED_EDGE('',*,*,#7082,.T.);
#5929=CARTESIAN_POINT('',(-22.094073480149,-30.8766485486546,66.0260619502328));
#5930=DIRECTION('',(0.0,0.0,-1.0));
#5931=DIRECTION('',(1.0,0.0,0.0));
#5932=ORIENTED_EDGE('',*,*,#7055,.F.);
#5933=ORIENTED_EDGE('',*,*,#7104,.T.);
#5934=ORIENTED_EDGE('',*,*,#7056,.T.);
#5935=ORIENTED_EDGE('',*,*,#7051,.F.);
#5936=CARTESIAN_POINT('',(-25.272073480149,-1.7956485486546,60.866809679044));
#5937=DIRECTION('',(-0.0,-0.0,-1.0));
#5938=DIRECTION('',(-1.0,0.0,0.0));
#5939=ORIENTED_EDGE('',*,*,#7016,.F.);
#5940=ORIENTED_EDGE('',*,*,#7083,.F.);
#5941=ORIENTED_EDGE('',*,*,#7103,.T.);
#5942=ORIENTED_EDGE('',*,*,#7084,.T.);
#5943=CARTESIAN_POINT('',(28.327926519851,-1.7956485486546,60.866809679044));
#5944=DIRECTION('',(-0.0,-0.0,-1.0));
#5945=DIRECTION('',(-1.0,0.0,0.0));
#5946=ORIENTED_EDGE('',*,*,#7100,.T.);
#5947=ORIENTED_EDGE('',*,*,#7070,.F.);
#5948=ORIENTED_EDGE('',*,*,#7102,.F.);
#5949=ORIENTED_EDGE('',*,*,#7092,.T.);
#5950=CARTESIAN_POINT('',(25.149926519851,-4.71464854865459,66.1543741137458));
#5951=DIRECTION('',(-0.0,-0.0,1.0));
#5952=DIRECTION('',(1.0,0.0,0.0));
#5953=ORIENTED_EDGE('',*,*,#7075,.F.);
#5954=ORIENTED_EDGE('',*,*,#7057,.T.);
#5955=ORIENTED_EDGE('',*,*,#7104,.F.);
#5956=ORIENTED_EDGE('',*,*,#7059,.F.);
#5957=CARTESIAN_POINT('',(-25.272073480149,-1.7956485486546,61.2760619502328));
#5958=DIRECTION('',(0.0,0.0,1.0));
#5959=DIRECTION('',(-1.0,0.0,0.0));
#5960=ORIENTED_EDGE('',*,*,#7105,.F.);
#5961=ORIENTED_EDGE('',*,*,#7106,.F.);
#5962=ORIENTED_EDGE('',*,*,#7107,.F.);
#5963=ORIENTED_EDGE('',*,*,#7108,.F.);
#5964=CARTESIAN_POINT('',(-27.672073480149,-36.1956485486546,57.3760619502328));
#5965=DIRECTION('',(0.0,0.0,1.0));
#5966=DIRECTION('',(1.0,0.0,0.0));
#5967=ORIENTED_EDGE('',*,*,#7105,.T.);
#5968=ORIENTED_EDGE('',*,*,#7109,.T.);
#5969=ORIENTED_EDGE('',*,*,#7110,.F.);
#5970=ORIENTED_EDGE('',*,*,#7111,.F.);
#5971=CARTESIAN_POINT('',(-27.672073480149,0.604351451345394,57.3760619502328));
#5972=DIRECTION('',(-0.0,1.0,0.0));
#5973=DIRECTION('',(1.0,0.0,0.0));
#5974=ORIENTED_EDGE('',*,*,#7106,.T.);
#5975=ORIENTED_EDGE('',*,*,#7111,.T.);
#5976=ORIENTED_EDGE('',*,*,#7112,.F.);
#5977=ORIENTED_EDGE('',*,*,#7113,.F.);
#5978=CARTESIAN_POINT('',(30.727926519851,0.604351451345394,57.3760619502328));
#5979=DIRECTION('',(1.0,0.0,0.0));
#5980=DIRECTION('',(0.0,1.0,0.0));
#5981=ORIENTED_EDGE('',*,*,#7107,.T.);
#5982=ORIENTED_EDGE('',*,*,#7113,.T.);
#5983=ORIENTED_EDGE('',*,*,#7114,.F.);
#5984=ORIENTED_EDGE('',*,*,#7115,.F.);
#5985=CARTESIAN_POINT('',(30.727926519851,-36.1956485486546,57.3760619502328));
#5986=DIRECTION('',(0.0,-1.0,0.0));
#5987=DIRECTION('',(0.0,0.0,-1.0));
#5988=ORIENTED_EDGE('',*,*,#7108,.T.);
#5989=ORIENTED_EDGE('',*,*,#7115,.T.);
#5990=ORIENTED_EDGE('',*,*,#7116,.F.);
#5991=ORIENTED_EDGE('',*,*,#7109,.F.);
#5992=CARTESIAN_POINT('',(-27.672073480149,-36.1956485486546,57.3760619502328));
#5993=DIRECTION('',(-1.0,0.0,0.0));
#5994=DIRECTION('',(0.0,0.0,1.0));
#5995=ORIENTED_EDGE('',*,*,#7110,.T.);
#5996=ORIENTED_EDGE('',*,*,#7116,.T.);
#5997=ORIENTED_EDGE('',*,*,#7114,.T.);
#5998=ORIENTED_EDGE('',*,*,#7112,.T.);
#5999=CARTESIAN_POINT('',(-27.672073480149,-36.1956485486546,61.2760619502328));
#6000=DIRECTION('',(0.0,0.0,1.0));
#6001=DIRECTION('',(1.0,0.0,0.0));
#6002=EDGE_CURVE('',#7117,#7118,#7119,.T.);
#6003=EDGE_CURVE('',#7120,#7117,#7121,.T.);
#6004=EDGE_CURVE('',#7118,#7120,#7122,.T.);
#6005=EDGE_CURVE('',#7123,#7124,#7125,.T.);
#6006=EDGE_CURVE('',#7126,#7123,#7127,.T.);
#6007=EDGE_CURVE('',#7124,#7126,#7128,.T.);
#6008=EDGE_CURVE('',#7129,#7130,#7131,.T.);
#6009=EDGE_CURVE('',#7132,#7129,#7133,.T.);
#6010=EDGE_CURVE('',#7130,#7132,#7134,.T.);
#6011=EDGE_CURVE('',#7135,#7136,#7137,.T.);
#6012=EDGE_CURVE('',#7138,#7135,#7139,.T.);
#6013=EDGE_CURVE('',#7136,#7138,#7140,.T.);
#6014=EDGE_CURVE('',#7141,#7142,#7143,.T.);
#6015=EDGE_CURVE('',#7141,#7144,#7145,.T.);
#6016=EDGE_CURVE('',#7144,#7146,#7147,.T.);
#6017=EDGE_CURVE('',#7142,#7146,#7148,.T.);
#6018=EDGE_CURVE('',#7149,#7150,#7151,.T.);
#6019=EDGE_CURVE('',#7152,#7149,#7153,.T.);
#6020=EDGE_CURVE('',#7152,#7150,#7154,.T.);
#6021=EDGE_CURVE('',#7120,#7155,#7156,.T.);
#6022=EDGE_CURVE('',#7120,#7155,#7157,.T.);
#6023=EDGE_CURVE('',#7158,#7159,#7160,.T.);
#6024=EDGE_CURVE('',#7159,#7158,#7161,.T.);
#6025=EDGE_CURVE('',#7162,#7163,#7164,.T.);
#6026=EDGE_CURVE('',#7163,#7118,#7165,.T.);
#6027=EDGE_CURVE('',#7155,#7126,#7166,.T.);
#6028=EDGE_CURVE('',#7123,#7167,#7168,.T.);
#6029=EDGE_CURVE('',#7167,#7162,#7169,.T.);
#6030=EDGE_CURVE('',#7158,#7170,#7171,.T.);
#6031=EDGE_CURVE('',#7170,#7172,#7173,.T.);
#6032=EDGE_CURVE('',#7159,#7172,#7174,.T.);
#6033=EDGE_CURVE('',#7175,#7176,#7177,.T.);
#6034=EDGE_CURVE('',#7175,#7178,#7179,.T.);
#6035=EDGE_CURVE('',#7180,#7178,#7181,.T.);
#6036=EDGE_CURVE('',#7180,#7176,#7182,.T.);
#6037=EDGE_CURVE('',#7172,#7170,#7183,.T.);
#6038=EDGE_CURVE('',#7150,#7172,#7184,.T.);
#6039=EDGE_CURVE('',#7152,#7185,#7186,.T.);
#6040=EDGE_CURVE('',#7187,#7185,#7188,.T.);
#6041=EDGE_CURVE('',#7187,#7170,#7189,.T.);
#6042=EDGE_CURVE('',#7190,#7191,#7192,.T.);
#6043=EDGE_CURVE('',#7191,#7193,#7194,.T.);
#6044=EDGE_CURVE('',#7193,#7195,#7196,.T.);
#6045=EDGE_CURVE('',#7195,#7197,#7198,.T.);
#6046=EDGE_CURVE('',#7197,#7199,#7200,.T.);
#6047=EDGE_CURVE('',#7199,#7201,#7202,.T.);
#6048=EDGE_CURVE('',#7201,#7203,#7204,.T.);
#6049=EDGE_CURVE('',#7203,#7205,#7206,.T.);
#6050=EDGE_CURVE('',#7205,#7207,#7208,.T.);
#6051=EDGE_CURVE('',#7209,#7207,#7210,.T.);
#6052=EDGE_CURVE('',#7209,#7211,#7212,.T.);
#6053=EDGE_CURVE('',#7211,#7213,#7214,.T.);
#6054=EDGE_CURVE('',#7213,#7215,#7216,.T.);
#6055=EDGE_CURVE('',#7215,#7187,#7217,.T.);
#6056=EDGE_CURVE('',#7185,#7218,#7219,.T.);
#6057=EDGE_CURVE('',#7218,#7220,#7221,.T.);
#6058=EDGE_CURVE('',#7222,#7220,#7223,.T.);
#6059=EDGE_CURVE('',#7222,#7224,#7225,.T.);
#6060=EDGE_CURVE('',#7226,#7224,#7227,.T.);
#6061=EDGE_CURVE('',#7226,#7228,#7229,.T.);
#6062=EDGE_CURVE('',#7230,#7228,#7231,.T.);
#6063=EDGE_CURVE('',#7230,#7232,#7233,.T.);
#6064=EDGE_CURVE('',#7232,#7234,#7235,.T.);
#6065=EDGE_CURVE('',#7234,#7236,#7237,.T.);
#6066=EDGE_CURVE('',#7238,#7236,#7239,.T.);
#6067=EDGE_CURVE('',#7238,#7240,#7241,.T.);
#6068=EDGE_CURVE('',#7242,#7240,#7243,.T.);
#6069=EDGE_CURVE('',#7242,#7244,#7245,.T.);
#6070=EDGE_CURVE('',#7246,#7244,#7247,.T.);
#6071=EDGE_CURVE('',#7246,#7248,#7249,.T.);
#6072=EDGE_CURVE('',#7248,#7250,#7251,.T.);
#6073=EDGE_CURVE('',#7250,#7252,#7253,.T.);
#6074=EDGE_CURVE('',#7254,#7252,#7255,.T.);
#6075=EDGE_CURVE('',#7254,#7256,#7257,.T.);
#6076=EDGE_CURVE('',#7256,#7258,#7259,.T.);
#6077=EDGE_CURVE('',#7260,#7258,#7261,.T.);
#6078=EDGE_CURVE('',#7260,#7262,#7263,.T.);
#6079=EDGE_CURVE('',#7262,#7264,#7265,.T.);
#6080=EDGE_CURVE('',#7264,#7266,#7267,.T.);
#6081=EDGE_CURVE('',#7266,#7268,#7269,.T.);
#6082=EDGE_CURVE('',#7268,#7270,#7271,.T.);
#6083=EDGE_CURVE('',#7270,#7272,#7273,.T.);
#6084=EDGE_CURVE('',#7272,#7190,#7274,.T.);
#6085=EDGE_CURVE('',#7275,#7276,#7277,.T.);
#6086=EDGE_CURVE('',#7278,#7275,#7279,.T.);
#6087=EDGE_CURVE('',#7278,#7280,#7281,.T.);
#6088=EDGE_CURVE('',#7282,#7280,#7283,.T.);
#6089=EDGE_CURVE('',#7284,#7282,#7285,.T.);
#6090=EDGE_CURVE('',#7284,#7286,#7287,.T.);
#6091=EDGE_CURVE('',#7288,#7286,#7289,.T.);
#6092=EDGE_CURVE('',#7290,#7288,#7291,.T.);
#6093=EDGE_CURVE('',#7292,#7290,#7293,.T.);
#6094=EDGE_CURVE('',#7294,#7292,#7295,.T.);
#6095=EDGE_CURVE('',#7296,#7294,#7297,.T.);
#6096=EDGE_CURVE('',#7276,#7296,#7298,.T.);
#6097=EDGE_CURVE('',#7299,#7300,#7301,.T.);
#6098=EDGE_CURVE('',#7302,#7300,#7303,.T.);
#6099=EDGE_CURVE('',#7304,#7302,#7305,.T.);
#6100=EDGE_CURVE('',#7306,#7304,#7307,.T.);
#6101=EDGE_CURVE('',#7308,#7306,#7309,.T.);
#6102=EDGE_CURVE('',#7310,#7308,#7311,.T.);
#6103=EDGE_CURVE('',#7310,#7312,#7313,.T.);
#6104=EDGE_CURVE('',#7314,#7312,#7315,.T.);
#6105=EDGE_CURVE('',#7316,#7314,#7317,.T.);
#6106=EDGE_CURVE('',#7318,#7316,#7319,.T.);
#6107=EDGE_CURVE('',#7318,#7320,#7321,.T.);
#6108=EDGE_CURVE('',#7322,#7320,#7323,.T.);
#6109=EDGE_CURVE('',#7324,#7322,#7325,.T.);
#6110=EDGE_CURVE('',#7324,#7299,#7326,.T.);
#6111=EDGE_CURVE('',#7327,#7328,#7329,.T.);
#6112=EDGE_CURVE('',#7328,#7330,#7331,.T.);
#6113=EDGE_CURVE('',#7330,#7332,#7333,.T.);
#6114=EDGE_CURVE('',#7332,#7327,#7334,.T.);
#6115=EDGE_CURVE('',#7335,#7336,#7337,.T.);
#6116=EDGE_CURVE('',#7336,#7338,#7339,.T.);
#6117=EDGE_CURVE('',#7338,#7340,#7341,.T.);
#6118=EDGE_CURVE('',#7340,#7342,#7343,.T.);
#6119=EDGE_CURVE('',#7342,#7344,#7345,.T.);
#6120=EDGE_CURVE('',#7344,#7346,#7347,.T.);
#6121=EDGE_CURVE('',#7346,#7348,#7349,.T.);
#6122=EDGE_CURVE('',#7348,#7350,#7351,.T.);
#6123=EDGE_CURVE('',#7350,#7352,#7353,.T.);
#6124=EDGE_CURVE('',#7352,#7354,#7355,.T.);
#6125=EDGE_CURVE('',#7354,#7356,#7357,.T.);
#6126=EDGE_CURVE('',#7356,#7358,#7359,.T.);
#6127=EDGE_CURVE('',#7358,#7360,#7361,.T.);
#6128=EDGE_CURVE('',#7360,#7335,#7362,.T.);
#6129=EDGE_CURVE('',#7363,#7364,#7365,.T.);
#6130=EDGE_CURVE('',#7364,#7366,#7367,.T.);
#6131=EDGE_CURVE('',#7366,#7368,#7369,.T.);
#6132=EDGE_CURVE('',#7368,#7370,#7371,.T.);
#6133=EDGE_CURVE('',#7370,#7372,#7373,.T.);
#6134=EDGE_CURVE('',#7372,#7374,#7375,.T.);
#6135=EDGE_CURVE('',#7374,#7376,#7377,.T.);
#6136=EDGE_CURVE('',#7378,#7376,#7379,.T.);
#6137=EDGE_CURVE('',#7378,#7380,#7381,.T.);
#6138=EDGE_CURVE('',#7380,#7382,#7383,.T.);
#6139=EDGE_CURVE('',#7382,#7384,#7385,.T.);
#6140=EDGE_CURVE('',#7363,#7384,#7386,.T.);
#6141=EDGE_CURVE('',#7387,#7388,#7389,.T.);
#6142=EDGE_CURVE('',#7390,#7387,#7391,.T.);
#6143=EDGE_CURVE('',#7390,#7392,#7393,.T.);
#6144=EDGE_CURVE('',#7394,#7392,#7395,.T.);
#6145=EDGE_CURVE('',#7396,#7394,#7397,.T.);
#6146=EDGE_CURVE('',#7398,#7396,#7399,.T.);
#6147=EDGE_CURVE('',#7398,#7400,#7401,.T.);
#6148=EDGE_CURVE('',#7402,#7400,#7403,.T.);
#6149=EDGE_CURVE('',#7404,#7402,#7405,.T.);
#6150=EDGE_CURVE('',#7406,#7404,#7407,.T.);
#6151=EDGE_CURVE('',#7406,#7408,#7409,.T.);
#6152=EDGE_CURVE('',#7388,#7408,#7410,.T.);
#6153=EDGE_CURVE('',#7411,#7412,#7413,.T.);
#6154=EDGE_CURVE('',#7411,#7414,#7415,.T.);
#6155=EDGE_CURVE('',#7416,#7414,#7417,.T.);
#6156=EDGE_CURVE('',#7416,#7418,#7419,.T.);
#6157=EDGE_CURVE('',#7420,#7418,#7421,.T.);
#6158=EDGE_CURVE('',#7420,#7422,#7423,.T.);
#6159=EDGE_CURVE('',#7424,#7422,#7425,.T.);
#6160=EDGE_CURVE('',#7424,#7412,#7426,.T.);
#6161=EDGE_CURVE('',#7427,#7428,#7429,.T.);
#6162=EDGE_CURVE('',#7428,#7427,#7430,.T.);
#6163=EDGE_CURVE('',#7431,#7432,#7433,.T.);
#6164=EDGE_CURVE('',#7432,#7431,#7434,.T.);
#6165=EDGE_CURVE('',#7435,#7436,#7437,.T.);
#6166=EDGE_CURVE('',#7436,#7435,#7438,.T.);
#6167=EDGE_CURVE('',#7439,#7440,#7441,.T.);
#6168=EDGE_CURVE('',#7440,#7439,#7442,.T.);
#6169=EDGE_CURVE('',#7443,#7444,#7445,.T.);
#6170=EDGE_CURVE('',#7444,#7443,#7446,.T.);
#6171=EDGE_CURVE('',#7447,#7448,#7449,.T.);
#6172=EDGE_CURVE('',#7448,#7447,#7450,.T.);
#6173=EDGE_CURVE('',#7451,#7452,#7453,.T.);
#6174=EDGE_CURVE('',#7452,#7451,#7454,.T.);
#6175=EDGE_CURVE('',#7455,#7456,#7457,.T.);
#6176=EDGE_CURVE('',#7458,#7456,#7459,.T.);
#6177=EDGE_CURVE('',#7460,#7458,#7461,.T.);
#6178=EDGE_CURVE('',#7462,#7460,#7463,.T.);
#6179=EDGE_CURVE('',#7462,#7464,#7465,.T.);
#6180=EDGE_CURVE('',#7464,#7466,#7467,.T.);
#6181=EDGE_CURVE('',#7466,#7468,#7469,.T.);
#6182=EDGE_CURVE('',#7468,#7470,#7471,.T.);
#6183=EDGE_CURVE('',#7470,#7472,#7473,.T.);
#6184=EDGE_CURVE('',#7472,#7474,#7475,.T.);
#6185=EDGE_CURVE('',#7474,#7476,#7477,.T.);
#6186=EDGE_CURVE('',#7478,#7476,#7479,.T.);
#6187=EDGE_CURVE('',#7478,#7480,#7481,.T.);
#6188=EDGE_CURVE('',#7480,#7482,#7483,.T.);
#6189=EDGE_CURVE('',#7482,#7455,#7484,.T.);
#6190=EDGE_CURVE('',#7485,#7190,#7486,.T.);
#6191=EDGE_CURVE('',#7487,#7485,#7488,.T.);
#6192=EDGE_CURVE('',#7191,#7487,#7489,.T.);
#6193=EDGE_CURVE('',#7490,#7487,#7491,.T.);
#6194=EDGE_CURVE('',#7490,#7193,#7492,.T.);
#6195=EDGE_CURVE('',#7490,#7493,#7494,.T.);
#6196=EDGE_CURVE('',#7195,#7493,#7495,.T.);
#6197=EDGE_CURVE('',#7496,#7493,#7497,.T.);
#6198=EDGE_CURVE('',#7496,#7197,#7498,.T.);
#6199=EDGE_CURVE('',#7499,#7496,#7500,.T.);
#6200=EDGE_CURVE('',#7199,#7499,#7501,.T.);
#6201=EDGE_CURVE('',#7502,#7499,#7503,.T.);
#6202=EDGE_CURVE('',#7502,#7201,#7504,.T.);
#6203=EDGE_CURVE('',#7502,#7505,#7506,.T.);
#6204=EDGE_CURVE('',#7203,#7505,#7507,.T.);
#6205=EDGE_CURVE('',#7508,#7505,#7509,.T.);
#6206=EDGE_CURVE('',#7508,#7205,#7510,.T.);
#6207=EDGE_CURVE('',#7511,#7508,#7512,.T.);
#6208=EDGE_CURVE('',#7511,#7207,#7513,.T.);
#6209=EDGE_CURVE('',#7511,#7514,#7515,.T.);
#6210=EDGE_CURVE('',#7209,#7514,#7516,.T.);
#6211=EDGE_CURVE('',#7517,#7514,#7518,.T.);
#6212=EDGE_CURVE('',#7517,#7211,#7519,.T.);
#6213=EDGE_CURVE('',#7520,#7447,#7521,.T.);
#6214=EDGE_CURVE('',#7522,#7520,#7523,.T.);
#6215=EDGE_CURVE('',#7522,#7524,#7525,.T.);
#6216=EDGE_CURVE('',#7526,#7524,#7527,.T.);
#6217=EDGE_CURVE('',#7526,#7528,#7529,.T.);
#6218=EDGE_CURVE('',#7530,#7528,#7531,.T.);
#6219=EDGE_CURVE('',#7530,#7448,#7532,.T.);
#6220=EDGE_CURVE('',#7533,#7534,#7535,.T.);
#6221=EDGE_CURVE('',#7213,#7534,#7536,.T.);
#6222=EDGE_CURVE('',#7517,#7537,#7538,.T.);
#6223=EDGE_CURVE('',#7537,#7539,#7540,.T.);
#6224=EDGE_CURVE('',#7539,#7541,#7542,.T.);
#6225=EDGE_CURVE('',#7543,#7541,#7544,.T.);
#6226=EDGE_CURVE('',#7543,#7545,#7546,.T.);
#6227=EDGE_CURVE('',#7262,#7545,#7547,.T.);
#6228=EDGE_CURVE('',#7533,#7260,#7548,.T.);
#6229=EDGE_CURVE('',#7549,#7550,#7551,.T.);
#6230=EDGE_CURVE('',#7550,#7552,#7553,.T.);
#6231=EDGE_CURVE('',#7552,#7554,#7555,.T.);
#6232=EDGE_CURVE('',#7554,#7556,#7557,.T.);
#6233=EDGE_CURVE('',#7556,#7558,#7559,.T.);
#6234=EDGE_CURVE('',#7558,#7560,#7561,.T.);
#6235=EDGE_CURVE('',#7560,#7562,#7563,.T.);
#6236=EDGE_CURVE('',#7534,#7562,#7564,.T.);
#6237=EDGE_CURVE('',#7533,#7565,#7566,.T.);
#6238=EDGE_CURVE('',#7565,#7142,#7567,.T.);
#6239=EDGE_CURVE('',#7146,#7568,#7569,.T.);
#6240=EDGE_CURVE('',#7568,#7570,#7571,.T.);
#6241=EDGE_CURVE('',#7570,#7549,#7572,.T.);
#6242=EDGE_CURVE('',#7573,#7574,#7575,.T.);
#6243=EDGE_CURVE('',#7574,#7573,#7576,.T.);
#6244=EDGE_CURVE('',#7577,#7578,#7579,.T.);
#6245=EDGE_CURVE('',#7578,#7577,#7580,.T.);
#6246=EDGE_CURVE('',#7549,#7581,#7582,.T.);
#6247=EDGE_CURVE('',#7583,#7581,#7584,.T.);
#6248=EDGE_CURVE('',#7583,#7550,#7585,.T.);
#6249=EDGE_CURVE('',#7250,#7570,#7586,.T.);
#6250=EDGE_CURVE('',#7587,#7248,#7588,.T.);
#6251=EDGE_CURVE('',#7587,#7581,#7589,.T.);
#6252=EDGE_CURVE('',#7587,#7590,#7591,.T.);
#6253=EDGE_CURVE('',#7583,#7590,#7592,.T.);
#6254=EDGE_CURVE('',#7593,#7590,#7594,.T.);
#6255=EDGE_CURVE('',#7593,#7595,#7596,.T.);
#6256=EDGE_CURVE('',#7597,#7595,#7598,.T.);
#6257=EDGE_CURVE('',#7597,#7599,#7600,.T.);
#6258=EDGE_CURVE('',#7599,#7560,#7601,.T.);
#6259=EDGE_CURVE('',#7602,#7558,#7603,.T.);
#6260=EDGE_CURVE('',#7604,#7602,#7605,.T.);
#6261=EDGE_CURVE('',#7604,#7552,#7606,.T.);
#6262=EDGE_CURVE('',#7246,#7607,#7608,.T.);
#6263=EDGE_CURVE('',#7593,#7607,#7609,.T.);
#6264=EDGE_CURVE('',#7610,#7611,#7612,.T.);
#6265=EDGE_CURVE('',#7610,#7613,#7614,.T.);
#6266=EDGE_CURVE('',#7613,#7615,#7616,.T.);
#6267=EDGE_CURVE('',#7615,#7617,#7618,.T.);
#6268=EDGE_CURVE('',#7617,#7619,#7620,.T.);
#6269=EDGE_CURVE('',#7619,#7621,#7622,.T.);
#6270=EDGE_CURVE('',#7623,#7621,#7624,.T.);
#6271=EDGE_CURVE('',#7623,#7625,#7626,.T.);
#6272=EDGE_CURVE('',#7627,#7625,#7628,.T.);
#6273=EDGE_CURVE('',#7627,#7595,#7629,.T.);
#6274=EDGE_CURVE('',#7630,#7607,#7631,.T.);
#6275=EDGE_CURVE('',#7630,#7632,#7633,.T.);
#6276=EDGE_CURVE('',#7634,#7632,#7635,.T.);
#6277=EDGE_CURVE('',#7634,#7611,#7636,.T.);
#6278=EDGE_CURVE('',#7637,#7638,#7639,.T.);
#6279=EDGE_CURVE('',#7638,#7637,#7640,.T.);
#6280=EDGE_CURVE('',#7641,#7642,#7643,.T.);
#6281=EDGE_CURVE('',#7644,#7641,#7645,.T.);
#6282=EDGE_CURVE('',#7646,#7644,#7647,.T.);
#6283=EDGE_CURVE('',#7642,#7646,#7648,.T.);
#6284=EDGE_CURVE('',#7649,#7650,#7651,.T.);
#6285=EDGE_CURVE('',#7652,#7649,#7653,.T.);
#6286=EDGE_CURVE('',#7654,#7652,#7655,.T.);
#6287=EDGE_CURVE('',#7650,#7654,#7656,.T.);
#6288=EDGE_CURVE('',#7657,#7658,#7659,.T.);
#6289=EDGE_CURVE('',#7660,#7657,#7661,.T.);
#6290=EDGE_CURVE('',#7662,#7660,#7663,.T.);
#6291=EDGE_CURVE('',#7658,#7662,#7664,.T.);
#6292=EDGE_CURVE('',#7665,#7666,#7667,.T.);
#6293=EDGE_CURVE('',#7668,#7665,#7669,.T.);
#6294=EDGE_CURVE('',#7670,#7668,#7671,.T.);
#6295=EDGE_CURVE('',#7666,#7670,#7672,.T.);
#6296=EDGE_CURVE('',#7673,#7674,#7675,.T.);
#6297=EDGE_CURVE('',#7676,#7673,#7677,.T.);
#6298=EDGE_CURVE('',#7678,#7676,#7679,.T.);
#6299=EDGE_CURVE('',#7674,#7678,#7680,.T.);
#6300=EDGE_CURVE('',#7681,#7682,#7683,.T.);
#6301=EDGE_CURVE('',#7684,#7681,#7685,.T.);
#6302=EDGE_CURVE('',#7686,#7684,#7687,.T.);
#6303=EDGE_CURVE('',#7682,#7686,#7688,.T.);
#6304=EDGE_CURVE('',#7689,#7690,#7691,.T.);
#6305=EDGE_CURVE('',#7692,#7689,#7693,.T.);
#6306=EDGE_CURVE('',#7694,#7692,#7695,.T.);
#6307=EDGE_CURVE('',#7690,#7694,#7696,.T.);
#6308=EDGE_CURVE('',#7238,#7611,#7697,.T.);
#6309=EDGE_CURVE('',#7610,#7236,#7698,.T.);
#6310=EDGE_CURVE('',#7634,#7240,#7699,.T.);
#6311=EDGE_CURVE('',#7242,#7632,#7700,.T.);
#6312=EDGE_CURVE('',#7630,#7244,#7701,.T.);
#6313=EDGE_CURVE('',#7234,#7613,#7702,.T.);
#6314=EDGE_CURVE('',#7615,#7232,#7703,.T.);
#6315=EDGE_CURVE('',#7230,#7617,#7704,.T.);
#6316=EDGE_CURVE('',#7619,#7228,#7705,.T.);
#6317=EDGE_CURVE('',#7226,#7621,#7706,.T.);
#6318=EDGE_CURVE('',#7623,#7224,#7707,.T.);
#6319=EDGE_CURVE('',#7222,#7625,#7708,.T.);
#6320=EDGE_CURVE('',#7627,#7220,#7709,.T.);
#6321=EDGE_CURVE('',#7218,#7710,#7711,.T.);
#6322=EDGE_CURVE('',#7597,#7710,#7712,.T.);
#6323=EDGE_CURVE('',#7713,#7710,#7714,.T.);
#6324=EDGE_CURVE('',#7149,#7715,#7716,.T.);
#6325=EDGE_CURVE('',#7215,#7715,#7717,.T.);
#6326=EDGE_CURVE('',#7713,#7562,#7718,.T.);
#6327=EDGE_CURVE('',#7713,#7599,#7719,.T.);
#6328=EDGE_CURVE('',#7155,#7126,#7720,.T.);
#6329=EDGE_CURVE('',#7150,#7715,#7721,.T.);
#6330=EDGE_CURVE('',#7722,#7637,#7723,.T.);
#6331=EDGE_CURVE('',#7724,#7722,#7725,.T.);
#6332=EDGE_CURVE('',#7724,#7638,#7726,.T.);
#6333=EDGE_CURVE('',#7162,#7163,#7727,.T.);
#6334=EDGE_CURVE('',#7162,#7728,#7729,.T.);
#6335=EDGE_CURVE('',#7730,#7728,#7731,.T.);
#6336=EDGE_CURVE('',#7163,#7730,#7732,.T.);
#6337=EDGE_CURVE('',#7722,#7724,#7733,.T.);
#6338=EDGE_CURVE('',#7734,#7735,#7736,.T.);
#6339=EDGE_CURVE('',#7641,#7735,#7737,.T.);
#6340=EDGE_CURVE('',#7642,#7734,#7738,.T.);
#6341=EDGE_CURVE('',#7739,#7740,#7741,.T.);
#6342=EDGE_CURVE('',#7739,#7735,#7742,.T.);
#6343=EDGE_CURVE('',#7740,#7734,#7743,.T.);
#6344=EDGE_CURVE('',#7744,#7745,#7746,.T.);
#6345=EDGE_CURVE('',#7745,#7739,#7747,.T.);
#6346=EDGE_CURVE('',#7740,#7744,#7748,.T.);
#6347=EDGE_CURVE('',#7749,#7744,#7750,.T.);
#6348=EDGE_CURVE('',#7751,#7749,#7752,.T.);
#6349=EDGE_CURVE('',#7745,#7751,#7753,.T.);
#6350=EDGE_CURVE('',#7735,#7751,#7754,.T.);
#6351=EDGE_CURVE('',#7644,#7751,#7755,.T.);
#6352=EDGE_CURVE('',#7646,#7749,#7756,.T.);
#6353=EDGE_CURVE('',#7749,#7734,#7757,.T.);
#6354=EDGE_CURVE('',#7758,#7759,#7760,.T.);
#6355=EDGE_CURVE('',#7649,#7759,#7761,.T.);
#6356=EDGE_CURVE('',#7650,#7758,#7762,.T.);
#6357=EDGE_CURVE('',#7763,#7764,#7765,.T.);
#6358=EDGE_CURVE('',#7763,#7759,#7766,.T.);
#6359=EDGE_CURVE('',#7758,#7764,#7767,.T.);
#6360=EDGE_CURVE('',#7764,#7768,#7769,.T.);
#6361=EDGE_CURVE('',#7768,#7770,#7771,.T.);
#6362=EDGE_CURVE('',#7770,#7763,#7772,.T.);
#6363=EDGE_CURVE('',#7773,#7758,#7774,.T.);
#6364=EDGE_CURVE('',#7768,#7773,#7775,.T.);
#6365=EDGE_CURVE('',#7776,#7773,#7777,.T.);
#6366=EDGE_CURVE('',#7770,#7776,#7778,.T.);
#6367=EDGE_CURVE('',#7759,#7776,#7779,.T.);
#6368=EDGE_CURVE('',#7652,#7776,#7780,.T.);
#6369=EDGE_CURVE('',#7654,#7773,#7781,.T.);
#6370=EDGE_CURVE('',#7658,#7782,#7783,.T.);
#6371=EDGE_CURVE('',#7782,#7784,#7785,.T.);
#6372=EDGE_CURVE('',#7657,#7784,#7786,.T.);
#6373=EDGE_CURVE('',#7787,#7782,#7788,.T.);
#6374=EDGE_CURVE('',#7662,#7787,#7789,.T.);
#6375=EDGE_CURVE('',#7790,#7791,#7792,.T.);
#6376=EDGE_CURVE('',#7782,#7790,#7793,.T.);
#6377=EDGE_CURVE('',#7791,#7787,#7794,.T.);
#6378=EDGE_CURVE('',#7791,#7795,#7796,.T.);
#6379=EDGE_CURVE('',#7795,#7797,#7798,.T.);
#6380=EDGE_CURVE('',#7797,#7790,#7799,.T.);
#6381=EDGE_CURVE('',#7797,#7784,#7800,.T.);
#6382=EDGE_CURVE('',#7795,#7801,#7802,.T.);
#6383=EDGE_CURVE('',#7784,#7801,#7803,.T.);
#6384=EDGE_CURVE('',#7660,#7801,#7804,.T.);
#6385=EDGE_CURVE('',#7801,#7787,#7805,.T.);
#6386=EDGE_CURVE('',#7666,#7806,#7807,.T.);
#6387=EDGE_CURVE('',#7806,#7808,#7809,.T.);
#6388=EDGE_CURVE('',#7665,#7808,#7810,.T.);
#6389=EDGE_CURVE('',#7811,#7806,#7812,.T.);
#6390=EDGE_CURVE('',#7670,#7811,#7813,.T.);
#6391=EDGE_CURVE('',#7814,#7815,#7816,.T.);
#6392=EDGE_CURVE('',#7806,#7814,#7817,.T.);
#6393=EDGE_CURVE('',#7815,#7811,#7818,.T.);
#6394=EDGE_CURVE('',#7815,#7819,#7820,.T.);
#6395=EDGE_CURVE('',#7819,#7821,#7822,.T.);
#6396=EDGE_CURVE('',#7821,#7814,#7823,.T.);
#6397=EDGE_CURVE('',#7821,#7808,#7824,.T.);
#6398=EDGE_CURVE('',#7819,#7825,#7826,.T.);
#6399=EDGE_CURVE('',#7808,#7825,#7827,.T.);
#6400=EDGE_CURVE('',#7668,#7825,#7828,.T.);
#6401=EDGE_CURVE('',#7825,#7811,#7829,.T.);
#6402=EDGE_CURVE('',#7674,#7830,#7831,.T.);
#6403=EDGE_CURVE('',#7830,#7832,#7833,.T.);
#6404=EDGE_CURVE('',#7673,#7832,#7834,.T.);
#6405=EDGE_CURVE('',#7835,#7830,#7836,.T.);
#6406=EDGE_CURVE('',#7678,#7835,#7837,.T.);
#6407=EDGE_CURVE('',#7838,#7839,#7840,.T.);
#6408=EDGE_CURVE('',#7838,#7830,#7841,.T.);
#6409=EDGE_CURVE('',#7835,#7839,#7842,.T.);
#6410=EDGE_CURVE('',#7839,#7843,#7844,.T.);
#6411=EDGE_CURVE('',#7843,#7845,#7846,.T.);
#6412=EDGE_CURVE('',#7845,#7838,#7847,.T.);
#6413=EDGE_CURVE('',#7848,#7835,#7849,.T.);
#6414=EDGE_CURVE('',#7843,#7848,#7850,.T.);
#6415=EDGE_CURVE('',#7832,#7848,#7851,.T.);
#6416=EDGE_CURVE('',#7845,#7832,#7852,.T.);
#6417=EDGE_CURVE('',#7676,#7848,#7853,.T.);
#6418=EDGE_CURVE('',#7682,#7854,#7855,.T.);
#6419=EDGE_CURVE('',#7854,#7856,#7857,.T.);
#6420=EDGE_CURVE('',#7681,#7856,#7858,.T.);
#6421=EDGE_CURVE('',#7859,#7854,#7860,.T.);
#6422=EDGE_CURVE('',#7686,#7859,#7861,.T.);
#6423=EDGE_CURVE('',#7862,#7863,#7864,.T.);
#6424=EDGE_CURVE('',#7854,#7862,#7865,.T.);
#6425=EDGE_CURVE('',#7863,#7859,#7866,.T.);
#6426=EDGE_CURVE('',#7863,#7867,#7868,.T.);
#6427=EDGE_CURVE('',#7867,#7869,#7870,.T.);
#6428=EDGE_CURVE('',#7869,#7862,#7871,.T.);
#6429=EDGE_CURVE('',#7869,#7856,#7872,.T.);
#6430=EDGE_CURVE('',#7867,#7873,#7874,.T.);
#6431=EDGE_CURVE('',#7856,#7873,#7875,.T.);
#6432=EDGE_CURVE('',#7684,#7873,#7876,.T.);
#6433=EDGE_CURVE('',#7873,#7859,#7877,.T.);
#6434=EDGE_CURVE('',#7690,#7878,#7879,.T.);
#6435=EDGE_CURVE('',#7880,#7878,#7881,.T.);
#6436=EDGE_CURVE('',#7689,#7880,#7882,.T.);
#6437=EDGE_CURVE('',#7878,#7883,#7884,.T.);
#6438=EDGE_CURVE('',#7694,#7883,#7885,.T.);
#6439=EDGE_CURVE('',#7886,#7887,#7888,.T.);
#6440=EDGE_CURVE('',#7886,#7878,#7889,.T.);
#6441=EDGE_CURVE('',#7883,#7887,#7890,.T.);
#6442=EDGE_CURVE('',#7887,#7891,#7892,.T.);
#6443=EDGE_CURVE('',#7891,#7893,#7894,.T.);
#6444=EDGE_CURVE('',#7893,#7886,#7895,.T.);
#6445=EDGE_CURVE('',#7883,#7896,#7897,.T.);
#6446=EDGE_CURVE('',#7891,#7896,#7898,.T.);
#6447=EDGE_CURVE('',#7896,#7880,#7899,.T.);
#6448=EDGE_CURVE('',#7893,#7880,#7900,.T.);
#6449=EDGE_CURVE('',#7692,#7896,#7901,.T.);
#6450=EDGE_CURVE('',#7902,#7604,#7903,.T.);
#6451=EDGE_CURVE('',#7902,#7554,#7904,.T.);
#6452=EDGE_CURVE('',#7902,#7905,#7906,.T.);
#6453=EDGE_CURVE('',#7602,#7905,#7907,.T.);
#6454=EDGE_CURVE('',#7556,#7905,#7908,.T.);
#6455=EDGE_CURVE('',#7252,#7568,#7909,.T.);
#6456=EDGE_CURVE('',#7254,#7144,#7910,.T.);
#6457=EDGE_CURVE('',#7141,#7911,#7912,.T.);
#6458=EDGE_CURVE('',#7913,#7911,#7914,.T.);
#6459=EDGE_CURVE('',#7256,#7913,#7915,.T.);
#6460=EDGE_CURVE('',#7565,#7916,#7917,.T.);
#6461=EDGE_CURVE('',#7916,#7141,#7918,.T.);
#6462=EDGE_CURVE('',#7916,#7258,#7919,.T.);
#6463=EDGE_CURVE('',#7117,#7163,#7920,.T.);
#6464=EDGE_CURVE('',#7921,#7730,#7922,.T.);
#6465=EDGE_CURVE('',#7120,#7921,#7923,.T.);
#6466=EDGE_CURVE('',#7924,#7925,#7926,.T.);
#6467=EDGE_CURVE('',#7924,#7913,#7927,.T.);
#6468=EDGE_CURVE('',#7925,#7911,#7928,.T.);
#6469=EDGE_CURVE('',#7929,#7930,#7931,.T.);
#6470=EDGE_CURVE('',#7932,#7930,#7933,.T.);
#6471=EDGE_CURVE('',#7934,#7932,#7935,.T.);
#6472=EDGE_CURVE('',#7936,#7934,#7937,.T.);
#6473=EDGE_CURVE('',#7929,#7936,#7938,.T.);
#6474=EDGE_CURVE('',#7925,#7924,#7939,.T.);
#6475=EDGE_CURVE('',#7940,#7941,#7942,.T.);
#6476=EDGE_CURVE('',#7941,#7136,#7943,.T.);
#6477=EDGE_CURVE('',#7138,#7944,#7945,.T.);
#6478=EDGE_CURVE('',#7944,#7132,#7946,.T.);
#6479=EDGE_CURVE('',#7129,#7947,#7948,.T.);
#6480=EDGE_CURVE('',#7947,#7940,#7949,.T.);
#6481=EDGE_CURVE('',#7940,#7941,#7950,.T.);
#6482=EDGE_CURVE('',#7940,#7951,#7952,.T.);
#6483=EDGE_CURVE('',#7953,#7951,#7954,.T.);
#6484=EDGE_CURVE('',#7941,#7953,#7955,.T.);
#6485=EDGE_CURVE('',#7135,#7941,#7956,.T.);
#6486=EDGE_CURVE('',#7957,#7953,#7958,.T.);
#6487=EDGE_CURVE('',#7138,#7957,#7959,.T.);
#6488=EDGE_CURVE('',#7138,#7944,#7960,.T.);
#6489=EDGE_CURVE('',#7961,#7957,#7962,.T.);
#6490=EDGE_CURVE('',#7944,#7961,#7963,.T.);
#6491=EDGE_CURVE('',#7944,#7132,#7964,.T.);
#6492=EDGE_CURVE('',#7965,#7961,#7966,.T.);
#6493=EDGE_CURVE('',#7132,#7965,#7967,.T.);
#6494=EDGE_CURVE('',#7968,#7965,#7969,.T.);
#6495=EDGE_CURVE('',#7947,#7968,#7970,.T.);
#6496=EDGE_CURVE('',#7947,#7130,#7971,.T.);
#6497=EDGE_CURVE('',#7947,#7940,#7972,.T.);
#6498=EDGE_CURVE('',#7951,#7968,#7973,.T.);
#6499=EDGE_CURVE('',#7974,#7577,#7975,.T.);
#6500=EDGE_CURVE('',#7974,#7976,#7977,.T.);
#6501=EDGE_CURVE('',#7976,#7578,#7978,.T.);
#6502=EDGE_CURVE('',#7979,#7980,#7981,.T.);
#6503=EDGE_CURVE('',#7979,#7976,#7982,.T.);
#6504=EDGE_CURVE('',#7980,#7974,#7983,.T.);
#6505=EDGE_CURVE('',#7984,#7985,#7986,.T.);
#6506=EDGE_CURVE('',#7985,#7979,#7987,.T.);
#6507=EDGE_CURVE('',#7984,#7980,#7988,.T.);
#6508=EDGE_CURVE('',#7989,#7990,#7991,.T.);
#6509=EDGE_CURVE('',#7989,#7985,#7992,.T.);
#6510=EDGE_CURVE('',#7990,#7984,#7993,.T.);
#6511=EDGE_CURVE('',#7176,#7180,#7994,.T.);
#6512=EDGE_CURVE('',#7180,#7526,#7995,.T.);
#6513=EDGE_CURVE('',#7524,#7176,#7996,.T.);
#6514=EDGE_CURVE('',#7997,#7990,#7998,.T.);
#6515=EDGE_CURVE('',#7999,#7997,#8000,.T.);
#6516=EDGE_CURVE('',#7999,#7989,#8001,.T.);
#6517=EDGE_CURVE('',#7997,#7999,#8002,.T.);
#6518=EDGE_CURVE('',#7167,#7124,#8003,.T.);
#6519=EDGE_CURVE('',#8004,#7929,#8005,.T.);
#6520=EDGE_CURVE('',#8004,#8006,#8007,.T.);
#6521=EDGE_CURVE('',#8008,#8006,#8009,.T.);
#6522=EDGE_CURVE('',#7929,#8008,#8010,.T.);
#6523=EDGE_CURVE('',#8011,#8004,#8012,.T.);
#6524=EDGE_CURVE('',#8013,#8011,#8014,.T.);
#6525=EDGE_CURVE('',#8013,#8015,#8016,.T.);
#6526=EDGE_CURVE('',#8017,#8015,#8018,.T.);
#6527=EDGE_CURVE('',#8017,#8004,#8019,.T.);
#6528=EDGE_CURVE('',#8020,#8015,#8021,.T.);
#6529=EDGE_CURVE('',#8013,#8020,#8022,.T.);
#6530=EDGE_CURVE('',#8023,#8024,#8025,.T.);
#6531=EDGE_CURVE('',#8024,#7573,#8026,.T.);
#6532=EDGE_CURVE('',#8023,#7574,#8027,.T.);
#6533=EDGE_CURVE('',#7126,#8028,#8029,.T.);
#6534=EDGE_CURVE('',#8030,#8028,#8031,.T.);
#6535=EDGE_CURVE('',#7167,#8030,#8032,.T.);
#6536=EDGE_CURVE('',#8033,#8034,#8035,.T.);
#6537=EDGE_CURVE('',#8033,#8024,#8036,.T.);
#6538=EDGE_CURVE('',#8034,#8023,#8037,.T.);
#6539=EDGE_CURVE('',#8038,#8034,#8039,.T.);
#6540=EDGE_CURVE('',#8038,#8040,#8041,.T.);
#6541=EDGE_CURVE('',#8040,#8033,#8042,.T.);
#6542=EDGE_CURVE('',#8040,#8038,#8043,.T.);
#6543=EDGE_CURVE('',#8044,#8040,#8045,.T.);
#6544=EDGE_CURVE('',#8046,#8044,#8047,.T.);
#6545=EDGE_CURVE('',#8046,#8038,#8048,.T.);
#6546=EDGE_CURVE('',#7522,#8049,#8050,.T.);
#6547=EDGE_CURVE('',#7175,#8049,#8051,.T.);
#6548=EDGE_CURVE('',#8044,#8046,#8052,.T.);
#6549=EDGE_CURVE('',#8053,#8046,#8054,.T.);
#6550=EDGE_CURVE('',#8055,#8053,#8056,.T.);
#6551=EDGE_CURVE('',#8055,#8044,#8057,.T.);
#6552=EDGE_CURVE('',#8058,#8006,#8059,.T.);
#6553=EDGE_CURVE('',#8060,#8058,#8061,.T.);
#6554=EDGE_CURVE('',#8060,#8008,#8062,.T.);
#6555=EDGE_CURVE('',#8053,#8055,#8063,.T.);
#6556=EDGE_CURVE('',#7167,#7162,#8064,.T.);
#6557=EDGE_CURVE('',#8065,#7934,#8066,.T.);
#6558=EDGE_CURVE('',#8065,#7451,#8067,.T.);
#6559=EDGE_CURVE('',#8020,#7452,#8068,.T.);
#6560=EDGE_CURVE('',#7936,#8011,#8069,.T.);
#6561=EDGE_CURVE('',#8070,#7545,#8071,.T.);
#6562=EDGE_CURVE('',#8070,#7264,#8072,.T.);
#6563=EDGE_CURVE('',#8073,#8070,#8074,.T.);
#6564=EDGE_CURVE('',#7266,#8073,#8075,.T.);
#6565=EDGE_CURVE('',#8076,#8073,#8077,.T.);
#6566=EDGE_CURVE('',#8076,#7268,#8078,.T.);
#6567=EDGE_CURVE('',#8079,#8076,#8080,.T.);
#6568=EDGE_CURVE('',#8079,#7270,#8081,.T.);
#6569=EDGE_CURVE('',#8082,#8079,#8083,.T.);
#6570=EDGE_CURVE('',#7272,#8082,#8084,.T.);
#6571=EDGE_CURVE('',#7485,#8082,#8085,.T.);
#6572=EDGE_CURVE('',#7543,#8086,#8087,.T.);
#6573=EDGE_CURVE('',#8086,#8088,#8089,.T.);
#6574=EDGE_CURVE('',#8088,#8090,#8091,.T.);
#6575=EDGE_CURVE('',#8090,#8092,#8093,.T.);
#6576=EDGE_CURVE('',#8092,#7537,#8094,.T.);
#6577=EDGE_CURVE('',#7539,#8095,#8096,.T.);
#6578=EDGE_CURVE('',#8095,#8092,#8097,.T.);
#6579=EDGE_CURVE('',#8098,#7541,#8099,.T.);
#6580=EDGE_CURVE('',#8095,#8100,#8101,.T.);
#6581=EDGE_CURVE('',#8100,#8102,#8103,.T.);
#6582=EDGE_CURVE('',#8102,#8098,#8104,.T.);
#6583=EDGE_CURVE('',#8086,#8098,#8105,.T.);
#6584=EDGE_CURVE('',#8102,#8088,#8106,.T.);
#6585=EDGE_CURVE('',#8090,#8100,#8107,.T.);
#6586=EDGE_CURVE('',#8108,#8109,#8110,.T.);
#6587=EDGE_CURVE('',#8109,#8108,#8111,.T.);
#6588=EDGE_CURVE('',#8112,#8113,#8114,.T.);
#6589=EDGE_CURVE('',#8113,#7456,#8115,.T.);
#6590=EDGE_CURVE('',#7455,#8112,#8116,.T.);
#6591=EDGE_CURVE('',#8117,#8118,#8119,.T.);
#6592=EDGE_CURVE('',#8120,#8117,#8121,.T.);
#6593=EDGE_CURVE('',#8122,#8120,#8123,.T.);
#6594=EDGE_CURVE('',#8122,#8124,#8125,.T.);
#6595=EDGE_CURVE('',#8124,#8126,#8127,.T.);
#6596=EDGE_CURVE('',#8126,#8128,#8129,.T.);
#6597=EDGE_CURVE('',#8130,#8128,#8131,.T.);
#6598=EDGE_CURVE('',#8130,#8132,#8133,.T.);
#6599=EDGE_CURVE('',#8134,#8132,#8135,.T.);
#6600=EDGE_CURVE('',#8136,#8134,#8137,.T.);
#6601=EDGE_CURVE('',#8113,#8136,#8138,.T.);
#6602=EDGE_CURVE('',#8112,#8139,#8140,.T.);
#6603=EDGE_CURVE('',#8139,#8141,#8142,.T.);
#6604=EDGE_CURVE('',#8118,#8141,#8143,.T.);
#6605=EDGE_CURVE('',#8144,#8145,#8146,.T.);
#6606=EDGE_CURVE('',#8145,#8144,#8147,.T.);
#6607=EDGE_CURVE('',#7478,#8118,#8148,.T.);
#6608=EDGE_CURVE('',#8117,#7476,#8149,.T.);
#6609=EDGE_CURVE('',#7474,#8120,#8150,.T.);
#6610=EDGE_CURVE('',#7472,#8122,#8151,.T.);
#6611=EDGE_CURVE('',#8124,#7470,#8152,.T.);
#6612=EDGE_CURVE('',#8126,#7468,#8153,.T.);
#6613=EDGE_CURVE('',#7466,#8128,#8154,.T.);
#6614=EDGE_CURVE('',#7464,#8130,#8155,.T.);
#6615=EDGE_CURVE('',#7462,#8132,#8156,.T.);
#6616=EDGE_CURVE('',#7460,#8134,#8157,.T.);
#6617=EDGE_CURVE('',#8136,#7458,#8158,.T.);
#6618=EDGE_CURVE('',#8141,#7480,#8159,.T.);
#6619=EDGE_CURVE('',#7482,#8139,#8160,.T.);
#6620=EDGE_CURVE('',#8161,#8144,#8162,.T.);
#6621=EDGE_CURVE('',#8163,#8161,#8164,.T.);
#6622=EDGE_CURVE('',#8163,#8145,#8165,.T.);
#6623=EDGE_CURVE('',#8161,#8163,#8166,.T.);
#6624=EDGE_CURVE('',#8167,#7276,#8168,.T.);
#6625=EDGE_CURVE('',#8169,#8167,#8170,.T.);
#6626=EDGE_CURVE('',#8169,#7275,#8171,.T.);
#6627=EDGE_CURVE('',#7296,#8172,#8173,.T.);
#6628=EDGE_CURVE('',#8172,#8167,#8174,.T.);
#6629=EDGE_CURVE('',#7294,#8175,#8176,.T.);
#6630=EDGE_CURVE('',#8172,#8175,#8177,.T.);
#6631=EDGE_CURVE('',#8175,#8178,#8179,.T.);
#6632=EDGE_CURVE('',#8178,#8180,#8181,.T.);
#6633=EDGE_CURVE('',#8180,#8182,#8183,.T.);
#6634=EDGE_CURVE('',#8182,#8184,#8185,.T.);
#6635=EDGE_CURVE('',#8186,#8184,#8187,.T.);
#6636=EDGE_CURVE('',#8186,#8188,#8189,.T.);
#6637=EDGE_CURVE('',#8188,#8190,#8191,.T.);
#6638=EDGE_CURVE('',#8192,#8190,#8193,.T.);
#6639=EDGE_CURVE('',#8192,#8169,#8194,.T.);
#6640=EDGE_CURVE('',#7278,#8192,#8195,.T.);
#6641=EDGE_CURVE('',#8190,#7280,#8196,.T.);
#6642=EDGE_CURVE('',#8188,#7282,#8197,.T.);
#6643=EDGE_CURVE('',#7284,#8186,#8198,.T.);
#6644=EDGE_CURVE('',#8184,#7286,#8199,.T.);
#6645=EDGE_CURVE('',#8182,#7288,#8200,.T.);
#6646=EDGE_CURVE('',#7290,#8180,#8201,.T.);
#6647=EDGE_CURVE('',#7292,#8178,#8202,.T.);
#6648=EDGE_CURVE('',#7299,#8203,#8204,.T.);
#6649=EDGE_CURVE('',#8203,#8205,#8206,.T.);
#6650=EDGE_CURVE('',#8205,#7300,#8207,.T.);
#6651=EDGE_CURVE('',#7324,#8208,#8209,.T.);
#6652=EDGE_CURVE('',#8203,#8208,#8210,.T.);
#6653=EDGE_CURVE('',#8211,#7322,#8212,.T.);
#6654=EDGE_CURVE('',#8211,#8208,#8213,.T.);
#6655=EDGE_CURVE('',#8214,#8215,#8216,.T.);
#6656=EDGE_CURVE('',#8214,#8217,#8218,.T.);
#6657=EDGE_CURVE('',#8219,#8217,#8220,.T.);
#6658=EDGE_CURVE('',#8221,#8219,#8222,.T.);
#6659=EDGE_CURVE('',#8223,#8221,#8224,.T.);
#6660=EDGE_CURVE('',#8225,#8223,#8226,.T.);
#6661=EDGE_CURVE('',#8205,#8225,#8227,.T.);
#6662=EDGE_CURVE('',#8228,#8211,#8229,.T.);
#6663=EDGE_CURVE('',#8230,#8228,#8231,.T.);
#6664=EDGE_CURVE('',#8232,#8230,#8233,.T.);
#6665=EDGE_CURVE('',#8215,#8232,#8234,.T.);
#6666=EDGE_CURVE('',#8214,#7312,#8235,.T.);
#6667=EDGE_CURVE('',#7314,#8215,#8236,.T.);
#6668=EDGE_CURVE('',#7316,#8232,#8237,.T.);
#6669=EDGE_CURVE('',#7318,#8230,#8238,.T.);
#6670=EDGE_CURVE('',#8228,#7320,#8239,.T.);
#6671=EDGE_CURVE('',#7310,#8217,#8240,.T.);
#6672=EDGE_CURVE('',#7308,#8219,#8241,.T.);
#6673=EDGE_CURVE('',#7306,#8221,#8242,.T.);
#6674=EDGE_CURVE('',#8223,#7304,#8243,.T.);
#6675=EDGE_CURVE('',#8225,#7302,#8244,.T.);
#6676=EDGE_CURVE('',#8245,#7327,#8246,.T.);
#6677=EDGE_CURVE('',#8247,#8245,#8248,.T.);
#6678=EDGE_CURVE('',#8247,#7328,#8249,.T.);
#6679=EDGE_CURVE('',#8250,#8247,#8251,.T.);
#6680=EDGE_CURVE('',#8250,#7330,#8252,.T.);
#6681=EDGE_CURVE('',#8253,#8250,#8254,.T.);
#6682=EDGE_CURVE('',#8253,#7332,#8255,.T.);
#6683=EDGE_CURVE('',#8245,#8253,#8256,.T.);
#6684=EDGE_CURVE('',#8257,#7335,#8258,.T.);
#6685=EDGE_CURVE('',#8259,#8257,#8260,.T.);
#6686=EDGE_CURVE('',#7336,#8259,#8261,.T.);
#6687=EDGE_CURVE('',#8262,#8259,#8263,.T.);
#6688=EDGE_CURVE('',#8262,#7338,#8264,.T.);
#6689=EDGE_CURVE('',#8265,#8262,#8266,.T.);
#6690=EDGE_CURVE('',#7340,#8265,#8267,.T.);
#6691=EDGE_CURVE('',#8268,#7342,#8269,.T.);
#6692=EDGE_CURVE('',#8268,#8265,#8270,.T.);
#6693=EDGE_CURVE('',#8268,#8271,#8272,.T.);
#6694=EDGE_CURVE('',#7344,#8271,#8273,.T.);
#6695=EDGE_CURVE('',#8274,#7346,#8275,.T.);
#6696=EDGE_CURVE('',#8274,#8271,#8276,.T.);
#6697=EDGE_CURVE('',#8277,#8274,#8278,.T.);
#6698=EDGE_CURVE('',#7348,#8277,#8279,.T.);
#6699=EDGE_CURVE('',#8280,#8277,#8281,.T.);
#6700=EDGE_CURVE('',#8280,#7350,#8282,.T.);
#6701=EDGE_CURVE('',#8283,#8280,#8284,.T.);
#6702=EDGE_CURVE('',#8283,#7352,#8285,.T.);
#6703=EDGE_CURVE('',#8283,#8286,#8287,.T.);
#6704=EDGE_CURVE('',#7354,#8286,#8288,.T.);
#6705=EDGE_CURVE('',#8289,#8286,#8290,.T.);
#6706=EDGE_CURVE('',#8289,#7356,#8291,.T.);
#6707=EDGE_CURVE('',#8289,#8292,#8293,.T.);
#6708=EDGE_CURVE('',#7358,#8292,#8294,.T.);
#6709=EDGE_CURVE('',#8295,#8292,#8296,.T.);
#6710=EDGE_CURVE('',#8295,#7360,#8297,.T.);
#6711=EDGE_CURVE('',#8257,#8295,#8298,.T.);
#6712=EDGE_CURVE('',#8299,#7363,#8300,.T.);
#6713=EDGE_CURVE('',#8301,#8299,#8302,.T.);
#6714=EDGE_CURVE('',#8301,#7364,#8303,.T.);
#6715=EDGE_CURVE('',#8304,#8301,#8305,.T.);
#6716=EDGE_CURVE('',#8304,#7366,#8306,.T.);
#6717=EDGE_CURVE('',#8307,#8304,#8308,.T.);
#6718=EDGE_CURVE('',#8307,#7368,#8309,.T.);
#6719=EDGE_CURVE('',#8310,#8307,#8311,.T.);
#6720=EDGE_CURVE('',#8310,#7370,#8312,.T.);
#6721=EDGE_CURVE('',#8313,#8310,#8314,.T.);
#6722=EDGE_CURVE('',#8313,#7372,#8315,.T.);
#6723=EDGE_CURVE('',#8316,#8313,#8317,.T.);
#6724=EDGE_CURVE('',#8316,#7374,#8318,.T.);
#6725=EDGE_CURVE('',#8319,#8316,#8320,.T.);
#6726=EDGE_CURVE('',#8319,#7376,#8321,.T.);
#6727=EDGE_CURVE('',#8322,#8319,#8323,.T.);
#6728=EDGE_CURVE('',#8322,#7378,#8324,.T.);
#6729=EDGE_CURVE('',#8325,#8322,#8326,.T.);
#6730=EDGE_CURVE('',#8325,#7380,#8327,.T.);
#6731=EDGE_CURVE('',#8328,#8325,#8329,.T.);
#6732=EDGE_CURVE('',#8328,#7382,#8330,.T.);
#6733=EDGE_CURVE('',#8331,#8328,#8332,.T.);
#6734=EDGE_CURVE('',#8331,#7384,#8333,.T.);
#6735=EDGE_CURVE('',#8299,#8331,#8334,.T.);
#6736=EDGE_CURVE('',#8335,#7388,#8336,.T.);
#6737=EDGE_CURVE('',#8337,#8335,#8338,.T.);
#6738=EDGE_CURVE('',#8337,#7387,#8339,.T.);
#6739=EDGE_CURVE('',#7408,#8340,#8341,.T.);
#6740=EDGE_CURVE('',#8335,#8340,#8342,.T.);
#6741=EDGE_CURVE('',#8340,#8343,#8344,.T.);
#6742=EDGE_CURVE('',#8343,#8345,#8346,.T.);
#6743=EDGE_CURVE('',#8345,#8347,#8348,.T.);
#6744=EDGE_CURVE('',#8347,#8349,#8350,.T.);
#6745=EDGE_CURVE('',#8351,#8349,#8352,.T.);
#6746=EDGE_CURVE('',#8351,#8353,#8354,.T.);
#6747=EDGE_CURVE('',#8353,#8355,#8356,.T.);
#6748=EDGE_CURVE('',#8355,#8357,#8358,.T.);
#6749=EDGE_CURVE('',#8357,#8359,#8360,.T.);
#6750=EDGE_CURVE('',#8359,#8337,#8361,.T.);
#6751=EDGE_CURVE('',#8359,#7390,#8362,.T.);
#6752=EDGE_CURVE('',#8357,#7392,#8363,.T.);
#6753=EDGE_CURVE('',#7394,#8355,#8364,.T.);
#6754=EDGE_CURVE('',#7396,#8353,#8365,.T.);
#6755=EDGE_CURVE('',#8351,#7398,#8366,.T.);
#6756=EDGE_CURVE('',#8349,#7400,#8367,.T.);
#6757=EDGE_CURVE('',#8347,#7402,#8368,.T.);
#6758=EDGE_CURVE('',#8345,#7404,#8369,.T.);
#6759=EDGE_CURVE('',#7406,#8343,#8370,.T.);
#6760=EDGE_CURVE('',#8371,#8372,#8373,.T.);
#6761=EDGE_CURVE('',#7411,#8372,#8374,.T.);
#6762=EDGE_CURVE('',#8371,#7412,#8375,.T.);
#6763=EDGE_CURVE('',#8376,#8371,#8377,.T.);
#6764=EDGE_CURVE('',#8378,#8376,#8379,.T.);
#6765=EDGE_CURVE('',#8372,#8378,#8380,.T.);
#6766=EDGE_CURVE('',#8381,#8382,#8383,.T.);
#6767=EDGE_CURVE('',#8382,#8372,#8384,.T.);
#6768=EDGE_CURVE('',#8381,#8378,#8385,.T.);
#6769=EDGE_CURVE('',#8382,#7414,#8386,.T.);
#6770=EDGE_CURVE('',#7416,#8381,#8387,.T.);
#6771=EDGE_CURVE('',#8378,#7418,#8388,.T.);
#6772=EDGE_CURVE('',#7420,#8376,#8389,.T.);
#6773=EDGE_CURVE('',#8390,#8376,#8391,.T.);
#6774=EDGE_CURVE('',#8390,#7422,#8392,.T.);
#6775=EDGE_CURVE('',#8393,#8390,#8394,.T.);
#6776=EDGE_CURVE('',#7424,#8393,#8395,.T.);
#6777=EDGE_CURVE('',#8393,#8371,#8396,.T.);
#6778=EDGE_CURVE('',#8397,#7427,#8398,.T.);
#6779=EDGE_CURVE('',#8399,#8397,#8400,.T.);
#6780=EDGE_CURVE('',#8399,#8401,#8402,.T.);
#6781=EDGE_CURVE('',#8403,#8401,#8404,.T.);
#6782=EDGE_CURVE('',#8403,#8405,#8406,.T.);
#6783=EDGE_CURVE('',#8407,#8405,#8408,.T.);
#6784=EDGE_CURVE('',#8407,#7428,#8409,.T.);
#6785=EDGE_CURVE('',#8410,#8411,#8412,.T.);
#6786=EDGE_CURVE('',#8411,#8413,#8414,.T.);
#6787=EDGE_CURVE('',#8413,#8407,#8415,.T.);
#6788=EDGE_CURVE('',#8405,#8416,#8417,.T.);
#6789=EDGE_CURVE('',#8416,#8410,#8418,.T.);
#6790=EDGE_CURVE('',#8419,#8420,#8421,.T.);
#6791=EDGE_CURVE('',#8410,#8419,#8422,.T.);
#6792=EDGE_CURVE('',#8423,#8416,#8424,.T.);
#6793=EDGE_CURVE('',#8423,#8420,#8425,.T.);
#6794=EDGE_CURVE('',#8416,#8399,#8426,.T.);
#6795=EDGE_CURVE('',#8397,#8427,#8428,.T.);
#6796=EDGE_CURVE('',#8427,#8411,#8429,.T.);
#6797=EDGE_CURVE('',#8411,#8423,#8430,.T.);
#6798=EDGE_CURVE('',#8401,#8403,#8431,.T.);
#6799=EDGE_CURVE('',#8058,#8060,#8432,.T.);
#6800=EDGE_CURVE('',#8433,#8420,#8434,.T.);
#6801=EDGE_CURVE('',#8435,#8433,#8436,.T.);
#6802=EDGE_CURVE('',#8435,#8419,#8437,.T.);
#6803=EDGE_CURVE('',#7176,#8438,#8439,.T.);
#6804=EDGE_CURVE('',#8440,#8438,#8441,.T.);
#6805=EDGE_CURVE('',#7180,#8440,#8442,.T.);
#6806=EDGE_CURVE('',#8433,#8435,#8443,.T.);
#6807=EDGE_CURVE('',#8444,#8427,#8445,.T.);
#6808=EDGE_CURVE('',#8446,#8444,#8447,.T.);
#6809=EDGE_CURVE('',#8413,#8446,#8448,.T.);
#6810=EDGE_CURVE('',#8449,#7921,#8450,.T.);
#6811=EDGE_CURVE('',#7155,#8449,#8451,.T.);
#6812=EDGE_CURVE('',#8444,#8446,#8452,.T.);
#6813=EDGE_CURVE('',#8453,#8454,#8455,.T.);
#6814=EDGE_CURVE('',#8453,#7431,#8456,.T.);
#6815=EDGE_CURVE('',#8457,#7432,#8458,.T.);
#6816=EDGE_CURVE('',#8459,#8457,#8460,.T.);
#6817=EDGE_CURVE('',#8459,#8461,#8462,.T.);
#6818=EDGE_CURVE('',#8463,#8461,#8464,.T.);
#6819=EDGE_CURVE('',#8463,#8454,#8465,.T.);
#6820=EDGE_CURVE('',#7728,#8030,#8466,.T.);
#6821=EDGE_CURVE('',#8467,#8459,#8468,.T.);
#6822=EDGE_CURVE('',#8457,#8469,#8470,.T.);
#6823=EDGE_CURVE('',#8469,#8471,#8472,.T.);
#6824=EDGE_CURVE('',#8471,#8473,#8474,.T.);
#6825=EDGE_CURVE('',#8473,#8467,#8475,.T.);
#6826=EDGE_CURVE('',#8454,#8467,#8476,.T.);
#6827=EDGE_CURVE('',#8461,#8463,#8477,.T.);
#6828=EDGE_CURVE('',#8478,#8471,#8479,.T.);
#6829=EDGE_CURVE('',#8471,#8480,#8481,.T.);
#6830=EDGE_CURVE('',#8480,#8453,#8482,.T.);
#6831=EDGE_CURVE('',#8467,#8478,#8483,.T.);
#6832=EDGE_CURVE('',#8484,#8485,#8486,.T.);
#6833=EDGE_CURVE('',#8473,#8484,#8487,.T.);
#6834=EDGE_CURVE('',#8478,#8485,#8488,.T.);
#6835=EDGE_CURVE('',#8489,#8485,#8490,.T.);
#6836=EDGE_CURVE('',#8491,#8489,#8492,.T.);
#6837=EDGE_CURVE('',#8491,#8484,#8493,.T.);
#6838=EDGE_CURVE('',#7932,#8065,#8494,.T.);
#6839=EDGE_CURVE('',#8489,#8491,#8495,.T.);
#6840=EDGE_CURVE('',#7520,#8049,#8496,.T.);
#6841=EDGE_CURVE('',#8497,#8469,#8498,.T.);
#6842=EDGE_CURVE('',#8499,#8497,#8500,.T.);
#6843=EDGE_CURVE('',#8480,#8499,#8501,.T.);
#6844=EDGE_CURVE('',#8497,#8499,#8502,.T.);
#6845=EDGE_CURVE('',#8503,#7435,#8504,.T.);
#6846=EDGE_CURVE('',#8505,#8503,#8506,.T.);
#6847=EDGE_CURVE('',#8505,#8507,#8508,.T.);
#6848=EDGE_CURVE('',#8509,#8507,#8510,.T.);
#6849=EDGE_CURVE('',#8509,#8511,#8512,.T.);
#6850=EDGE_CURVE('',#8513,#8511,#8514,.T.);
#6851=EDGE_CURVE('',#8513,#7436,#8515,.T.);
#6852=EDGE_CURVE('',#8516,#8517,#8518,.T.);
#6853=EDGE_CURVE('',#8517,#8516,#8519,.T.);
#6854=EDGE_CURVE('',#8503,#8520,#8521,.T.);
#6855=EDGE_CURVE('',#8505,#8520,#8522,.T.);
#6856=EDGE_CURVE('',#8507,#8523,#8524,.T.);
#6857=EDGE_CURVE('',#8525,#8520,#8526,.T.);
#6858=EDGE_CURVE('',#8525,#8523,#8527,.T.);
#6859=EDGE_CURVE('',#8523,#8528,#8529,.T.);
#6860=EDGE_CURVE('',#8528,#8509,#8530,.T.);
#6861=EDGE_CURVE('',#8523,#8531,#8532,.T.);
#6862=EDGE_CURVE('',#8533,#8531,#8534,.T.);
#6863=EDGE_CURVE('',#8528,#8533,#8535,.T.);
#6864=EDGE_CURVE('',#8536,#8531,#8537,.T.);
#6865=EDGE_CURVE('',#8538,#8536,#8539,.T.);
#6866=EDGE_CURVE('',#8538,#8533,#8540,.T.);
#6867=EDGE_CURVE('',#8017,#7930,#8541,.T.);
#6868=EDGE_CURVE('',#7929,#8004,#8542,.T.);
#6869=EDGE_CURVE('',#8525,#8543,#8544,.T.);
#6870=EDGE_CURVE('',#8528,#8543,#8545,.T.);
#6871=EDGE_CURVE('',#8528,#8523,#8546,.T.);
#6872=EDGE_CURVE('',#8547,#8543,#8548,.T.);
#6873=EDGE_CURVE('',#8511,#8547,#8549,.T.);
#6874=EDGE_CURVE('',#8547,#8513,#8550,.T.);
#6875=EDGE_CURVE('',#8536,#8538,#8551,.T.);
#6876=EDGE_CURVE('',#8552,#8553,#8554,.T.);
#6877=EDGE_CURVE('',#8552,#7440,#8555,.T.);
#6878=EDGE_CURVE('',#8556,#7439,#8557,.T.);
#6879=EDGE_CURVE('',#8558,#8556,#8559,.T.);
#6880=EDGE_CURVE('',#8558,#8560,#8561,.T.);
#6881=EDGE_CURVE('',#8562,#8560,#8563,.T.);
#6882=EDGE_CURVE('',#8562,#8553,#8564,.T.);
#6883=EDGE_CURVE('',#8028,#8449,#8565,.T.);
#6884=EDGE_CURVE('',#8566,#8567,#8568,.T.);
#6885=EDGE_CURVE('',#8567,#8558,#8569,.T.);
#6886=EDGE_CURVE('',#8556,#8570,#8571,.T.);
#6887=EDGE_CURVE('',#8570,#8572,#8573,.T.);
#6888=EDGE_CURVE('',#8572,#8566,#8574,.T.);
#6889=EDGE_CURVE('',#8566,#8575,#8576,.T.);
#6890=EDGE_CURVE('',#8577,#8575,#8578,.T.);
#6891=EDGE_CURVE('',#8579,#8577,#8580,.T.);
#6892=EDGE_CURVE('',#8567,#8579,#8581,.T.);
#6893=EDGE_CURVE('',#8575,#8577,#8582,.T.);
#6894=EDGE_CURVE('',#8583,#8577,#8584,.T.);
#6895=EDGE_CURVE('',#8585,#8583,#8586,.T.);
#6896=EDGE_CURVE('',#8585,#8575,#8587,.T.);
#6897=EDGE_CURVE('',#8438,#8440,#8588,.T.);
#6898=EDGE_CURVE('',#8517,#8440,#8589,.T.);
#6899=EDGE_CURVE('',#8516,#8438,#8590,.T.);
#6900=EDGE_CURVE('',#8583,#8585,#8591,.T.);
#6901=EDGE_CURVE('',#8572,#8592,#8593,.T.);
#6902=EDGE_CURVE('',#8592,#8552,#8594,.T.);
#6903=EDGE_CURVE('',#8553,#8567,#8595,.T.);
#6904=EDGE_CURVE('',#8579,#8572,#8596,.T.);
#6905=EDGE_CURVE('',#8597,#8570,#8598,.T.);
#6906=EDGE_CURVE('',#8599,#8597,#8600,.T.);
#6907=EDGE_CURVE('',#8592,#8599,#8601,.T.);
#6908=EDGE_CURVE('',#8597,#8599,#8602,.T.);
#6909=EDGE_CURVE('',#8560,#8562,#8603,.T.);
#6910=EDGE_CURVE('',#8604,#8605,#8606,.T.);
#6911=EDGE_CURVE('',#8604,#7444,#8607,.T.);
#6912=EDGE_CURVE('',#8608,#7443,#8609,.T.);
#6913=EDGE_CURVE('',#8610,#8608,#8611,.T.);
#6914=EDGE_CURVE('',#8610,#8109,#8612,.T.);
#6915=EDGE_CURVE('',#8108,#8605,#8613,.T.);
#6916=EDGE_CURVE('',#7528,#8614,#8615,.T.);
#6917=EDGE_CURVE('',#8614,#7530,#8616,.T.);
#6918=EDGE_CURVE('',#8617,#8618,#8619,.T.);
#6919=EDGE_CURVE('',#8618,#8610,#8620,.T.);
#6920=EDGE_CURVE('',#8608,#8621,#8622,.T.);
#6921=EDGE_CURVE('',#8621,#8623,#8624,.T.);
#6922=EDGE_CURVE('',#8623,#8617,#8625,.T.);
#6923=EDGE_CURVE('',#8617,#8626,#8627,.T.);
#6924=EDGE_CURVE('',#8628,#8626,#8629,.T.);
#6925=EDGE_CURVE('',#8630,#8628,#8631,.T.);
#6926=EDGE_CURVE('',#8618,#8630,#8632,.T.);
#6927=EDGE_CURVE('',#8623,#8633,#8634,.T.);
#6928=EDGE_CURVE('',#8633,#8604,#8635,.T.);
#6929=EDGE_CURVE('',#8605,#8618,#8636,.T.);
#6930=EDGE_CURVE('',#8630,#8623,#8637,.T.);
#6931=EDGE_CURVE('',#8638,#8621,#8639,.T.);
#6932=EDGE_CURVE('',#8640,#8638,#8641,.T.);
#6933=EDGE_CURVE('',#8633,#8640,#8642,.T.);
#6934=EDGE_CURVE('',#8638,#8640,#8643,.T.);
#6935=EDGE_CURVE('',#8644,#8626,#8645,.T.);
#6936=EDGE_CURVE('',#8646,#8644,#8647,.T.);
#6937=EDGE_CURVE('',#8646,#8628,#8648,.T.);
#6938=EDGE_CURVE('',#8644,#8646,#8649,.T.);
#6939=EDGE_CURVE('',#8614,#7178,#8650,.T.);
#6940=EDGE_CURVE('',#8531,#8533,#8651,.T.);
#6941=EDGE_CURVE('',#7976,#7974,#8652,.T.);
#6942=EDGE_CURVE('',#7980,#7979,#8653,.T.);
#6943=EDGE_CURVE('',#7911,#7913,#8654,.T.);
#6944=EDGE_CURVE('',#8034,#8033,#8655,.T.);
#6945=EDGE_CURVE('',#8024,#8023,#8656,.T.);
#6946=EDGE_CURVE('',#7990,#7989,#8657,.T.);
#6947=EDGE_CURVE('',#8420,#8419,#8658,.T.);
#6948=EDGE_CURVE('',#8626,#8628,#8659,.T.);
#6949=EDGE_CURVE('',#8485,#8484,#8660,.T.);
#6950=EDGE_CURVE('',#7985,#7984,#8661,.T.);
#6951=EDGE_CURVE('',#8006,#8008,#8662,.T.);
#6952=EDGE_CURVE('',#8663,#8664,#8665,.T.);
#6953=EDGE_CURVE('',#8664,#8666,#8667,.T.);
#6954=EDGE_CURVE('',#8666,#8668,#8669,.T.);
#6955=EDGE_CURVE('',#8668,#8663,#8670,.T.);
#6956=EDGE_CURVE('',#8663,#8671,#8672,.T.);
#6957=EDGE_CURVE('',#8671,#8673,#8674,.T.);
#6958=EDGE_CURVE('',#8673,#8675,#8676,.T.);
#6959=EDGE_CURVE('',#8675,#8677,#8678,.T.);
#6960=EDGE_CURVE('',#8677,#8679,#8680,.T.);
#6961=EDGE_CURVE('',#8679,#8681,#8682,.T.);
#6962=EDGE_CURVE('',#8664,#8681,#8683,.T.);
#6963=EDGE_CURVE('',#8681,#8684,#8685,.T.);
#6964=EDGE_CURVE('',#8666,#8684,#8686,.T.);
#6965=EDGE_CURVE('',#8684,#8687,#8688,.T.);
#6966=EDGE_CURVE('',#8687,#8689,#8690,.T.);
#6967=EDGE_CURVE('',#8689,#8691,#8692,.T.);
#6968=EDGE_CURVE('',#8691,#8693,#8694,.T.);
#6969=EDGE_CURVE('',#8693,#8695,#8696,.T.);
#6970=EDGE_CURVE('',#8668,#8695,#8697,.T.);
#6971=EDGE_CURVE('',#8695,#8671,#8698,.T.);
#6972=EDGE_CURVE('',#8673,#8693,#8699,.T.);
#6973=EDGE_CURVE('',#8675,#8691,#8700,.T.);
#6974=EDGE_CURVE('',#8689,#8677,#8701,.T.);
#6975=EDGE_CURVE('',#8687,#8679,#8702,.T.);
#6976=EDGE_CURVE('',#8703,#8704,#8705,.T.);
#6977=EDGE_CURVE('',#8706,#8703,#8707,.T.);
#6978=EDGE_CURVE('',#8706,#8708,#8709,.T.);
#6979=EDGE_CURVE('',#8704,#8708,#8710,.T.);
#6980=EDGE_CURVE('',#8711,#8712,#8713,.T.);
#6981=EDGE_CURVE('',#8711,#8714,#8715,.T.);
#6982=EDGE_CURVE('',#8716,#8714,#8717,.T.);
#6983=EDGE_CURVE('',#8716,#8712,#8718,.T.);
#6984=EDGE_CURVE('',#8719,#8720,#8721,.T.);
#6985=EDGE_CURVE('',#8719,#8711,#8722,.T.);
#6986=EDGE_CURVE('',#8723,#8712,#8724,.T.);
#6987=EDGE_CURVE('',#8725,#8723,#8726,.T.);
#6988=EDGE_CURVE('',#8725,#8727,#8728,.T.);
#6989=EDGE_CURVE('',#8729,#8727,#8730,.T.);
#6990=EDGE_CURVE('',#8729,#8731,#8732,.T.);
#6991=EDGE_CURVE('',#8731,#8733,#8734,.T.);
#6992=EDGE_CURVE('',#8735,#8733,#8736,.T.);
#6993=EDGE_CURVE('',#8737,#8735,#8738,.T.);
#6994=EDGE_CURVE('',#8737,#8706,#8739,.T.);
#6995=EDGE_CURVE('',#8703,#8740,#8741,.T.);
#6996=EDGE_CURVE('',#8740,#8720,#8742,.T.);
#6997=EDGE_CURVE('',#8743,#8744,#8745,.T.);
#6998=EDGE_CURVE('',#8744,#8743,#8746,.T.);
#6999=EDGE_CURVE('',#8747,#8748,#8749,.T.);
#7000=EDGE_CURVE('',#8748,#8747,#8750,.T.);
#7001=EDGE_CURVE('',#8751,#8752,#8753,.T.);
#7002=EDGE_CURVE('',#8752,#8751,#8754,.T.);
#7003=EDGE_CURVE('',#8755,#8756,#8757,.T.);
#7004=EDGE_CURVE('',#8756,#8755,#8758,.T.);
#7005=EDGE_CURVE('',#8720,#8759,#8760,.T.);
#7006=EDGE_CURVE('',#8761,#8759,#8762,.T.);
#7007=EDGE_CURVE('',#8763,#8761,#8764,.T.);
#7008=EDGE_CURVE('',#8765,#8763,#8766,.T.);
#7009=EDGE_CURVE('',#8767,#8765,#8768,.T.);
#7010=EDGE_CURVE('',#8769,#8767,#8770,.T.);
#7011=EDGE_CURVE('',#8769,#8719,#8771,.T.);
#7012=EDGE_CURVE('',#8714,#8769,#8772,.T.);
#7013=EDGE_CURVE('',#8767,#8773,#8774,.T.);
#7014=EDGE_CURVE('',#8773,#8775,#8776,.T.);
#7015=EDGE_CURVE('',#8775,#8716,#8777,.T.);
#7016=EDGE_CURVE('',#8778,#8779,#8780,.T.);
#7017=EDGE_CURVE('',#8779,#8778,#8781,.T.);
#7018=EDGE_CURVE('',#8723,#8775,#8782,.T.);
#7019=EDGE_CURVE('',#8783,#8784,#8785,.T.);
#7020=EDGE_CURVE('',#8783,#8786,#8787,.T.);
#7021=EDGE_CURVE('',#8725,#8786,#8788,.T.);
#7022=EDGE_CURVE('',#8789,#8773,#8790,.T.);
#7023=EDGE_CURVE('',#8789,#8784,#8791,.T.);
#7024=EDGE_CURVE('',#8792,#8784,#8793,.T.);
#7025=EDGE_CURVE('',#8792,#8794,#8795,.T.);
#7026=EDGE_CURVE('',#8783,#8794,#8796,.T.);
#7027=EDGE_CURVE('',#8797,#8786,#8798,.T.);
#7028=EDGE_CURVE('',#8797,#8794,#8799,.T.);
#7029=EDGE_CURVE('',#8797,#8727,#8800,.T.);
#7030=EDGE_CURVE('',#8792,#8801,#8802,.T.);
#7031=EDGE_CURVE('',#8803,#8801,#8804,.T.);
#7032=EDGE_CURVE('',#8805,#8803,#8806,.T.);
#7033=EDGE_CURVE('',#8805,#8729,#8807,.T.);
#7034=EDGE_CURVE('',#8808,#8805,#8809,.T.);
#7035=EDGE_CURVE('',#8731,#8808,#8810,.T.);
#7036=EDGE_CURVE('',#8811,#8808,#8812,.T.);
#7037=EDGE_CURVE('',#8811,#8733,#8813,.T.);
#7038=EDGE_CURVE('',#8814,#8815,#8816,.T.);
#7039=EDGE_CURVE('',#8817,#8814,#8818,.T.);
#7040=EDGE_CURVE('',#8817,#8735,#8819,.T.);
#7041=EDGE_CURVE('',#8820,#8811,#8821,.T.);
#7042=EDGE_CURVE('',#8822,#8820,#8823,.T.);
#7043=EDGE_CURVE('',#8822,#8815,#8824,.T.);
#7044=EDGE_CURVE('',#8763,#8815,#8825,.T.);
#7045=EDGE_CURVE('',#8814,#8761,#8826,.T.);
#7046=EDGE_CURVE('',#8827,#8704,#8828,.T.);
#7047=EDGE_CURVE('',#8708,#8829,#8830,.T.);
#7048=EDGE_CURVE('',#8817,#8829,#8831,.T.);
#7049=EDGE_CURVE('',#8759,#8827,#8832,.T.);
#7050=EDGE_CURVE('',#8833,#8834,#8835,.T.);
#7051=EDGE_CURVE('',#8834,#8833,#8836,.T.);
#7052=EDGE_CURVE('',#8827,#8740,#8837,.T.);
#7053=EDGE_CURVE('',#8737,#8829,#8838,.T.);
#7054=EDGE_CURVE('',#8839,#8840,#8841,.T.);
#7055=EDGE_CURVE('',#8840,#8834,#8842,.T.);
#7056=EDGE_CURVE('',#8839,#8833,#8843,.T.);
#7057=EDGE_CURVE('',#8844,#8839,#8845,.T.);
#7058=EDGE_CURVE('',#8846,#8844,#8847,.T.);
#7059=EDGE_CURVE('',#8846,#8840,#8848,.T.);
#7060=EDGE_CURVE('',#8849,#8850,#8851,.T.);
#7061=EDGE_CURVE('',#8751,#8849,#8852,.T.);
#7062=EDGE_CURVE('',#8752,#8850,#8853,.T.);
#7063=EDGE_CURVE('',#8789,#8765,#8854,.T.);
#7064=EDGE_CURVE('',#8822,#8801,#8855,.T.);
#7065=EDGE_CURVE('',#8856,#8857,#8858,.T.);
#7066=EDGE_CURVE('',#8857,#8856,#8859,.T.);
#7067=EDGE_CURVE('',#8860,#8861,#8862,.T.);
#7068=EDGE_CURVE('',#8861,#8860,#8863,.T.);
#7069=EDGE_CURVE('',#8864,#8865,#8866,.T.);
#7070=EDGE_CURVE('',#8865,#8864,#8867,.T.);
#7071=EDGE_CURVE('',#8868,#8869,#8870,.T.);
#7072=EDGE_CURVE('',#8869,#8868,#8871,.T.);
#7073=EDGE_CURVE('',#8872,#8873,#8874,.T.);
#7074=EDGE_CURVE('',#8873,#8872,#8875,.T.);
#7075=EDGE_CURVE('',#8844,#8846,#8876,.T.);
#7076=EDGE_CURVE('',#8803,#8820,#8877,.T.);
#7077=EDGE_CURVE('',#8878,#8879,#8880,.T.);
#7078=EDGE_CURVE('',#8856,#8878,#8881,.T.);
#7079=EDGE_CURVE('',#8857,#8879,#8882,.T.);
#7080=EDGE_CURVE('',#8755,#8883,#8884,.T.);
#7081=EDGE_CURVE('',#8885,#8883,#8886,.T.);
#7082=EDGE_CURVE('',#8756,#8885,#8887,.T.);
#7083=EDGE_CURVE('',#8879,#8778,#8888,.T.);
#7084=EDGE_CURVE('',#8878,#8779,#8889,.T.);
#7085=EDGE_CURVE('',#8850,#8872,#8890,.T.);
#7086=EDGE_CURVE('',#8850,#8849,#8891,.T.);
#7087=EDGE_CURVE('',#8849,#8873,#8892,.T.);
#7088=EDGE_CURVE('',#8893,#8894,#8895,.T.);
#7089=EDGE_CURVE('',#8894,#8861,#8896,.T.);
#7090=EDGE_CURVE('',#8893,#8860,#8897,.T.);
#7091=EDGE_CURVE('',#8743,#8898,#8899,.T.);
#7092=EDGE_CURVE('',#8900,#8898,#8901,.T.);
#7093=EDGE_CURVE('',#8744,#8900,#8902,.T.);
#7094=EDGE_CURVE('',#8747,#8893,#8903,.T.);
#7095=EDGE_CURVE('',#8894,#8893,#8904,.T.);
#7096=EDGE_CURVE('',#8748,#8894,#8905,.T.);
#7097=EDGE_CURVE('',#8883,#8885,#8906,.T.);
#7098=EDGE_CURVE('',#8885,#8868,#8907,.T.);
#7099=EDGE_CURVE('',#8883,#8869,#8908,.T.);
#7100=EDGE_CURVE('',#8898,#8864,#8909,.T.);
#7101=EDGE_CURVE('',#8898,#8900,#8910,.T.);
#7102=EDGE_CURVE('',#8900,#8865,#8911,.T.);
#7103=EDGE_CURVE('',#8879,#8878,#8912,.T.);
#7104=EDGE_CURVE('',#8840,#8839,#8913,.T.);
#7105=EDGE_CURVE('',#8914,#8915,#8916,.T.);
#7106=EDGE_CURVE('',#8917,#8914,#8918,.T.);
#7107=EDGE_CURVE('',#8919,#8917,#8920,.T.);
#7108=EDGE_CURVE('',#8915,#8919,#8921,.T.);
#7109=EDGE_CURVE('',#8915,#8922,#8923,.T.);
#7110=EDGE_CURVE('',#8924,#8922,#8925,.T.);
#7111=EDGE_CURVE('',#8914,#8924,#8926,.T.);
#7112=EDGE_CURVE('',#8927,#8924,#8928,.T.);
#7113=EDGE_CURVE('',#8917,#8927,#8929,.T.);
#7114=EDGE_CURVE('',#8930,#8927,#8931,.T.);
#7115=EDGE_CURVE('',#8919,#8930,#8932,.T.);
#7116=EDGE_CURVE('',#8922,#8930,#8933,.T.);
#7117=VERTEX_POINT('',#8934);
#7118=VERTEX_POINT('',#8935);
#7119=LINE('',#8936,#8937);
#7120=VERTEX_POINT('',#8938);
#7121=B_SPLINE_CURVE_WITH_KNOTS('',3,(#8939,#8940,#8941,#8942,#8943,#8944),.UNSPECIFIED.,.F.,.F.,(4,1,1,4),(9.23150899321817E-14,0.333333333333333,0.666666666666667,1.0),.UNSPECIFIED.);
#7122=CIRCLE('',#8945,0.866025403784458);
#7123=VERTEX_POINT('',#8946);
#7124=VERTEX_POINT('',#8947);
#7125=LINE('',#8948,#8949);
#7126=VERTEX_POINT('',#8950);
#7127=CIRCLE('',#8951,0.866025403784452);
#7128=B_SPLINE_CURVE_WITH_KNOTS('',3,(#8952,#8953,#8954,#8955,#8956,#8957),.UNSPECIFIED.,.F.,.F.,(4,1,1,4),(0.0,0.333333333333333,0.666666666666667,1.00000000000031),.UNSPECIFIED.);
#7129=VERTEX_POINT('',#8958);
#7130=VERTEX_POINT('',#8959);
#7131=LINE('',#8960,#8961);
#7132=VERTEX_POINT('',#8962);
#7133=CIRCLE('',#8963,0.866025403784449);
#7134=B_SPLINE_CURVE_WITH_KNOTS('',3,(#8964,#8965,#8966,#8967,#8968,#8969),.UNSPECIFIED.,.F.,.F.,(4,1,1,4),(0.0,0.333333333333333,0.666666666666667,1.00000000000018),.UNSPECIFIED.);
#7135=VERTEX_POINT('',#8970);
#7136=VERTEX_POINT('',#8971);
#7137=LINE('',#8972,#8973);
#7138=VERTEX_POINT('',#8974);
#7139=B_SPLINE_CURVE_WITH_KNOTS('',3,(#8975,#8976,#8977,#8978,#8979,#8980),.UNSPECIFIED.,.F.,.F.,(4,1,1,4),(2.15401876508553E-13,0.333333333333333,0.666666666666667,1.0),.UNSPECIFIED.);
#7140=CIRCLE('',#8981,0.866025403784449);
#7141=VERTEX_POINT('',#8982);
#7142=VERTEX_POINT('',#8983);
#7143=LINE('',#8984,#8985);
#7144=VERTEX_POINT('',#8986);
#7145=CIRCLE('',#8987,1.90000000000001);
#7146=VERTEX_POINT('',#8988);
#7147=B_SPLINE_CURVE_WITH_KNOTS('',3,(#8989,#8990,#8991,#8992,#8993,#8994),.UNSPECIFIED.,.F.,.F.,(4,1,1,4),(5.30839170647405E-14,0.333333333333333,0.666666666666667,1.00000000001783),.UNSPECIFIED.);
#7148=CIRCLE('',#8995,1.74000000000001);
#7149=VERTEX_POINT('',#8996);
#7150=VERTEX_POINT('',#8997);
#7151=LINE('',#8998,#8999);
#7152=VERTEX_POINT('',#9000);
#7153=B_SPLINE_CURVE_WITH_KNOTS('',3,(#9001,#9002,#9003,#9004,#9005,#9006),.UNSPECIFIED.,.F.,.F.,(4,1,1,4),(1.7534330743805E-13,0.333333333333333,0.666666666666667,1.0),.UNSPECIFIED.);
#7154=CIRCLE('',#9007,1.90000000000001);
#7155=VERTEX_POINT('',#9008);
#7156=CIRCLE('',#9009,0.866025403784449);
#7157=B_SPLINE_CURVE_WITH_KNOTS('',3,(#9010,#9011,#9012,#9013,#9014,#9015,#9016),.UNSPECIFIED.,.F.,.F.,(4,1,1,1,4),(2.41837108626901E-14,0.25,0.500000000000006,0.75,1.0),.UNSPECIFIED.);
#7158=VERTEX_POINT('',#9017);
#7159=VERTEX_POINT('',#9018);
#7160=CIRCLE('',#9019,1.70000000000003);
#7161=CIRCLE('',#9020,1.70000000000003);
#7162=VERTEX_POINT('',#9021);
#7163=VERTEX_POINT('',#9022);
#7164=CIRCLE('',#9023,0.866025403784451);
#7165=CIRCLE('',#9024,0.866025403784458);
#7166=CIRCLE('',#9025,0.866025403784451);
#7167=VERTEX_POINT('',#9026);
#7168=CIRCLE('',#9027,0.866025403784452);
#7169=CIRCLE('',#9028,0.866025403784449);
#7170=VERTEX_POINT('',#9029);
#7171=LINE('',#9030,#9031);
#7172=VERTEX_POINT('',#9032);
#7173=CIRCLE('',#9033,1.90000000000003);
#7174=LINE('',#9034,#9035);
#7175=VERTEX_POINT('',#9036);
#7176=VERTEX_POINT('',#9037);
#7177=LINE('',#9038,#9039);
#7178=VERTEX_POINT('',#9040);
#7179=CIRCLE('',#9041,1.1);
#7180=VERTEX_POINT('',#9042);
#7181=LINE('',#9043,#9044);
#7182=CIRCLE('',#9045,0.508);
#7183=CIRCLE('',#9046,1.90000000000003);
#7184=LINE('',#9047,#9048);
#7185=VERTEX_POINT('',#9049);
#7186=LINE('',#9050,#9051);
#7187=VERTEX_POINT('',#9052);
#7188=CIRCLE('',#9053,1.9);
#7189=LINE('',#9054,#9055);
#7190=VERTEX_POINT('',#9056);
#7191=VERTEX_POINT('',#9057);
#7192=LINE('',#9058,#9059);
#7193=VERTEX_POINT('',#9060);
#7194=CIRCLE('',#9061,1.0);
#7195=VERTEX_POINT('',#9062);
#7196=LINE('',#9063,#9064);
#7197=VERTEX_POINT('',#9065);
#7198=CIRCLE('',#9066,1.0);
#7199=VERTEX_POINT('',#9067);
#7200=LINE('',#9068,#9069);
#7201=VERTEX_POINT('',#9070);
#7202=CIRCLE('',#9071,0.87);
#7203=VERTEX_POINT('',#9072);
#7204=LINE('',#9073,#9074);
#7205=VERTEX_POINT('',#9075);
#7206=CIRCLE('',#9076,2.8);
#7207=VERTEX_POINT('',#9077);
#7208=CIRCLE('',#9078,0.87);
#7209=VERTEX_POINT('',#9079);
#7210=LINE('',#9080,#9081);
#7211=VERTEX_POINT('',#9082);
#7212=CIRCLE('',#9083,0.5);
#7213=VERTEX_POINT('',#9084);
#7214=LINE('',#9085,#9086);
#7215=VERTEX_POINT('',#9087);
#7216=LINE('',#9088,#9089);
#7217=CIRCLE('',#9090,1.9);
#7218=VERTEX_POINT('',#9091);
#7219=LINE('',#9092,#9093);
#7220=VERTEX_POINT('',#9094);
#7221=CIRCLE('',#9095,0.8);
#7222=VERTEX_POINT('',#9096);
#7223=LINE('',#9097,#9098);
#7224=VERTEX_POINT('',#9099);
#7225=CIRCLE('',#9100,0.8);
#7226=VERTEX_POINT('',#9101);
#7227=LINE('',#9102,#9103);
#7228=VERTEX_POINT('',#9104);
#7229=CIRCLE('',#9105,0.5);
#7230=VERTEX_POINT('',#9106);
#7231=LINE('',#9107,#9108);
#7232=VERTEX_POINT('',#9109);
#7233=CIRCLE('',#9110,0.8);
#7234=VERTEX_POINT('',#9111);
#7235=LINE('',#9112,#9113);
#7236=VERTEX_POINT('',#9114);
#7237=CIRCLE('',#9115,0.8);
#7238=VERTEX_POINT('',#9116);
#7239=LINE('',#9117,#9118);
#7240=VERTEX_POINT('',#9119);
#7241=CIRCLE('',#9120,0.5);
#7242=VERTEX_POINT('',#9121);
#7243=LINE('',#9122,#9123);
#7244=VERTEX_POINT('',#9124);
#7245=CIRCLE('',#9125,0.8);
#7246=VERTEX_POINT('',#9126);
#7247=LINE('',#9127,#9128);
#7248=VERTEX_POINT('',#9129);
#7249=CIRCLE('',#9130,0.8);
#7250=VERTEX_POINT('',#9131);
#7251=LINE('',#9132,#9133);
#7252=VERTEX_POINT('',#9134);
#7253=LINE('',#9135,#9136);
#7254=VERTEX_POINT('',#9137);
#7255=LINE('',#9138,#9139);
#7256=VERTEX_POINT('',#9140);
#7257=CIRCLE('',#9141,1.9);
#7258=VERTEX_POINT('',#9142);
#7259=CIRCLE('',#9143,1.9);
#7260=VERTEX_POINT('',#9144);
#7261=LINE('',#9145,#9146);
#7262=VERTEX_POINT('',#9147);
#7263=LINE('',#9148,#9149);
#7264=VERTEX_POINT('',#9150);
#7265=CIRCLE('',#9151,0.5);
#7266=VERTEX_POINT('',#9152);
#7267=LINE('',#9153,#9154);
#7268=VERTEX_POINT('',#9155);
#7269=CIRCLE('',#9156,0.87);
#7270=VERTEX_POINT('',#9157);
#7271=CIRCLE('',#9158,2.8);
#7272=VERTEX_POINT('',#9159);
#7273=LINE('',#9160,#9161);
#7274=CIRCLE('',#9162,0.87);
#7275=VERTEX_POINT('',#9163);
#7276=VERTEX_POINT('',#9164);
#7277=LINE('',#9165,#9166);
#7278=VERTEX_POINT('',#9167);
#7279=LINE('',#9168,#9169);
#7280=VERTEX_POINT('',#9170);
#7281=LINE('',#9171,#9172);
#7282=VERTEX_POINT('',#9173);
#7283=LINE('',#9174,#9175);
#7284=VERTEX_POINT('',#9176);
#7285=LINE('',#9177,#9178);
#7286=VERTEX_POINT('',#9179);
#7287=LINE('',#9180,#9181);
#7288=VERTEX_POINT('',#9182);
#7289=LINE('',#9183,#9184);
#7290=VERTEX_POINT('',#9185);
#7291=LINE('',#9186,#9187);
#7292=VERTEX_POINT('',#9188);
#7293=LINE('',#9189,#9190);
#7294=VERTEX_POINT('',#9191);
#7295=LINE('',#9192,#9193);
#7296=VERTEX_POINT('',#9194);
#7297=LINE('',#9195,#9196);
#7298=LINE('',#9197,#9198);
#7299=VERTEX_POINT('',#9199);
#7300=VERTEX_POINT('',#9200);
#7301=LINE('',#9201,#9202);
#7302=VERTEX_POINT('',#9203);
#7303=LINE('',#9204,#9205);
#7304=VERTEX_POINT('',#9206);
#7305=LINE('',#9207,#9208);
#7306=VERTEX_POINT('',#9209);
#7307=LINE('',#9210,#9211);
#7308=VERTEX_POINT('',#9212);
#7309=LINE('',#9213,#9214);
#7310=VERTEX_POINT('',#9215);
#7311=LINE('',#9216,#9217);
#7312=VERTEX_POINT('',#9218);
#7313=LINE('',#9219,#9220);
#7314=VERTEX_POINT('',#9221);
#7315=LINE('',#9222,#9223);
#7316=VERTEX_POINT('',#9224);
#7317=LINE('',#9225,#9226);
#7318=VERTEX_POINT('',#9227);
#7319=LINE('',#9228,#9229);
#7320=VERTEX_POINT('',#9230);
#7321=LINE('',#9231,#9232);
#7322=VERTEX_POINT('',#9233);
#7323=LINE('',#9234,#9235);
#7324=VERTEX_POINT('',#9236);
#7325=LINE('',#9237,#9238);
#7326=LINE('',#9239,#9240);
#7327=VERTEX_POINT('',#9241);
#7328=VERTEX_POINT('',#9242);
#7329=LINE('',#9243,#9244);
#7330=VERTEX_POINT('',#9245);
#7331=LINE('',#9246,#9247);
#7332=VERTEX_POINT('',#9248);
#7333=LINE('',#9249,#9250);
#7334=LINE('',#9251,#9252);
#7335=VERTEX_POINT('',#9253);
#7336=VERTEX_POINT('',#9254);
#7337=LINE('',#9255,#9256);
#7338=VERTEX_POINT('',#9257);
#7339=CIRCLE('',#9258,0.6);
#7340=VERTEX_POINT('',#9259);
#7341=LINE('',#9260,#9261);
#7342=VERTEX_POINT('',#9262);
#7343=CIRCLE('',#9263,0.5);
#7344=VERTEX_POINT('',#9264);
#7345=LINE('',#9265,#9266);
#7346=VERTEX_POINT('',#9267);
#7347=CIRCLE('',#9268,0.5);
#7348=VERTEX_POINT('',#9269);
#7349=LINE('',#9270,#9271);
#7350=VERTEX_POINT('',#9272);
#7351=CIRCLE('',#9273,0.6);
#7352=VERTEX_POINT('',#9274);
#7353=LINE('',#9275,#9276);
#7354=VERTEX_POINT('',#9277);
#7355=LINE('',#9278,#9279);
#7356=VERTEX_POINT('',#9280);
#7357=CIRCLE('',#9281,0.6);
#7358=VERTEX_POINT('',#9282);
#7359=LINE('',#9283,#9284);
#7360=VERTEX_POINT('',#9285);
#7361=CIRCLE('',#9286,0.6);
#7362=LINE('',#9287,#9288);
#7363=VERTEX_POINT('',#9289);
#7364=VERTEX_POINT('',#9290);
#7365=LINE('',#9291,#9292);
#7366=VERTEX_POINT('',#9293);
#7367=LINE('',#9294,#9295);
#7368=VERTEX_POINT('',#9296);
#7369=LINE('',#9297,#9298);
#7370=VERTEX_POINT('',#9299);
#7371=LINE('',#9300,#9301);
#7372=VERTEX_POINT('',#9302);
#7373=LINE('',#9303,#9304);
#7374=VERTEX_POINT('',#9305);
#7375=LINE('',#9306,#9307);
#7376=VERTEX_POINT('',#9308);
#7377=LINE('',#9309,#9310);
#7378=VERTEX_POINT('',#9311);
#7379=LINE('',#9312,#9313);
#7380=VERTEX_POINT('',#9314);
#7381=LINE('',#9315,#9316);
#7382=VERTEX_POINT('',#9317);
#7383=LINE('',#9318,#9319);
#7384=VERTEX_POINT('',#9320);
#7385=LINE('',#9321,#9322);
#7386=LINE('',#9323,#9324);
#7387=VERTEX_POINT('',#9325);
#7388=VERTEX_POINT('',#9326);
#7389=LINE('',#9327,#9328);
#7390=VERTEX_POINT('',#9329);
#7391=LINE('',#9330,#9331);
#7392=VERTEX_POINT('',#9332);
#7393=LINE('',#9333,#9334);
#7394=VERTEX_POINT('',#9335);
#7395=LINE('',#9336,#9337);
#7396=VERTEX_POINT('',#9338);
#7397=LINE('',#9339,#9340);
#7398=VERTEX_POINT('',#9341);
#7399=LINE('',#9342,#9343);
#7400=VERTEX_POINT('',#9344);
#7401=LINE('',#9345,#9346);
#7402=VERTEX_POINT('',#9347);
#7403=LINE('',#9348,#9349);
#7404=VERTEX_POINT('',#9350);
#7405=LINE('',#9351,#9352);
#7406=VERTEX_POINT('',#9353);
#7407=LINE('',#9354,#9355);
#7408=VERTEX_POINT('',#9356);
#7409=LINE('',#9357,#9358);
#7410=LINE('',#9359,#9360);
#7411=VERTEX_POINT('',#9361);
#7412=VERTEX_POINT('',#9362);
#7413=LINE('',#9363,#9364);
#7414=VERTEX_POINT('',#9365);
#7415=CIRCLE('',#9366,0.0300000000000001);
#7416=VERTEX_POINT('',#9367);
#7417=LINE('',#9368,#9369);
#7418=VERTEX_POINT('',#9370);
#7419=CIRCLE('',#9371,0.0300000000000001);
#7420=VERTEX_POINT('',#9372);
#7421=LINE('',#9373,#9374);
#7422=VERTEX_POINT('',#9375);
#7423=CIRCLE('',#9376,0.0300000000000001);
#7424=VERTEX_POINT('',#9377);
#7425=LINE('',#9378,#9379);
#7426=CIRCLE('',#9380,0.0300000000000001);
#7427=VERTEX_POINT('',#9381);
#7428=VERTEX_POINT('',#9382);
#7429=CIRCLE('',#9383,1.35);
#7430=CIRCLE('',#9384,1.35);
#7431=VERTEX_POINT('',#9385);
#7432=VERTEX_POINT('',#9386);
#7433=CIRCLE('',#9387,1.35);
#7434=CIRCLE('',#9388,1.35);
#7435=VERTEX_POINT('',#9389);
#7436=VERTEX_POINT('',#9390);
#7437=CIRCLE('',#9391,1.1);
#7438=CIRCLE('',#9392,1.1);
#7439=VERTEX_POINT('',#9393);
#7440=VERTEX_POINT('',#9394);
#7441=CIRCLE('',#9395,1.35);
#7442=CIRCLE('',#9396,1.35);
#7443=VERTEX_POINT('',#9397);
#7444=VERTEX_POINT('',#9398);
#7445=CIRCLE('',#9399,1.35);
#7446=CIRCLE('',#9400,1.35);
#7447=VERTEX_POINT('',#9401);
#7448=VERTEX_POINT('',#9402);
#7449=CIRCLE('',#9403,1.1);
#7450=CIRCLE('',#9404,1.1);
#7451=VERTEX_POINT('',#9405);
#7452=VERTEX_POINT('',#9406);
#7453=CIRCLE('',#9407,1.1);
#7454=CIRCLE('',#9408,1.1);
#7455=VERTEX_POINT('',#9409);
#7456=VERTEX_POINT('',#9410);
#7457=LINE('',#9411,#9412);
#7458=VERTEX_POINT('',#9413);
#7459=LINE('',#9414,#9415);
#7460=VERTEX_POINT('',#9416);
#7461=LINE('',#9417,#9418);
#7462=VERTEX_POINT('',#9419);
#7463=LINE('',#9420,#9421);
#7464=VERTEX_POINT('',#9422);
#7465=LINE('',#9423,#9424);
#7466=VERTEX_POINT('',#9425);
#7467=LINE('',#9426,#9427);
#7468=VERTEX_POINT('',#9428);
#7469=LINE('',#9429,#9430);
#7470=VERTEX_POINT('',#9431);
#7471=LINE('',#9432,#9433);
#7472=VERTEX_POINT('',#9434);
#7473=LINE('',#9435,#9436);
#7474=VERTEX_POINT('',#9437);
#7475=LINE('',#9438,#9439);
#7476=VERTEX_POINT('',#9440);
#7477=LINE('',#9441,#9442);
#7478=VERTEX_POINT('',#9443);
#7479=LINE('',#9444,#9445);
#7480=VERTEX_POINT('',#9446);
#7481=LINE('',#9447,#9448);
#7482=VERTEX_POINT('',#9449);
#7483=LINE('',#9450,#9451);
#7484=LINE('',#9452,#9453);
#7485=VERTEX_POINT('',#9454);
#7486=LINE('',#9455,#9456);
#7487=VERTEX_POINT('',#9457);
#7488=LINE('',#9458,#9459);
#7489=LINE('',#9460,#9461);
#7490=VERTEX_POINT('',#9462);
#7491=CIRCLE('',#9463,1.0);
#7492=LINE('',#9464,#9465);
#7493=VERTEX_POINT('',#9466);
#7494=LINE('',#9467,#9468);
#7495=LINE('',#9469,#9470);
#7496=VERTEX_POINT('',#9471);
#7497=CIRCLE('',#9472,1.0);
#7498=LINE('',#9473,#9474);
#7499=VERTEX_POINT('',#9475);
#7500=LINE('',#9476,#9477);
#7501=LINE('',#9478,#9479);
#7502=VERTEX_POINT('',#9480);
#7503=CIRCLE('',#9481,0.87);
#7504=LINE('',#9482,#9483);
#7505=VERTEX_POINT('',#9484);
#7506=LINE('',#9485,#9486);
#7507=LINE('',#9487,#9488);
#7508=VERTEX_POINT('',#9489);
#7509=CIRCLE('',#9490,2.8);
#7510=LINE('',#9491,#9492);
#7511=VERTEX_POINT('',#9493);
#7512=CIRCLE('',#9494,0.87);
#7513=LINE('',#9495,#9496);
#7514=VERTEX_POINT('',#9497);
#7515=LINE('',#9498,#9499);
#7516=LINE('',#9500,#9501);
#7517=VERTEX_POINT('',#9502);
#7518=CIRCLE('',#9503,0.5);
#7519=LINE('',#9504,#9505);
#7520=VERTEX_POINT('',#9506);
#7521=LINE('',#9507,#9508);
#7522=VERTEX_POINT('',#9509);
#7523=CIRCLE('',#9510,1.1);
#7524=VERTEX_POINT('',#9511);
#7525=LINE('',#9512,#9513);
#7526=VERTEX_POINT('',#9514);
#7527=CIRCLE('',#9515,1.1);
#7528=VERTEX_POINT('',#9516);
#7529=LINE('',#9517,#9518);
#7530=VERTEX_POINT('',#9519);
#7531=CIRCLE('',#9520,1.1);
#7532=LINE('',#9521,#9522);
#7533=VERTEX_POINT('',#9523);
#7534=VERTEX_POINT('',#9524);
#7535=LINE('',#9525,#9526);
#7536=LINE('',#9527,#9528);
#7537=VERTEX_POINT('',#9529);
#7538=LINE('',#9530,#9531);
#7539=VERTEX_POINT('',#9532);
#7540=LINE('',#9533,#9534);
#7541=VERTEX_POINT('',#9535);
#7542=LINE('',#9536,#9537);
#7543=VERTEX_POINT('',#9538);
#7544=LINE('',#9539,#9540);
#7545=VERTEX_POINT('',#9541);
#7546=LINE('',#9542,#9543);
#7547=LINE('',#9544,#9545);
#7548=LINE('',#9546,#9547);
#7549=VERTEX_POINT('',#9548);
#7550=VERTEX_POINT('',#9549);
#7551=LINE('',#9550,#9551);
#7552=VERTEX_POINT('',#9552);
#7553=LINE('',#9553,#9554);
#7554=VERTEX_POINT('',#9555);
#7555=LINE('',#9556,#9557);
#7556=VERTEX_POINT('',#9558);
#7557=LINE('',#9559,#9560);
#7558=VERTEX_POINT('',#9561);
#7559=LINE('',#9562,#9563);
#7560=VERTEX_POINT('',#9564);
#7561=LINE('',#9565,#9566);
#7562=VERTEX_POINT('',#9567);
#7563=LINE('',#9568,#9569);
#7564=LINE('',#9570,#9571);
#7565=VERTEX_POINT('',#9572);
#7566=LINE('',#9573,#9574);
#7567=CIRCLE('',#9575,1.74000000000001);
#7568=VERTEX_POINT('',#9576);
#7569=LINE('',#9577,#9578);
#7570=VERTEX_POINT('',#9579);
#7571=LINE('',#9580,#9581);
#7572=LINE('',#9582,#9583);
#7573=VERTEX_POINT('',#9584);
#7574=VERTEX_POINT('',#9585);
#7575=CIRCLE('',#9586,1.3);
#7576=CIRCLE('',#9587,1.3);
#7577=VERTEX_POINT('',#9588);
#7578=VERTEX_POINT('',#9589);
#7579=CIRCLE('',#9590,1.30000000000001);
#7580=CIRCLE('',#9591,1.30000000000001);
#7581=VERTEX_POINT('',#9592);
#7582=LINE('',#9593,#9594);
#7583=VERTEX_POINT('',#9595);
#7584=LINE('',#9596,#9597);
#7585=LINE('',#9598,#9599);
#7586=LINE('',#9600,#9601);
#7587=VERTEX_POINT('',#9602);
#7588=LINE('',#9603,#9604);
#7589=LINE('',#9605,#9606);
#7590=VERTEX_POINT('',#9607);
#7591=CIRCLE('',#9608,0.8);
#7592=LINE('',#9609,#9610);
#7593=VERTEX_POINT('',#9611);
#7594=LINE('',#9612,#9613);
#7595=VERTEX_POINT('',#9614);
#7596=LINE('',#9615,#9616);
#7597=VERTEX_POINT('',#9617);
#7598=LINE('',#9618,#9619);
#7599=VERTEX_POINT('',#9620);
#7600=LINE('',#9621,#9622);
#7601=LINE('',#9623,#9624);
#7602=VERTEX_POINT('',#9625);
#7603=LINE('',#9626,#9627);
#7604=VERTEX_POINT('',#9628);
#7605=LINE('',#9629,#9630);
#7606=LINE('',#9631,#9632);
#7607=VERTEX_POINT('',#9633);
#7608=LINE('',#9634,#9635);
#7609=CIRCLE('',#9636,0.8);
#7610=VERTEX_POINT('',#9637);
#7611=VERTEX_POINT('',#9638);
#7612=LINE('',#9639,#9640);
#7613=VERTEX_POINT('',#9641);
#7614=CIRCLE('',#9642,0.8);
#7615=VERTEX_POINT('',#9643);
#7616=LINE('',#9644,#9645);
#7617=VERTEX_POINT('',#9646);
#7618=CIRCLE('',#9647,0.8);
#7619=VERTEX_POINT('',#9648);
#7620=LINE('',#9649,#9650);
#7621=VERTEX_POINT('',#9651);
#7622=CIRCLE('',#9652,0.5);
#7623=VERTEX_POINT('',#9653);
#7624=LINE('',#9654,#9655);
#7625=VERTEX_POINT('',#9656);
#7626=CIRCLE('',#9657,0.8);
#7627=VERTEX_POINT('',#9658);
#7628=LINE('',#9659,#9660);
#7629=CIRCLE('',#9661,0.8);
#7630=VERTEX_POINT('',#9662);
#7631=LINE('',#9663,#9664);
#7632=VERTEX_POINT('',#9665);
#7633=CIRCLE('',#9666,0.8);
#7634=VERTEX_POINT('',#9667);
#7635=LINE('',#9668,#9669);
#7636=CIRCLE('',#9670,0.5);
#7637=VERTEX_POINT('',#9671);
#7638=VERTEX_POINT('',#9672);
#7639=CIRCLE('',#9673,0.4);
#7640=CIRCLE('',#9674,0.4);
#7641=VERTEX_POINT('',#9675);
#7642=VERTEX_POINT('',#9676);
#7643=LINE('',#9677,#9678);
#7644=VERTEX_POINT('',#9679);
#7645=LINE('',#9680,#9681);
#7646=VERTEX_POINT('',#9682);
#7647=LINE('',#9683,#9684);
#7648=LINE('',#9685,#9686);
#7649=VERTEX_POINT('',#9687);
#7650=VERTEX_POINT('',#9688);
#7651=LINE('',#9689,#9690);
#7652=VERTEX_POINT('',#9691);
#7653=LINE('',#9692,#9693);
#7654=VERTEX_POINT('',#9694);
#7655=LINE('',#9695,#9696);
#7656=LINE('',#9697,#9698);
#7657=VERTEX_POINT('',#9699);
#7658=VERTEX_POINT('',#9700);
#7659=LINE('',#9701,#9702);
#7660=VERTEX_POINT('',#9703);
#7661=LINE('',#9704,#9705);
#7662=VERTEX_POINT('',#9706);
#7663=LINE('',#9707,#9708);
#7664=LINE('',#9709,#9710);
#7665=VERTEX_POINT('',#9711);
#7666=VERTEX_POINT('',#9712);
#7667=LINE('',#9713,#9714);
#7668=VERTEX_POINT('',#9715);
#7669=LINE('',#9716,#9717);
#7670=VERTEX_POINT('',#9718);
#7671=LINE('',#9719,#9720);
#7672=LINE('',#9721,#9722);
#7673=VERTEX_POINT('',#9723);
#7674=VERTEX_POINT('',#9724);
#7675=LINE('',#9725,#9726);
#7676=VERTEX_POINT('',#9727);
#7677=LINE('',#9728,#9729);
#7678=VERTEX_POINT('',#9730);
#7679=LINE('',#9731,#9732);
#7680=LINE('',#9733,#9734);
#7681=VERTEX_POINT('',#9735);
#7682=VERTEX_POINT('',#9736);
#7683=LINE('',#9737,#9738);
#7684=VERTEX_POINT('',#9739);
#7685=LINE('',#9740,#9741);
#7686=VERTEX_POINT('',#9742);
#7687=LINE('',#9743,#9744);
#7688=LINE('',#9745,#9746);
#7689=VERTEX_POINT('',#9747);
#7690=VERTEX_POINT('',#9748);
#7691=LINE('',#9749,#9750);
#7692=VERTEX_POINT('',#9751);
#7693=LINE('',#9752,#9753);
#7694=VERTEX_POINT('',#9754);
#7695=LINE('',#9755,#9756);
#7696=LINE('',#9757,#9758);
#7697=LINE('',#9759,#9760);
#7698=LINE('',#9761,#9762);
#7699=LINE('',#9763,#9764);
#7700=LINE('',#9765,#9766);
#7701=LINE('',#9767,#9768);
#7702=LINE('',#9769,#9770);
#7703=LINE('',#9771,#9772);
#7704=LINE('',#9773,#9774);
#7705=LINE('',#9775,#9776);
#7706=LINE('',#9777,#9778);
#7707=LINE('',#9779,#9780);
#7708=LINE('',#9781,#9782);
#7709=LINE('',#9783,#9784);
#7710=VERTEX_POINT('',#9785);
#7711=LINE('',#9786,#9787);
#7712=CIRCLE('',#9788,0.8);
#7713=VERTEX_POINT('',#9789);
#7714=LINE('',#9790,#9791);
#7715=VERTEX_POINT('',#9792);
#7716=B_SPLINE_CURVE_WITH_KNOTS('',3,(#9793,#9794,#9795,#9796,#9797,#9798),.UNSPECIFIED.,.F.,.F.,(4,1,1,4),(0.0,0.333333333333333,0.666666666666667,1.00000000000111),.UNSPECIFIED.);
#7717=LINE('',#9799,#9800);
#7718=LINE('',#9801,#9802);
#7719=LINE('',#9803,#9804);
#7720=B_SPLINE_CURVE_WITH_KNOTS('',3,(#9805,#9806,#9807,#9808,#9809,#9810,#9811),.UNSPECIFIED.,.F.,.F.,(4,1,1,1,4),(0.0,0.25,0.49999999999998,0.75,0.999999999999919),.UNSPECIFIED.);
#7721=CIRCLE('',#9812,1.90000000000001);
#7722=VERTEX_POINT('',#9813);
#7723=LINE('',#9814,#9815);
#7724=VERTEX_POINT('',#9816);
#7725=CIRCLE('',#9817,0.4);
#7726=LINE('',#9818,#9819);
#7727=B_SPLINE_CURVE_WITH_KNOTS('',3,(#9820,#9821,#9822,#9823,#9824,#9825,#9826),.UNSPECIFIED.,.F.,.F.,(4,1,1,1,4),(1.14872626595959E-13,0.25,0.500000000000029,0.75,1.0),.UNSPECIFIED.);
#7728=VERTEX_POINT('',#9827);
#7729=LINE('',#9828,#9829);
#7730=VERTEX_POINT('',#9830);
#7731=LINE('',#9831,#9832);
#7732=LINE('',#9833,#9834);
#7733=CIRCLE('',#9835,0.4);
#7734=VERTEX_POINT('',#9836);
#7735=VERTEX_POINT('',#9837);
#7736=LINE('',#9838,#9839);
#7737=LINE('',#9840,#9841);
#7738=LINE('',#9842,#9843);
#7739=VERTEX_POINT('',#9844);
#7740=VERTEX_POINT('',#9845);
#7741=LINE('',#9846,#9847);
#7742=LINE('',#9848,#9849);
#7743=LINE('',#9850,#9851);
#7744=VERTEX_POINT('',#9852);
#7745=VERTEX_POINT('',#9853);
#7746=LINE('',#9854,#9855);
#7747=LINE('',#9856,#9857);
#7748=LINE('',#9858,#9859);
#7749=VERTEX_POINT('',#9860);
#7750=LINE('',#9861,#9862);
#7751=VERTEX_POINT('',#9863);
#7752=LINE('',#9864,#9865);
#7753=LINE('',#9866,#9867);
#7754=LINE('',#9868,#9869);
#7755=LINE('',#9870,#9871);
#7756=LINE('',#9872,#9873);
#7757=LINE('',#9874,#9875);
#7758=VERTEX_POINT('',#9876);
#7759=VERTEX_POINT('',#9877);
#7760=LINE('',#9878,#9879);
#7761=LINE('',#9880,#9881);
#7762=LINE('',#9882,#9883);
#7763=VERTEX_POINT('',#9884);
#7764=VERTEX_POINT('',#9885);
#7765=LINE('',#9886,#9887);
#7766=LINE('',#9888,#9889);
#7767=LINE('',#9890,#9891);
#7768=VERTEX_POINT('',#9892);
#7769=LINE('',#9893,#9894);
#7770=VERTEX_POINT('',#9895);
#7771=LINE('',#9896,#9897);
#7772=LINE('',#9898,#9899);
#7773=VERTEX_POINT('',#9900);
#7774=LINE('',#9901,#9902);
#7775=LINE('',#9903,#9904);
#7776=VERTEX_POINT('',#9905);
#7777=LINE('',#9906,#9907);
#7778=LINE('',#9908,#9909);
#7779=LINE('',#9910,#9911);
#7780=LINE('',#9912,#9913);
#7781=LINE('',#9914,#9915);
#7782=VERTEX_POINT('',#9916);
#7783=LINE('',#9917,#9918);
#7784=VERTEX_POINT('',#9919);
#7785=LINE('',#9920,#9921);
#7786=LINE('',#9922,#9923);
#7787=VERTEX_POINT('',#9924);
#7788=LINE('',#9925,#9926);
#7789=LINE('',#9927,#9928);
#7790=VERTEX_POINT('',#9929);
#7791=VERTEX_POINT('',#9930);
#7792=LINE('',#9931,#9932);
#7793=LINE('',#9933,#9934);
#7794=LINE('',#9935,#9936);
#7795=VERTEX_POINT('',#9937);
#7796=LINE('',#9938,#9939);
#7797=VERTEX_POINT('',#9940);
#7798=LINE('',#9941,#9942);
#7799=LINE('',#9943,#9944);
#7800=LINE('',#9945,#9946);
#7801=VERTEX_POINT('',#9947);
#7802=LINE('',#9948,#9949);
#7803=LINE('',#9950,#9951);
#7804=LINE('',#9952,#9953);
#7805=LINE('',#9954,#9955);
#7806=VERTEX_POINT('',#9956);
#7807=LINE('',#9957,#9958);
#7808=VERTEX_POINT('',#9959);
#7809=LINE('',#9960,#9961);
#7810=LINE('',#9962,#9963);
#7811=VERTEX_POINT('',#9964);
#7812=LINE('',#9965,#9966);
#7813=LINE('',#9967,#9968);
#7814=VERTEX_POINT('',#9969);
#7815=VERTEX_POINT('',#9970);
#7816=LINE('',#9971,#9972);
#7817=LINE('',#9973,#9974);
#7818=LINE('',#9975,#9976);
#7819=VERTEX_POINT('',#9977);
#7820=LINE('',#9978,#9979);
#7821=VERTEX_POINT('',#9980);
#7822=LINE('',#9981,#9982);
#7823=LINE('',#9983,#9984);
#7824=LINE('',#9985,#9986);
#7825=VERTEX_POINT('',#9987);
#7826=LINE('',#9988,#9989);
#7827=LINE('',#9990,#9991);
#7828=LINE('',#9992,#9993);
#7829=LINE('',#9994,#9995);
#7830=VERTEX_POINT('',#9996);
#7831=LINE('',#9997,#9998);
#7832=VERTEX_POINT('',#9999);
#7833=LINE('',#10000,#10001);
#7834=LINE('',#10002,#10003);
#7835=VERTEX_POINT('',#10004);
#7836=LINE('',#10005,#10006);
#7837=LINE('',#10007,#10008);
#7838=VERTEX_POINT('',#10009);
#7839=VERTEX_POINT('',#10010);
#7840=LINE('',#10011,#10012);
#7841=LINE('',#10013,#10014);
#7842=LINE('',#10015,#10016);
#7843=VERTEX_POINT('',#10017);
#7844=LINE('',#10018,#10019);
#7845=VERTEX_POINT('',#10020);
#7846=LINE('',#10021,#10022);
#7847=LINE('',#10023,#10024);
#7848=VERTEX_POINT('',#10025);
#7849=LINE('',#10026,#10027);
#7850=LINE('',#10028,#10029);
#7851=LINE('',#10030,#10031);
#7852=LINE('',#10032,#10033);
#7853=LINE('',#10034,#10035);
#7854=VERTEX_POINT('',#10036);
#7855=LINE('',#10037,#10038);
#7856=VERTEX_POINT('',#10039);
#7857=LINE('',#10040,#10041);
#7858=LINE('',#10042,#10043);
#7859=VERTEX_POINT('',#10044);
#7860=LINE('',#10045,#10046);
#7861=LINE('',#10047,#10048);
#7862=VERTEX_POINT('',#10049);
#7863=VERTEX_POINT('',#10050);
#7864=LINE('',#10051,#10052);
#7865=LINE('',#10053,#10054);
#7866=LINE('',#10055,#10056);
#7867=VERTEX_POINT('',#10057);
#7868=LINE('',#10058,#10059);
#7869=VERTEX_POINT('',#10060);
#7870=LINE('',#10061,#10062);
#7871=LINE('',#10063,#10064);
#7872=LINE('',#10065,#10066);
#7873=VERTEX_POINT('',#10067);
#7874=LINE('',#10068,#10069);
#7875=LINE('',#10070,#10071);
#7876=LINE('',#10072,#10073);
#7877=LINE('',#10074,#10075);
#7878=VERTEX_POINT('',#10076);
#7879=LINE('',#10077,#10078);
#7880=VERTEX_POINT('',#10079);
#7881=LINE('',#10080,#10081);
#7882=LINE('',#10082,#10083);
#7883=VERTEX_POINT('',#10084);
#7884=LINE('',#10085,#10086);
#7885=LINE('',#10087,#10088);
#7886=VERTEX_POINT('',#10089);
#7887=VERTEX_POINT('',#10090);
#7888=LINE('',#10091,#10092);
#7889=LINE('',#10093,#10094);
#7890=LINE('',#10095,#10096);
#7891=VERTEX_POINT('',#10097);
#7892=LINE('',#10098,#10099);
#7893=VERTEX_POINT('',#10100);
#7894=LINE('',#10101,#10102);
#7895=LINE('',#10103,#10104);
#7896=VERTEX_POINT('',#10105);
#7897=LINE('',#10106,#10107);
#7898=LINE('',#10108,#10109);
#7899=LINE('',#10110,#10111);
#7900=LINE('',#10112,#10113);
#7901=LINE('',#10114,#10115);
#7902=VERTEX_POINT('',#10116);
#7903=LINE('',#10117,#10118);
#7904=LINE('',#10119,#10120);
#7905=VERTEX_POINT('',#10121);
#7906=LINE('',#10122,#10123);
#7907=LINE('',#10124,#10125);
#7908=LINE('',#10126,#10127);
#7909=LINE('',#10128,#10129);
#7910=LINE('',#10130,#10131);
#7911=VERTEX_POINT('',#10132);
#7912=LINE('',#10133,#10134);
#7913=VERTEX_POINT('',#10135);
#7914=CIRCLE('',#10136,1.90000000000003);
#7915=LINE('',#10137,#10138);
#7916=VERTEX_POINT('',#10139);
#7917=B_SPLINE_CURVE_WITH_KNOTS('',3,(#10140,#10141,#10142,#10143,#10144,#10145),.UNSPECIFIED.,.F.,.F.,(4,1,1,4),(1.21673181605921E-11,0.333333333333333,0.666666666666667,1.0),.UNSPECIFIED.);
#7918=CIRCLE('',#10146,1.90000000000001);
#7919=LINE('',#10147,#10148);
#7920=B_SPLINE_CURVE_WITH_KNOTS('',3,(#10149,#10150,#10151,#10152,#10153,#10154),.UNSPECIFIED.,.F.,.F.,(4,1,1,4),(0.0,0.333333333333333,0.666666666666667,1.0),.UNSPECIFIED.);
#7921=VERTEX_POINT('',#10155);
#7922=LINE('',#10156,#10157);
#7923=LINE('',#10158,#10159);
#7924=VERTEX_POINT('',#10160);
#7925=VERTEX_POINT('',#10161);
#7926=CIRCLE('',#10162,1.70000000000003);
#7927=LINE('',#10163,#10164);
#7928=LINE('',#10165,#10166);
#7929=VERTEX_POINT('',#10167);
#7930=VERTEX_POINT('',#10168);
#7931=LINE('',#10169,#10170);
#7932=VERTEX_POINT('',#10171);
#7933=LINE('',#10172,#10173);
#7934=VERTEX_POINT('',#10174);
#7935=LINE('',#10175,#10176);
#7936=VERTEX_POINT('',#10177);
#7937=LINE('',#10178,#10179);
#7938=LINE('',#10180,#10181);
#7939=CIRCLE('',#10182,1.70000000000003);
#7940=VERTEX_POINT('',#10183);
#7941=VERTEX_POINT('',#10184);
#7942=CIRCLE('',#10185,0.866025403784454);
#7943=CIRCLE('',#10186,0.866025403784449);
#7944=VERTEX_POINT('',#10187);
#7945=CIRCLE('',#10188,0.866025403784452);
#7946=CIRCLE('',#10189,0.86602540378445);
#7947=VERTEX_POINT('',#10190);
#7948=CIRCLE('',#10191,0.866025403784449);
#7949=CIRCLE('',#10192,0.866025403784452);
#7950=B_SPLINE_CURVE_WITH_KNOTS('',3,(#10193,#10194,#10195,#10196,#10197,#10198,#10199),.UNSPECIFIED.,.F.,.F.,(4,1,1,1,4),(8.06019810740362E-14,0.25,0.50000000000002,0.75,1.0),.UNSPECIFIED.);
#7951=VERTEX_POINT('',#10200);
#7952=LINE('',#10201,#10202);
#7953=VERTEX_POINT('',#10203);
#7954=LINE('',#10204,#10205);
#7955=LINE('',#10206,#10207);
#7956=B_SPLINE_CURVE_WITH_KNOTS('',3,(#10208,#10209,#10210,#10211,#10212,#10213),.UNSPECIFIED.,.F.,.F.,(4,1,1,4),(0.0,0.333333333333333,0.666666666666667,1.0),.UNSPECIFIED.);
#7957=VERTEX_POINT('',#10214);
#7958=LINE('',#10215,#10216);
#7959=LINE('',#10217,#10218);
#7960=B_SPLINE_CURVE_WITH_KNOTS('',3,(#10219,#10220,#10221,#10222,#10223,#10224,#10225),.UNSPECIFIED.,.F.,.F.,(4,1,1,1,4),(1.3904594899154E-13,0.25,0.500000000000061,0.75,1.0000000000001),.UNSPECIFIED.);
#7961=VERTEX_POINT('',#10226);
#7962=LINE('',#10227,#10228);
#7963=LINE('',#10229,#10230);
#7964=B_SPLINE_CURVE_WITH_KNOTS('',3,(#10231,#10232,#10233,#10234,#10235,#10236,#10237),.UNSPECIFIED.,.F.,.F.,(4,1,1,1,4),(1.02780771165887E-13,0.25,0.500000000000063,0.75,1.00000000000015),.UNSPECIFIED.);
#7965=VERTEX_POINT('',#10238);
#7966=LINE('',#10239,#10240);
#7967=LINE('',#10241,#10242);
#7968=VERTEX_POINT('',#10243);
#7969=LINE('',#10244,#10245);
#7970=LINE('',#10246,#10247);
#7971=B_SPLINE_CURVE_WITH_KNOTS('',3,(#10248,#10249,#10250,#10251,#10252,#10253),.UNSPECIFIED.,.F.,.F.,(4,1,1,4),(4.31315613263269E-13,0.333333333333333,0.666666666666667,1.0),.UNSPECIFIED.);
#7972=B_SPLINE_CURVE_WITH_KNOTS('',3,(#10254,#10255,#10256,#10257,#10258,#10259,#10260),.UNSPECIFIED.,.F.,.F.,(4,1,1,1,4),(8.26172903127665E-14,0.25,0.500000000000098,0.75,1.00000000000031),.UNSPECIFIED.);
#7973=LINE('',#10261,#10262);
#7974=VERTEX_POINT('',#10263);
#7975=CIRCLE('',#10264,0.1);
#7976=VERTEX_POINT('',#10265);
#7977=CIRCLE('',#10266,1.2101231554356);
#7978=CIRCLE('',#10267,0.1);
#7979=VERTEX_POINT('',#10268);
#7980=VERTEX_POINT('',#10269);
#7981=CIRCLE('',#10270,1.01012315543558);
#7982=LINE('',#10271,#10272);
#7983=LINE('',#10273,#10274);
#7984=VERTEX_POINT('',#10275);
#7985=VERTEX_POINT('',#10276);
#7986=CIRCLE('',#10277,0.99999999999999);
#7987=CIRCLE('',#10278,0.0999999999999999);
#7988=CIRCLE('',#10279,0.0999999999999999);
#7989=VERTEX_POINT('',#10280);
#7990=VERTEX_POINT('',#10281);
#7991=CIRCLE('',#10282,1.0);
#7992=LINE('',#10283,#10284);
#7993=LINE('',#10285,#10286);
#7994=CIRCLE('',#10287,0.508);
#7995=LINE('',#10288,#10289);
#7996=LINE('',#10290,#10291);
#7997=VERTEX_POINT('',#10292);
#7998=LINE('',#10293,#10294);
#7999=VERTEX_POINT('',#10295);
#8000=CIRCLE('',#10296,0.800000000000011);
#8001=LINE('',#10297,#10298);
#8002=CIRCLE('',#10299,0.800000000000011);
#8003=B_SPLINE_CURVE_WITH_KNOTS('',3,(#10300,#10301,#10302,#10303,#10304,#10305),.UNSPECIFIED.,.F.,.F.,(4,1,1,4),(4.31315613263269E-13,0.333333333333333,0.666666666666667,1.0),.UNSPECIFIED.);
#8004=VERTEX_POINT('',#10306);
#8005=CIRCLE('',#10307,0.508);
#8006=VERTEX_POINT('',#10308);
#8007=LINE('',#10309,#10310);
#8008=VERTEX_POINT('',#10311);
#8009=CIRCLE('',#10312,0.508000000000009);
#8010=LINE('',#10313,#10314);
#8011=VERTEX_POINT('',#10315);
#8012=LINE('',#10316,#10317);
#8013=VERTEX_POINT('',#10318);
#8014=LINE('',#10319,#10320);
#8015=VERTEX_POINT('',#10321);
#8016=LINE('',#10322,#10323);
#8017=VERTEX_POINT('',#10324);
#8018=LINE('',#10325,#10326);
#8019=LINE('',#10327,#10328);
#8020=VERTEX_POINT('',#10329);
#8021=CIRCLE('',#10330,1.1);
#8022=CIRCLE('',#10331,1.1);
#8023=VERTEX_POINT('',#10332);
#8024=VERTEX_POINT('',#10333);
#8025=CIRCLE('',#10334,1.21012315543559);
#8026=CIRCLE('',#10335,0.1);
#8027=CIRCLE('',#10336,0.1);
#8028=VERTEX_POINT('',#10337);
#8029=LINE('',#10338,#10339);
#8030=VERTEX_POINT('',#10340);
#8031=LINE('',#10341,#10342);
#8032=LINE('',#10343,#10344);
#8033=VERTEX_POINT('',#10345);
#8034=VERTEX_POINT('',#10346);
#8035=CIRCLE('',#10347,1.01012315543558);
#8036=LINE('',#10348,#10349);
#8037=LINE('',#10350,#10351);
#8038=VERTEX_POINT('',#10352);
#8039=CIRCLE('',#10353,0.0999999999999999);
#8040=VERTEX_POINT('',#10354);
#8041=CIRCLE('',#10355,0.99999999999999);
#8042=CIRCLE('',#10356,0.0999999999999999);
#8043=CIRCLE('',#10357,0.99999999999999);
#8044=VERTEX_POINT('',#10358);
#8045=LINE('',#10359,#10360);
#8046=VERTEX_POINT('',#10361);
#8047=CIRCLE('',#10362,0.999999999999999);
#8048=LINE('',#10363,#10364);
#8049=VERTEX_POINT('',#10365);
#8050=LINE('',#10366,#10367);
#8051=LINE('',#10368,#10369);
#8052=CIRCLE('',#10370,0.999999999999999);
#8053=VERTEX_POINT('',#10371);
#8054=LINE('',#10372,#10373);
#8055=VERTEX_POINT('',#10374);
#8056=CIRCLE('',#10375,0.800000000000011);
#8057=LINE('',#10376,#10377);
#8058=VERTEX_POINT('',#10378);
#8059=CIRCLE('',#10379,0.5);
#8060=VERTEX_POINT('',#10380);
#8061=CIRCLE('',#10381,0.00800000000000794);
#8062=CIRCLE('',#10382,0.5);
#8063=CIRCLE('',#10383,0.800000000000011);
#8064=B_SPLINE_CURVE_WITH_KNOTS('',3,(#10384,#10385,#10386,#10387,#10388,#10389,#10390),.UNSPECIFIED.,.F.,.F.,(4,1,1,1,4),(1.12857317359283E-13,0.25,0.500000000000057,0.75,1.00000000000011),.UNSPECIFIED.);
#8065=VERTEX_POINT('',#10391);
#8066=CIRCLE('',#10392,1.1);
#8067=LINE('',#10393,#10394);
#8068=LINE('',#10395,#10396);
#8069=CIRCLE('',#10397,1.1);
#8070=VERTEX_POINT('',#10398);
#8071=CIRCLE('',#10399,0.5);
#8072=LINE('',#10400,#10401);
#8073=VERTEX_POINT('',#10402);
#8074=LINE('',#10403,#10404);
#8075=LINE('',#10405,#10406);
#8076=VERTEX_POINT('',#10407);
#8077=CIRCLE('',#10408,0.87);
#8078=LINE('',#10409,#10410);
#8079=VERTEX_POINT('',#10411);
#8080=CIRCLE('',#10412,2.8);
#8081=LINE('',#10413,#10414);
#8082=VERTEX_POINT('',#10415);
#8083=LINE('',#10416,#10417);
#8084=LINE('',#10418,#10419);
#8085=CIRCLE('',#10420,0.87);
#8086=VERTEX_POINT('',#10421);
#8087=LINE('',#10422,#10423);
#8088=VERTEX_POINT('',#10424);
#8089=CIRCLE('',#10425,1.0);
#8090=VERTEX_POINT('',#10426);
#8091=LINE('',#10427,#10428);
#8092=VERTEX_POINT('',#10429);
#8093=CIRCLE('',#10430,1.0);
#8094=LINE('',#10431,#10432);
#8095=VERTEX_POINT('',#10433);
#8096=LINE('',#10434,#10435);
#8097=LINE('',#10436,#10437);
#8098=VERTEX_POINT('',#10438);
#8099=LINE('',#10439,#10440);
#8100=VERTEX_POINT('',#10441);
#8101=CIRCLE('',#10442,1.0);
#8102=VERTEX_POINT('',#10443);
#8103=LINE('',#10444,#10445);
#8104=CIRCLE('',#10446,1.0);
#8105=LINE('',#10447,#10448);
#8106=LINE('',#10449,#10450);
#8107=LINE('',#10451,#10452);
#8108=VERTEX_POINT('',#10453);
#8109=VERTEX_POINT('',#10454);
#8110=CIRCLE('',#10455,1.35);
#8111=LINE('',#10456,#10457);
#8112=VERTEX_POINT('',#10458);
#8113=VERTEX_POINT('',#10459);
#8114=LINE('',#10460,#10461);
#8115=LINE('',#10462,#10463);
#8116=LINE('',#10464,#10465);
#8117=VERTEX_POINT('',#10466);
#8118=VERTEX_POINT('',#10467);
#8119=LINE('',#10468,#10469);
#8120=VERTEX_POINT('',#10470);
#8121=LINE('',#10471,#10472);
#8122=VERTEX_POINT('',#10473);
#8123=LINE('',#10474,#10475);
#8124=VERTEX_POINT('',#10476);
#8125=LINE('',#10477,#10478);
#8126=VERTEX_POINT('',#10479);
#8127=LINE('',#10480,#10481);
#8128=VERTEX_POINT('',#10482);
#8129=LINE('',#10483,#10484);
#8130=VERTEX_POINT('',#10485);
#8131=LINE('',#10486,#10487);
#8132=VERTEX_POINT('',#10488);
#8133=LINE('',#10489,#10490);
#8134=VERTEX_POINT('',#10491);
#8135=LINE('',#10492,#10493);
#8136=VERTEX_POINT('',#10494);
#8137=LINE('',#10495,#10496);
#8138=LINE('',#10497,#10498);
#8139=VERTEX_POINT('',#10499);
#8140=LINE('',#10500,#10501);
#8141=VERTEX_POINT('',#10502);
#8142=LINE('',#10503,#10504);
#8143=LINE('',#10505,#10506);
#8144=VERTEX_POINT('',#10507);
#8145=VERTEX_POINT('',#10508);
#8146=CIRCLE('',#10509,0.6);
#8147=CIRCLE('',#10510,0.6);
#8148=CIRCLE('',#10511,1.55);
#8149=CIRCLE('',#10512,1.55);
#8150=LINE('',#10513,#10514);
#8151=LINE('',#10515,#10516);
#8152=LINE('',#10517,#10518);
#8153=LINE('',#10519,#10520);
#8154=LINE('',#10521,#10522);
#8155=LINE('',#10523,#10524);
#8156=LINE('',#10525,#10526);
#8157=CIRCLE('',#10527,1.55);
#8158=CIRCLE('',#10528,1.55);
#8159=LINE('',#10529,#10530);
#8160=LINE('',#10531,#10532);
#8161=VERTEX_POINT('',#10533);
#8162=LINE('',#10534,#10535);
#8163=VERTEX_POINT('',#10536);
#8164=CIRCLE('',#10537,0.6);
#8165=LINE('',#10538,#10539);
#8166=CIRCLE('',#10540,0.6);
#8167=VERTEX_POINT('',#10541);
#8168=LINE('',#10542,#10543);
#8169=VERTEX_POINT('',#10544);
#8170=LINE('',#10545,#10546);
#8171=LINE('',#10547,#10548);
#8172=VERTEX_POINT('',#10549);
#8173=LINE('',#10550,#10551);
#8174=LINE('',#10552,#10553);
#8175=VERTEX_POINT('',#10554);
#8176=LINE('',#10555,#10556);
#8177=LINE('',#10557,#10558);
#8178=VERTEX_POINT('',#10559);
#8179=LINE('',#10560,#10561);
#8180=VERTEX_POINT('',#10562);
#8181=LINE('',#10563,#10564);
#8182=VERTEX_POINT('',#10565);
#8183=LINE('',#10566,#10567);
#8184=VERTEX_POINT('',#10568);
#8185=LINE('',#10569,#10570);
#8186=VERTEX_POINT('',#10571);
#8187=LINE('',#10572,#10573);
#8188=VERTEX_POINT('',#10574);
#8189=LINE('',#10575,#10576);
#8190=VERTEX_POINT('',#10577);
#8191=LINE('',#10578,#10579);
#8192=VERTEX_POINT('',#10580);
#8193=LINE('',#10581,#10582);
#8194=LINE('',#10583,#10584);
#8195=LINE('',#10585,#10586);
#8196=LINE('',#10587,#10588);
#8197=LINE('',#10589,#10590);
#8198=LINE('',#10591,#10592);
#8199=LINE('',#10593,#10594);
#8200=LINE('',#10595,#10596);
#8201=LINE('',#10597,#10598);
#8202=LINE('',#10599,#10600);
#8203=VERTEX_POINT('',#10601);
#8204=LINE('',#10602,#10603);
#8205=VERTEX_POINT('',#10604);
#8206=LINE('',#10605,#10606);
#8207=LINE('',#10607,#10608);
#8208=VERTEX_POINT('',#10609);
#8209=LINE('',#10610,#10611);
#8210=LINE('',#10612,#10613);
#8211=VERTEX_POINT('',#10614);
#8212=LINE('',#10615,#10616);
#8213=LINE('',#10617,#10618);
#8214=VERTEX_POINT('',#10619);
#8215=VERTEX_POINT('',#10620);
#8216=LINE('',#10621,#10622);
#8217=VERTEX_POINT('',#10623);
#8218=LINE('',#10624,#10625);
#8219=VERTEX_POINT('',#10626);
#8220=LINE('',#10627,#10628);
#8221=VERTEX_POINT('',#10629);
#8222=LINE('',#10630,#10631);
#8223=VERTEX_POINT('',#10632);
#8224=LINE('',#10633,#10634);
#8225=VERTEX_POINT('',#10635);
#8226=LINE('',#10636,#10637);
#8227=LINE('',#10638,#10639);
#8228=VERTEX_POINT('',#10640);
#8229=LINE('',#10641,#10642);
#8230=VERTEX_POINT('',#10643);
#8231=LINE('',#10644,#10645);
#8232=VERTEX_POINT('',#10646);
#8233=LINE('',#10647,#10648);
#8234=LINE('',#10649,#10650);
#8235=LINE('',#10651,#10652);
#8236=LINE('',#10653,#10654);
#8237=LINE('',#10655,#10656);
#8238=LINE('',#10657,#10658);
#8239=LINE('',#10659,#10660);
#8240=LINE('',#10661,#10662);
#8241=LINE('',#10663,#10664);
#8242=LINE('',#10665,#10666);
#8243=LINE('',#10667,#10668);
#8244=LINE('',#10669,#10670);
#8245=VERTEX_POINT('',#10671);
#8246=LINE('',#10672,#10673);
#8247=VERTEX_POINT('',#10674);
#8248=LINE('',#10675,#10676);
#8249=LINE('',#10677,#10678);
#8250=VERTEX_POINT('',#10679);
#8251=LINE('',#10680,#10681);
#8252=LINE('',#10682,#10683);
#8253=VERTEX_POINT('',#10684);
#8254=LINE('',#10685,#10686);
#8255=LINE('',#10687,#10688);
#8256=LINE('',#10689,#10690);
#8257=VERTEX_POINT('',#10691);
#8258=LINE('',#10692,#10693);
#8259=VERTEX_POINT('',#10694);
#8260=LINE('',#10695,#10696);
#8261=LINE('',#10697,#10698);
#8262=VERTEX_POINT('',#10699);
#8263=CIRCLE('',#10700,0.6);
#8264=LINE('',#10701,#10702);
#8265=VERTEX_POINT('',#10703);
#8266=LINE('',#10704,#10705);
#8267=LINE('',#10706,#10707);
#8268=VERTEX_POINT('',#10708);
#8269=LINE('',#10709,#10710);
#8270=CIRCLE('',#10711,0.5);
#8271=VERTEX_POINT('',#10712);
#8272=LINE('',#10713,#10714);
#8273=LINE('',#10715,#10716);
#8274=VERTEX_POINT('',#10717);
#8275=LINE('',#10718,#10719);
#8276=CIRCLE('',#10720,0.5);
#8277=VERTEX_POINT('',#10721);
#8278=LINE('',#10722,#10723);
#8279=LINE('',#10724,#10725);
#8280=VERTEX_POINT('',#10726);
#8281=CIRCLE('',#10727,0.6);
#8282=LINE('',#10728,#10729);
#8283=VERTEX_POINT('',#10730);
#8284=LINE('',#10731,#10732);
#8285=LINE('',#10733,#10734);
#8286=VERTEX_POINT('',#10735);
#8287=LINE('',#10736,#10737);
#8288=LINE('',#10738,#10739);
#8289=VERTEX_POINT('',#10740);
#8290=CIRCLE('',#10741,0.6);
#8291=LINE('',#10742,#10743);
#8292=VERTEX_POINT('',#10744);
#8293=LINE('',#10745,#10746);
#8294=LINE('',#10747,#10748);
#8295=VERTEX_POINT('',#10749);
#8296=CIRCLE('',#10750,0.6);
#8297=LINE('',#10751,#10752);
#8298=LINE('',#10753,#10754);
#8299=VERTEX_POINT('',#10755);
#8300=LINE('',#10756,#10757);
#8301=VERTEX_POINT('',#10758);
#8302=LINE('',#10759,#10760);
#8303=LINE('',#10761,#10762);
#8304=VERTEX_POINT('',#10763);
#8305=LINE('',#10764,#10765);
#8306=LINE('',#10766,#10767);
#8307=VERTEX_POINT('',#10768);
#8308=LINE('',#10769,#10770);
#8309=LINE('',#10771,#10772);
#8310=VERTEX_POINT('',#10773);
#8311=LINE('',#10774,#10775);
#8312=LINE('',#10776,#10777);
#8313=VERTEX_POINT('',#10778);
#8314=LINE('',#10779,#10780);
#8315=LINE('',#10781,#10782);
#8316=VERTEX_POINT('',#10783);
#8317=LINE('',#10784,#10785);
#8318=LINE('',#10786,#10787);
#8319=VERTEX_POINT('',#10788);
#8320=LINE('',#10789,#10790);
#8321=LINE('',#10791,#10792);
#8322=VERTEX_POINT('',#10793);
#8323=LINE('',#10794,#10795);
#8324=LINE('',#10796,#10797);
#8325=VERTEX_POINT('',#10798);
#8326=LINE('',#10799,#10800);
#8327=LINE('',#10801,#10802);
#8328=VERTEX_POINT('',#10803);
#8329=LINE('',#10804,#10805);
#8330=LINE('',#10806,#10807);
#8331=VERTEX_POINT('',#10808);
#8332=LINE('',#10809,#10810);
#8333=LINE('',#10811,#10812);
#8334=LINE('',#10813,#10814);
#8335=VERTEX_POINT('',#10815);
#8336=LINE('',#10816,#10817);
#8337=VERTEX_POINT('',#10818);
#8338=LINE('',#10819,#10820);
#8339=LINE('',#10821,#10822);
#8340=VERTEX_POINT('',#10823);
#8341=LINE('',#10824,#10825);
#8342=LINE('',#10826,#10827);
#8343=VERTEX_POINT('',#10828);
#8344=LINE('',#10829,#10830);
#8345=VERTEX_POINT('',#10831);
#8346=LINE('',#10832,#10833);
#8347=VERTEX_POINT('',#10834);
#8348=LINE('',#10835,#10836);
#8349=VERTEX_POINT('',#10837);
#8350=LINE('',#10838,#10839);
#8351=VERTEX_POINT('',#10840);
#8352=LINE('',#10841,#10842);
#8353=VERTEX_POINT('',#10843);
#8354=LINE('',#10844,#10845);
#8355=VERTEX_POINT('',#10846);
#8356=LINE('',#10847,#10848);
#8357=VERTEX_POINT('',#10849);
#8358=LINE('',#10850,#10851);
#8359=VERTEX_POINT('',#10852);
#8360=LINE('',#10853,#10854);
#8361=LINE('',#10855,#10856);
#8362=LINE('',#10857,#10858);
#8363=LINE('',#10859,#10860);
#8364=LINE('',#10861,#10862);
#8365=LINE('',#10863,#10864);
#8366=LINE('',#10865,#10866);
#8367=LINE('',#10867,#10868);
#8368=LINE('',#10869,#10870);
#8369=LINE('',#10871,#10872);
#8370=LINE('',#10873,#10874);
#8371=VERTEX_POINT('',#10875);
#8372=VERTEX_POINT('',#10876);
#8373=LINE('',#10877,#10878);
#8374=LINE('',#10879,#10880);
#8375=LINE('',#10881,#10882);
#8376=VERTEX_POINT('',#10883);
#8377=LINE('',#10884,#10885);
#8378=VERTEX_POINT('',#10886);
#8379=LINE('',#10887,#10888);
#8380=LINE('',#10889,#10890);
#8381=VERTEX_POINT('',#10891);
#8382=VERTEX_POINT('',#10892);
#8383=LINE('',#10893,#10894);
#8384=B_SPLINE_CURVE_WITH_KNOTS('',3,(#10895,#10896,#10897,#10898,#10899,#10900),.UNSPECIFIED.,.F.,.F.,(4,1,1,4),(0.0,0.333333333333333,0.666666666666667,1.0),.UNSPECIFIED.);
#8385=B_SPLINE_CURVE_WITH_KNOTS('',3,(#10901,#10902,#10903,#10904,#10905,#10906),.UNSPECIFIED.,.F.,.F.,(4,1,1,4),(0.0,0.333333333333333,0.666666666666667,1.0),.UNSPECIFIED.);
#8386=LINE('',#10907,#10908);
#8387=LINE('',#10909,#10910);
#8388=LINE('',#10911,#10912);
#8389=LINE('',#10913,#10914);
#8390=VERTEX_POINT('',#10915);
#8391=B_SPLINE_CURVE_WITH_KNOTS('',3,(#10916,#10917,#10918,#10919,#10920,#10921),.UNSPECIFIED.,.F.,.F.,(4,1,1,4),(0.0,0.333333333333333,0.666666666666667,1.0),.UNSPECIFIED.);
#8392=LINE('',#10922,#10923);
#8393=VERTEX_POINT('',#10924);
#8394=LINE('',#10925,#10926);
#8395=LINE('',#10927,#10928);
#8396=B_SPLINE_CURVE_WITH_KNOTS('',3,(#10929,#10930,#10931,#10932,#10933,#10934),.UNSPECIFIED.,.F.,.F.,(4,1,1,4),(0.0,0.333333333333333,0.666666666666667,1.0),.UNSPECIFIED.);
#8397=VERTEX_POINT('',#10935);
#8398=LINE('',#10936,#10937);
#8399=VERTEX_POINT('',#10938);
#8400=CIRCLE('',#10939,1.35);
#8401=VERTEX_POINT('',#10940);
#8402=LINE('',#10941,#10942);
#8403=VERTEX_POINT('',#10943);
#8404=CIRCLE('',#10944,1.35);
#8405=VERTEX_POINT('',#10945);
#8406=LINE('',#10946,#10947);
#8407=VERTEX_POINT('',#10948);
#8408=CIRCLE('',#10949,1.35);
#8409=LINE('',#10950,#10951);
#8410=VERTEX_POINT('',#10952);
#8411=VERTEX_POINT('',#10953);
#8412=CIRCLE('',#10954,0.76);
#8413=VERTEX_POINT('',#10955);
#8414=LINE('',#10956,#10957);
#8415=CIRCLE('',#10958,1.35);
#8416=VERTEX_POINT('',#10959);
#8417=LINE('',#10960,#10961);
#8418=CIRCLE('',#10962,0.76);
#8419=VERTEX_POINT('',#10963);
#8420=VERTEX_POINT('',#10964);
#8421=CIRCLE('',#10965,0.759999999999998);
#8422=LINE('',#10966,#10967);
#8423=VERTEX_POINT('',#10968);
#8424=CIRCLE('',#10969,0.76);
#8425=LINE('',#10970,#10971);
#8426=LINE('',#10972,#10973);
#8427=VERTEX_POINT('',#10974);
#8428=CIRCLE('',#10975,1.35);
#8429=LINE('',#10976,#10977);
#8430=CIRCLE('',#10978,0.76);
#8431=LINE('',#10979,#10980);
#8432=CIRCLE('',#10981,0.00800000000000794);
#8433=VERTEX_POINT('',#10982);
#8434=CIRCLE('',#10983,0.75);
#8435=VERTEX_POINT('',#10984);
#8436=CIRCLE('',#10985,0.0100000000000104);
#8437=CIRCLE('',#10986,0.75);
#8438=VERTEX_POINT('',#10987);
#8439=LINE('',#10988,#10989);
#8440=VERTEX_POINT('',#10990);
#8441=CIRCLE('',#10991,0.508000000000009);
#8442=LINE('',#10992,#10993);
#8443=CIRCLE('',#10994,0.0100000000000104);
#8444=VERTEX_POINT('',#10995);
#8445=LINE('',#10996,#10997);
#8446=VERTEX_POINT('',#10998);
#8447=LINE('',#10999,#11000);
#8448=LINE('',#11001,#11002);
#8449=VERTEX_POINT('',#11003);
#8450=LINE('',#11004,#11005);
#8451=LINE('',#11006,#11007);
#8452=CIRCLE('',#11008,1.35);
#8453=VERTEX_POINT('',#11009);
#8454=VERTEX_POINT('',#11010);
#8455=CIRCLE('',#11011,1.35);
#8456=LINE('',#11012,#11013);
#8457=VERTEX_POINT('',#11014);
#8458=LINE('',#11015,#11016);
#8459=VERTEX_POINT('',#11017);
#8460=CIRCLE('',#11018,1.35);
#8461=VERTEX_POINT('',#11019);
#8462=LINE('',#11020,#11021);
#8463=VERTEX_POINT('',#11022);
#8464=CIRCLE('',#11023,1.35);
#8465=LINE('',#11024,#11025);
#8466=LINE('',#11026,#11027);
#8467=VERTEX_POINT('',#11028);
#8468=LINE('',#11029,#11030);
#8469=VERTEX_POINT('',#11031);
#8470=CIRCLE('',#11032,1.35);
#8471=VERTEX_POINT('',#11033);
#8472=LINE('',#11034,#11035);
#8473=VERTEX_POINT('',#11036);
#8474=CIRCLE('',#11037,0.76);
#8475=CIRCLE('',#11038,0.76);
#8476=LINE('',#11039,#11040);
#8477=LINE('',#11041,#11042);
#8478=VERTEX_POINT('',#11043);
#8479=CIRCLE('',#11044,0.76);
#8480=VERTEX_POINT('',#11045);
#8481=LINE('',#11046,#11047);
#8482=CIRCLE('',#11048,1.35);
#8483=CIRCLE('',#11049,0.76);
#8484=VERTEX_POINT('',#11050);
#8485=VERTEX_POINT('',#11051);
#8486=CIRCLE('',#11052,0.759999999999998);
#8487=LINE('',#11053,#11054);
#8488=LINE('',#11055,#11056);
#8489=VERTEX_POINT('',#11057);
#8490=CIRCLE('',#11058,0.75);
#8491=VERTEX_POINT('',#11059);
#8492=CIRCLE('',#11060,0.00999999999997196);
#8493=CIRCLE('',#11061,0.75);
#8494=CIRCLE('',#11062,1.1);
#8495=CIRCLE('',#11063,0.00999999999997196);
#8496=CIRCLE('',#11064,1.1);
#8497=VERTEX_POINT('',#11065);
#8498=LINE('',#11066,#11067);
#8499=VERTEX_POINT('',#11068);
#8500=LINE('',#11069,#11070);
#8501=LINE('',#11071,#11072);
#8502=CIRCLE('',#11073,1.35);
#8503=VERTEX_POINT('',#11074);
#8504=LINE('',#11075,#11076);
#8505=VERTEX_POINT('',#11077);
#8506=CIRCLE('',#11078,1.1);
#8507=VERTEX_POINT('',#11079);
#8508=LINE('',#11080,#11081);
#8509=VERTEX_POINT('',#11082);
#8510=CIRCLE('',#11083,1.1);
#8511=VERTEX_POINT('',#11084);
#8512=LINE('',#11085,#11086);
#8513=VERTEX_POINT('',#11087);
#8514=CIRCLE('',#11088,1.1);
#8515=LINE('',#11089,#11090);
#8516=VERTEX_POINT('',#11091);
#8517=VERTEX_POINT('',#11092);
#8518=CIRCLE('',#11093,0.00800000000000606);
#8519=CIRCLE('',#11094,0.00800000000000606);
#8520=VERTEX_POINT('',#11095);
#8521=CIRCLE('',#11096,1.1);
#8522=LINE('',#11097,#11098);
#8523=VERTEX_POINT('',#11099);
#8524=LINE('',#11100,#11101);
#8525=VERTEX_POINT('',#11102);
#8526=LINE('',#11103,#11104);
#8527=LINE('',#11105,#11106);
#8528=VERTEX_POINT('',#11107);
#8529=CIRCLE('',#11108,0.508);
#8530=LINE('',#11109,#11110);
#8531=VERTEX_POINT('',#11111);
#8532=LINE('',#11112,#11113);
#8533=VERTEX_POINT('',#11114);
#8534=CIRCLE('',#11115,0.508000000000009);
#8535=LINE('',#11116,#11117);
#8536=VERTEX_POINT('',#11118);
#8537=CIRCLE('',#11119,0.5);
#8538=VERTEX_POINT('',#11120);
#8539=CIRCLE('',#11121,0.00800000000000774);
#8540=CIRCLE('',#11122,0.5);
#8541=CIRCLE('',#11123,1.1);
#8542=CIRCLE('',#11124,0.508);
#8543=VERTEX_POINT('',#11125);
#8544=CIRCLE('',#11126,1.1);
#8545=LINE('',#11127,#11128);
#8546=CIRCLE('',#11129,0.508);
#8547=VERTEX_POINT('',#11130);
#8548=LINE('',#11131,#11132);
#8549=LINE('',#11133,#11134);
#8550=CIRCLE('',#11135,1.1);
#8551=CIRCLE('',#11136,0.00800000000000774);
#8552=VERTEX_POINT('',#11137);
#8553=VERTEX_POINT('',#11138);
#8554=CIRCLE('',#11139,1.35);
#8555=LINE('',#11140,#11141);
#8556=VERTEX_POINT('',#11142);
#8557=LINE('',#11143,#11144);
#8558=VERTEX_POINT('',#11145);
#8559=CIRCLE('',#11146,1.35);
#8560=VERTEX_POINT('',#11147);
#8561=LINE('',#11148,#11149);
#8562=VERTEX_POINT('',#11150);
#8563=CIRCLE('',#11151,1.35);
#8564=LINE('',#11152,#11153);
#8565=LINE('',#11154,#11155);
#8566=VERTEX_POINT('',#11156);
#8567=VERTEX_POINT('',#11157);
#8568=CIRCLE('',#11158,0.76);
#8569=LINE('',#11159,#11160);
#8570=VERTEX_POINT('',#11161);
#8571=CIRCLE('',#11162,1.35);
#8572=VERTEX_POINT('',#11163);
#8573=LINE('',#11164,#11165);
#8574=CIRCLE('',#11166,0.76);
#8575=VERTEX_POINT('',#11167);
#8576=LINE('',#11168,#11169);
#8577=VERTEX_POINT('',#11170);
#8578=CIRCLE('',#11171,0.759999999999998);
#8579=VERTEX_POINT('',#11172);
#8580=LINE('',#11173,#11174);
#8581=CIRCLE('',#11175,0.76);
#8582=CIRCLE('',#11176,0.759999999999998);
#8583=VERTEX_POINT('',#11177);
#8584=CIRCLE('',#11178,0.75);
#8585=VERTEX_POINT('',#11179);
#8586=CIRCLE('',#11180,0.00999999999999105);
#8587=CIRCLE('',#11181,0.75);
#8588=CIRCLE('',#11182,0.508000000000009);
#8589=CIRCLE('',#11183,0.5);
#8590=CIRCLE('',#11184,0.5);
#8591=CIRCLE('',#11185,0.00999999999999105);
#8592=VERTEX_POINT('',#11186);
#8593=LINE('',#11187,#11188);
#8594=CIRCLE('',#11189,1.35);
#8595=LINE('',#11190,#11191);
#8596=CIRCLE('',#11192,0.76);
#8597=VERTEX_POINT('',#11193);
#8598=LINE('',#11194,#11195);
#8599=VERTEX_POINT('',#11196);
#8600=LINE('',#11197,#11198);
#8601=LINE('',#11199,#11200);
#8602=CIRCLE('',#11201,1.35);
#8603=LINE('',#11202,#11203);
#8604=VERTEX_POINT('',#11204);
#8605=VERTEX_POINT('',#11205);
#8606=CIRCLE('',#11206,1.35);
#8607=LINE('',#11207,#11208);
#8608=VERTEX_POINT('',#11209);
#8609=LINE('',#11210,#11211);
#8610=VERTEX_POINT('',#11212);
#8611=CIRCLE('',#11213,1.35);
#8612=LINE('',#11214,#11215);
#8613=LINE('',#11216,#11217);
#8614=VERTEX_POINT('',#11218);
#8615=LINE('',#11219,#11220);
#8616=CIRCLE('',#11221,1.1);
#8617=VERTEX_POINT('',#11222);
#8618=VERTEX_POINT('',#11223);
#8619=CIRCLE('',#11224,0.76);
#8620=LINE('',#11225,#11226);
#8621=VERTEX_POINT('',#11227);
#8622=CIRCLE('',#11228,1.35);
#8623=VERTEX_POINT('',#11229);
#8624=LINE('',#11230,#11231);
#8625=CIRCLE('',#11232,0.76);
#8626=VERTEX_POINT('',#11233);
#8627=LINE('',#11234,#11235);
#8628=VERTEX_POINT('',#11236);
#8629=CIRCLE('',#11237,0.759999999999997);
#8630=VERTEX_POINT('',#11238);
#8631=LINE('',#11239,#11240);
#8632=CIRCLE('',#11241,0.76);
#8633=VERTEX_POINT('',#11242);
#8634=LINE('',#11243,#11244);
#8635=CIRCLE('',#11245,1.35);
#8636=LINE('',#11246,#11247);
#8637=CIRCLE('',#11248,0.76);
#8638=VERTEX_POINT('',#11249);
#8639=LINE('',#11250,#11251);
#8640=VERTEX_POINT('',#11252);
#8641=LINE('',#11253,#11254);
#8642=LINE('',#11255,#11256);
#8643=CIRCLE('',#11257,1.35);
#8644=VERTEX_POINT('',#11258);
#8645=CIRCLE('',#11259,0.75);
#8646=VERTEX_POINT('',#11260);
#8647=CIRCLE('',#11261,0.0100000000000011);
#8648=CIRCLE('',#11262,0.75);
#8649=CIRCLE('',#11263,0.0100000000000011);
#8650=LINE('',#11264,#11265);
#8651=CIRCLE('',#11266,0.508000000000009);
#8652=CIRCLE('',#11267,1.2101231554356);
#8653=CIRCLE('',#11268,1.01012315543558);
#8654=CIRCLE('',#11269,1.90000000000003);
#8655=CIRCLE('',#11270,1.01012315543558);
#8656=CIRCLE('',#11271,1.21012315543559);
#8657=CIRCLE('',#11272,1.0);
#8658=CIRCLE('',#11273,0.759999999999998);
#8659=CIRCLE('',#11274,0.759999999999997);
#8660=CIRCLE('',#11275,0.759999999999998);
#8661=CIRCLE('',#11276,0.99999999999999);
#8662=CIRCLE('',#11277,0.508000000000009);
#8663=VERTEX_POINT('',#11278);
#8664=VERTEX_POINT('',#11279);
#8665=LINE('',#11280,#11281);
#8666=VERTEX_POINT('',#11282);
#8667=LINE('',#11283,#11284);
#8668=VERTEX_POINT('',#11285);
#8669=LINE('',#11286,#11287);
#8670=LINE('',#11288,#11289);
#8671=VERTEX_POINT('',#11290);
#8672=LINE('',#11291,#11292);
#8673=VERTEX_POINT('',#11293);
#8674=LINE('',#11294,#11295);
#8675=VERTEX_POINT('',#11296);
#8676=LINE('',#11297,#11298);
#8677=VERTEX_POINT('',#11299);
#8678=LINE('',#11300,#11301);
#8679=VERTEX_POINT('',#11302);
#8680=LINE('',#11303,#11304);
#8681=VERTEX_POINT('',#11305);
#8682=LINE('',#11306,#11307);
#8683=LINE('',#11308,#11309);
#8684=VERTEX_POINT('',#11310);
#8685=LINE('',#11311,#11312);
#8686=LINE('',#11313,#11314);
#8687=VERTEX_POINT('',#11315);
#8688=LINE('',#11316,#11317);
#8689=VERTEX_POINT('',#11318);
#8690=LINE('',#11319,#11320);
#8691=VERTEX_POINT('',#11321);
#8692=LINE('',#11322,#11323);
#8693=VERTEX_POINT('',#11324);
#8694=LINE('',#11325,#11326);
#8695=VERTEX_POINT('',#11327);
#8696=LINE('',#11328,#11329);
#8697=LINE('',#11330,#11331);
#8698=LINE('',#11332,#11333);
#8699=LINE('',#11334,#11335);
#8700=LINE('',#11336,#11337);
#8701=LINE('',#11338,#11339);
#8702=LINE('',#11340,#11341);
#8703=VERTEX_POINT('',#11342);
#8704=VERTEX_POINT('',#11343);
#8705=LINE('',#11344,#11345);
#8706=VERTEX_POINT('',#11346);
#8707=CIRCLE('',#11347,2.1);
#8708=VERTEX_POINT('',#11348);
#8709=LINE('',#11349,#11350);
#8710=CIRCLE('',#11351,2.1);
#8711=VERTEX_POINT('',#11352);
#8712=VERTEX_POINT('',#11353);
#8713=CIRCLE('',#11354,2.1);
#8714=VERTEX_POINT('',#11355);
#8715=LINE('',#11356,#11357);
#8716=VERTEX_POINT('',#11358);
#8717=CIRCLE('',#11359,2.1);
#8718=LINE('',#11360,#11361);
#8719=VERTEX_POINT('',#11362);
#8720=VERTEX_POINT('',#11363);
#8721=LINE('',#11364,#11365);
#8722=LINE('',#11366,#11367);
#8723=VERTEX_POINT('',#11368);
#8724=LINE('',#11369,#11370);
#8725=VERTEX_POINT('',#11371);
#8726=LINE('',#11372,#11373);
#8727=VERTEX_POINT('',#11374);
#8728=LINE('',#11375,#11376);
#8729=VERTEX_POINT('',#11377);
#8730=LINE('',#11378,#11379);
#8731=VERTEX_POINT('',#11380);
#8732=LINE('',#11381,#11382);
#8733=VERTEX_POINT('',#11383);
#8734=LINE('',#11384,#11385);
#8735=VERTEX_POINT('',#11386);
#8736=LINE('',#11387,#11388);
#8737=VERTEX_POINT('',#11389);
#8738=LINE('',#11390,#11391);
#8739=LINE('',#11392,#11393);
#8740=VERTEX_POINT('',#11394);
#8741=CIRCLE('',#11395,2.1);
#8742=LINE('',#11396,#11397);
#8743=VERTEX_POINT('',#11398);
#8744=VERTEX_POINT('',#11399);
#8745=CIRCLE('',#11400,1.25);
#8746=CIRCLE('',#11401,1.25);
#8747=VERTEX_POINT('',#11402);
#8748=VERTEX_POINT('',#11403);
#8749=CIRCLE('',#11404,1.25);
#8750=CIRCLE('',#11405,1.25);
#8751=VERTEX_POINT('',#11406);
#8752=VERTEX_POINT('',#11407);
#8753=CIRCLE('',#11408,1.25);
#8754=CIRCLE('',#11409,1.25);
#8755=VERTEX_POINT('',#11410);
#8756=VERTEX_POINT('',#11411);
#8757=CIRCLE('',#11412,1.25);
#8758=CIRCLE('',#11413,1.25);
#8759=VERTEX_POINT('',#11414);
#8760=LINE('',#11415,#11416);
#8761=VERTEX_POINT('',#11417);
#8762=LINE('',#11418,#11419);
#8763=VERTEX_POINT('',#11420);
#8764=LINE('',#11421,#11422);
#8765=VERTEX_POINT('',#11423);
#8766=LINE('',#11424,#11425);
#8767=VERTEX_POINT('',#11426);
#8768=LINE('',#11427,#11428);
#8769=VERTEX_POINT('',#11429);
#8770=LINE('',#11430,#11431);
#8771=LINE('',#11432,#11433);
#8772=LINE('',#11434,#11435);
#8773=VERTEX_POINT('',#11436);
#8774=CIRCLE('',#11437,0.6);
#8775=VERTEX_POINT('',#11438);
#8776=LINE('',#11439,#11440);
#8777=LINE('',#11441,#11442);
#8778=VERTEX_POINT('',#11443);
#8779=VERTEX_POINT('',#11444);
#8780=CIRCLE('',#11445,1.02320508075689);
#8781=CIRCLE('',#11446,1.02320508075689);
#8782=LINE('',#11447,#11448);
#8783=VERTEX_POINT('',#11449);
#8784=VERTEX_POINT('',#11450);
#8785=LINE('',#11451,#11452);
#8786=VERTEX_POINT('',#11453);
#8787=LINE('',#11454,#11455);
#8788=LINE('',#11456,#11457);
#8789=VERTEX_POINT('',#11458);
#8790=LINE('',#11459,#11460);
#8791=LINE('',#11461,#11462);
#8792=VERTEX_POINT('',#11463);
#8793=CIRCLE('',#11464,0.6);
#8794=VERTEX_POINT('',#11465);
#8795=LINE('',#11466,#11467);
#8796=CIRCLE('',#11468,0.6);
#8797=VERTEX_POINT('',#11469);
#8798=LINE('',#11470,#11471);
#8799=LINE('',#11472,#11473);
#8800=LINE('',#11474,#11475);
#8801=VERTEX_POINT('',#11476);
#8802=LINE('',#11477,#11478);
#8803=VERTEX_POINT('',#11479);
#8804=LINE('',#11480,#11481);
#8805=VERTEX_POINT('',#11482);
#8806=LINE('',#11483,#11484);
#8807=LINE('',#11485,#11486);
#8808=VERTEX_POINT('',#11487);
#8809=LINE('',#11488,#11489);
#8810=LINE('',#11490,#11491);
#8811=VERTEX_POINT('',#11492);
#8812=LINE('',#11493,#11494);
#8813=LINE('',#11495,#11496);
#8814=VERTEX_POINT('',#11497);
#8815=VERTEX_POINT('',#11498);
#8816=LINE('',#11499,#11500);
#8817=VERTEX_POINT('',#11501);
#8818=LINE('',#11502,#11503);
#8819=LINE('',#11504,#11505);
#8820=VERTEX_POINT('',#11506);
#8821=LINE('',#11507,#11508);
#8822=VERTEX_POINT('',#11509);
#8823=LINE('',#11510,#11511);
#8824=LINE('',#11512,#11513);
#8825=CIRCLE('',#11514,0.6);
#8826=CIRCLE('',#11515,0.6);
#8827=VERTEX_POINT('',#11516);
#8828=CIRCLE('',#11517,2.1);
#8829=VERTEX_POINT('',#11518);
#8830=LINE('',#11519,#11520);
#8831=LINE('',#11521,#11522);
#8832=LINE('',#11523,#11524);
#8833=VERTEX_POINT('',#11525);
#8834=VERTEX_POINT('',#11526);
#8835=CIRCLE('',#11527,1.02320508075689);
#8836=CIRCLE('',#11528,1.02320508075689);
#8837=LINE('',#11529,#11530);
#8838=LINE('',#11531,#11532);
#8839=VERTEX_POINT('',#11533);
#8840=VERTEX_POINT('',#11534);
#8841=CIRCLE('',#11535,0.850000000000001);
#8842=LINE('',#11536,#11537);
#8843=LINE('',#11538,#11539);
#8844=VERTEX_POINT('',#11540);
#8845=LINE('',#11541,#11542);
#8846=VERTEX_POINT('',#11543);
#8847=CIRCLE('',#11544,0.85);
#8848=LINE('',#11545,#11546);
#8849=VERTEX_POINT('',#11547);
#8850=VERTEX_POINT('',#11548);
#8851=CIRCLE('',#11549,1.25);
#8852=LINE('',#11550,#11551);
#8853=LINE('',#11552,#11553);
#8854=CIRCLE('',#11554,0.6);
#8855=CIRCLE('',#11555,0.6);
#8856=VERTEX_POINT('',#11556);
#8857=VERTEX_POINT('',#11557);
#8858=CIRCLE('',#11558,0.85);
#8859=CIRCLE('',#11559,0.85);
#8860=VERTEX_POINT('',#11560);
#8861=VERTEX_POINT('',#11561);
#8862=CIRCLE('',#11562,1.50980762113533);
#8863=CIRCLE('',#11563,1.50980762113533);
#8864=VERTEX_POINT('',#11564);
#8865=VERTEX_POINT('',#11565);
#8866=CIRCLE('',#11566,1.50980762113533);
#8867=CIRCLE('',#11567,1.50980762113533);
#8868=VERTEX_POINT('',#11568);
#8869=VERTEX_POINT('',#11569);
#8870=CIRCLE('',#11570,1.50980762113533);
#8871=CIRCLE('',#11571,1.50980762113533);
#8872=VERTEX_POINT('',#11572);
#8873=VERTEX_POINT('',#11573);
#8874=CIRCLE('',#11574,1.50980762113533);
#8875=CIRCLE('',#11575,1.50980762113533);
#8876=CIRCLE('',#11576,0.85);
#8877=CIRCLE('',#11577,0.6);
#8878=VERTEX_POINT('',#11578);
#8879=VERTEX_POINT('',#11579);
#8880=CIRCLE('',#11580,0.850000000000001);
#8881=LINE('',#11581,#11582);
#8882=LINE('',#11583,#11584);
#8883=VERTEX_POINT('',#11585);
#8884=LINE('',#11586,#11587);
#8885=VERTEX_POINT('',#11588);
#8886=CIRCLE('',#11589,1.25);
#8887=LINE('',#11590,#11591);
#8888=LINE('',#11592,#11593);
#8889=LINE('',#11594,#11595);
#8890=LINE('',#11596,#11597);
#8891=CIRCLE('',#11598,1.25);
#8892=LINE('',#11599,#11600);
#8893=VERTEX_POINT('',#11601);
#8894=VERTEX_POINT('',#11602);
#8895=CIRCLE('',#11603,1.25);
#8896=LINE('',#11604,#11605);
#8897=LINE('',#11606,#11607);
#8898=VERTEX_POINT('',#11608);
#8899=LINE('',#11609,#11610);
#8900=VERTEX_POINT('',#11611);
#8901=CIRCLE('',#11612,1.25);
#8902=LINE('',#11613,#11614);
#8903=LINE('',#11615,#11616);
#8904=CIRCLE('',#11617,1.25);
#8905=LINE('',#11618,#11619);
#8906=CIRCLE('',#11620,1.25);
#8907=LINE('',#11621,#11622);
#8908=LINE('',#11623,#11624);
#8909=LINE('',#11625,#11626);
#8910=CIRCLE('',#11627,1.25);
#8911=LINE('',#11628,#11629);
#8912=CIRCLE('',#11630,0.850000000000001);
#8913=CIRCLE('',#11631,0.850000000000001);
#8914=VERTEX_POINT('',#11632);
#8915=VERTEX_POINT('',#11633);
#8916=LINE('',#11634,#11635);
#8917=VERTEX_POINT('',#11636);
#8918=LINE('',#11637,#11638);
#8919=VERTEX_POINT('',#11639);
#8920=LINE('',#11640,#11641);
#8921=LINE('',#11642,#11643);
#8922=VERTEX_POINT('',#11644);
#8923=LINE('',#11645,#11646);
#8924=VERTEX_POINT('',#11647);
#8925=LINE('',#11648,#11649);
#8926=LINE('',#11650,#11651);
#8927=VERTEX_POINT('',#11652);
#8928=LINE('',#11653,#11654);
#8929=LINE('',#11655,#11656);
#8930=VERTEX_POINT('',#11657);
#8931=LINE('',#11658,#11659);
#8932=LINE('',#11660,#11661);
#8933=LINE('',#11662,#11663);
#8934=CARTESIAN_POINT('',(27.577926519851,-1.7956485486547,55.4071508634783));
#8935=CARTESIAN_POINT('',(27.4619011160665,-1.7956485486546,55.3760619502328));
#8936=CARTESIAN_POINT('',(24.5958757122821,-1.7956485486546,54.6081127578017));
#8937=VECTOR('',#11664,1.0);
#8938=CARTESIAN_POINT('',(27.577926519851,-2.22866125054684,55.3760619502328));
#8939=CARTESIAN_POINT('',(27.577926519851,-2.22866125054682,55.3760619502328));
#8940=CARTESIAN_POINT('',(27.577926519851,-2.1782531717534,55.3828153522352));
#8941=CARTESIAN_POINT('',(27.577926519851,-2.07899769650623,55.3943366081424));
#8942=CARTESIAN_POINT('',(27.577926519851,-1.9347913958266,55.404869541279));
#8943=CARTESIAN_POINT('',(27.577926519851,-1.8415360390164,55.4071508572451));
#8944=CARTESIAN_POINT('',(27.577926519851,-1.7956485486547,55.4071508572451));
#8945=AXIS2_PLACEMENT_3D('',#11665,#11666,#11667);
#8946=CARTESIAN_POINT('',(29.1939519236354,-1.7956485486546,55.3760619502328));
#8947=CARTESIAN_POINT('',(29.077926519851,-1.7956485486546,55.4071508634784));
#8948=CARTESIAN_POINT('',(32.0599773274199,-1.7956485486546,54.6081127578017));
#8949=VECTOR('',#11668,1.0);
#8950=CARTESIAN_POINT('',(29.077926519851,-2.22866125054689,55.3760619502328));
#8951=AXIS2_PLACEMENT_3D('',#11669,#11670,#11671);
#8952=CARTESIAN_POINT('',(29.077926519851,-1.7956485486546,55.4071508634783));
#8953=CARTESIAN_POINT('',(29.077926519851,-1.8415068432889,55.4071508634783));
#8954=CARTESIAN_POINT('',(29.077926519851,-1.9347233223303,55.4048724362823));
#8955=CARTESIAN_POINT('',(29.077926519851,-2.07893294193491,55.3943433213824));
#8956=CARTESIAN_POINT('',(29.077926519851,-2.17822553769078,55.3828190544975));
#8957=CARTESIAN_POINT('',(29.077926519851,-2.22866125054682,55.3760619502328));
#8958=CARTESIAN_POINT('',(-24.4060480763646,-1.7956485486546,55.3760619502328));
#8959=CARTESIAN_POINT('',(-24.522073480149,-1.7956485486546,55.4071508634784));
#8960=CARTESIAN_POINT('',(-21.5400226725801,-1.7956485486546,54.6081127578017));
#8961=VECTOR('',#11672,1.0);
#8962=CARTESIAN_POINT('',(-24.5220734801489,-2.22866125054686,55.3760619502328));
#8963=AXIS2_PLACEMENT_3D('',#11673,#11674,#11675);
#8964=CARTESIAN_POINT('',(-24.522073480149,-1.7956485486546,55.4071508634783));
#8965=CARTESIAN_POINT('',(-24.522073480149,-1.8415068432889,55.4071508634783));
#8966=CARTESIAN_POINT('',(-24.522073480149,-1.9347233223303,55.4048724362823));
#8967=CARTESIAN_POINT('',(-24.522073480149,-2.07893294193491,55.3943433213824));
#8968=CARTESIAN_POINT('',(-24.522073480149,-2.17822553769078,55.3828190544975));
#8969=CARTESIAN_POINT('',(-24.522073480149,-2.22866125054682,55.3760619502328));
#8970=CARTESIAN_POINT('',(-26.022073480149,-1.7956485486547,55.4071508634784));
#8971=CARTESIAN_POINT('',(-26.1380988839335,-1.7956485486546,55.3760619502328));
#8972=CARTESIAN_POINT('',(-29.0041242877179,-1.7956485486546,54.6081127578017));
#8973=VECTOR('',#11676,1.0);
#8974=CARTESIAN_POINT('',(-26.0220734801491,-2.22866125054687,55.3760619502328));
#8975=CARTESIAN_POINT('',(-26.022073480149,-2.22866125054682,55.3760619502328));
#8976=CARTESIAN_POINT('',(-26.022073480149,-2.17825317175341,55.3828153522351));
#8977=CARTESIAN_POINT('',(-26.022073480149,-2.07899769650626,55.3943366081424));
#8978=CARTESIAN_POINT('',(-26.022073480149,-1.9347913958266,55.404869541279));
#8979=CARTESIAN_POINT('',(-26.022073480149,-1.8415360390164,55.4071508572451));
#8980=CARTESIAN_POINT('',(-26.022073480149,-1.7956485486547,55.4071508572451));
#8981=AXIS2_PLACEMENT_3D('',#11677,#11678,#11679);
#8982=CARTESIAN_POINT('',(-27.172073480149,-1.7956485486546,57.2160619502328));
#8983=CARTESIAN_POINT('',(-27.012073480149,-1.7956485486546,57.3760619502328));
#8984=CARTESIAN_POINT('',(-26.272073480149,-1.7956485486546,58.1160619502328));
#8985=VECTOR('',#11680,1.0);
#8986=CARTESIAN_POINT('',(-27.002073480149,-2.58120567579433,57.2160619502328));
#8987=AXIS2_PLACEMENT_3D('',#11681,#11682,#11683);
#8988=CARTESIAN_POINT('',(-27.0020734801488,-1.9819279087587,57.3760619502328));
#8989=CARTESIAN_POINT('',(-27.002073480149,-2.58120567579431,57.2160619502328));
#8990=CARTESIAN_POINT('',(-27.002073480149,-2.51134832661911,57.2449445494579));
#8991=CARTESIAN_POINT('',(-27.002073480149,-2.37385171411935,57.2954139273444));
#8992=CARTESIAN_POINT('',(-27.002073480149,-2.17306506649706,57.3488605729373));
#8993=CARTESIAN_POINT('',(-27.002073480149,-2.04479859635733,57.3693311965234));
#8994=CARTESIAN_POINT('',(-27.002073480149,-1.9819279087638,57.3760619502328));
#8995=AXIS2_PLACEMENT_3D('',#11684,#11685,#11686);
#8996=CARTESIAN_POINT('',(30.077926519851,-1.7956485484832,57.3660619502328));
#8997=CARTESIAN_POINT('',(30.227926519851,-1.7956485486546,57.2160619502328));
#8998=CARTESIAN_POINT('',(29.327926519851,-1.7956485486546,58.1160619502328));
#8999=VECTOR('',#11687,1.0);
#9000=CARTESIAN_POINT('',(30.077926519851,-2.53558097800202,57.2160619502328));
#9001=CARTESIAN_POINT('',(30.077926519851,-2.5355809780021,57.2160619502328));
#9002=CARTESIAN_POINT('',(30.077926519851,-2.44761475152941,57.2503193521562));
#9003=CARTESIAN_POINT('',(30.077926519851,-2.27548716856015,57.3070415836462));
#9004=CARTESIAN_POINT('',(30.077926519851,-2.02584531669753,57.3563877553964));
#9005=CARTESIAN_POINT('',(30.077926519851,-1.8708015533372,57.3660619499431));
#9006=CARTESIAN_POINT('',(30.077926519851,-1.7956485483119,57.3660619499431));
#9007=AXIS2_PLACEMENT_3D('',#11688,#11689,#11690);
#9008=CARTESIAN_POINT('',(28.327926519851,-2.66167395243904,55.3760619502328));
#9009=AXIS2_PLACEMENT_3D('',#11691,#11692,#11693);
#9010=CARTESIAN_POINT('',(27.577926519851,-2.22866125054682,55.3760619502328));
#9011=CARTESIAN_POINT('',(27.64041670338,-2.26473997482892,55.3857292152681));
#9012=CARTESIAN_POINT('',(27.765283767027,-2.33683200763841,55.401428780833));
#9013=CARTESIAN_POINT('',(27.952926519852,-2.44516760149381,55.4100055133991));
#9014=CARTESIAN_POINT('',(28.140569272672,-2.5535031953458,55.4014287808332));
#9015=CARTESIAN_POINT('',(28.265436336321,-2.62559522815629,55.3857292152683));
#9016=CARTESIAN_POINT('',(28.327926519851,-2.66167395243904,55.3760619502328));
#9017=CARTESIAN_POINT('',(26.627926519851,-1.7956485486546,55.3760619502328));
#9018=CARTESIAN_POINT('',(30.027926519851,-1.7956485486546,55.3760619502328));
#9019=AXIS2_PLACEMENT_3D('',#11694,#11695,#11696);
#9020=AXIS2_PLACEMENT_3D('',#11697,#11698,#11699);
#9021=CARTESIAN_POINT('',(28.327926519851,-0.929623144870099,55.3760619502328));
#9022=CARTESIAN_POINT('',(27.577926519851,-1.3626358467624,55.3760619502328));
#9023=AXIS2_PLACEMENT_3D('',#11700,#11701,#11702);
#9024=AXIS2_PLACEMENT_3D('',#11703,#11704,#11705);
#9025=AXIS2_PLACEMENT_3D('',#11706,#11707,#11708);
#9026=CARTESIAN_POINT('',(29.077926519851,-1.3626358467623,55.3760619502328));
#9027=AXIS2_PLACEMENT_3D('',#11709,#11710,#11711);
#9028=AXIS2_PLACEMENT_3D('',#11712,#11713,#11714);
#9029=CARTESIAN_POINT('',(26.427926519851,-1.7956485486546,55.5760619502328));
#9030=CARTESIAN_POINT('',(27.327926519851,-1.7956485486546,54.6760619502328));
#9031=VECTOR('',#11715,1.41421356237312);
#9032=CARTESIAN_POINT('',(30.227926519851,-1.7956485486546,55.5760619502328));
#9033=AXIS2_PLACEMENT_3D('',#11716,#11717,#11718);
#9034=CARTESIAN_POINT('',(29.327926519851,-1.7956485486546,54.6760619502328));
#9035=VECTOR('',#11719,1.41421356237312);
#9036=CARTESIAN_POINT('',(-24.6917981780426,-16.8608120524414,52.0260619502328));
#9037=CARTESIAN_POINT('',(-24.6186435279798,-17.8337377418824,52.0260619502328));
#9038=CARTESIAN_POINT('',(-24.6917981780426,-16.8608120524414,52.0260619502328));
#9039=VECTOR('',#11720,1.0);
#9040=CARTESIAN_POINT('',(-23.6786580823811,-16.7846336659859,52.0260619502328));
#9041=AXIS2_PLACEMENT_3D('',#11721,#11722,#11723);
#9042=CARTESIAN_POINT('',(-23.6055034323182,-17.7575593554268,52.0260619502328));
#9043=CARTESIAN_POINT('',(-23.6055034323182,-17.7575593554268,52.0260619502328));
#9044=VECTOR('',#11724,1.0);
#9045=AXIS2_PLACEMENT_3D('',#11725,#11726,#11727);
#9046=AXIS2_PLACEMENT_3D('',#11728,#11729,#11730);
#9047=CARTESIAN_POINT('',(30.227926519851,-1.7956485486546,55.3760619502328));
#9048=VECTOR('',#11731,1.0);
#9049=CARTESIAN_POINT('',(30.077926519851,-2.53558097800206,55.8760619502328));
#9050=CARTESIAN_POINT('',(30.077926519851,-2.53558097800209,57.2160619502328));
#9051=VECTOR('',#11732,1.0);
#9052=CARTESIAN_POINT('',(26.427926519851,-1.7956485486546,55.8760619502328));
#9053=AXIS2_PLACEMENT_3D('',#11733,#11734,#11735);
#9054=CARTESIAN_POINT('',(26.427926519851,-1.7956485486546,55.3760619502328));
#9055=VECTOR('',#11736,1.0);
#9056=CARTESIAN_POINT('',(-0.353426262449005,-6.32895370636542,55.8760619502328));
#9057=CARTESIAN_POINT('',(7.50214257145799,-13.9149883489932,55.8760619502328));
#9058=CARTESIAN_POINT('',(-0.35342626245,-6.32895370636453,55.8760619502328));
#9059=VECTOR('',#11737,1.0);
#9060=CARTESIAN_POINT('',(8.196800941917,-14.1956485486546,55.8760619502328));
#9061=AXIS2_PLACEMENT_3D('',#11738,#11739,#11740);
#9062=CARTESIAN_POINT('',(13.409052097785,-14.1956485486546,55.8760619502328));
#9063=CARTESIAN_POINT('',(8.196800941917,-14.1956485486546,55.8760619502328));
#9064=VECTOR('',#11741,1.0);
#9065=CARTESIAN_POINT('',(14.103710468244,-13.914988348993,55.8760619502328));
#9066=AXIS2_PLACEMENT_3D('',#11742,#11743,#11744);
#9067=CARTESIAN_POINT('',(21.959279302152,-6.32895370636426,55.8760619502328));
#9068=CARTESIAN_POINT('',(14.103710468245,-13.9149883489927,55.8760619502328));
#9069=VECTOR('',#11745,1.0);
#9070=CARTESIAN_POINT('',(22.224926519851,-5.70312808007159,55.8760619502328));
#9071=AXIS2_PLACEMENT_3D('',#11746,#11747,#11748);
#9072=CARTESIAN_POINT('',(22.224926519851,-4.61474022178251,55.8760619502328));
#9073=CARTESIAN_POINT('',(22.224926519851,-5.70312808007167,55.8760619502328));
#9074=VECTOR('',#11749,1.0);
#9075=CARTESIAN_POINT('',(24.420675838649,-1.8807173407029,55.8760619502328));
#9076=AXIS2_PLACEMENT_3D('',#11750,#11751,#11752);
#9077=CARTESIAN_POINT('',(25.102926519851,-1.0312173740809,55.8760619502328));
#9078=AXIS2_PLACEMENT_3D('',#11753,#11754,#11755);
#9079=CARTESIAN_POINT('',(25.102926519851,0.104351451345401,55.8760619502328));
#9080=CARTESIAN_POINT('',(25.102926519851,0.104351451345401,55.8760619502328));
#9081=VECTOR('',#11756,1.0);
#9082=CARTESIAN_POINT('',(24.602926519851,0.604351451345401,55.8760619502328));
#9083=AXIS2_PLACEMENT_3D('',#11757,#11758,#11759);
#9084=CARTESIAN_POINT('',(30.077926519851,0.604351451345401,55.8760619502328));
#9085=CARTESIAN_POINT('',(24.69085740899,0.604351451345401,55.8760619502328));
#9086=VECTOR('',#11760,1.0);
#9087=CARTESIAN_POINT('',(30.077926519851,-1.0557161193072,55.8760619502328));
#9088=CARTESIAN_POINT('',(30.077926519851,0.604351451345401,55.8760619502328));
#9089=VECTOR('',#11761,1.0);
#9090=AXIS2_PLACEMENT_3D('',#11762,#11763,#11764);
#9091=CARTESIAN_POINT('',(30.077926519851,-11.1164982864417,55.8760619502328));
#9092=CARTESIAN_POINT('',(30.077926519851,-2.53558097800202,55.8760619502328));
#9093=VECTOR('',#11765,1.0);
#9094=CARTESIAN_POINT('',(29.477926519851,-10.8456485486546,55.8760619502328));
#9095=AXIS2_PLACEMENT_3D('',#11766,#11767,#11768);
#9096=CARTESIAN_POINT('',(29.077926519851,-10.8456485486546,55.8760619502328));
#9097=CARTESIAN_POINT('',(29.077926519851,-10.8456485486546,55.8760619502328));
#9098=VECTOR('',#11769,1.0);
#9099=CARTESIAN_POINT('',(28.277926519851,-11.6456485486545,55.8760619502328));
#9100=AXIS2_PLACEMENT_3D('',#11770,#11771,#11772);
#9101=CARTESIAN_POINT('',(28.277926519851,-16.4456485486546,55.8760619502328));
#9102=CARTESIAN_POINT('',(28.277926519851,-16.4456485486546,55.8760619502328));
#9103=VECTOR('',#11773,1.0);
#9104=CARTESIAN_POINT('',(27.777926519851,-16.9456485486546,55.8760619502328));
#9105=AXIS2_PLACEMENT_3D('',#11774,#11775,#11776);
#9106=CARTESIAN_POINT('',(26.077926519851,-16.9456485486546,55.8760619502328));
#9107=CARTESIAN_POINT('',(26.077926519851,-16.9456485486546,55.8760619502328));
#9108=VECTOR('',#11777,1.0);
#9109=CARTESIAN_POINT('',(25.277926519851,-17.7456485486546,55.8760619502328));
#9110=AXIS2_PLACEMENT_3D('',#11778,#11779,#11780);
#9111=CARTESIAN_POINT('',(25.277926519851,-17.9456485486546,55.8760619502328));
#9112=CARTESIAN_POINT('',(25.277926519851,-17.7456485486546,55.8760619502328));
#9113=VECTOR('',#11781,1.0);
#9114=CARTESIAN_POINT('',(26.077926519851,-18.7456485486546,55.8760619502328));
#9115=AXIS2_PLACEMENT_3D('',#11782,#11783,#11784);
#9116=CARTESIAN_POINT('',(27.777926519851,-18.7456485486546,55.8760619502328));
#9117=CARTESIAN_POINT('',(27.777926519851,-18.7456485486546,55.8760619502328));
#9118=VECTOR('',#11785,1.0);
#9119=CARTESIAN_POINT('',(28.277926519851,-19.2456485486546,55.8760619502328));
#9120=AXIS2_PLACEMENT_3D('',#11786,#11787,#11788);
#9121=CARTESIAN_POINT('',(28.277926519851,-24.0456485486548,55.8760619502328));
#9122=CARTESIAN_POINT('',(28.277926519851,-24.0456485486546,55.8760619502328));
#9123=VECTOR('',#11789,1.0);
#9124=CARTESIAN_POINT('',(29.077926519851,-24.8456485486546,55.8760619502328));
#9125=AXIS2_PLACEMENT_3D('',#11790,#11791,#11792);
#9126=CARTESIAN_POINT('',(29.477926519851,-24.8456485486546,55.8760619502328));
#9127=CARTESIAN_POINT('',(29.477926519851,-24.8456485486546,55.8760619502328));
#9128=VECTOR('',#11793,1.0);
#9129=CARTESIAN_POINT('',(30.077926519851,-24.5747988108675,55.8760619502328));
#9130=AXIS2_PLACEMENT_3D('',#11794,#11795,#11796);
#9131=CARTESIAN_POINT('',(30.077926519851,-36.1956485486546,55.8760619502328));
#9132=CARTESIAN_POINT('',(30.077926519851,-24.5747988108675,55.8760619502328));
#9133=VECTOR('',#11797,1.0);
#9134=CARTESIAN_POINT('',(-27.002073480149,-36.1956485486546,55.8760619502328));
#9135=CARTESIAN_POINT('',(30.077926519851,-36.1956485486546,55.8760619502328));
#9136=VECTOR('',#11798,1.0);
#9137=CARTESIAN_POINT('',(-27.002073480149,-2.58120567579432,55.8760619502328));
#9138=CARTESIAN_POINT('',(-27.002073480149,-2.58120567579431,55.8760619502328));
#9139=VECTOR('',#11799,1.0);
#9140=CARTESIAN_POINT('',(-23.372073480149,-1.7956485486546,55.8760619502328));
#9141=AXIS2_PLACEMENT_3D('',#11800,#11801,#11802);
#9142=CARTESIAN_POINT('',(-27.002073480149,-1.0100914215149,55.8760619502328));
#9143=AXIS2_PLACEMENT_3D('',#11803,#11804,#11805);
#9144=CARTESIAN_POINT('',(-27.002073480149,0.604351451345401,55.8760619502328));
#9145=CARTESIAN_POINT('',(-27.002073480149,0.604351451345401,55.8760619502328));
#9146=VECTOR('',#11806,1.0);
#9147=CARTESIAN_POINT('',(-2.997073480149,0.604351451345401,55.8760619502328));
#9148=CARTESIAN_POINT('',(-27.002073480149,0.604351451345401,55.8760619502328));
#9149=VECTOR('',#11807,1.0);
#9150=CARTESIAN_POINT('',(-3.497073480149,0.104351451345401,55.8760619502328));
#9151=AXIS2_PLACEMENT_3D('',#11808,#11809,#11810);
#9152=CARTESIAN_POINT('',(-3.497073480149,-1.0312179461598,55.8760619502328));
#9153=CARTESIAN_POINT('',(-3.497073480149,0.104351451345401,55.8760619502328));
#9154=VECTOR('',#11811,1.0);
#9155=CARTESIAN_POINT('',(-2.81482279894939,-1.8807179127813,55.8760619502328));
#9156=AXIS2_PLACEMENT_3D('',#11812,#11813,#11814);
#9157=CARTESIAN_POINT('',(-0.619073480148998,-4.61474079386084,55.8760619502328));
#9158=AXIS2_PLACEMENT_3D('',#11815,#11816,#11817);
#9159=CARTESIAN_POINT('',(-0.619073480148998,-5.70312808007131,55.8760619502328));
#9160=CARTESIAN_POINT('',(-0.619073480148998,-4.61474079386018,55.8760619502328));
#9161=VECTOR('',#11818,1.0);
#9162=AXIS2_PLACEMENT_3D('',#11819,#11820,#11821);
#9163=CARTESIAN_POINT('',(-22.272073480149,-23.6656485486546,55.8760619502328));
#9164=CARTESIAN_POINT('',(-22.272073480149,-22.9906485486546,55.8760619502328));
#9165=CARTESIAN_POINT('',(-22.272073480149,-23.6656485486546,55.8760619502328));
#9166=VECTOR('',#11822,1.0);
#9167=CARTESIAN_POINT('',(-22.897073480149,-23.6656485486546,55.8760619502328));
#9168=CARTESIAN_POINT('',(-22.897073480149,-23.6656485486546,55.8760619502328));
#9169=VECTOR('',#11823,1.0);
#9170=CARTESIAN_POINT('',(-22.897073480149,-25.0656485486546,55.8760619502328));
#9171=CARTESIAN_POINT('',(-22.897073480149,-23.6656485486546,55.8760619502328));
#9172=VECTOR('',#11824,1.0);
#9173=CARTESIAN_POINT('',(-22.272073480149,-25.0656485486546,55.8760619502328));
#9174=CARTESIAN_POINT('',(-22.272073480149,-25.0656485486546,55.8760619502328));
#9175=VECTOR('',#11825,1.0);
#9176=CARTESIAN_POINT('',(-22.272073480149,-25.7406485486546,55.8760619502328));
#9177=CARTESIAN_POINT('',(-22.272073480149,-25.7406485486546,55.8760619502328));
#9178=VECTOR('',#11826,1.0);
#9179=CARTESIAN_POINT('',(-18.772073480149,-25.7406485486546,55.8760619502328));
#9180=CARTESIAN_POINT('',(-22.272073480149,-25.7406485486546,55.8760619502328));
#9181=VECTOR('',#11827,1.0);
#9182=CARTESIAN_POINT('',(-18.772073480149,-25.0656485486546,55.8760619502328));
#9183=CARTESIAN_POINT('',(-18.772073480149,-25.0656485486546,55.8760619502328));
#9184=VECTOR('',#11828,1.0);
#9185=CARTESIAN_POINT('',(-18.622073480149,-25.0656485486546,55.8760619502328));
#9186=CARTESIAN_POINT('',(-18.622073480149,-25.0656485486546,55.8760619502328));
#9187=VECTOR('',#11829,1.0);
#9188=CARTESIAN_POINT('',(-18.622073480149,-23.6656485486546,55.8760619502328));
#9189=CARTESIAN_POINT('',(-18.622073480149,-23.6656485486546,55.8760619502328));
#9190=VECTOR('',#11830,1.0);
#9191=CARTESIAN_POINT('',(-18.772073480149,-23.6656485486546,55.8760619502328));
#9192=CARTESIAN_POINT('',(-18.772073480149,-23.6656485486546,55.8760619502328));
#9193=VECTOR('',#11831,1.0);
#9194=CARTESIAN_POINT('',(-18.772073480149,-22.9906485486546,55.8760619502328));
#9195=CARTESIAN_POINT('',(-18.772073480149,-22.9906485486546,55.8760619502328));
#9196=VECTOR('',#11832,1.0);
#9197=CARTESIAN_POINT('',(-22.272073480149,-22.9906485486546,55.8760619502328));
#9198=VECTOR('',#11833,1.0);
#9199=CARTESIAN_POINT('',(-22.897073480149,-16.7456485486546,55.8760619502328));
#9200=CARTESIAN_POINT('',(-22.897073480149,-21.9956485486546,55.8760619502328));
#9201=CARTESIAN_POINT('',(-22.897073480149,-16.7456485486546,55.8760619502328));
#9202=VECTOR('',#11834,1.0);
#9203=CARTESIAN_POINT('',(-19.947073480149,-21.9956485486546,55.8760619502328));
#9204=CARTESIAN_POINT('',(-19.947073480149,-21.9956485486546,55.8760619502328));
#9205=VECTOR('',#11835,1.0);
#9206=CARTESIAN_POINT('',(-19.947073480149,-22.6456485486546,55.8760619502328));
#9207=CARTESIAN_POINT('',(-19.947073480149,-22.6456485486546,55.8760619502328));
#9208=VECTOR('',#11836,1.0);
#9209=CARTESIAN_POINT('',(-18.047073480149,-22.6456485486546,55.8760619502328));
#9210=CARTESIAN_POINT('',(-18.047073480149,-22.6456485486546,55.8760619502328));
#9211=VECTOR('',#11837,1.0);
#9212=CARTESIAN_POINT('',(-18.047073480149,-21.9956485486546,55.8760619502328));
#9213=CARTESIAN_POINT('',(-18.047073480149,-21.9956485486546,55.8760619502328));
#9214=VECTOR('',#11838,1.0);
#9215=CARTESIAN_POINT('',(-16.7470734801491,-21.9956485486546,55.8760619502328));
#9216=CARTESIAN_POINT('',(-16.747073480149,-21.9956485486546,55.8760619502328));
#9217=VECTOR('',#11839,1.0);
#9218=CARTESIAN_POINT('',(-15.547073480149,-20.7956485486546,55.8760619502328));
#9219=CARTESIAN_POINT('',(-16.7470734801491,-21.9956485486546,55.8760619502328));
#9220=VECTOR('',#11840,1.0);
#9221=CARTESIAN_POINT('',(-15.547073480149,-15.0956485486546,55.8760619502328));
#9222=CARTESIAN_POINT('',(-15.547073480149,-15.0956485486546,55.8760619502328));
#9223=VECTOR('',#11841,1.0);
#9224=CARTESIAN_POINT('',(-18.047073480149,-15.0956485486546,55.8760619502328));
#9225=CARTESIAN_POINT('',(-18.047073480149,-15.0956485486546,55.8760619502328));
#9226=VECTOR('',#11842,1.0);
#9227=CARTESIAN_POINT('',(-18.047073480149,-14.4456485486546,55.8760619502328));
#9228=CARTESIAN_POINT('',(-18.047073480149,-14.4456485486546,55.8760619502328));
#9229=VECTOR('',#11843,1.0);
#9230=CARTESIAN_POINT('',(-19.947073480149,-14.4456485486546,55.8760619502328));
#9231=CARTESIAN_POINT('',(-18.047073480149,-14.4456485486546,55.8760619502328));
#9232=VECTOR('',#11844,1.0);
#9233=CARTESIAN_POINT('',(-19.947073480149,-15.0956485486546,55.8760619502328));
#9234=CARTESIAN_POINT('',(-19.947073480149,-15.0956485486546,55.8760619502328));
#9235=VECTOR('',#11845,1.0);
#9236=CARTESIAN_POINT('',(-21.247073480149,-15.0956485486546,55.8760619502328));
#9237=CARTESIAN_POINT('',(-21.247073480149,-15.0956485486546,55.8760619502328));
#9238=VECTOR('',#11846,1.0);
#9239=CARTESIAN_POINT('',(-21.247073480149,-15.0956485486546,55.8760619502328));
#9240=VECTOR('',#11847,1.0);
#9241=CARTESIAN_POINT('',(-14.822073480149,0.0793514513454028,55.8760619502328));
#9242=CARTESIAN_POINT('',(-20.272073480149,0.0793514513454028,55.8760619502328));
#9243=CARTESIAN_POINT('',(-14.822073480149,0.0793514513454028,55.8760619502328));
#9244=VECTOR('',#11848,1.0);
#9245=CARTESIAN_POINT('',(-20.272073480149,-5.37064854865461,55.8760619502328));
#9246=CARTESIAN_POINT('',(-20.272073480149,0.0793514513454028,55.8760619502328));
#9247=VECTOR('',#11849,1.0);
#9248=CARTESIAN_POINT('',(-14.822073480149,-5.37064854865461,55.8760619502328));
#9249=CARTESIAN_POINT('',(-20.272073480149,-5.37064854865461,55.8760619502328));
#9250=VECTOR('',#11850,1.0);
#9251=CARTESIAN_POINT('',(-14.822073480149,-5.37064854865461,55.8760619502328));
#9252=VECTOR('',#11851,1.0);
#9253=CARTESIAN_POINT('',(-0.956997934537,-10.6655887350927,55.8760619502328));
#9254=CARTESIAN_POINT('',(-1.318878827589,-9.36377681050815,55.8760619502328));
#9255=CARTESIAN_POINT('',(-0.956997934537,-10.6655887350923,55.8760619502328));
#9256=VECTOR('',#11852,1.0);
#9257=CARTESIAN_POINT('',(-1.62928001672699,-8.98749259074185,55.8760619502328));
#9258=AXIS2_PLACEMENT_3D('',#11853,#11854,#11855);
#9259=CARTESIAN_POINT('',(-6.9540225056612,-6.33316489290189,55.8760619502328));
#9260=CARTESIAN_POINT('',(-1.629280016728,-8.98749259074049,55.8760619502328));
#9261=VECTOR('',#11856,1.0);
#9262=CARTESIAN_POINT('',(-7.1770883655194,-6.28064854865444,55.8760619502328));
#9263=AXIS2_PLACEMENT_3D('',#11857,#11858,#11859);
#9264=CARTESIAN_POINT('',(-8.03690750355049,-6.28064854865421,55.8760619502328));
#9265=CARTESIAN_POINT('',(-7.1770883655194,-6.28064854865444,55.8760619502328));
#9266=VECTOR('',#11860,1.0);
#9267=CARTESIAN_POINT('',(-8.259973363404,-6.33316489289908,55.8760619502328));
#9268=AXIS2_PLACEMENT_3D('',#11861,#11862,#11863);
#9269=CARTESIAN_POINT('',(-13.5847158523497,-8.9874925907409,55.8760619502328));
#9270=CARTESIAN_POINT('',(-8.25997336340259,-6.3331648928986,55.8760619502328));
#9271=VECTOR('',#11864,1.0);
#9272=CARTESIAN_POINT('',(-13.8951170414834,-9.36377681050541,55.8760619502328));
#9273=AXIS2_PLACEMENT_3D('',#11865,#11866,#11867);
#9274=CARTESIAN_POINT('',(-14.2569979345363,-10.6655887350899,55.8760619502328));
#9275=CARTESIAN_POINT('',(-13.8951170414834,-9.36377681050546,55.8760619502328));
#9276=VECTOR('',#11868,1.0);
#9277=CARTESIAN_POINT('',(-14.2569979345305,-33.6866484506165,55.8760619502328));
#9278=CARTESIAN_POINT('',(-14.2569979345363,-10.6655887350899,55.8760619502328));
#9279=VECTOR('',#11869,1.0);
#9280=CARTESIAN_POINT('',(-13.6569979345307,-34.2866484506151,55.8760619502328));
#9281=AXIS2_PLACEMENT_3D('',#11870,#11871,#11872);
#9282=CARTESIAN_POINT('',(-1.55699793455599,-34.2866484506183,55.8760619502328));
#9283=CARTESIAN_POINT('',(-13.6569979345308,-34.2866484506151,55.8760619502328));
#9284=VECTOR('',#11873,1.0);
#9285=CARTESIAN_POINT('',(-0.956997934555005,-33.6866484506185,55.8760619502328));
#9286=AXIS2_PLACEMENT_3D('',#11874,#11875,#11876);
#9287=CARTESIAN_POINT('',(-0.956997934555005,-33.6866484506187,55.8760619502328));
#9288=VECTOR('',#11877,1.0);
#9289=CARTESIAN_POINT('',(-19.297073480149,-10.1956485486546,55.8760619502328));
#9290=CARTESIAN_POINT('',(-19.297073480149,-13.6956485486546,55.8760619502328));
#9291=CARTESIAN_POINT('',(-19.297073480149,-10.1956485486546,55.8760619502328));
#9292=VECTOR('',#11878,1.0);
#9293=CARTESIAN_POINT('',(-18.622073480149,-13.6956485486546,55.8760619502328));
#9294=CARTESIAN_POINT('',(-19.297073480149,-13.6956485486546,55.8760619502328));
#9295=VECTOR('',#11879,1.0);
#9296=CARTESIAN_POINT('',(-18.622073480149,-13.8456485486546,55.8760619502328));
#9297=CARTESIAN_POINT('',(-18.622073480149,-13.6956485486546,55.8760619502328));
#9298=VECTOR('',#11880,1.0);
#9299=CARTESIAN_POINT('',(-17.222073480149,-13.8456485486546,55.8760619502328));
#9300=CARTESIAN_POINT('',(-18.622073480149,-13.8456485486546,55.8760619502328));
#9301=VECTOR('',#11881,1.0);
#9302=CARTESIAN_POINT('',(-17.222073480149,-13.6956485486546,55.8760619502328));
#9303=CARTESIAN_POINT('',(-17.222073480149,-13.8456485486546,55.8760619502328));
#9304=VECTOR('',#11882,1.0);
#9305=CARTESIAN_POINT('',(-16.547073480149,-13.6956485486546,55.8760619502328));
#9306=CARTESIAN_POINT('',(-17.222073480149,-13.6956485486546,55.8760619502328));
#9307=VECTOR('',#11883,1.0);
#9308=CARTESIAN_POINT('',(-16.547073480149,-10.1956485486546,55.8760619502328));
#9309=CARTESIAN_POINT('',(-16.547073480149,-13.6956485486546,55.8760619502328));
#9310=VECTOR('',#11884,1.0);
#9311=CARTESIAN_POINT('',(-17.222073480149,-10.1956485486546,55.8760619502328));
#9312=CARTESIAN_POINT('',(-17.222073480149,-10.1956485486546,55.8760619502328));
#9313=VECTOR('',#11885,1.0);
#9314=CARTESIAN_POINT('',(-17.222073480149,-10.0456485486546,55.8760619502328));
#9315=CARTESIAN_POINT('',(-17.222073480149,-10.1956485486546,55.8760619502328));
#9316=VECTOR('',#11886,1.0);
#9317=CARTESIAN_POINT('',(-18.622073480149,-10.0456485486546,55.8760619502328));
#9318=CARTESIAN_POINT('',(-17.222073480149,-10.0456485486546,55.8760619502328));
#9319=VECTOR('',#11887,1.0);
#9320=CARTESIAN_POINT('',(-18.622073480149,-10.1956485486546,55.8760619502328));
#9321=CARTESIAN_POINT('',(-18.622073480149,-10.0456485486546,55.8760619502328));
#9322=VECTOR('',#11888,1.0);
#9323=CARTESIAN_POINT('',(-19.297073480149,-10.1956485486546,55.8760619502328));
#9324=VECTOR('',#11889,1.0);
#9325=CARTESIAN_POINT('',(-19.697073480149,-10.1956485486546,55.8760619502328));
#9326=CARTESIAN_POINT('',(-19.697073480149,-13.6956485486546,55.8760619502328));
#9327=CARTESIAN_POINT('',(-19.697073480149,-10.1956485486546,55.8760619502328));
#9328=VECTOR('',#11890,1.0);
#9329=CARTESIAN_POINT('',(-20.372073480149,-10.1956485486546,55.8760619502328));
#9330=CARTESIAN_POINT('',(-20.372073480149,-10.1956485486546,55.8760619502328));
#9331=VECTOR('',#11891,1.0);
#9332=CARTESIAN_POINT('',(-20.372073480149,-10.0456485486546,55.8760619502328));
#9333=CARTESIAN_POINT('',(-20.372073480149,-10.1956485486546,55.8760619502328));
#9334=VECTOR('',#11892,1.0);
#9335=CARTESIAN_POINT('',(-21.772073480149,-10.0456485486546,55.8760619502328));
#9336=CARTESIAN_POINT('',(-21.772073480149,-10.0456485486546,55.8760619502328));
#9337=VECTOR('',#11893,1.0);
#9338=CARTESIAN_POINT('',(-21.772073480149,-10.1956485486546,55.8760619502328));
#9339=CARTESIAN_POINT('',(-21.772073480149,-10.1956485486546,55.8760619502328));
#9340=VECTOR('',#11894,1.0);
#9341=CARTESIAN_POINT('',(-22.897073480149,-10.1956485486546,55.8760619502328));
#9342=CARTESIAN_POINT('',(-22.897073480149,-10.1956485486546,55.8760619502328));
#9343=VECTOR('',#11895,1.0);
#9344=CARTESIAN_POINT('',(-22.897073480149,-13.6956485486546,55.8760619502328));
#9345=CARTESIAN_POINT('',(-22.897073480149,-10.1956485486546,55.8760619502328));
#9346=VECTOR('',#11896,1.0);
#9347=CARTESIAN_POINT('',(-21.772073480149,-13.6956485486546,55.8760619502328));
#9348=CARTESIAN_POINT('',(-21.772073480149,-13.6956485486546,55.8760619502328));
#9349=VECTOR('',#11897,1.0);
#9350=CARTESIAN_POINT('',(-21.772073480149,-13.8456485486546,55.8760619502328));
#9351=CARTESIAN_POINT('',(-21.772073480149,-13.8456485486546,55.8760619502328));
#9352=VECTOR('',#11898,1.0);
#9353=CARTESIAN_POINT('',(-20.372073480149,-13.8456485486546,55.8760619502328));
#9354=CARTESIAN_POINT('',(-20.372073480149,-13.8456485486546,55.8760619502328));
#9355=VECTOR('',#11899,1.0);
#9356=CARTESIAN_POINT('',(-20.372073480149,-13.6956485486546,55.8760619502328));
#9357=CARTESIAN_POINT('',(-20.372073480149,-13.8456485486546,55.8760619502328));
#9358=VECTOR('',#11900,1.0);
#9359=CARTESIAN_POINT('',(-19.697073480149,-13.6956485486546,55.8760619502328));
#9360=VECTOR('',#11901,1.0);
#9361=CARTESIAN_POINT('',(10.447926519851,-35.5456485486546,55.8760619502328));
#9362=CARTESIAN_POINT('',(7.30792651985099,-35.5456485486546,55.8760619502328));
#9363=CARTESIAN_POINT('',(10.447926519851,-35.5456485486546,55.8760619502328));
#9364=VECTOR('',#11902,1.0);
#9365=CARTESIAN_POINT('',(10.477926519851,-35.5156485486546,55.8760619502328));
#9366=AXIS2_PLACEMENT_3D('',#11903,#11904,#11905);
#9367=CARTESIAN_POINT('',(10.477926519851,-33.0756485486546,55.8760619502328));
#9368=CARTESIAN_POINT('',(10.477926519851,-33.0756485486546,55.8760619502328));
#9369=VECTOR('',#11906,1.0);
#9370=CARTESIAN_POINT('',(10.447926519851,-33.0456485486546,55.8760619502328));
#9371=AXIS2_PLACEMENT_3D('',#11907,#11908,#11909);
#9372=CARTESIAN_POINT('',(7.30792651985099,-33.0456485486546,55.8760619502328));
#9373=CARTESIAN_POINT('',(7.30792651985099,-33.0456485486546,55.8760619502328));
#9374=VECTOR('',#11910,1.0);
#9375=CARTESIAN_POINT('',(7.27792651985099,-33.0756485486546,55.8760619502328));
#9376=AXIS2_PLACEMENT_3D('',#11911,#11912,#11913);
#9377=CARTESIAN_POINT('',(7.27792651985099,-35.5156485486546,55.8760619502328));
#9378=CARTESIAN_POINT('',(7.27792651985099,-35.5156485486546,55.8760619502328));
#9379=VECTOR('',#11914,1.0);
#9380=AXIS2_PLACEMENT_3D('',#11915,#11916,#11917);
#9381=CARTESIAN_POINT('',(26.789147801067,-7.71184847891351,55.8760619502328));
#9382=CARTESIAN_POINT('',(26.586705238635,-5.01944861839569,55.8760619502328));
#9383=AXIS2_PLACEMENT_3D('',#11918,#11919,#11920);
#9384=AXIS2_PLACEMENT_3D('',#11921,#11922,#11923);
#9385=CARTESIAN_POINT('',(26.586705238635,-8.82944861839569,55.8760619502328));
#9386=CARTESIAN_POINT('',(26.789147801067,-11.5218484789135,55.8760619502328));
#9387=AXIS2_PLACEMENT_3D('',#11924,#11925,#11926);
#9388=AXIS2_PLACEMENT_3D('',#11927,#11928,#11929);
#9389=CARTESIAN_POINT('',(-25.2089771270266,-10.2581251481636,55.8760619502328));
#9390=CARTESIAN_POINT('',(-23.0151698332714,-10.0931719491456,55.8760619502328));
#9391=AXIS2_PLACEMENT_3D('',#11930,#11931,#11932);
#9392=AXIS2_PLACEMENT_3D('',#11933,#11934,#11935);
#9393=CARTESIAN_POINT('',(26.586705238635,-24.0694486183957,55.8760619502328));
#9394=CARTESIAN_POINT('',(26.789147801067,-26.7618484789135,55.8760619502328));
#9395=AXIS2_PLACEMENT_3D('',#11936,#11937,#11938);
#9396=AXIS2_PLACEMENT_3D('',#11939,#11940,#11941);
#9397=CARTESIAN_POINT('',(26.586705238635,-27.8794486183957,55.8760619502328));
#9398=CARTESIAN_POINT('',(26.789147801067,-30.5718484789135,55.8760619502328));
#9399=AXIS2_PLACEMENT_3D('',#11942,#11943,#11944);
#9400=AXIS2_PLACEMENT_3D('',#11945,#11946,#11947);
#9401=CARTESIAN_POINT('',(-25.2089771270266,-17.8781251481636,55.8760619502328));
#9402=CARTESIAN_POINT('',(-23.0151698332714,-17.7131719491456,55.8760619502328));
#9403=AXIS2_PLACEMENT_3D('',#11948,#11949,#11950);
#9404=AXIS2_PLACEMENT_3D('',#11951,#11952,#11953);
#9405=CARTESIAN_POINT('',(-23.0151698332714,-25.3331719491456,55.8760619502328));
#9406=CARTESIAN_POINT('',(-25.2089771270266,-25.4981251481636,55.8760619502328));
#9407=AXIS2_PLACEMENT_3D('',#11954,#11955,#11956);
#9408=AXIS2_PLACEMENT_3D('',#11957,#11958,#11959);
#9409=CARTESIAN_POINT('',(17.204996769651,-24.0706485486546,55.8760619502328));
#9410=CARTESIAN_POINT('',(17.204996769651,-21.7456485486546,55.8760619502328));
#9411=CARTESIAN_POINT('',(17.204996769651,-24.0706485486545,55.8760619502328));
#9412=VECTOR('',#11960,1.0);
#9413=CARTESIAN_POINT('',(19.918581132068,-21.7456485486546,55.8760619502328));
#9414=CARTESIAN_POINT('',(19.918581132068,-21.7456485486546,55.8760619502328));
#9415=VECTOR('',#11961,1.0);
#9416=CARTESIAN_POINT('',(19.918581132068,-18.6456485486546,55.8760619502328));
#9417=CARTESIAN_POINT('',(19.918581132068,-18.6456485486546,55.8760619502328));
#9418=VECTOR('',#11962,1.0);
#9419=CARTESIAN_POINT('',(14.729996769651,-18.6456485486546,55.8760619502328));
#9420=CARTESIAN_POINT('',(14.729996769651,-18.6456485486546,55.8760619502328));
#9421=VECTOR('',#11963,1.0);
#9422=CARTESIAN_POINT('',(14.729996769651,-16.1956485486546,55.8760619502328));
#9423=CARTESIAN_POINT('',(14.729996769651,-18.6456485486546,55.8760619502328));
#9424=VECTOR('',#11964,1.0);
#9425=CARTESIAN_POINT('',(6.602498432841,-16.1956485486546,55.8760619502328));
#9426=CARTESIAN_POINT('',(14.729996769651,-16.1956485486546,55.8760619502328));
#9427=VECTOR('',#11965,1.0);
#9428=CARTESIAN_POINT('',(2.708977729267,-11.5206485486543,55.8760619502328));
#9429=CARTESIAN_POINT('',(6.602498432841,-16.1956485486546,55.8760619502328));
#9430=VECTOR('',#11966,1.0);
#9431=CARTESIAN_POINT('',(-0.202073480147007,-11.5206485486546,55.8760619502328));
#9432=CARTESIAN_POINT('',(2.708977729267,-11.5206485486546,55.8760619502328));
#9433=VECTOR('',#11967,1.0);
#9434=CARTESIAN_POINT('',(-0.202073480162994,-31.2247890482546,55.8760619502328));
#9435=CARTESIAN_POINT('',(-0.202073480148002,-11.5206485486546,55.8760619502328));
#9436=VECTOR('',#11968,1.0);
#9437=CARTESIAN_POINT('',(1.852926519851,-31.2247890482546,55.8760619502328));
#9438=CARTESIAN_POINT('',(-0.202073480162994,-31.2247890482546,55.8760619502328));
#9439=VECTOR('',#11969,1.0);
#9440=CARTESIAN_POINT('',(1.852926519851,-33.7883734106718,55.8760619502328));
#9441=CARTESIAN_POINT('',(1.852926519851,-31.2247890482546,55.8760619502328));
#9442=VECTOR('',#11970,1.0);
#9443=CARTESIAN_POINT('',(4.802926519851,-33.7883734106718,55.8760619502328));
#9444=CARTESIAN_POINT('',(4.802926519851,-33.7883734106718,55.8760619502328));
#9445=VECTOR('',#11971,1.0);
#9446=CARTESIAN_POINT('',(4.802926519851,-31.2247890482546,55.8760619502328));
#9447=CARTESIAN_POINT('',(4.802926519851,-33.7883734106718,55.8760619502328));
#9448=VECTOR('',#11972,1.0);
#9449=CARTESIAN_POINT('',(10.050856270051,-31.2247890482546,55.8760619502328));
#9450=CARTESIAN_POINT('',(4.802926519851,-31.2247890482546,55.8760619502328));
#9451=VECTOR('',#11973,1.0);
#9452=CARTESIAN_POINT('',(10.050856270051,-31.2247890482546,55.8760619502328));
#9453=VECTOR('',#11974,1.0);
#9454=CARTESIAN_POINT('',(-0.353426262447996,-6.32895370636594,53.0260619502328));
#9455=CARTESIAN_POINT('',(-0.353426262447996,-6.32895370636622,53.0260619502328));
#9456=VECTOR('',#11975,1.0);
#9457=CARTESIAN_POINT('',(7.50214257145601,-13.9149883489912,53.0260619502328));
#9458=CARTESIAN_POINT('',(7.502142571454,-13.9149883489896,53.0260619502328));
#9459=VECTOR('',#11976,1.0);
#9460=CARTESIAN_POINT('',(7.50214257145799,-13.9149883489932,55.8760619502328));
#9461=VECTOR('',#11977,1.0);
#9462=CARTESIAN_POINT('',(8.196800941917,-14.1956485486546,53.0260619502328));
#9463=AXIS2_PLACEMENT_3D('',#11978,#11979,#11980);
#9464=CARTESIAN_POINT('',(8.196800941917,-14.1956485486546,53.0260619502328));
#9465=VECTOR('',#11981,1.0);
#9466=CARTESIAN_POINT('',(13.409052097785,-14.1956485486546,53.0260619502328));
#9467=CARTESIAN_POINT('',(8.196800941917,-14.1956485486546,53.0260619502328));
#9468=VECTOR('',#11982,1.0);
#9469=CARTESIAN_POINT('',(13.409052097785,-14.1956485486546,55.8760619502328));
#9470=VECTOR('',#11983,1.0);
#9471=CARTESIAN_POINT('',(14.103710468242,-13.9149883489952,53.0260619502328));
#9472=AXIS2_PLACEMENT_3D('',#11984,#11985,#11986);
#9473=CARTESIAN_POINT('',(14.103710468244,-13.9149883489932,53.0260619502328));
#9474=VECTOR('',#11987,1.0);
#9475=CARTESIAN_POINT('',(21.959279302153,-6.32895370636272,53.0260619502328));
#9476=CARTESIAN_POINT('',(21.959279302156,-6.32895370635898,53.0260619502328));
#9477=VECTOR('',#11988,1.0);
#9478=CARTESIAN_POINT('',(21.95927930215,-6.32895370636643,55.8760619502328));
#9479=VECTOR('',#11989,1.0);
#9480=CARTESIAN_POINT('',(22.224926519851,-5.70312808007167,53.0260619502328));
#9481=AXIS2_PLACEMENT_3D('',#11990,#11991,#11992);
#9482=CARTESIAN_POINT('',(22.224926519851,-5.70312808007151,53.0260619502328));
#9483=VECTOR('',#11993,1.0);
#9484=CARTESIAN_POINT('',(22.224926519851,-4.61474022178251,53.0260619502328));
#9485=CARTESIAN_POINT('',(22.224926519851,-5.70312808007151,53.0260619502328));
#9486=VECTOR('',#11994,1.0);
#9487=CARTESIAN_POINT('',(22.224926519851,-4.61474022178251,55.8760619502328));
#9488=VECTOR('',#11995,1.0);
#9489=CARTESIAN_POINT('',(24.420675838649,-1.8807173407029,53.0260619502328));
#9490=AXIS2_PLACEMENT_3D('',#11996,#11997,#11998);
#9491=CARTESIAN_POINT('',(24.420675838652,-1.8807173407022,53.0260619502328));
#9492=VECTOR('',#11999,1.0);
#9493=CARTESIAN_POINT('',(25.102926519851,-1.0312173740809,53.0260619502328));
#9494=AXIS2_PLACEMENT_3D('',#12000,#12001,#12002);
#9495=CARTESIAN_POINT('',(25.102926519851,-1.0312173740808,53.0260619502328));
#9496=VECTOR('',#12003,1.0);
#9497=CARTESIAN_POINT('',(25.102926519851,0.104351451345401,53.0260619502328));
#9498=CARTESIAN_POINT('',(25.102926519851,-1.0312173740808,53.0260619502328));
#9499=VECTOR('',#12004,1.0);
#9500=CARTESIAN_POINT('',(25.102926519851,0.104351451345401,55.8760619502328));
#9501=VECTOR('',#12005,1.0);
#9502=CARTESIAN_POINT('',(24.602926519851,0.604351451345401,53.0260619502328));
#9503=AXIS2_PLACEMENT_3D('',#12006,#12007,#12008);
#9504=CARTESIAN_POINT('',(24.602926519851,0.604351451345401,53.0260619502328));
#9505=VECTOR('',#12009,1.0);
#9506=CARTESIAN_POINT('',(-25.2089771270266,-17.8781251481636,52.5260619502328));
#9507=CARTESIAN_POINT('',(-25.2089771270266,-17.8781251481636,55.3760619502328));
#9508=VECTOR('',#12010,1.0);
#9509=CARTESIAN_POINT('',(-24.545488877917,-18.8066634313234,52.5260619502328));
#9510=AXIS2_PLACEMENT_3D('',#12011,#12012,#12013);
#9511=CARTESIAN_POINT('',(-24.545488877917,-18.8066634313233,52.0260619502328));
#9512=CARTESIAN_POINT('',(-24.5454888779169,-18.8066634313233,52.5260619502328));
#9513=VECTOR('',#12014,1.0);
#9514=CARTESIAN_POINT('',(-23.5323487822554,-18.7304850448678,52.0260619502328));
#9515=AXIS2_PLACEMENT_3D('',#12015,#12016,#12017);
#9516=CARTESIAN_POINT('',(-23.5323487822554,-18.7304850448678,52.5260619502328));
#9517=CARTESIAN_POINT('',(-23.5323487822554,-18.7304850448678,52.0260619502328));
#9518=VECTOR('',#12018,1.0);
#9519=CARTESIAN_POINT('',(-23.0151698332714,-17.7131719491456,52.5260619502328));
#9520=AXIS2_PLACEMENT_3D('',#12019,#12020,#12021);
#9521=CARTESIAN_POINT('',(-23.0151698332714,-17.7131719491456,55.3760619502328));
#9522=VECTOR('',#12022,1.0);
#9523=CARTESIAN_POINT('',(-27.002073480149,0.604351451345401,57.3760619502328));
#9524=CARTESIAN_POINT('',(30.077926519851,0.604351451345401,57.3760619502328));
#9525=CARTESIAN_POINT('',(-27.002073480149,0.604351451345401,57.3760619502328));
#9526=VECTOR('',#12023,1.0);
#9527=CARTESIAN_POINT('',(30.077926519851,0.604351451345401,55.8760619502328));
#9528=VECTOR('',#12024,1.0);
#9529=CARTESIAN_POINT('',(15.32597125795,0.604351451345401,53.0260619502328));
#9530=CARTESIAN_POINT('',(24.602926519851,0.604351451345401,53.0260619502328));
#9531=VECTOR('',#12025,1.0);
#9532=CARTESIAN_POINT('',(15.32597125795,0.604351451345401,55.3760619502328));
#9533=CARTESIAN_POINT('',(15.32597125795,0.604351451345401,53.0260619502328));
#9534=VECTOR('',#12026,1.0);
#9535=CARTESIAN_POINT('',(6.279881781752,0.604351451345401,55.3760619502328));
#9536=CARTESIAN_POINT('',(15.32597125795,0.604351451345401,55.3760619502328));
#9537=VECTOR('',#12027,1.0);
#9538=CARTESIAN_POINT('',(6.279881781752,0.604351451345401,53.0260619502328));
#9539=CARTESIAN_POINT('',(6.279881781752,0.604351451345401,53.0260619502328));
#9540=VECTOR('',#12028,1.0);
#9541=CARTESIAN_POINT('',(-2.997073480149,0.604351451345401,53.0260619502328));
#9542=CARTESIAN_POINT('',(6.279881781752,0.604351451345401,53.0260619502328));
#9543=VECTOR('',#12029,1.0);
#9544=CARTESIAN_POINT('',(-2.997073480149,0.604351451345401,55.8760619502328));
#9545=VECTOR('',#12030,1.0);
#9546=CARTESIAN_POINT('',(-27.002073480149,0.604351451345401,57.3760619502328));
#9547=VECTOR('',#12031,1.0);
#9548=CARTESIAN_POINT('',(30.077926519851,-21.1456485486546,57.3760619502328));
#9549=CARTESIAN_POINT('',(30.277926519851,-21.1456485486546,57.3760619502328));
#9550=CARTESIAN_POINT('',(30.077926519851,-21.1456485486546,57.3760619502328));
#9551=VECTOR('',#12032,1.0);
#9552=CARTESIAN_POINT('',(30.277926519851,-20.5456485486546,57.3760619502328));
#9553=CARTESIAN_POINT('',(30.277926519851,-21.1456485486546,57.3760619502328));
#9554=VECTOR('',#12033,1.0);
#9555=CARTESIAN_POINT('',(30.077926519851,-20.5456485486546,57.3760619502328));
#9556=CARTESIAN_POINT('',(30.277926519851,-20.5456485486546,57.3760619502328));
#9557=VECTOR('',#12034,1.0);
#9558=CARTESIAN_POINT('',(30.077926519851,-15.1456485486546,57.3760619502328));
#9559=CARTESIAN_POINT('',(30.077926519851,-20.5456485486546,57.3760619502328));
#9560=VECTOR('',#12035,1.0);
#9561=CARTESIAN_POINT('',(30.277926519851,-15.1456485486546,57.3760619502328));
#9562=CARTESIAN_POINT('',(30.077926519851,-15.1456485486546,57.3760619502328));
#9563=VECTOR('',#12036,1.0);
#9564=CARTESIAN_POINT('',(30.277926519851,-14.5456485486546,57.3760619502328));
#9565=CARTESIAN_POINT('',(30.277926519851,-15.1456485486546,57.3760619502328));
#9566=VECTOR('',#12037,1.0);
#9567=CARTESIAN_POINT('',(30.077926519851,-14.5456485486546,57.3760619502328));
#9568=CARTESIAN_POINT('',(30.277926519851,-14.5456485486546,57.3760619502328));
#9569=VECTOR('',#12038,1.0);
#9570=CARTESIAN_POINT('',(30.077926519851,0.604351451345401,57.3760619502328));
#9571=VECTOR('',#12039,1.0);
#9572=CARTESIAN_POINT('',(-27.002073480149,-1.6093691885489,57.3760619502328));
#9573=CARTESIAN_POINT('',(-27.002073480149,0.604351451345401,57.3760619502328));
#9574=VECTOR('',#12040,1.0);
#9575=AXIS2_PLACEMENT_3D('',#12041,#12042,#12043);
#9576=CARTESIAN_POINT('',(-27.002073480149,-36.1956485486546,57.3760619502328));
#9577=CARTESIAN_POINT('',(-27.002073480149,-1.981927908756,57.3760619502328));
#9578=VECTOR('',#12044,1.0);
#9579=CARTESIAN_POINT('',(30.077926519851,-36.1956485486546,57.3760619502328));
#9580=CARTESIAN_POINT('',(-27.002073480149,-36.1956485486546,57.3760619502328));
#9581=VECTOR('',#12045,1.0);
#9582=CARTESIAN_POINT('',(30.077926519851,-36.1956485486546,57.3760619502328));
#9583=VECTOR('',#12046,1.0);
#9584=CARTESIAN_POINT('',(-23.972073480149,-1.7956485486546,57.3760619502328));
#9585=CARTESIAN_POINT('',(-26.572073480149,-1.7956485486546,57.3760619502328));
#9586=AXIS2_PLACEMENT_3D('',#12047,#12048,#12049);
#9587=AXIS2_PLACEMENT_3D('',#12050,#12051,#12052);
#9588=CARTESIAN_POINT('',(29.627926519851,-1.7956485486546,57.3760619502328));
#9589=CARTESIAN_POINT('',(27.027926519851,-1.7956485486546,57.3760619502328));
#9590=AXIS2_PLACEMENT_3D('',#12053,#12054,#12055);
#9591=AXIS2_PLACEMENT_3D('',#12056,#12057,#12058);
#9592=CARTESIAN_POINT('',(30.077926519851,-21.1456485486546,56.8760619502328));
#9593=CARTESIAN_POINT('',(30.077926519851,-21.1456485486546,57.3760619502328));
#9594=VECTOR('',#12059,1.0);
#9595=CARTESIAN_POINT('',(30.277926519851,-21.1456485486546,56.8760619502328));
#9596=CARTESIAN_POINT('',(30.277926519851,-21.1456485486546,56.8760619502328));
#9597=VECTOR('',#12060,1.0);
#9598=CARTESIAN_POINT('',(30.277926519851,-21.1456485486546,56.8760619502328));
#9599=VECTOR('',#12061,1.0);
#9600=CARTESIAN_POINT('',(30.077926519851,-36.1956485486546,55.8760619502328));
#9601=VECTOR('',#12062,1.0);
#9602=CARTESIAN_POINT('',(30.077926519851,-24.5747988108675,56.8760619502328));
#9603=CARTESIAN_POINT('',(30.077926519851,-24.5747988108675,56.8760619502328));
#9604=VECTOR('',#12063,1.0);
#9605=CARTESIAN_POINT('',(30.077926519851,-24.5747988108675,56.8760619502328));
#9606=VECTOR('',#12064,1.0);
#9607=CARTESIAN_POINT('',(30.277926519851,-24.0456485486546,56.8760619502328));
#9608=AXIS2_PLACEMENT_3D('',#12065,#12066,#12067);
#9609=CARTESIAN_POINT('',(30.277926519851,-21.1456485486546,56.8760619502328));
#9610=VECTOR('',#12068,1.0);
#9611=CARTESIAN_POINT('',(30.277926519851,-24.0456485486546,54.8760619502328));
#9612=CARTESIAN_POINT('',(30.277926519851,-24.0456485486546,54.8760619502328));
#9613=VECTOR('',#12069,1.0);
#9614=CARTESIAN_POINT('',(30.277926519851,-11.6456485486546,54.8760619502328));
#9615=CARTESIAN_POINT('',(30.277926519851,-24.0456485486546,54.8760619502328));
#9616=VECTOR('',#12070,1.0);
#9617=CARTESIAN_POINT('',(30.277926519851,-11.6456485486546,56.8760619502328));
#9618=CARTESIAN_POINT('',(30.277926519851,-11.6456485486546,56.8760619502328));
#9619=VECTOR('',#12071,1.0);
#9620=CARTESIAN_POINT('',(30.277926519851,-14.5456485486546,56.8760619502328));
#9621=CARTESIAN_POINT('',(30.277926519851,-11.6456485486546,56.8760619502328));
#9622=VECTOR('',#12072,1.0);
#9623=CARTESIAN_POINT('',(30.277926519851,-14.5456485486546,56.8760619502328));
#9624=VECTOR('',#12073,1.0);
#9625=CARTESIAN_POINT('',(30.277926519851,-15.1456485486546,56.8760619502328));
#9626=CARTESIAN_POINT('',(30.277926519851,-15.1456485486546,56.8760619502328));
#9627=VECTOR('',#12074,1.0);
#9628=CARTESIAN_POINT('',(30.277926519851,-20.5456485486546,56.8760619502328));
#9629=CARTESIAN_POINT('',(30.277926519851,-20.5456485486546,56.8760619502328));
#9630=VECTOR('',#12075,1.0);
#9631=CARTESIAN_POINT('',(30.277926519851,-20.5456485486546,56.8760619502328));
#9632=VECTOR('',#12076,1.0);
#9633=CARTESIAN_POINT('',(29.477926519851,-24.8456485486546,54.8760619502328));
#9634=CARTESIAN_POINT('',(29.477926519851,-24.8456485486546,55.8760619502328));
#9635=VECTOR('',#12077,1.0);
#9636=AXIS2_PLACEMENT_3D('',#12078,#12079,#12080);
#9637=CARTESIAN_POINT('',(26.077926519851,-18.7456485486546,54.8760619502328));
#9638=CARTESIAN_POINT('',(27.777926519851,-18.7456485486546,54.8760619502328));
#9639=CARTESIAN_POINT('',(26.077926519851,-18.7456485486546,54.8760619502328));
#9640=VECTOR('',#12081,1.0);
#9641=CARTESIAN_POINT('',(25.277926519851,-17.9456485486546,54.8760619502328));
#9642=AXIS2_PLACEMENT_3D('',#12082,#12083,#12084);
#9643=CARTESIAN_POINT('',(25.277926519851,-17.7456485486546,54.8760619502328));
#9644=CARTESIAN_POINT('',(25.277926519851,-17.9456485486546,54.8760619502328));
#9645=VECTOR('',#12085,1.0);
#9646=CARTESIAN_POINT('',(26.077926519851,-16.9456485486546,54.8760619502328));
#9647=AXIS2_PLACEMENT_3D('',#12086,#12087,#12088);
#9648=CARTESIAN_POINT('',(27.777926519851,-16.9456485486546,54.8760619502328));
#9649=CARTESIAN_POINT('',(26.077926519851,-16.9456485486546,54.8760619502328));
#9650=VECTOR('',#12089,1.0);
#9651=CARTESIAN_POINT('',(28.277926519851,-16.4456485486546,54.8760619502328));
#9652=AXIS2_PLACEMENT_3D('',#12090,#12091,#12092);
#9653=CARTESIAN_POINT('',(28.277926519851,-11.6456485486544,54.8760619502328));
#9654=CARTESIAN_POINT('',(28.277926519851,-11.6456485486546,54.8760619502328));
#9655=VECTOR('',#12093,1.0);
#9656=CARTESIAN_POINT('',(29.077926519851,-10.8456485486546,54.8760619502328));
#9657=AXIS2_PLACEMENT_3D('',#12094,#12095,#12096);
#9658=CARTESIAN_POINT('',(29.477926519851,-10.8456485486546,54.8760619502328));
#9659=CARTESIAN_POINT('',(29.477926519851,-10.8456485486546,54.8760619502328));
#9660=VECTOR('',#12097,1.0);
#9661=AXIS2_PLACEMENT_3D('',#12098,#12099,#12100);
#9662=CARTESIAN_POINT('',(29.077926519851,-24.8456485486546,54.8760619502328));
#9663=CARTESIAN_POINT('',(29.077926519851,-24.8456485486546,54.8760619502328));
#9664=VECTOR('',#12101,1.0);
#9665=CARTESIAN_POINT('',(28.277926519851,-24.0456485486547,54.8760619502328));
#9666=AXIS2_PLACEMENT_3D('',#12102,#12103,#12104);
#9667=CARTESIAN_POINT('',(28.277926519851,-19.2456485486546,54.8760619502328));
#9668=CARTESIAN_POINT('',(28.277926519851,-19.2456485486546,54.8760619502328));
#9669=VECTOR('',#12105,1.0);
#9670=AXIS2_PLACEMENT_3D('',#12106,#12107,#12108);
#9671=CARTESIAN_POINT('',(26.337926519851,-17.8456485486546,54.8760619502328));
#9672=CARTESIAN_POINT('',(27.137926519851,-17.8456485486546,54.8760619502328));
#9673=AXIS2_PLACEMENT_3D('',#12109,#12110,#12111);
#9674=AXIS2_PLACEMENT_3D('',#12112,#12113,#12114);
#9675=CARTESIAN_POINT('',(29.527926519851,-22.0956485486546,54.8760619502328));
#9676=CARTESIAN_POINT('',(29.027926519851,-22.0956485486546,54.8760619502328));
#9677=CARTESIAN_POINT('',(29.527926519851,-22.0956485486546,54.8760619502328));
#9678=VECTOR('',#12115,1.0);
#9679=CARTESIAN_POINT('',(29.527926519851,-21.5956485486546,54.8760619502328));
#9680=CARTESIAN_POINT('',(29.527926519851,-21.5956485486546,54.8760619502328));
#9681=VECTOR('',#12116,1.0);
#9682=CARTESIAN_POINT('',(29.027926519851,-21.5956485486546,54.8760619502328));
#9683=CARTESIAN_POINT('',(29.027926519851,-21.5956485486546,54.8760619502328));
#9684=VECTOR('',#12117,1.0);
#9685=CARTESIAN_POINT('',(29.027926519851,-22.0956485486546,54.8760619502328));
#9686=VECTOR('',#12118,1.0);
#9687=CARTESIAN_POINT('',(29.527926519851,-16.0956485486546,54.8760619502328));
#9688=CARTESIAN_POINT('',(29.027926519851,-16.0956485486546,54.8760619502328));
#9689=CARTESIAN_POINT('',(29.527926519851,-16.0956485486546,54.8760619502328));
#9690=VECTOR('',#12119,1.0);
#9691=CARTESIAN_POINT('',(29.527926519851,-15.5956485486546,54.8760619502328));
#9692=CARTESIAN_POINT('',(29.527926519851,-15.5956485486546,54.8760619502328));
#9693=VECTOR('',#12120,1.0);
#9694=CARTESIAN_POINT('',(29.027926519851,-15.5956485486546,54.8760619502328));
#9695=CARTESIAN_POINT('',(29.027926519851,-15.5956485486546,54.8760619502328));
#9696=VECTOR('',#12121,1.0);
#9697=CARTESIAN_POINT('',(29.027926519851,-16.0956485486546,54.8760619502328));
#9698=VECTOR('',#12122,1.0);
#9699=CARTESIAN_POINT('',(29.527926519851,-12.0956485486546,54.8760619502328));
#9700=CARTESIAN_POINT('',(29.027926519851,-12.0956485486546,54.8760619502328));
#9701=CARTESIAN_POINT('',(29.527926519851,-12.0956485486546,54.8760619502328));
#9702=VECTOR('',#12123,1.0);
#9703=CARTESIAN_POINT('',(29.527926519851,-11.5956485486546,54.8760619502328));
#9704=CARTESIAN_POINT('',(29.527926519851,-11.5956485486546,54.8760619502328));
#9705=VECTOR('',#12124,1.0);
#9706=CARTESIAN_POINT('',(29.027926519851,-11.5956485486546,54.8760619502328));
#9707=CARTESIAN_POINT('',(29.027926519851,-11.5956485486546,54.8760619502328));
#9708=VECTOR('',#12125,1.0);
#9709=CARTESIAN_POINT('',(29.027926519851,-12.0956485486546,54.8760619502328));
#9710=VECTOR('',#12126,1.0);
#9711=CARTESIAN_POINT('',(29.527926519851,-18.0956485486546,54.8760619502328));
#9712=CARTESIAN_POINT('',(29.027926519851,-18.0956485486546,54.8760619502328));
#9713=CARTESIAN_POINT('',(29.527926519851,-18.0956485486546,54.8760619502328));
#9714=VECTOR('',#12127,1.0);
#9715=CARTESIAN_POINT('',(29.527926519851,-17.5956485486546,54.8760619502328));
#9716=CARTESIAN_POINT('',(29.527926519851,-17.5956485486546,54.8760619502328));
#9717=VECTOR('',#12128,1.0);
#9718=CARTESIAN_POINT('',(29.027926519851,-17.5956485486546,54.8760619502328));
#9719=CARTESIAN_POINT('',(29.027926519851,-17.5956485486546,54.8760619502328));
#9720=VECTOR('',#12129,1.0);
#9721=CARTESIAN_POINT('',(29.027926519851,-18.0956485486546,54.8760619502328));
#9722=VECTOR('',#12130,1.0);
#9723=CARTESIAN_POINT('',(29.027926519851,-14.0956485486546,54.8760619502328));
#9724=CARTESIAN_POINT('',(29.027926519851,-13.5956485486546,54.8760619502328));
#9725=CARTESIAN_POINT('',(29.027926519851,-14.0956485486546,54.8760619502328));
#9726=VECTOR('',#12131,1.0);
#9727=CARTESIAN_POINT('',(29.527926519851,-14.0956485486546,54.8760619502328));
#9728=CARTESIAN_POINT('',(29.527926519851,-14.0956485486546,54.8760619502328));
#9729=VECTOR('',#12132,1.0);
#9730=CARTESIAN_POINT('',(29.527926519851,-13.5956485486546,54.8760619502328));
#9731=CARTESIAN_POINT('',(29.527926519851,-13.5956485486546,54.8760619502328));
#9732=VECTOR('',#12133,1.0);
#9733=CARTESIAN_POINT('',(29.027926519851,-13.5956485486546,54.8760619502328));
#9734=VECTOR('',#12134,1.0);
#9735=CARTESIAN_POINT('',(29.027926519851,-20.0956485486546,54.8760619502328));
#9736=CARTESIAN_POINT('',(29.027926519851,-19.5956485486546,54.8760619502328));
#9737=CARTESIAN_POINT('',(29.027926519851,-20.0956485486546,54.8760619502328));
#9738=VECTOR('',#12135,1.0);
#9739=CARTESIAN_POINT('',(29.527926519851,-20.0956485486546,54.8760619502328));
#9740=CARTESIAN_POINT('',(29.527926519851,-20.0956485486546,54.8760619502328));
#9741=VECTOR('',#12136,1.0);
#9742=CARTESIAN_POINT('',(29.527926519851,-19.5956485486546,54.8760619502328));
#9743=CARTESIAN_POINT('',(29.527926519851,-19.5956485486546,54.8760619502328));
#9744=VECTOR('',#12137,1.0);
#9745=CARTESIAN_POINT('',(29.027926519851,-19.5956485486546,54.8760619502328));
#9746=VECTOR('',#12138,1.0);
#9747=CARTESIAN_POINT('',(29.027926519851,-23.5956485486546,54.8760619502328));
#9748=CARTESIAN_POINT('',(29.527926519851,-23.5956485486546,54.8760619502328));
#9749=CARTESIAN_POINT('',(29.027926519851,-23.5956485486546,54.8760619502328));
#9750=VECTOR('',#12139,1.0);
#9751=CARTESIAN_POINT('',(29.027926519851,-24.0956485486546,54.8760619502328));
#9752=CARTESIAN_POINT('',(29.027926519851,-24.0956485486546,54.8760619502328));
#9753=VECTOR('',#12140,1.0);
#9754=CARTESIAN_POINT('',(29.527926519851,-24.0956485486546,54.8760619502328));
#9755=CARTESIAN_POINT('',(29.527926519851,-24.0956485486546,54.8760619502328));
#9756=VECTOR('',#12141,1.0);
#9757=CARTESIAN_POINT('',(29.527926519851,-23.5956485486546,54.8760619502328));
#9758=VECTOR('',#12142,1.0);
#9759=CARTESIAN_POINT('',(27.777926519851,-18.7456485486546,55.8760619502328));
#9760=VECTOR('',#12143,1.0);
#9761=CARTESIAN_POINT('',(26.077926519851,-18.7456485486546,54.8760619502328));
#9762=VECTOR('',#12144,1.0);
#9763=CARTESIAN_POINT('',(28.277926519851,-19.2456485486546,54.8760619502328));
#9764=VECTOR('',#12145,1.0);
#9765=CARTESIAN_POINT('',(28.277926519851,-24.0456485486546,55.8760619502328));
#9766=VECTOR('',#12146,1.0);
#9767=CARTESIAN_POINT('',(29.077926519851,-24.8456485486546,54.8760619502328));
#9768=VECTOR('',#12147,1.0);
#9769=CARTESIAN_POINT('',(25.277926519851,-17.9456485486546,55.8760619502328));
#9770=VECTOR('',#12148,1.0);
#9771=CARTESIAN_POINT('',(25.277926519851,-17.7456485486546,54.8760619502328));
#9772=VECTOR('',#12149,1.0);
#9773=CARTESIAN_POINT('',(26.077926519851,-16.9456485486546,55.8760619502328));
#9774=VECTOR('',#12150,1.0);
#9775=CARTESIAN_POINT('',(27.777926519851,-16.9456485486546,54.8760619502328));
#9776=VECTOR('',#12151,1.0);
#9777=CARTESIAN_POINT('',(28.277926519851,-16.4456485486546,55.8760619502328));
#9778=VECTOR('',#12152,1.0);
#9779=CARTESIAN_POINT('',(28.277926519851,-11.6456485486546,54.8760619502328));
#9780=VECTOR('',#12153,1.0);
#9781=CARTESIAN_POINT('',(29.077926519851,-10.8456485486546,55.8760619502328));
#9782=VECTOR('',#12154,1.0);
#9783=CARTESIAN_POINT('',(29.477926519851,-10.8456485486546,54.8760619502328));
#9784=VECTOR('',#12155,1.0);
#9785=CARTESIAN_POINT('',(30.077926519851,-11.1164982864417,56.8760619502328));
#9786=CARTESIAN_POINT('',(30.077926519851,-11.1164982864417,55.8760619502328));
#9787=VECTOR('',#12156,1.0);
#9788=AXIS2_PLACEMENT_3D('',#12157,#12158,#12159);
#9789=CARTESIAN_POINT('',(30.077926519851,-14.5456485486546,56.8760619502328));
#9790=CARTESIAN_POINT('',(30.077926519851,-14.5456485486546,56.8760619502328));
#9791=VECTOR('',#12160,1.0);
#9792=CARTESIAN_POINT('',(30.077926519851,-1.0557161193068,57.2160619502328));
#9793=CARTESIAN_POINT('',(30.077926519851,-1.7956485483119,57.3660619499431));
#9794=CARTESIAN_POINT('',(30.077926519851,-1.7190038275296,57.3660619499431));
#9795=CARTESIAN_POINT('',(30.077926519851,-1.5619765655295,57.3559766551823));
#9796=CARTESIAN_POINT('',(30.077926519851,-1.3125590154249,57.3061077497423));
#9797=CARTESIAN_POINT('',(30.077926519851,-1.1423345165569,57.2497944560771));
#9798=CARTESIAN_POINT('',(30.077926519851,-1.0557161193071,57.2160619502333));
#9799=CARTESIAN_POINT('',(30.077926519851,-1.0557161193071,55.8760619502328));
#9800=VECTOR('',#12161,1.0);
#9801=CARTESIAN_POINT('',(30.077926519851,-14.5456485486546,56.8760619502328));
#9802=VECTOR('',#12162,1.0);
#9803=CARTESIAN_POINT('',(30.077926519851,-14.5456485486546,56.8760619502328));
#9804=VECTOR('',#12163,1.0);
#9805=CARTESIAN_POINT('',(28.327926519851,-2.66167395243904,55.3760619502328));
#9806=CARTESIAN_POINT('',(28.390416703381,-2.62559522815628,55.3857292152683));
#9807=CARTESIAN_POINT('',(28.51528376703,-2.55350319534579,55.4014287808332));
#9808=CARTESIAN_POINT('',(28.70292651985,-2.44516760149376,55.4100055133991));
#9809=CARTESIAN_POINT('',(28.890569272675,-2.3368320076384,55.401428780833));
#9810=CARTESIAN_POINT('',(29.015436336322,-2.26473997482892,55.3857292152681));
#9811=CARTESIAN_POINT('',(29.077926519851,-2.22866125054682,55.3760619502328));
#9812=AXIS2_PLACEMENT_3D('',#12164,#12165,#12166);
#9813=CARTESIAN_POINT('',(26.337926519851,-17.8456485486546,55.8760619502328));
#9814=CARTESIAN_POINT('',(26.337926519851,-17.8456485486546,54.8760619502328));
#9815=VECTOR('',#12167,1.0);
#9816=CARTESIAN_POINT('',(27.137926519851,-17.8456485486546,55.8760619502328));
#9817=AXIS2_PLACEMENT_3D('',#12168,#12169,#12170);
#9818=CARTESIAN_POINT('',(27.137926519851,-17.8456485486546,54.8760619502328));
#9819=VECTOR('',#12171,1.0);
#9820=CARTESIAN_POINT('',(28.327926519851,-0.929623144870199,55.3760619502328));
#9821=CARTESIAN_POINT('',(28.265436336321,-0.965701869152902,55.3857292152683));
#9822=CARTESIAN_POINT('',(28.140569272672,-1.0377939019634,55.4014287808332));
#9823=CARTESIAN_POINT('',(27.952926519852,-1.1461294958155,55.410005513399));
#9824=CARTESIAN_POINT('',(27.765283767027,-1.2544650896708,55.401428780833));
#9825=CARTESIAN_POINT('',(27.64041670338,-1.3265571224803,55.3857292152681));
#9826=CARTESIAN_POINT('',(27.577926519851,-1.3626358467624,55.3760619502328));
#9827=CARTESIAN_POINT('',(28.327926519851,-0.929623144870199,55.8760619502328));
#9828=CARTESIAN_POINT('',(28.327926519851,-0.929623144870199,55.3760619502328));
#9829=VECTOR('',#12172,1.0);
#9830=CARTESIAN_POINT('',(27.577926519851,-1.3626358467624,55.8760619502328));
#9831=CARTESIAN_POINT('',(27.577926519851,-1.3626358467624,55.8760619502328));
#9832=VECTOR('',#12173,1.0);
#9833=CARTESIAN_POINT('',(27.577926519851,-1.3626358467624,55.3760619502328));
#9834=VECTOR('',#12174,1.0);
#9835=AXIS2_PLACEMENT_3D('',#12175,#12176,#12177);
#9836=CARTESIAN_POINT('',(29.027926519851,-22.0956485486546,49.2558695713681));
#9837=CARTESIAN_POINT('',(29.527926519851,-22.0956485486546,49.2558695713681));
#9838=CARTESIAN_POINT('',(29.027926519851,-22.0956485486546,49.2558695713681));
#9839=VECTOR('',#12178,1.0);
#9840=CARTESIAN_POINT('',(29.527926519851,-22.0956485486546,54.8760619502328));
#9841=VECTOR('',#12179,1.0);
#9842=CARTESIAN_POINT('',(29.027926519851,-22.0956485486546,54.8760619502328));
#9843=VECTOR('',#12180,1.0);
#9844=CARTESIAN_POINT('',(29.377926519851,-21.9456485486546,48.6960619502328));
#9845=CARTESIAN_POINT('',(29.177926519851,-21.9456485486546,48.6960619502328));
#9846=CARTESIAN_POINT('',(29.377926519851,-21.9456485486546,48.6960619502328));
#9847=VECTOR('',#12181,1.0);
#9848=CARTESIAN_POINT('',(29.377926519851,-21.9456485486546,48.6960619502328));
#9849=VECTOR('',#12182,1.0);
#9850=CARTESIAN_POINT('',(29.177926519851,-21.9456485486546,48.6960619502328));
#9851=VECTOR('',#12183,1.0);
#9852=CARTESIAN_POINT('',(29.177926519851,-21.7456485486546,48.6960619502328));
#9853=CARTESIAN_POINT('',(29.377926519851,-21.7456485486546,48.6960619502328));
#9854=CARTESIAN_POINT('',(29.177926519851,-21.7456485486546,48.6960619502328));
#9855=VECTOR('',#12184,1.0);
#9856=CARTESIAN_POINT('',(29.377926519851,-21.7456485486546,48.6960619502328));
#9857=VECTOR('',#12185,1.0);
#9858=CARTESIAN_POINT('',(29.177926519851,-21.9456485486546,48.6960619502328));
#9859=VECTOR('',#12186,1.0);
#9860=CARTESIAN_POINT('',(29.027926519851,-21.5956485486546,49.2558695713681));
#9861=CARTESIAN_POINT('',(29.027926519851,-21.5956485486546,49.2558695713681));
#9862=VECTOR('',#12187,1.0);
#9863=CARTESIAN_POINT('',(29.527926519851,-21.5956485486546,49.2558695713682));
#9864=CARTESIAN_POINT('',(29.527926519851,-21.5956485486546,49.2558695713681));
#9865=VECTOR('',#12188,1.0);
#9866=CARTESIAN_POINT('',(29.377926519851,-21.7456485486546,48.6960619502328));
#9867=VECTOR('',#12189,1.0);
#9868=CARTESIAN_POINT('',(29.527926519851,-22.0956485486546,49.2558695713681));
#9869=VECTOR('',#12190,1.0);
#9870=CARTESIAN_POINT('',(29.527926519851,-21.5956485486546,54.8760619502328));
#9871=VECTOR('',#12191,1.0);
#9872=CARTESIAN_POINT('',(29.027926519851,-21.5956485486546,54.8760619502328));
#9873=VECTOR('',#12192,1.0);
#9874=CARTESIAN_POINT('',(29.027926519851,-21.5956485486546,49.2558695713681));
#9875=VECTOR('',#12193,1.0);
#9876=CARTESIAN_POINT('',(29.027926519851,-16.0956485486546,49.2558695713681));
#9877=CARTESIAN_POINT('',(29.527926519851,-16.0956485486546,49.2558695713681));
#9878=CARTESIAN_POINT('',(29.027926519851,-16.0956485486546,49.2558695713681));
#9879=VECTOR('',#12194,1.0);
#9880=CARTESIAN_POINT('',(29.527926519851,-16.0956485486546,54.8760619502328));
#9881=VECTOR('',#12195,1.0);
#9882=CARTESIAN_POINT('',(29.027926519851,-16.0956485486546,54.8760619502328));
#9883=VECTOR('',#12196,1.0);
#9884=CARTESIAN_POINT('',(29.377926519851,-15.9456485486546,48.6960619502328));
#9885=CARTESIAN_POINT('',(29.177926519851,-15.9456485486546,48.6960619502328));
#9886=CARTESIAN_POINT('',(29.377926519851,-15.9456485486546,48.6960619502328));
#9887=VECTOR('',#12197,1.0);
#9888=CARTESIAN_POINT('',(29.377926519851,-15.9456485486546,48.6960619502328));
#9889=VECTOR('',#12198,1.0);
#9890=CARTESIAN_POINT('',(29.027926519851,-16.0956485486546,49.2558695713681));
#9891=VECTOR('',#12199,1.0);
#9892=CARTESIAN_POINT('',(29.177926519851,-15.7456485486546,48.6960619502328));
#9893=CARTESIAN_POINT('',(29.177926519851,-15.9456485486546,48.6960619502328));
#9894=VECTOR('',#12200,1.0);
#9895=CARTESIAN_POINT('',(29.377926519851,-15.7456485486546,48.6960619502328));
#9896=CARTESIAN_POINT('',(29.177926519851,-15.7456485486546,48.6960619502328));
#9897=VECTOR('',#12201,1.0);
#9898=CARTESIAN_POINT('',(29.377926519851,-15.7456485486546,48.6960619502328));
#9899=VECTOR('',#12202,1.0);
#9900=CARTESIAN_POINT('',(29.027926519851,-15.5956485486546,49.2558695713681));
#9901=CARTESIAN_POINT('',(29.027926519851,-15.5956485486546,49.2558695713681));
#9902=VECTOR('',#12203,1.0);
#9903=CARTESIAN_POINT('',(29.177926519851,-15.7456485486546,48.6960619502328));
#9904=VECTOR('',#12204,1.0);
#9905=CARTESIAN_POINT('',(29.527926519851,-15.5956485486546,49.2558695713682));
#9906=CARTESIAN_POINT('',(29.527926519851,-15.5956485486546,49.2558695713681));
#9907=VECTOR('',#12205,1.0);
#9908=CARTESIAN_POINT('',(29.377926519851,-15.7456485486546,48.6960619502328));
#9909=VECTOR('',#12206,1.0);
#9910=CARTESIAN_POINT('',(29.527926519851,-16.0956485486546,49.2558695713681));
#9911=VECTOR('',#12207,1.0);
#9912=CARTESIAN_POINT('',(29.527926519851,-15.5956485486546,54.8760619502328));
#9913=VECTOR('',#12208,1.0);
#9914=CARTESIAN_POINT('',(29.027926519851,-15.5956485486546,54.8760619502328));
#9915=VECTOR('',#12209,1.0);
#9916=CARTESIAN_POINT('',(29.027926519851,-12.0956485486546,49.2558695713681));
#9917=CARTESIAN_POINT('',(29.027926519851,-12.0956485486546,54.8760619502328));
#9918=VECTOR('',#12210,1.0);
#9919=CARTESIAN_POINT('',(29.527926519851,-12.0956485486546,49.2558695713682));
#9920=CARTESIAN_POINT('',(29.027926519851,-12.0956485486546,49.2558695713681));
#9921=VECTOR('',#12211,1.0);
#9922=CARTESIAN_POINT('',(29.527926519851,-12.0956485486546,54.8760619502328));
#9923=VECTOR('',#12212,1.0);
#9924=CARTESIAN_POINT('',(29.027926519851,-11.5956485486546,49.2558695713681));
#9925=CARTESIAN_POINT('',(29.027926519851,-11.5956485486546,49.2558695713681));
#9926=VECTOR('',#12213,1.0);
#9927=CARTESIAN_POINT('',(29.027926519851,-11.5956485486546,54.8760619502328));
#9928=VECTOR('',#12214,1.0);
#9929=CARTESIAN_POINT('',(29.177926519851,-11.9456485486546,48.6960619502328));
#9930=CARTESIAN_POINT('',(29.177926519851,-11.7456485486546,48.6960619502328));
#9931=CARTESIAN_POINT('',(29.177926519851,-11.9456485486546,48.6960619502328));
#9932=VECTOR('',#12215,1.0);
#9933=CARTESIAN_POINT('',(29.027926519851,-12.0956485486546,49.2558695713681));
#9934=VECTOR('',#12216,1.0);
#9935=CARTESIAN_POINT('',(29.177926519851,-11.7456485486546,48.6960619502328));
#9936=VECTOR('',#12217,1.0);
#9937=CARTESIAN_POINT('',(29.377926519851,-11.7456485486546,48.6960619502328));
#9938=CARTESIAN_POINT('',(29.177926519851,-11.7456485486546,48.6960619502328));
#9939=VECTOR('',#12218,1.0);
#9940=CARTESIAN_POINT('',(29.377926519851,-11.9456485486546,48.6960619502328));
#9941=CARTESIAN_POINT('',(29.377926519851,-11.7456485486546,48.6960619502328));
#9942=VECTOR('',#12219,1.0);
#9943=CARTESIAN_POINT('',(29.377926519851,-11.9456485486546,48.6960619502328));
#9944=VECTOR('',#12220,1.0);
#9945=CARTESIAN_POINT('',(29.377926519851,-11.9456485486546,48.6960619502328));
#9946=VECTOR('',#12221,1.0);
#9947=CARTESIAN_POINT('',(29.527926519851,-11.5956485486546,49.2558695713681));
#9948=CARTESIAN_POINT('',(29.377926519851,-11.7456485486546,48.6960619502328));
#9949=VECTOR('',#12222,1.0);
#9950=CARTESIAN_POINT('',(29.527926519851,-12.0956485486546,49.2558695713681));
#9951=VECTOR('',#12223,1.0);
#9952=CARTESIAN_POINT('',(29.527926519851,-11.5956485486546,54.8760619502328));
#9953=VECTOR('',#12224,1.0);
#9954=CARTESIAN_POINT('',(29.527926519851,-11.5956485486546,49.2558695713681));
#9955=VECTOR('',#12225,1.0);
#9956=CARTESIAN_POINT('',(29.027926519851,-18.0956485486546,49.2558695713681));
#9957=CARTESIAN_POINT('',(29.027926519851,-18.0956485486546,54.8760619502328));
#9958=VECTOR('',#12226,1.0);
#9959=CARTESIAN_POINT('',(29.527926519851,-18.0956485486546,49.2558695713682));
#9960=CARTESIAN_POINT('',(29.027926519851,-18.0956485486546,49.2558695713681));
#9961=VECTOR('',#12227,1.0);
#9962=CARTESIAN_POINT('',(29.527926519851,-18.0956485486546,54.8760619502328));
#9963=VECTOR('',#12228,1.0);
#9964=CARTESIAN_POINT('',(29.027926519851,-17.5956485486546,49.2558695713681));
#9965=CARTESIAN_POINT('',(29.027926519851,-17.5956485486546,49.2558695713681));
#9966=VECTOR('',#12229,1.0);
#9967=CARTESIAN_POINT('',(29.027926519851,-17.5956485486546,54.8760619502328));
#9968=VECTOR('',#12230,1.0);
#9969=CARTESIAN_POINT('',(29.177926519851,-17.9456485486546,48.6960619502328));
#9970=CARTESIAN_POINT('',(29.177926519851,-17.7456485486546,48.6960619502328));
#9971=CARTESIAN_POINT('',(29.177926519851,-17.9456485486546,48.6960619502328));
#9972=VECTOR('',#12231,1.0);
#9973=CARTESIAN_POINT('',(29.027926519851,-18.0956485486546,49.2558695713681));
#9974=VECTOR('',#12232,1.0);
#9975=CARTESIAN_POINT('',(29.177926519851,-17.7456485486546,48.6960619502328));
#9976=VECTOR('',#12233,1.0);
#9977=CARTESIAN_POINT('',(29.377926519851,-17.7456485486546,48.6960619502328));
#9978=CARTESIAN_POINT('',(29.177926519851,-17.7456485486546,48.6960619502328));
#9979=VECTOR('',#12234,1.0);
#9980=CARTESIAN_POINT('',(29.377926519851,-17.9456485486546,48.6960619502328));
#9981=CARTESIAN_POINT('',(29.377926519851,-17.7456485486546,48.6960619502328));
#9982=VECTOR('',#12235,1.0);
#9983=CARTESIAN_POINT('',(29.377926519851,-17.9456485486546,48.6960619502328));
#9984=VECTOR('',#12236,1.0);
#9985=CARTESIAN_POINT('',(29.377926519851,-17.9456485486546,48.6960619502328));
#9986=VECTOR('',#12237,1.0);
#9987=CARTESIAN_POINT('',(29.527926519851,-17.5956485486546,49.2558695713681));
#9988=CARTESIAN_POINT('',(29.377926519851,-17.7456485486546,48.6960619502328));
#9989=VECTOR('',#12238,1.0);
#9990=CARTESIAN_POINT('',(29.527926519851,-18.0956485486546,49.2558695713681));
#9991=VECTOR('',#12239,1.0);
#9992=CARTESIAN_POINT('',(29.527926519851,-17.5956485486546,54.8760619502328));
#9993=VECTOR('',#12240,1.0);
#9994=CARTESIAN_POINT('',(29.527926519851,-17.5956485486546,49.2558695713681));
#9995=VECTOR('',#12241,1.0);
#9996=CARTESIAN_POINT('',(29.027926519851,-13.5956485486546,49.2558695713682));
#9997=CARTESIAN_POINT('',(29.027926519851,-13.5956485486546,54.8760619502328));
#9998=VECTOR('',#12242,1.0);
#9999=CARTESIAN_POINT('',(29.027926519851,-14.0956485486546,49.2558695713681));
#10000=CARTESIAN_POINT('',(29.027926519851,-13.5956485486546,49.2558695713681));
#10001=VECTOR('',#12243,1.0);
#10002=CARTESIAN_POINT('',(29.027926519851,-14.0956485486546,54.8760619502328));
#10003=VECTOR('',#12244,1.0);
#10004=CARTESIAN_POINT('',(29.527926519851,-13.5956485486546,49.2558695713681));
#10005=CARTESIAN_POINT('',(29.527926519851,-13.5956485486546,49.2558695713681));
#10006=VECTOR('',#12245,1.0);
#10007=CARTESIAN_POINT('',(29.527926519851,-13.5956485486546,54.8760619502328));
#10008=VECTOR('',#12246,1.0);
#10009=CARTESIAN_POINT('',(29.177926519851,-13.7456485486546,48.6960619502328));
#10010=CARTESIAN_POINT('',(29.377926519851,-13.7456485486546,48.6960619502328));
#10011=CARTESIAN_POINT('',(29.177926519851,-13.7456485486546,48.6960619502328));
#10012=VECTOR('',#12247,1.0);
#10013=CARTESIAN_POINT('',(29.177926519851,-13.7456485486546,48.6960619502328));
#10014=VECTOR('',#12248,1.0);
#10015=CARTESIAN_POINT('',(29.527926519851,-13.5956485486546,49.2558695713681));
#10016=VECTOR('',#12249,1.0);
#10017=CARTESIAN_POINT('',(29.377926519851,-13.9456485486546,48.6960619502328));
#10018=CARTESIAN_POINT('',(29.377926519851,-13.7456485486546,48.6960619502328));
#10019=VECTOR('',#12250,1.0);
#10020=CARTESIAN_POINT('',(29.177926519851,-13.9456485486546,48.6960619502328));
#10021=CARTESIAN_POINT('',(29.377926519851,-13.9456485486546,48.6960619502328));
#10022=VECTOR('',#12251,1.0);
#10023=CARTESIAN_POINT('',(29.177926519851,-13.9456485486546,48.6960619502328));
#10024=VECTOR('',#12252,1.0);
#10025=CARTESIAN_POINT('',(29.527926519851,-14.0956485486546,49.2558695713682));
#10026=CARTESIAN_POINT('',(29.527926519851,-14.0956485486546,49.2558695713681));
#10027=VECTOR('',#12253,1.0);
#10028=CARTESIAN_POINT('',(29.377926519851,-13.9456485486546,48.6960619502328));
#10029=VECTOR('',#12254,1.0);
#10030=CARTESIAN_POINT('',(29.027926519851,-14.0956485486546,49.2558695713681));
#10031=VECTOR('',#12255,1.0);
#10032=CARTESIAN_POINT('',(29.177926519851,-13.9456485486546,48.6960619502328));
#10033=VECTOR('',#12256,1.0);
#10034=CARTESIAN_POINT('',(29.527926519851,-14.0956485486546,54.8760619502328));
#10035=VECTOR('',#12257,1.0);
#10036=CARTESIAN_POINT('',(29.027926519851,-19.5956485486546,49.2558695713682));
#10037=CARTESIAN_POINT('',(29.027926519851,-19.5956485486546,54.8760619502328));
#10038=VECTOR('',#12258,1.0);
#10039=CARTESIAN_POINT('',(29.027926519851,-20.0956485486546,49.2558695713681));
#10040=CARTESIAN_POINT('',(29.027926519851,-19.5956485486546,49.2558695713681));
#10041=VECTOR('',#12259,1.0);
#10042=CARTESIAN_POINT('',(29.027926519851,-20.0956485486546,54.8760619502328));
#10043=VECTOR('',#12260,1.0);
#10044=CARTESIAN_POINT('',(29.527926519851,-19.5956485486546,49.2558695713681));
#10045=CARTESIAN_POINT('',(29.527926519851,-19.5956485486546,49.2558695713681));
#10046=VECTOR('',#12261,1.0);
#10047=CARTESIAN_POINT('',(29.527926519851,-19.5956485486546,54.8760619502328));
#10048=VECTOR('',#12262,1.0);
#10049=CARTESIAN_POINT('',(29.177926519851,-19.7456485486546,48.6960619502328));
#10050=CARTESIAN_POINT('',(29.377926519851,-19.7456485486546,48.6960619502328));
#10051=CARTESIAN_POINT('',(29.177926519851,-19.7456485486546,48.6960619502328));
#10052=VECTOR('',#12263,1.0);
#10053=CARTESIAN_POINT('',(29.027926519851,-19.5956485486546,49.2558695713681));
#10054=VECTOR('',#12264,1.0);
#10055=CARTESIAN_POINT('',(29.377926519851,-19.7456485486546,48.6960619502328));
#10056=VECTOR('',#12265,1.0);
#10057=CARTESIAN_POINT('',(29.377926519851,-19.9456485486546,48.6960619502328));
#10058=CARTESIAN_POINT('',(29.377926519851,-19.7456485486546,48.6960619502328));
#10059=VECTOR('',#12266,1.0);
#10060=CARTESIAN_POINT('',(29.177926519851,-19.9456485486546,48.6960619502328));
#10061=CARTESIAN_POINT('',(29.377926519851,-19.9456485486546,48.6960619502328));
#10062=VECTOR('',#12267,1.0);
#10063=CARTESIAN_POINT('',(29.177926519851,-19.9456485486546,48.6960619502328));
#10064=VECTOR('',#12268,1.0);
#10065=CARTESIAN_POINT('',(29.177926519851,-19.9456485486546,48.6960619502328));
#10066=VECTOR('',#12269,1.0);
#10067=CARTESIAN_POINT('',(29.527926519851,-20.0956485486546,49.2558695713681));
#10068=CARTESIAN_POINT('',(29.377926519851,-19.9456485486546,48.6960619502328));
#10069=VECTOR('',#12270,1.0);
#10070=CARTESIAN_POINT('',(29.027926519851,-20.0956485486546,49.2558695713681));
#10071=VECTOR('',#12271,1.0);
#10072=CARTESIAN_POINT('',(29.527926519851,-20.0956485486546,54.8760619502328));
#10073=VECTOR('',#12272,1.0);
#10074=CARTESIAN_POINT('',(29.527926519851,-20.0956485486546,49.2558695713681));
#10075=VECTOR('',#12273,1.0);
#10076=CARTESIAN_POINT('',(29.527926519851,-23.5956485486546,49.2558695713682));
#10077=CARTESIAN_POINT('',(29.527926519851,-23.5956485486546,54.8760619502328));
#10078=VECTOR('',#12274,1.0);
#10079=CARTESIAN_POINT('',(29.027926519851,-23.5956485486546,49.2558695713682));
#10080=CARTESIAN_POINT('',(29.027926519851,-23.5956485486546,49.2558695713681));
#10081=VECTOR('',#12275,1.0);
#10082=CARTESIAN_POINT('',(29.027926519851,-23.5956485486546,54.8760619502328));
#10083=VECTOR('',#12276,1.0);
#10084=CARTESIAN_POINT('',(29.527926519851,-24.0956485486546,49.2558695713681));
#10085=CARTESIAN_POINT('',(29.527926519851,-23.5956485486546,49.2558695713681));
#10086=VECTOR('',#12277,1.0);
#10087=CARTESIAN_POINT('',(29.527926519851,-24.0956485486546,54.8760619502328));
#10088=VECTOR('',#12278,1.0);
#10089=CARTESIAN_POINT('',(29.377926519851,-23.7456485486546,48.6960619502328));
#10090=CARTESIAN_POINT('',(29.377926519851,-23.9456485486546,48.6960619502328));
#10091=CARTESIAN_POINT('',(29.377926519851,-23.7456485486546,48.6960619502328));
#10092=VECTOR('',#12279,1.0);
#10093=CARTESIAN_POINT('',(29.377926519851,-23.7456485486546,48.6960619502328));
#10094=VECTOR('',#12280,1.0);
#10095=CARTESIAN_POINT('',(29.527926519851,-24.0956485486546,49.2558695713681));
#10096=VECTOR('',#12281,1.0);
#10097=CARTESIAN_POINT('',(29.177926519851,-23.9456485486546,48.6960619502328));
#10098=CARTESIAN_POINT('',(29.377926519851,-23.9456485486546,48.6960619502328));
#10099=VECTOR('',#12282,1.0);
#10100=CARTESIAN_POINT('',(29.177926519851,-23.7456485486546,48.6960619502328));
#10101=CARTESIAN_POINT('',(29.177926519851,-23.9456485486546,48.6960619502328));
#10102=VECTOR('',#12283,1.0);
#10103=CARTESIAN_POINT('',(29.177926519851,-23.7456485486546,48.6960619502328));
#10104=VECTOR('',#12284,1.0);
#10105=CARTESIAN_POINT('',(29.027926519851,-24.0956485486546,49.2558695713682));
#10106=CARTESIAN_POINT('',(29.527926519851,-24.0956485486546,49.2558695713681));
#10107=VECTOR('',#12285,1.0);
#10108=CARTESIAN_POINT('',(29.177926519851,-23.9456485486546,48.6960619502328));
#10109=VECTOR('',#12286,1.0);
#10110=CARTESIAN_POINT('',(29.027926519851,-24.0956485486546,49.2558695713681));
#10111=VECTOR('',#12287,1.0);
#10112=CARTESIAN_POINT('',(29.177926519851,-23.7456485486546,48.6960619502328));
#10113=VECTOR('',#12288,1.0);
#10114=CARTESIAN_POINT('',(29.027926519851,-24.0956485486546,54.8760619502328));
#10115=VECTOR('',#12289,1.0);
#10116=CARTESIAN_POINT('',(30.077926519851,-20.5456485486546,56.8760619502328));
#10117=CARTESIAN_POINT('',(30.077926519851,-20.5456485486546,56.8760619502328));
#10118=VECTOR('',#12290,1.0);
#10119=CARTESIAN_POINT('',(30.077926519851,-20.5456485486546,56.8760619502328));
#10120=VECTOR('',#12291,1.0);
#10121=CARTESIAN_POINT('',(30.077926519851,-15.1456485486546,56.8760619502328));
#10122=CARTESIAN_POINT('',(30.077926519851,-20.5456485486546,56.8760619502328));
#10123=VECTOR('',#12292,1.0);
#10124=CARTESIAN_POINT('',(30.277926519851,-15.1456485486546,56.8760619502328));
#10125=VECTOR('',#12293,1.0);
#10126=CARTESIAN_POINT('',(30.077926519851,-15.1456485486546,57.3760619502328));
#10127=VECTOR('',#12294,1.0);
#10128=CARTESIAN_POINT('',(-27.002073480149,-36.1956485486546,55.8760619502328));
#10129=VECTOR('',#12295,1.0);
#10130=CARTESIAN_POINT('',(-27.002073480149,-2.58120567579431,55.8760619502328));
#10131=VECTOR('',#12296,1.0);
#10132=CARTESIAN_POINT('',(-27.172073480149,-1.7956485486546,55.5760619502328));
#10133=CARTESIAN_POINT('',(-27.172073480149,-1.7956485486546,55.3760619502328));
#10134=VECTOR('',#12297,1.0);
#10135=CARTESIAN_POINT('',(-23.372073480149,-1.7956485486546,55.5760619502328));
#10136=AXIS2_PLACEMENT_3D('',#12298,#12299,#12300);
#10137=CARTESIAN_POINT('',(-23.372073480149,-1.7956485486546,55.3760619502328));
#10138=VECTOR('',#12301,1.0);
#10139=CARTESIAN_POINT('',(-27.002073480149,-1.0100914215149,57.2160619502328));
#10140=CARTESIAN_POINT('',(-27.002073480149,-1.6093691885454,57.3760619502328));
#10141=CARTESIAN_POINT('',(-27.002073480149,-1.5461804300563,57.3692971447746));
#10142=CARTESIAN_POINT('',(-27.002073480149,-1.4174982570336,57.3487125357982));
#10143=CARTESIAN_POINT('',(-27.002073480149,-1.2167669115786,57.2951859237939));
#10144=CARTESIAN_POINT('',(-27.002073480149,-1.0796656815556,57.2448275059383));
#10145=CARTESIAN_POINT('',(-27.002073480149,-1.0100914215149,57.2160619502328));
#10146=AXIS2_PLACEMENT_3D('',#12302,#12303,#12304);
#10147=CARTESIAN_POINT('',(-27.002073480149,-1.0100914215149,57.2160619502328));
#10148=VECTOR('',#12305,1.0);
#10149=CARTESIAN_POINT('',(27.577926519851,-1.7956485486547,55.4071508572451));
#10150=CARTESIAN_POINT('',(27.577926519851,-1.7498501258009,55.4071508572451));
#10151=CARTESIAN_POINT('',(27.577926519851,-1.6567103307166,55.4048813092748));
#10152=CARTESIAN_POINT('',(27.577926519851,-1.5122271573207,55.3943320040916));
#10153=CARTESIAN_POINT('',(27.577926519851,-1.41301191464,55.3828110635856));
#10154=CARTESIAN_POINT('',(27.577926519851,-1.3626358467624,55.3760619502328));
#10155=CARTESIAN_POINT('',(27.577926519851,-2.22866125054682,55.8760619502328));
#10156=CARTESIAN_POINT('',(27.577926519851,-2.22866125054683,55.8760619502328));
#10157=VECTOR('',#12306,1.0);
#10158=CARTESIAN_POINT('',(27.577926519851,-2.22866125054682,55.3760619502328));
#10159=VECTOR('',#12307,1.0);
#10160=CARTESIAN_POINT('',(-23.572073480149,-1.7956485486546,55.3760619502328));
#10161=CARTESIAN_POINT('',(-26.972073480149,-1.7956485486546,55.3760619502328));
#10162=AXIS2_PLACEMENT_3D('',#12308,#12309,#12310);
#10163=CARTESIAN_POINT('',(-24.272073480149,-1.7956485486546,54.6760619502328));
#10164=VECTOR('',#12311,1.41421356237312);
#10165=CARTESIAN_POINT('',(-26.272073480149,-1.7956485486546,54.6760619502328));
#10166=VECTOR('',#12312,1.41421356237312);
#10167=CARTESIAN_POINT('',(-23.6055034323182,-25.3775593554268,52.0260619502328));
#10168=CARTESIAN_POINT('',(-23.678658082381,-24.4046336659859,52.0260619502328));
#10169=CARTESIAN_POINT('',(-23.6055034323182,-25.3775593554268,52.0260619502328));
#10170=VECTOR('',#12313,1.0);
#10171=CARTESIAN_POINT('',(-23.678658082381,-24.4046336659859,52.5260619502328));
#10172=CARTESIAN_POINT('',(-23.6786580823811,-24.4046336659859,52.5260619502328));
#10173=VECTOR('',#12314,1.0);
#10174=CARTESIAN_POINT('',(-23.5323487822553,-26.3504850448678,52.5260619502328));
#10175=CARTESIAN_POINT('',(-23.5323487822553,-26.3504850448677,52.5260619502328));
#10176=VECTOR('',#12315,1.0);
#10177=CARTESIAN_POINT('',(-23.5323487822553,-26.3504850448678,52.0260619502328));
#10178=CARTESIAN_POINT('',(-23.5323487822554,-26.3504850448678,52.0260619502328));
#10179=VECTOR('',#12316,1.0);
#10180=CARTESIAN_POINT('',(-23.6055034323182,-25.3775593554264,52.0260619502328));
#10181=VECTOR('',#12317,1.0);
#10182=AXIS2_PLACEMENT_3D('',#12318,#12319,#12320);
#10183=CARTESIAN_POINT('',(-25.2720734801491,-0.929623144870099,55.3760619502328));
#10184=CARTESIAN_POINT('',(-26.022073480149,-1.3626358467624,55.3760619502328));
#10185=AXIS2_PLACEMENT_3D('',#12321,#12322,#12323);
#10186=AXIS2_PLACEMENT_3D('',#12324,#12325,#12326);
#10187=CARTESIAN_POINT('',(-25.272073480149,-2.66167395243913,55.3760619502328));
#10188=AXIS2_PLACEMENT_3D('',#12327,#12328,#12329);
#10189=AXIS2_PLACEMENT_3D('',#12330,#12331,#12332);
#10190=CARTESIAN_POINT('',(-24.5220734801489,-1.3626358467623,55.3760619502328));
#10191=AXIS2_PLACEMENT_3D('',#12333,#12334,#12335);
#10192=AXIS2_PLACEMENT_3D('',#12336,#12337,#12338);
#10193=CARTESIAN_POINT('',(-25.272073480149,-0.929623144870199,55.3760619502328));
#10194=CARTESIAN_POINT('',(-25.3345636636785,-0.965701869152596,55.3857292152682));
#10195=CARTESIAN_POINT('',(-25.4594307273263,-1.0377939019626,55.4014287808331));
#10196=CARTESIAN_POINT('',(-25.6470734801489,-1.1461294958163,55.410005513399));
#10197=CARTESIAN_POINT('',(-25.834716232972,-1.2544650896701,55.4014287808331));
#10198=CARTESIAN_POINT('',(-25.9595832966197,-1.32655712248,55.3857292152682));
#10199=CARTESIAN_POINT('',(-26.022073480149,-1.3626358467624,55.3760619502328));
#10200=CARTESIAN_POINT('',(-25.272073480149,-0.929623144870199,55.8760619502328));
#10201=CARTESIAN_POINT('',(-25.272073480149,-0.929623144870199,55.3760619502328));
#10202=VECTOR('',#12339,1.0);
#10203=CARTESIAN_POINT('',(-26.022073480149,-1.3626358467624,55.8760619502328));
#10204=CARTESIAN_POINT('',(-26.022073480149,-1.3626358467623,55.8760619502328));
#10205=VECTOR('',#12340,1.0);
#10206=CARTESIAN_POINT('',(-26.022073480149,-1.3626358467624,55.3760619502328));
#10207=VECTOR('',#12341,1.0);
#10208=CARTESIAN_POINT('',(-26.022073480149,-1.7956485486547,55.4071508572451));
#10209=CARTESIAN_POINT('',(-26.022073480149,-1.7498501258009,55.4071508572451));
#10210=CARTESIAN_POINT('',(-26.022073480149,-1.6567103307167,55.4048813092748));
#10211=CARTESIAN_POINT('',(-26.022073480149,-1.5122271573208,55.3943320040915));
#10212=CARTESIAN_POINT('',(-26.022073480149,-1.41301191464,55.3828110635856));
#10213=CARTESIAN_POINT('',(-26.022073480149,-1.3626358467624,55.3760619502328));
#10214=CARTESIAN_POINT('',(-26.022073480149,-2.22866125054685,55.8760619502328));
#10215=CARTESIAN_POINT('',(-26.022073480149,-2.22866125054688,55.8760619502328));
#10216=VECTOR('',#12342,1.0);
#10217=CARTESIAN_POINT('',(-26.022073480149,-2.22866125054682,55.3760619502328));
#10218=VECTOR('',#12343,1.0);
#10219=CARTESIAN_POINT('',(-26.022073480149,-2.22866125054682,55.3760619502328));
#10220=CARTESIAN_POINT('',(-25.9595832966195,-2.26473997482928,55.3857292152682));
#10221=CARTESIAN_POINT('',(-25.8347162329716,-2.33683200763932,55.4014287808331));
#10222=CARTESIAN_POINT('',(-25.6470734801489,-2.44516760149299,55.410005513399));
#10223=CARTESIAN_POINT('',(-25.4594307273259,-2.55350319534685,55.4014287808331));
#10224=CARTESIAN_POINT('',(-25.3345636636783,-2.62559522815671,55.3857292152682));
#10225=CARTESIAN_POINT('',(-25.272073480149,-2.66167395243904,55.3760619502328));
#10226=CARTESIAN_POINT('',(-25.272073480149,-2.66167395243902,55.8760619502328));
#10227=CARTESIAN_POINT('',(-25.2720734801491,-2.66167395243905,55.8760619502328));
#10228=VECTOR('',#12344,1.0);
#10229=CARTESIAN_POINT('',(-25.272073480149,-2.66167395243904,55.3760619502328));
#10230=VECTOR('',#12345,1.0);
#10231=CARTESIAN_POINT('',(-25.272073480149,-2.66167395243904,55.3760619502328));
#10232=CARTESIAN_POINT('',(-25.2095832966196,-2.62559522815662,55.3857292152682));
#10233=CARTESIAN_POINT('',(-25.0847162329718,-2.55350319534663,55.4014287808331));
#10234=CARTESIAN_POINT('',(-24.897073480149,-2.44516760149293,55.410005513399));
#10235=CARTESIAN_POINT('',(-24.7094307273261,-2.33683200763912,55.4014287808331));
#10236=CARTESIAN_POINT('',(-24.5845636636784,-2.2647399748292,55.3857292152682));
#10237=CARTESIAN_POINT('',(-24.522073480149,-2.22866125054682,55.3760619502328));
#10238=CARTESIAN_POINT('',(-24.522073480149,-2.22866125054681,55.8760619502328));
#10239=CARTESIAN_POINT('',(-24.522073480149,-2.22866125054678,55.8760619502328));
#10240=VECTOR('',#12346,1.0);
#10241=CARTESIAN_POINT('',(-24.522073480149,-2.22866125054682,55.3760619502328));
#10242=VECTOR('',#12347,1.0);
#10243=CARTESIAN_POINT('',(-24.522073480149,-1.3626358467624,55.8760619502328));
#10244=CARTESIAN_POINT('',(-24.522073480149,-1.3626358467625,55.8760619502328));
#10245=VECTOR('',#12348,1.0);
#10246=CARTESIAN_POINT('',(-24.522073480149,-1.3626358467624,55.3760619502328));
#10247=VECTOR('',#12349,1.0);
#10248=CARTESIAN_POINT('',(-24.522073480149,-1.3626358467624,55.3760619502328));
#10249=CARTESIAN_POINT('',(-24.522073480149,-1.4129841041841,55.382807337691));
#10250=CARTESIAN_POINT('',(-24.522073480149,-1.5121619999112,55.3943252563997));
#10251=CARTESIAN_POINT('',(-24.522073480149,-1.6566428460479,55.4048784510638));
#10252=CARTESIAN_POINT('',(-24.522073480149,-1.749821187422,55.4071508634783));
#10253=CARTESIAN_POINT('',(-24.522073480149,-1.7956485486546,55.4071508634783));
#10254=CARTESIAN_POINT('',(-24.522073480149,-1.3626358467624,55.3760619502328));
#10255=CARTESIAN_POINT('',(-24.5845636636783,-1.3265571224801,55.3857292152682));
#10256=CARTESIAN_POINT('',(-24.709430727326,-1.2544650896702,55.4014287808331));
#10257=CARTESIAN_POINT('',(-24.8970734801493,-1.1461294958162,55.410005513399));
#10258=CARTESIAN_POINT('',(-25.0847162329716,-1.0377939019627,55.4014287808331));
#10259=CARTESIAN_POINT('',(-25.2095832966195,-0.965701869152696,55.3857292152682));
#10260=CARTESIAN_POINT('',(-25.272073480149,-0.929623144870199,55.3760619502328));
#10261=CARTESIAN_POINT('',(-25.2720734801492,-0.929623144870199,55.8760619502328));
#10262=VECTOR('',#12350,1.0);
#10263=CARTESIAN_POINT('',(29.538049675287,-1.7956485486546,57.4322195870307));
#10264=AXIS2_PLACEMENT_3D('',#12351,#12352,#12353);
#10265=CARTESIAN_POINT('',(27.117803364415,-1.7956485486546,57.4322195870307));
#10266=AXIS2_PLACEMENT_3D('',#12354,#12355,#12356);
#10267=AXIS2_PLACEMENT_3D('',#12357,#12358,#12359);
#10268=CARTESIAN_POINT('',(27.317803364415,-1.7956485486546,57.8422195870307));
#10269=CARTESIAN_POINT('',(29.338049675287,-1.7956485486546,57.8422195870307));
#10270=AXIS2_PLACEMENT_3D('',#12360,#12361,#12362);
#10271=CARTESIAN_POINT('',(27.327926519851,-1.7956485486546,57.8629720556737));
#10272=VECTOR('',#12363,2.28089894559141);
#10273=CARTESIAN_POINT('',(29.327926519851,-1.7956485486546,57.8629720556737));
#10274=VECTOR('',#12364,2.28089894559141);
#10275=CARTESIAN_POINT('',(29.327926519851,-1.7956485486546,57.8860619502328));
#10276=CARTESIAN_POINT('',(27.327926519851,-1.7956485486546,57.8860619502328));
#10277=AXIS2_PLACEMENT_3D('',#12365,#12366,#12367);
#10278=AXIS2_PLACEMENT_3D('',#12368,#12369,#12370);
#10279=AXIS2_PLACEMENT_3D('',#12371,#12372,#12373);
#10280=CARTESIAN_POINT('',(27.327926519851,-1.7956485486546,65.1760619502328));
#10281=CARTESIAN_POINT('',(29.327926519851,-1.7956485486546,65.1760619502328));
#10282=AXIS2_PLACEMENT_3D('',#12374,#12375,#12376);
#10283=CARTESIAN_POINT('',(27.327926519851,-1.7956485486546,55.3760619502328));
#10284=VECTOR('',#12377,1.0);
#10285=CARTESIAN_POINT('',(29.327926519851,-1.7956485486546,55.3760619502328));
#10286=VECTOR('',#12378,1.0);
#10287=AXIS2_PLACEMENT_3D('',#12379,#12380,#12381);
#10288=CARTESIAN_POINT('',(-23.6055034323182,-17.7575593554269,52.0260619502328));
#10289=VECTOR('',#12382,1.0);
#10290=CARTESIAN_POINT('',(-24.545488877917,-18.8066634313233,52.0260619502328));
#10291=VECTOR('',#12383,1.0);
#10292=CARTESIAN_POINT('',(29.127926519851,-1.7956485486546,65.3760619502328));
#10293=CARTESIAN_POINT('',(29.327926519851,-1.7956485486546,65.1760619502328));
#10294=VECTOR('',#12384,1.41421356237312);
#10295=CARTESIAN_POINT('',(27.527926519851,-1.7956485486546,65.3760619502328));
#10296=AXIS2_PLACEMENT_3D('',#12385,#12386,#12387);
#10297=CARTESIAN_POINT('',(27.327926519851,-1.7956485486546,65.1760619502328));
#10298=VECTOR('',#12388,1.41421356237312);
#10299=AXIS2_PLACEMENT_3D('',#12389,#12390,#12391);
#10300=CARTESIAN_POINT('',(29.077926519851,-1.3626358467624,55.3760619502328));
#10301=CARTESIAN_POINT('',(29.077926519851,-1.4129841041841,55.382807337691));
#10302=CARTESIAN_POINT('',(29.077926519851,-1.5121619999112,55.3943252563997));
#10303=CARTESIAN_POINT('',(29.077926519851,-1.6566428460479,55.4048784510638));
#10304=CARTESIAN_POINT('',(29.077926519851,-1.749821187422,55.4071508634783));
#10305=CARTESIAN_POINT('',(29.077926519851,-1.7956485486546,55.4071508634783));
#10306=CARTESIAN_POINT('',(-24.6186435279798,-25.4537377418824,52.0260619502328));
#10307=AXIS2_PLACEMENT_3D('',#12392,#12393,#12394);
#10308=CARTESIAN_POINT('',(-24.6186435279798,-25.4537377418824,48.8360619502328));
#10309=CARTESIAN_POINT('',(-24.6186435279798,-25.4537377418824,55.1980619502328));
#10310=VECTOR('',#12395,1.0);
#10311=CARTESIAN_POINT('',(-23.6055034323182,-25.3775593554268,48.8360619502328));
#10312=AXIS2_PLACEMENT_3D('',#12396,#12397,#12398);
#10313=CARTESIAN_POINT('',(-23.6055034323182,-25.3775593554268,55.1980619502328));
#10314=VECTOR('',#12399,1.0);
#10315=CARTESIAN_POINT('',(-24.545488877917,-26.4266634313233,52.0260619502328));
#10316=CARTESIAN_POINT('',(-24.545488877917,-26.4266634313233,52.0260619502328));
#10317=VECTOR('',#12400,1.0);
#10318=CARTESIAN_POINT('',(-24.5454888779169,-26.4266634313233,52.5260619502328));
#10319=CARTESIAN_POINT('',(-24.5454888779169,-26.4266634313233,52.5260619502328));
#10320=VECTOR('',#12401,1.0);
#10321=CARTESIAN_POINT('',(-24.6917981780427,-24.4808120524414,52.5260619502328));
#10322=CARTESIAN_POINT('',(-24.545488877917,-26.4266634313233,52.5260619502328));
#10323=VECTOR('',#12402,1.0);
#10324=CARTESIAN_POINT('',(-24.6917981780426,-24.4808120524414,52.0260619502328));
#10325=CARTESIAN_POINT('',(-24.6917981780426,-24.4808120524414,52.0260619502328));
#10326=VECTOR('',#12403,1.0);
#10327=CARTESIAN_POINT('',(-24.6917981780427,-24.4808120524414,52.0260619502328));
#10328=VECTOR('',#12404,1.0);
#10329=CARTESIAN_POINT('',(-25.2089771270266,-25.4981251481636,52.5260619502328));
#10330=AXIS2_PLACEMENT_3D('',#12405,#12406,#12407);
#10331=AXIS2_PLACEMENT_3D('',#12408,#12409,#12410);
#10332=CARTESIAN_POINT('',(-26.4821966355846,-1.7956485486546,57.4322195870307));
#10333=CARTESIAN_POINT('',(-24.0619503247134,-1.7956485486546,57.4322195870307));
#10334=AXIS2_PLACEMENT_3D('',#12411,#12412,#12413);
#10335=AXIS2_PLACEMENT_3D('',#12414,#12415,#12416);
#10336=AXIS2_PLACEMENT_3D('',#12417,#12418,#12419);
#10337=CARTESIAN_POINT('',(29.077926519851,-2.22866125054682,55.8760619502328));
#10338=CARTESIAN_POINT('',(29.077926519851,-2.22866125054682,55.3760619502328));
#10339=VECTOR('',#12420,1.0);
#10340=CARTESIAN_POINT('',(29.077926519851,-1.3626358467624,55.8760619502328));
#10341=CARTESIAN_POINT('',(29.077926519851,-1.3626358467624,55.8760619502328));
#10342=VECTOR('',#12421,1.0);
#10343=CARTESIAN_POINT('',(29.077926519851,-1.3626358467624,55.3760619502328));
#10344=VECTOR('',#12422,1.0);
#10345=CARTESIAN_POINT('',(-24.2619503247134,-1.7956485486546,57.8422195870307));
#10346=CARTESIAN_POINT('',(-26.2821966355846,-1.7956485486546,57.8422195870307));
#10347=AXIS2_PLACEMENT_3D('',#12423,#12424,#12425);
#10348=CARTESIAN_POINT('',(-24.272073480149,-1.7956485486546,57.8629720556737));
#10349=VECTOR('',#12426,2.28089894559141);
#10350=CARTESIAN_POINT('',(-26.272073480149,-1.7956485486546,57.8629720556737));
#10351=VECTOR('',#12427,2.28089894559141);
#10352=CARTESIAN_POINT('',(-26.272073480149,-1.7956485486546,57.8860619502328));
#10353=AXIS2_PLACEMENT_3D('',#12428,#12429,#12430);
#10354=CARTESIAN_POINT('',(-24.272073480149,-1.7956485486546,57.8860619502328));
#10355=AXIS2_PLACEMENT_3D('',#12431,#12432,#12433);
#10356=AXIS2_PLACEMENT_3D('',#12434,#12435,#12436);
#10357=AXIS2_PLACEMENT_3D('',#12437,#12438,#12439);
#10358=CARTESIAN_POINT('',(-24.272073480149,-1.7956485486546,65.1760619502328));
#10359=CARTESIAN_POINT('',(-24.272073480149,-1.7956485486546,55.3760619502328));
#10360=VECTOR('',#12440,1.0);
#10361=CARTESIAN_POINT('',(-26.272073480149,-1.7956485486546,65.1760619502328));
#10362=AXIS2_PLACEMENT_3D('',#12441,#12442,#12443);
#10363=CARTESIAN_POINT('',(-26.272073480149,-1.7956485486546,55.3760619502328));
#10364=VECTOR('',#12444,1.0);
#10365=CARTESIAN_POINT('',(-24.6917981780426,-16.8608120524414,52.5260619502328));
#10366=CARTESIAN_POINT('',(-24.545488877917,-18.8066634313233,52.5260619502328));
#10367=VECTOR('',#12445,1.0);
#10368=CARTESIAN_POINT('',(-24.6917981780426,-16.8608120524414,52.0260619502328));
#10369=VECTOR('',#12446,1.0);
#10370=AXIS2_PLACEMENT_3D('',#12447,#12448,#12449);
#10371=CARTESIAN_POINT('',(-26.072073480149,-1.7956485486546,65.3760619502328));
#10372=CARTESIAN_POINT('',(-26.272073480149,-1.7956485486546,65.1760619502328));
#10373=VECTOR('',#12450,1.41421356237312);
#10374=CARTESIAN_POINT('',(-24.472073480149,-1.7956485486546,65.3760619502328));
#10375=AXIS2_PLACEMENT_3D('',#12451,#12452,#12453);
#10376=CARTESIAN_POINT('',(-24.272073480149,-1.7956485486546,65.1760619502328));
#10377=VECTOR('',#12454,1.41421356237312);
#10378=CARTESIAN_POINT('',(-24.1200509612172,-25.4162483784692,48.3360619502328));
#10379=AXIS2_PLACEMENT_3D('',#12455,#12456,#12457);
#10380=CARTESIAN_POINT('',(-24.1040959990808,-25.41504871884,48.3360619502328));
#10381=AXIS2_PLACEMENT_3D('',#12458,#12459,#12460);
#10382=AXIS2_PLACEMENT_3D('',#12461,#12462,#12463);
#10383=AXIS2_PLACEMENT_3D('',#12464,#12465,#12466);
#10384=CARTESIAN_POINT('',(29.077926519851,-1.3626358467624,55.3760619502328));
#10385=CARTESIAN_POINT('',(29.015436336322,-1.3265571224803,55.3857292152681));
#10386=CARTESIAN_POINT('',(28.890569272675,-1.2544650896708,55.4014287808331));
#10387=CARTESIAN_POINT('',(28.70292651985,-1.1461294958155,55.410005513399));
#10388=CARTESIAN_POINT('',(28.51528376703,-1.0377939019634,55.4014287808332));
#10389=CARTESIAN_POINT('',(28.390416703381,-0.965701869152902,55.3857292152683));
#10390=CARTESIAN_POINT('',(28.327926519851,-0.929623144870199,55.3760619502328));
#10391=CARTESIAN_POINT('',(-23.0151698332714,-25.3331719491456,52.5260619502328));
#10392=AXIS2_PLACEMENT_3D('',#12467,#12468,#12469);
#10393=CARTESIAN_POINT('',(-23.0151698332714,-25.3331719491456,55.3760619502328));
#10394=VECTOR('',#12470,1.0);
#10395=CARTESIAN_POINT('',(-25.2089771270266,-25.4981251481636,55.3760619502328));
#10396=VECTOR('',#12471,1.0);
#10397=AXIS2_PLACEMENT_3D('',#12472,#12473,#12474);
#10398=CARTESIAN_POINT('',(-3.497073480149,0.104351451345401,53.0260619502328));
#10399=AXIS2_PLACEMENT_3D('',#12475,#12476,#12477);
#10400=CARTESIAN_POINT('',(-3.497073480149,0.104351451345401,53.0260619502328));
#10401=VECTOR('',#12478,1.0);
#10402=CARTESIAN_POINT('',(-3.497073480149,-1.0312179461598,53.0260619502328));
#10403=CARTESIAN_POINT('',(-3.497073480149,-1.0312179461598,53.0260619502328));
#10404=VECTOR('',#12479,1.0);
#10405=CARTESIAN_POINT('',(-3.497073480149,-1.0312179461598,55.8760619502328));
#10406=VECTOR('',#12480,1.0);
#10407=CARTESIAN_POINT('',(-2.8148227989486,-1.8807179127815,53.0260619502328));
#10408=AXIS2_PLACEMENT_3D('',#12481,#12482,#12483);
#10409=CARTESIAN_POINT('',(-2.8148227989501,-1.8807179127812,53.0260619502328));
#10410=VECTOR('',#12484,1.0);
#10411=CARTESIAN_POINT('',(-0.619073480148998,-4.61474079386019,53.0260619502328));
#10412=AXIS2_PLACEMENT_3D('',#12485,#12486,#12487);
#10413=CARTESIAN_POINT('',(-0.619073480148998,-4.6147407938615,53.0260619502328));
#10414=VECTOR('',#12488,1.0);
#10415=CARTESIAN_POINT('',(-0.619073480148998,-5.70312808007131,53.0260619502328));
#10416=CARTESIAN_POINT('',(-0.619073480148998,-5.70312808007131,53.0260619502328));
#10417=VECTOR('',#12489,1.0);
#10418=CARTESIAN_POINT('',(-0.619073480148998,-5.70312808007131,55.8760619502328));
#10419=VECTOR('',#12490,1.0);
#10420=AXIS2_PLACEMENT_3D('',#12491,#12492,#12493);
#10421=CARTESIAN_POINT('',(7.335439045054,-0.414988348991798,53.0260619502328));
#10422=CARTESIAN_POINT('',(6.279881781752,0.604351451345401,53.0260619502328));
#10423=VECTOR('',#12494,1.0);
#10424=CARTESIAN_POINT('',(8.030097415515,-0.695648548654603,53.0260619502328));
#10425=AXIS2_PLACEMENT_3D('',#12495,#12496,#12497);
#10426=CARTESIAN_POINT('',(13.575755624187,-0.695648548654603,53.0260619502328));
#10427=CARTESIAN_POINT('',(8.030097415515,-0.695648548654603,53.0260619502328));
#10428=VECTOR('',#12498,1.0);
#10429=CARTESIAN_POINT('',(14.270413994646,-0.414988348993099,53.0260619502328));
#10430=AXIS2_PLACEMENT_3D('',#12499,#12500,#12501);
#10431=CARTESIAN_POINT('',(14.270413994646,-0.414988348993099,53.0260619502328));
#10432=VECTOR('',#12502,1.0);
#10433=CARTESIAN_POINT('',(14.270413994646,-0.414988348993298,55.3760619502328));
#10434=CARTESIAN_POINT('',(15.32597125795,0.604351451345401,55.3760619502328));
#10435=VECTOR('',#12503,1.0);
#10436=CARTESIAN_POINT('',(14.270413994646,-0.414988348993298,55.3760619502328));
#10437=VECTOR('',#12504,1.0);
#10438=CARTESIAN_POINT('',(7.335439045057,-0.414988348993802,55.3760619502328));
#10439=CARTESIAN_POINT('',(7.335439045057,-0.4149883489942,55.3760619502328));
#10440=VECTOR('',#12505,1.0);
#10441=CARTESIAN_POINT('',(13.575755624187,-0.695648548654603,55.3760619502328));
#10442=AXIS2_PLACEMENT_3D('',#12506,#12507,#12508);
#10443=CARTESIAN_POINT('',(8.030097415515,-0.695648548654603,55.3760619502328));
#10444=CARTESIAN_POINT('',(13.575755624187,-0.695648548654603,55.3760619502328));
#10445=VECTOR('',#12509,1.0);
#10446=AXIS2_PLACEMENT_3D('',#12510,#12511,#12512);
#10447=CARTESIAN_POINT('',(7.33543904505601,-0.414988348993298,53.0260619502328));
#10448=VECTOR('',#12513,1.0);
#10449=CARTESIAN_POINT('',(8.030097415515,-0.695648548654603,55.3760619502328));
#10450=VECTOR('',#12514,1.0);
#10451=CARTESIAN_POINT('',(13.575755624187,-0.695648548654603,53.0260619502328));
#10452=VECTOR('',#12515,1.0);
#10453=CARTESIAN_POINT('',(26.013723397929,-30.3952425595792,52.5260619502328));
#10454=CARTESIAN_POINT('',(25.846408238815,-28.1700222025061,52.5260619502328));
#10455=AXIS2_PLACEMENT_3D('',#12516,#12517,#12518);
#10456=CARTESIAN_POINT('',(25.846408238815,-28.1700222025059,52.5260619502328));
#10457=VECTOR('',#12519,1.0);
#10458=CARTESIAN_POINT('',(17.204996769651,-24.0706485486546,54.4760619502665));
#10459=CARTESIAN_POINT('',(17.204996769651,-21.7456485486546,54.4760619502665));
#10460=CARTESIAN_POINT('',(17.204996769651,-24.0706485486546,54.4760619502665));
#10461=VECTOR('',#12520,1.0);
#10462=CARTESIAN_POINT('',(17.204996769651,-21.7456485486546,54.4760619502665));
#10463=VECTOR('',#12521,1.0);
#10464=CARTESIAN_POINT('',(17.204996769651,-24.0706485486546,55.8760619502328));
#10465=VECTOR('',#12522,1.0);
#10466=CARTESIAN_POINT('',(1.852926519851,-32.2456485486208,54.4760619502665));
#10467=CARTESIAN_POINT('',(4.802926519851,-32.2456485486209,54.4760619502665));
#10468=CARTESIAN_POINT('',(1.852926519851,-32.2456485486209,54.4760619502665));
#10469=VECTOR('',#12523,1.0);
#10470=CARTESIAN_POINT('',(1.852926519851,-31.2247890482546,54.4760619502665));
#10471=CARTESIAN_POINT('',(1.852926519851,-31.2247890482546,54.4760619502665));
#10472=VECTOR('',#12524,1.0);
#10473=CARTESIAN_POINT('',(-0.202073480162994,-31.2247890482546,54.4760619502665));
#10474=CARTESIAN_POINT('',(-0.202073480162994,-31.2247890482546,54.4760619502665));
#10475=VECTOR('',#12525,1.0);
#10476=CARTESIAN_POINT('',(-0.202073480147007,-11.5206485486546,54.4760619502665));
#10477=CARTESIAN_POINT('',(-0.202073480161999,-31.2247890482546,54.4760619502665));
#10478=VECTOR('',#12526,1.0);
#10479=CARTESIAN_POINT('',(2.708977729267,-11.5206485486546,54.4760619502665));
#10480=CARTESIAN_POINT('',(-0.202073480147007,-11.5206485486546,54.4760619502665));
#10481=VECTOR('',#12527,1.0);
#10482=CARTESIAN_POINT('',(6.602498432841,-16.1956485486543,54.4760619502665));
#10483=CARTESIAN_POINT('',(2.708977729267,-11.5206485486546,54.4760619502665));
#10484=VECTOR('',#12528,1.0);
#10485=CARTESIAN_POINT('',(14.729996769651,-16.1956485486546,54.4760619502665));
#10486=CARTESIAN_POINT('',(14.729996769651,-16.1956485486546,54.4760619502665));
#10487=VECTOR('',#12529,1.0);
#10488=CARTESIAN_POINT('',(14.729996769651,-18.6456485486546,54.4760619502665));
#10489=CARTESIAN_POINT('',(14.729996769651,-16.1956485486546,54.4760619502665));
#10490=VECTOR('',#12530,1.0);
#10491=CARTESIAN_POINT('',(18.375856270017,-18.6456485486546,54.4760619502665));
#10492=CARTESIAN_POINT('',(18.375856270017,-18.6456485486546,54.4760619502665));
#10493=VECTOR('',#12531,1.0);
#10494=CARTESIAN_POINT('',(18.375856270017,-21.7456485486546,54.4760619502665));
#10495=CARTESIAN_POINT('',(18.375856270017,-21.7456485486546,54.4760619502665));
#10496=VECTOR('',#12532,1.0);
#10497=CARTESIAN_POINT('',(17.204996769651,-21.7456485486546,54.4760619502665));
#10498=VECTOR('',#12533,1.0);
#10499=CARTESIAN_POINT('',(10.050856270051,-31.2247890482546,54.4760619502665));
#10500=CARTESIAN_POINT('',(17.204996769651,-24.0706485486548,54.4760619502665));
#10501=VECTOR('',#12534,1.0);
#10502=CARTESIAN_POINT('',(4.802926519851,-31.2247890482546,54.4760619502665));
#10503=CARTESIAN_POINT('',(10.050856270051,-31.2247890482546,54.4760619502665));
#10504=VECTOR('',#12535,1.0);
#10505=CARTESIAN_POINT('',(4.802926519851,-32.2456485486208,54.4760619502665));
#10506=VECTOR('',#12536,1.0);
#10507=CARTESIAN_POINT('',(2.297926519851,-13.4206485486546,54.4760619502665));
#10508=CARTESIAN_POINT('',(1.097926519851,-13.4206485486546,54.4760619502665));
#10509=AXIS2_PLACEMENT_3D('',#12537,#12538,#12539);
#10510=AXIS2_PLACEMENT_3D('',#12540,#12541,#12542);
#10511=AXIS2_PLACEMENT_3D('',#12543,#12544,#12545);
#10512=AXIS2_PLACEMENT_3D('',#12546,#12547,#12548);
#10513=CARTESIAN_POINT('',(1.852926519851,-31.2247890482546,55.8760619502328));
#10514=VECTOR('',#12549,1.0);
#10515=CARTESIAN_POINT('',(-0.202073480162994,-31.2247890482546,55.8760619502328));
#10516=VECTOR('',#12550,1.0);
#10517=CARTESIAN_POINT('',(-0.202073480147007,-11.5206485486546,54.4760619502665));
#10518=VECTOR('',#12551,1.0);
#10519=CARTESIAN_POINT('',(2.708977729267,-11.5206485486543,54.4760619502665));
#10520=VECTOR('',#12552,1.0);
#10521=CARTESIAN_POINT('',(6.602498432841,-16.1956485486543,55.8760619502328));
#10522=VECTOR('',#12553,1.0);
#10523=CARTESIAN_POINT('',(14.729996769651,-16.1956485486546,55.8760619502328));
#10524=VECTOR('',#12554,1.0);
#10525=CARTESIAN_POINT('',(14.729996769651,-18.6456485486546,55.8760619502328));
#10526=VECTOR('',#12555,1.0);
#10527=AXIS2_PLACEMENT_3D('',#12556,#12557,#12558);
#10528=AXIS2_PLACEMENT_3D('',#12559,#12560,#12561);
#10529=CARTESIAN_POINT('',(4.802926519851,-31.2247890482546,54.4760619502665));
#10530=VECTOR('',#12562,1.0);
#10531=CARTESIAN_POINT('',(10.050856270051,-31.2247890482546,55.8760619502328));
#10532=VECTOR('',#12563,1.0);
#10533=CARTESIAN_POINT('',(2.297926519851,-13.4206485486546,55.3760619502328));
#10534=CARTESIAN_POINT('',(2.297926519851,-13.4206485486546,61.2310098006694));
#10535=VECTOR('',#12564,1.0);
#10536=CARTESIAN_POINT('',(1.097926519851,-13.4206485486546,55.3760619502328));
#10537=AXIS2_PLACEMENT_3D('',#12565,#12566,#12567);
#10538=CARTESIAN_POINT('',(1.097926519851,-13.4206485486546,61.2310098006694));
#10539=VECTOR('',#12568,1.0);
#10540=AXIS2_PLACEMENT_3D('',#12569,#12570,#12571);
#10541=CARTESIAN_POINT('',(-22.272073480149,-22.9906485486546,54.5760619502328));
#10542=CARTESIAN_POINT('',(-22.272073480149,-22.9906485486546,54.5760619502328));
#10543=VECTOR('',#12572,1.0);
#10544=CARTESIAN_POINT('',(-22.272073480149,-23.6656485486546,54.5760619502328));
#10545=CARTESIAN_POINT('',(-22.272073480149,-23.6656485486546,54.5760619502328));
#10546=VECTOR('',#12573,1.0);
#10547=CARTESIAN_POINT('',(-22.272073480149,-23.6656485486546,54.5760619502328));
#10548=VECTOR('',#12574,1.0);
#10549=CARTESIAN_POINT('',(-18.772073480149,-22.9906485486546,54.5760619502328));
#10550=CARTESIAN_POINT('',(-18.772073480149,-22.9906485486546,55.8760619502328));
#10551=VECTOR('',#12575,1.0);
#10552=CARTESIAN_POINT('',(-18.772073480149,-22.9906485486546,54.5760619502328));
#10553=VECTOR('',#12576,1.0);
#10554=CARTESIAN_POINT('',(-18.772073480149,-23.6656485486546,54.5760619502328));
#10555=CARTESIAN_POINT('',(-18.772073480149,-23.6656485486546,55.8760619502328));
#10556=VECTOR('',#12577,1.0);
#10557=CARTESIAN_POINT('',(-18.772073480149,-22.9906485486546,54.5760619502328));
#10558=VECTOR('',#12578,1.0);
#10559=CARTESIAN_POINT('',(-18.622073480149,-23.6656485486546,54.5760619502328));
#10560=CARTESIAN_POINT('',(-18.772073480149,-23.6656485486546,54.5760619502328));
#10561=VECTOR('',#12579,1.0);
#10562=CARTESIAN_POINT('',(-18.622073480149,-25.0656485486546,54.5760619502328));
#10563=CARTESIAN_POINT('',(-18.622073480149,-23.6656485486546,54.5760619502328));
#10564=VECTOR('',#12580,1.0);
#10565=CARTESIAN_POINT('',(-18.772073480149,-25.0656485486546,54.5760619502328));
#10566=CARTESIAN_POINT('',(-18.622073480149,-25.0656485486546,54.5760619502328));
#10567=VECTOR('',#12581,1.0);
#10568=CARTESIAN_POINT('',(-18.772073480149,-25.7406485486546,54.5760619502328));
#10569=CARTESIAN_POINT('',(-18.772073480149,-25.0656485486546,54.5760619502328));
#10570=VECTOR('',#12582,1.0);
#10571=CARTESIAN_POINT('',(-22.272073480149,-25.7406485486546,54.5760619502328));
#10572=CARTESIAN_POINT('',(-22.272073480149,-25.7406485486546,54.5760619502328));
#10573=VECTOR('',#12583,1.0);
#10574=CARTESIAN_POINT('',(-22.272073480149,-25.0656485486546,54.5760619502328));
#10575=CARTESIAN_POINT('',(-22.272073480149,-25.7406485486546,54.5760619502328));
#10576=VECTOR('',#12584,1.0);
#10577=CARTESIAN_POINT('',(-22.897073480149,-25.0656485486546,54.5760619502328));
#10578=CARTESIAN_POINT('',(-22.272073480149,-25.0656485486546,54.5760619502328));
#10579=VECTOR('',#12585,1.0);
#10580=CARTESIAN_POINT('',(-22.897073480149,-23.6656485486546,54.5760619502328));
#10581=CARTESIAN_POINT('',(-22.897073480149,-23.6656485486546,54.5760619502328));
#10582=VECTOR('',#12586,1.0);
#10583=CARTESIAN_POINT('',(-22.897073480149,-23.6656485486546,54.5760619502328));
#10584=VECTOR('',#12587,1.0);
#10585=CARTESIAN_POINT('',(-22.897073480149,-23.6656485486546,55.8760619502328));
#10586=VECTOR('',#12588,1.0);
#10587=CARTESIAN_POINT('',(-22.897073480149,-25.0656485486546,54.5760619502328));
#10588=VECTOR('',#12589,1.0);
#10589=CARTESIAN_POINT('',(-22.272073480149,-25.0656485486546,54.5760619502328));
#10590=VECTOR('',#12590,1.0);
#10591=CARTESIAN_POINT('',(-22.272073480149,-25.7406485486546,55.8760619502328));
#10592=VECTOR('',#12591,1.0);
#10593=CARTESIAN_POINT('',(-18.772073480149,-25.7406485486546,54.5760619502328));
#10594=VECTOR('',#12592,1.0);
#10595=CARTESIAN_POINT('',(-18.772073480149,-25.0656485486546,54.5760619502328));
#10596=VECTOR('',#12593,1.0);
#10597=CARTESIAN_POINT('',(-18.622073480149,-25.0656485486546,55.8760619502328));
#10598=VECTOR('',#12594,1.0);
#10599=CARTESIAN_POINT('',(-18.622073480149,-23.6656485486546,55.8760619502328));
#10600=VECTOR('',#12595,1.0);
#10601=CARTESIAN_POINT('',(-22.897073480149,-16.7456485486546,54.3760619502328));
#10602=CARTESIAN_POINT('',(-22.897073480149,-16.7456485486546,55.8760619502328));
#10603=VECTOR('',#12596,1.0);
#10604=CARTESIAN_POINT('',(-22.897073480149,-21.9956485486546,54.3760619502328));
#10605=CARTESIAN_POINT('',(-22.897073480149,-16.7456485486546,54.3760619502328));
#10606=VECTOR('',#12597,1.0);
#10607=CARTESIAN_POINT('',(-22.897073480149,-21.9956485486546,54.3760619502328));
#10608=VECTOR('',#12598,1.0);
#10609=CARTESIAN_POINT('',(-21.247073480149,-15.0956485486546,54.3760619502328));
#10610=CARTESIAN_POINT('',(-21.247073480149,-15.0956485486546,55.8760619502328));
#10611=VECTOR('',#12599,1.0);
#10612=CARTESIAN_POINT('',(-22.897073480149,-16.7456485486546,54.3760619502328));
#10613=VECTOR('',#12600,1.0);
#10614=CARTESIAN_POINT('',(-19.947073480149,-15.0956485486546,54.3760619502328));
#10615=CARTESIAN_POINT('',(-19.947073480149,-15.0956485486546,54.3760619502328));
#10616=VECTOR('',#12601,1.0);
#10617=CARTESIAN_POINT('',(-19.947073480149,-15.0956485486546,54.3760619502328));
#10618=VECTOR('',#12602,1.0);
#10619=CARTESIAN_POINT('',(-15.547073480149,-20.7956485486546,54.3760619502328));
#10620=CARTESIAN_POINT('',(-15.547073480149,-15.0956485486546,54.3760619502328));
#10621=CARTESIAN_POINT('',(-15.547073480149,-20.7956485486546,54.3760619502328));
#10622=VECTOR('',#12603,1.0);
#10623=CARTESIAN_POINT('',(-16.747073480149,-21.9956485486546,54.3760619502328));
#10624=CARTESIAN_POINT('',(-15.547073480149,-20.7956485486546,54.3760619502328));
#10625=VECTOR('',#12604,1.0);
#10626=CARTESIAN_POINT('',(-18.047073480149,-21.9956485486546,54.3760619502328));
#10627=CARTESIAN_POINT('',(-18.047073480149,-21.9956485486546,54.3760619502328));
#10628=VECTOR('',#12605,1.0);
#10629=CARTESIAN_POINT('',(-18.047073480149,-22.6456485486546,54.3760619502328));
#10630=CARTESIAN_POINT('',(-18.047073480149,-22.6456485486546,54.3760619502328));
#10631=VECTOR('',#12606,1.0);
#10632=CARTESIAN_POINT('',(-19.947073480149,-22.6456485486546,54.3760619502328));
#10633=CARTESIAN_POINT('',(-19.947073480149,-22.6456485486546,54.3760619502328));
#10634=VECTOR('',#12607,1.0);
#10635=CARTESIAN_POINT('',(-19.947073480149,-21.9956485486546,54.3760619502328));
#10636=CARTESIAN_POINT('',(-19.947073480149,-21.9956485486546,54.3760619502328));
#10637=VECTOR('',#12608,1.0);
#10638=CARTESIAN_POINT('',(-22.897073480149,-21.9956485486546,54.3760619502328));
#10639=VECTOR('',#12609,1.0);
#10640=CARTESIAN_POINT('',(-19.947073480149,-14.4456485486546,54.3760619502328));
#10641=CARTESIAN_POINT('',(-19.947073480149,-14.4456485486546,54.3760619502328));
#10642=VECTOR('',#12610,1.0);
#10643=CARTESIAN_POINT('',(-18.047073480149,-14.4456485486546,54.3760619502328));
#10644=CARTESIAN_POINT('',(-18.047073480149,-14.4456485486546,54.3760619502328));
#10645=VECTOR('',#12611,1.0);
#10646=CARTESIAN_POINT('',(-18.047073480149,-15.0956485486546,54.3760619502328));
#10647=CARTESIAN_POINT('',(-18.047073480149,-15.0956485486546,54.3760619502328));
#10648=VECTOR('',#12612,1.0);
#10649=CARTESIAN_POINT('',(-15.547073480149,-15.0956485486546,54.3760619502328));
#10650=VECTOR('',#12613,1.0);
#10651=CARTESIAN_POINT('',(-15.547073480149,-20.7956485486546,54.3760619502328));
#10652=VECTOR('',#12614,1.0);
#10653=CARTESIAN_POINT('',(-15.547073480149,-15.0956485486546,55.8760619502328));
#10654=VECTOR('',#12615,1.0);
#10655=CARTESIAN_POINT('',(-18.047073480149,-15.0956485486546,55.8760619502328));
#10656=VECTOR('',#12616,1.0);
#10657=CARTESIAN_POINT('',(-18.047073480149,-14.4456485486546,55.8760619502328));
#10658=VECTOR('',#12617,1.0);
#10659=CARTESIAN_POINT('',(-19.947073480149,-14.4456485486546,54.3760619502328));
#10660=VECTOR('',#12618,1.0);
#10661=CARTESIAN_POINT('',(-16.747073480149,-21.9956485486546,55.8760619502328));
#10662=VECTOR('',#12619,1.0);
#10663=CARTESIAN_POINT('',(-18.047073480149,-21.9956485486546,55.8760619502328));
#10664=VECTOR('',#12620,1.0);
#10665=CARTESIAN_POINT('',(-18.047073480149,-22.6456485486546,55.8760619502328));
#10666=VECTOR('',#12621,1.0);
#10667=CARTESIAN_POINT('',(-19.947073480149,-22.6456485486546,54.3760619502328));
#10668=VECTOR('',#12622,1.0);
#10669=CARTESIAN_POINT('',(-19.947073480149,-21.9956485486546,54.3760619502328));
#10670=VECTOR('',#12623,1.0);
#10671=CARTESIAN_POINT('',(-14.822073480149,0.0793514513454028,54.3760619502328));
#10672=CARTESIAN_POINT('',(-14.822073480149,0.0793514513454028,54.3760619502328));
#10673=VECTOR('',#12624,1.0);
#10674=CARTESIAN_POINT('',(-20.272073480149,0.0793514513454028,54.3760619502328));
#10675=CARTESIAN_POINT('',(-20.272073480149,0.0793514513454028,54.3760619502328));
#10676=VECTOR('',#12625,1.0);
#10677=CARTESIAN_POINT('',(-20.272073480149,0.0793514513454028,54.3760619502328));
#10678=VECTOR('',#12626,1.0);
#10679=CARTESIAN_POINT('',(-20.272073480149,-5.37064854865461,54.3760619502328));
#10680=CARTESIAN_POINT('',(-20.272073480149,-5.37064854865461,54.3760619502328));
#10681=VECTOR('',#12627,1.0);
#10682=CARTESIAN_POINT('',(-20.272073480149,-5.37064854865461,54.3760619502328));
#10683=VECTOR('',#12628,1.0);
#10684=CARTESIAN_POINT('',(-14.822073480149,-5.37064854865461,54.3760619502328));
#10685=CARTESIAN_POINT('',(-14.822073480149,-5.37064854865461,54.3760619502328));
#10686=VECTOR('',#12629,1.0);
#10687=CARTESIAN_POINT('',(-14.822073480149,-5.37064854865461,54.3760619502328));
#10688=VECTOR('',#12630,1.0);
#10689=CARTESIAN_POINT('',(-14.822073480149,0.0793514513454028,54.3760619502328));
#10690=VECTOR('',#12631,1.0);
#10691=CARTESIAN_POINT('',(-0.956997934537,-10.665588735093,53.0260619502328));
#10692=CARTESIAN_POINT('',(-0.956997934537,-10.665588735093,53.0260619502328));
#10693=VECTOR('',#12632,1.0);
#10694=CARTESIAN_POINT('',(-1.31887882758799,-9.36377681051348,53.0260619502328));
#10695=CARTESIAN_POINT('',(-1.318878827586,-9.36377681051862,53.0260619502328));
#10696=VECTOR('',#12633,1.0);
#10697=CARTESIAN_POINT('',(-1.31887882759,-9.36377681050827,55.8760619502328));
#10698=VECTOR('',#12634,1.0);
#10699=CARTESIAN_POINT('',(-1.62928001672699,-8.98749259074156,53.0260619502328));
#10700=AXIS2_PLACEMENT_3D('',#12635,#12636,#12637);
#10701=CARTESIAN_POINT('',(-1.629280016725,-8.98749259074272,53.0260619502328));
#10702=VECTOR('',#12638,1.0);
#10703=CARTESIAN_POINT('',(-6.9540225056648,-6.33316489290018,53.0260619502328));
#10704=CARTESIAN_POINT('',(-6.9540225056648,-6.33316489290008,53.0260619502328));
#10705=VECTOR('',#12639,1.0);
#10706=CARTESIAN_POINT('',(-6.9540225056647,-6.33316489290013,55.8760619502328));
#10707=VECTOR('',#12640,1.0);
#10708=CARTESIAN_POINT('',(-7.17708836551989,-6.28064854865444,53.0260619502328));
#10709=CARTESIAN_POINT('',(-7.1770883655193,-6.28064854865444,53.0260619502328));
#10710=VECTOR('',#12641,1.0);
#10711=AXIS2_PLACEMENT_3D('',#12642,#12643,#12644);
#10712=CARTESIAN_POINT('',(-8.03690750355079,-6.28064854865421,53.0260619502328));
#10713=CARTESIAN_POINT('',(-7.1770883655193,-6.28064854865444,53.0260619502328));
#10714=VECTOR('',#12645,1.0);
#10715=CARTESIAN_POINT('',(-8.03690750355079,-6.28064854865421,55.8760619502328));
#10716=VECTOR('',#12646,1.0);
#10717=CARTESIAN_POINT('',(-8.25997336340529,-6.33316489289969,53.0260619502328));
#10718=CARTESIAN_POINT('',(-8.25997336340539,-6.33316489289975,53.0260619502328));
#10719=VECTOR('',#12647,1.0);
#10720=AXIS2_PLACEMENT_3D('',#12648,#12649,#12650);
#10721=CARTESIAN_POINT('',(-13.5847158523476,-8.98749259073987,53.0260619502328));
#10722=CARTESIAN_POINT('',(-13.5847158523477,-8.98749259073988,53.0260619502328));
#10723=VECTOR('',#12651,1.0);
#10724=CARTESIAN_POINT('',(-13.5847158523476,-8.98749259073984,55.8760619502328));
#10725=VECTOR('',#12652,1.0);
#10726=CARTESIAN_POINT('',(-13.8951170414834,-9.36377681050513,53.0260619502328));
#10727=AXIS2_PLACEMENT_3D('',#12653,#12654,#12655);
#10728=CARTESIAN_POINT('',(-13.8951170414834,-9.36377681050536,53.0260619502328));
#10729=VECTOR('',#12656,1.0);
#10730=CARTESIAN_POINT('',(-14.2569979345362,-10.6655887350898,53.0260619502328));
#10731=CARTESIAN_POINT('',(-14.2569979345362,-10.6655887350896,53.0260619502328));
#10732=VECTOR('',#12657,1.0);
#10733=CARTESIAN_POINT('',(-14.2569979345363,-10.6655887350899,53.0260619502328));
#10734=VECTOR('',#12658,1.0);
#10735=CARTESIAN_POINT('',(-14.2569979345304,-33.6866484506161,53.0260619502328));
#10736=CARTESIAN_POINT('',(-14.2569979345362,-10.6655887350899,53.0260619502328));
#10737=VECTOR('',#12659,1.0);
#10738=CARTESIAN_POINT('',(-14.2569979345305,-33.6866484506153,55.8760619502328));
#10739=VECTOR('',#12660,1.0);
#10740=CARTESIAN_POINT('',(-13.6569979345308,-34.2866484506151,53.0260619502328));
#10741=AXIS2_PLACEMENT_3D('',#12661,#12662,#12663);
#10742=CARTESIAN_POINT('',(-13.6569979345306,-34.2866484506151,53.0260619502328));
#10743=VECTOR('',#12664,1.0);
#10744=CARTESIAN_POINT('',(-1.556997934555,-34.2866484506183,53.0260619502328));
#10745=CARTESIAN_POINT('',(-13.6569979345306,-34.2866484506151,53.0260619502328));
#10746=VECTOR('',#12665,1.0);
#10747=CARTESIAN_POINT('',(-1.556997934555,-34.2866484506183,55.8760619502328));
#10748=VECTOR('',#12666,1.0);
#10749=CARTESIAN_POINT('',(-0.956997934555005,-33.6866484506179,53.0260619502328));
#10750=AXIS2_PLACEMENT_3D('',#12667,#12668,#12669);
#10751=CARTESIAN_POINT('',(-0.956997934555005,-33.6866484506183,53.0260619502328));
#10752=VECTOR('',#12670,1.0);
#10753=CARTESIAN_POINT('',(-0.956997934537,-10.6655887350906,53.0260619502328));
#10754=VECTOR('',#12671,1.0);
#10755=CARTESIAN_POINT('',(-19.297073480149,-10.1956485486546,54.5760619502328));
#10756=CARTESIAN_POINT('',(-19.297073480149,-10.1956485486546,54.5760619502328));
#10757=VECTOR('',#12672,1.0);
#10758=CARTESIAN_POINT('',(-19.297073480149,-13.6956485486546,54.5760619502328));
#10759=CARTESIAN_POINT('',(-19.297073480149,-13.6956485486546,54.5760619502328));
#10760=VECTOR('',#12673,1.0);
#10761=CARTESIAN_POINT('',(-19.297073480149,-13.6956485486546,54.5760619502328));
#10762=VECTOR('',#12674,1.0);
#10763=CARTESIAN_POINT('',(-18.622073480149,-13.6956485486546,54.5760619502328));
#10764=CARTESIAN_POINT('',(-18.622073480149,-13.6956485486546,54.5760619502328));
#10765=VECTOR('',#12675,1.0);
#10766=CARTESIAN_POINT('',(-18.622073480149,-13.6956485486546,54.5760619502328));
#10767=VECTOR('',#12676,1.0);
#10768=CARTESIAN_POINT('',(-18.622073480149,-13.8456485486546,54.5760619502328));
#10769=CARTESIAN_POINT('',(-18.622073480149,-13.8456485486546,54.5760619502328));
#10770=VECTOR('',#12677,1.0);
#10771=CARTESIAN_POINT('',(-18.622073480149,-13.8456485486546,54.5760619502328));
#10772=VECTOR('',#12678,1.0);
#10773=CARTESIAN_POINT('',(-17.222073480149,-13.8456485486546,54.5760619502328));
#10774=CARTESIAN_POINT('',(-17.222073480149,-13.8456485486546,54.5760619502328));
#10775=VECTOR('',#12679,1.0);
#10776=CARTESIAN_POINT('',(-17.222073480149,-13.8456485486546,54.5760619502328));
#10777=VECTOR('',#12680,1.0);
#10778=CARTESIAN_POINT('',(-17.222073480149,-13.6956485486546,54.5760619502328));
#10779=CARTESIAN_POINT('',(-17.222073480149,-13.6956485486546,54.5760619502328));
#10780=VECTOR('',#12681,1.0);
#10781=CARTESIAN_POINT('',(-17.222073480149,-13.6956485486546,54.5760619502328));
#10782=VECTOR('',#12682,1.0);
#10783=CARTESIAN_POINT('',(-16.547073480149,-13.6956485486546,54.5760619502328));
#10784=CARTESIAN_POINT('',(-16.547073480149,-13.6956485486546,54.5760619502328));
#10785=VECTOR('',#12683,1.0);
#10786=CARTESIAN_POINT('',(-16.547073480149,-13.6956485486546,54.5760619502328));
#10787=VECTOR('',#12684,1.0);
#10788=CARTESIAN_POINT('',(-16.547073480149,-10.1956485486546,54.5760619502328));
#10789=CARTESIAN_POINT('',(-16.547073480149,-10.1956485486546,54.5760619502328));
#10790=VECTOR('',#12685,1.0);
#10791=CARTESIAN_POINT('',(-16.547073480149,-10.1956485486546,54.5760619502328));
#10792=VECTOR('',#12686,1.0);
#10793=CARTESIAN_POINT('',(-17.222073480149,-10.1956485486546,54.5760619502328));
#10794=CARTESIAN_POINT('',(-17.222073480149,-10.1956485486546,54.5760619502328));
#10795=VECTOR('',#12687,1.0);
#10796=CARTESIAN_POINT('',(-17.222073480149,-10.1956485486546,54.5760619502328));
#10797=VECTOR('',#12688,1.0);
#10798=CARTESIAN_POINT('',(-17.222073480149,-10.0456485486546,54.5760619502328));
#10799=CARTESIAN_POINT('',(-17.222073480149,-10.0456485486546,54.5760619502328));
#10800=VECTOR('',#12689,1.0);
#10801=CARTESIAN_POINT('',(-17.222073480149,-10.0456485486546,54.5760619502328));
#10802=VECTOR('',#12690,1.0);
#10803=CARTESIAN_POINT('',(-18.622073480149,-10.0456485486546,54.5760619502328));
#10804=CARTESIAN_POINT('',(-18.622073480149,-10.0456485486546,54.5760619502328));
#10805=VECTOR('',#12691,1.0);
#10806=CARTESIAN_POINT('',(-18.622073480149,-10.0456485486546,54.5760619502328));
#10807=VECTOR('',#12692,1.0);
#10808=CARTESIAN_POINT('',(-18.622073480149,-10.1956485486546,54.5760619502328));
#10809=CARTESIAN_POINT('',(-18.622073480149,-10.1956485486546,54.5760619502328));
#10810=VECTOR('',#12693,1.0);
#10811=CARTESIAN_POINT('',(-18.622073480149,-10.1956485486546,54.5760619502328));
#10812=VECTOR('',#12694,1.0);
#10813=CARTESIAN_POINT('',(-19.297073480149,-10.1956485486546,54.5760619502328));
#10814=VECTOR('',#12695,1.0);
#10815=CARTESIAN_POINT('',(-19.697073480149,-13.6956485486546,54.5760619502328));
#10816=CARTESIAN_POINT('',(-19.697073480149,-13.6956485486546,54.5760619502328));
#10817=VECTOR('',#12696,1.0);
#10818=CARTESIAN_POINT('',(-19.697073480149,-10.1956485486546,54.5760619502328));
#10819=CARTESIAN_POINT('',(-19.697073480149,-10.1956485486546,54.5760619502328));
#10820=VECTOR('',#12697,1.0);
#10821=CARTESIAN_POINT('',(-19.697073480149,-10.1956485486546,54.5760619502328));
#10822=VECTOR('',#12698,1.0);
#10823=CARTESIAN_POINT('',(-20.372073480149,-13.6956485486546,54.5760619502328));
#10824=CARTESIAN_POINT('',(-20.372073480149,-13.6956485486546,55.8760619502328));
#10825=VECTOR('',#12699,1.0);
#10826=CARTESIAN_POINT('',(-19.697073480149,-13.6956485486546,54.5760619502328));
#10827=VECTOR('',#12700,1.0);
#10828=CARTESIAN_POINT('',(-20.372073480149,-13.8456485486546,54.5760619502328));
#10829=CARTESIAN_POINT('',(-20.372073480149,-13.6956485486546,54.5760619502328));
#10830=VECTOR('',#12701,1.0);
#10831=CARTESIAN_POINT('',(-21.772073480149,-13.8456485486546,54.5760619502328));
#10832=CARTESIAN_POINT('',(-20.372073480149,-13.8456485486546,54.5760619502328));
#10833=VECTOR('',#12702,1.0);
#10834=CARTESIAN_POINT('',(-21.772073480149,-13.6956485486546,54.5760619502328));
#10835=CARTESIAN_POINT('',(-21.772073480149,-13.8456485486546,54.5760619502328));
#10836=VECTOR('',#12703,1.0);
#10837=CARTESIAN_POINT('',(-22.897073480149,-13.6956485486546,54.5760619502328));
#10838=CARTESIAN_POINT('',(-21.772073480149,-13.6956485486546,54.5760619502328));
#10839=VECTOR('',#12704,1.0);
#10840=CARTESIAN_POINT('',(-22.897073480149,-10.1956485486546,54.5760619502328));
#10841=CARTESIAN_POINT('',(-22.897073480149,-10.1956485486546,54.5760619502328));
#10842=VECTOR('',#12705,1.0);
#10843=CARTESIAN_POINT('',(-21.772073480149,-10.1956485486546,54.5760619502328));
#10844=CARTESIAN_POINT('',(-22.897073480149,-10.1956485486546,54.5760619502328));
#10845=VECTOR('',#12706,1.0);
#10846=CARTESIAN_POINT('',(-21.772073480149,-10.0456485486546,54.5760619502328));
#10847=CARTESIAN_POINT('',(-21.772073480149,-10.1956485486546,54.5760619502328));
#10848=VECTOR('',#12707,1.0);
#10849=CARTESIAN_POINT('',(-20.372073480149,-10.0456485486546,54.5760619502328));
#10850=CARTESIAN_POINT('',(-21.772073480149,-10.0456485486546,54.5760619502328));
#10851=VECTOR('',#12708,1.0);
#10852=CARTESIAN_POINT('',(-20.372073480149,-10.1956485486546,54.5760619502328));
#10853=CARTESIAN_POINT('',(-20.372073480149,-10.0456485486546,54.5760619502328));
#10854=VECTOR('',#12709,1.0);
#10855=CARTESIAN_POINT('',(-20.372073480149,-10.1956485486546,54.5760619502328));
#10856=VECTOR('',#12710,1.0);
#10857=CARTESIAN_POINT('',(-20.372073480149,-10.1956485486546,54.5760619502328));
#10858=VECTOR('',#12711,1.0);
#10859=CARTESIAN_POINT('',(-20.372073480149,-10.0456485486546,54.5760619502328));
#10860=VECTOR('',#12712,1.0);
#10861=CARTESIAN_POINT('',(-21.772073480149,-10.0456485486546,55.8760619502328));
#10862=VECTOR('',#12713,1.0);
#10863=CARTESIAN_POINT('',(-21.772073480149,-10.1956485486546,55.8760619502328));
#10864=VECTOR('',#12714,1.0);
#10865=CARTESIAN_POINT('',(-22.897073480149,-10.1956485486546,54.5760619502328));
#10866=VECTOR('',#12715,1.0);
#10867=CARTESIAN_POINT('',(-22.897073480149,-13.6956485486546,54.5760619502328));
#10868=VECTOR('',#12716,1.0);
#10869=CARTESIAN_POINT('',(-21.772073480149,-13.6956485486546,54.5760619502328));
#10870=VECTOR('',#12717,1.0);
#10871=CARTESIAN_POINT('',(-21.772073480149,-13.8456485486546,54.5760619502328));
#10872=VECTOR('',#12718,1.0);
#10873=CARTESIAN_POINT('',(-20.372073480149,-13.8456485486546,55.8760619502328));
#10874=VECTOR('',#12719,1.0);
#10875=CARTESIAN_POINT('',(7.30792651985099,-35.5456485486546,54.8760619502328));
#10876=CARTESIAN_POINT('',(10.447926519851,-35.5456485486546,54.8760619502328));
#10877=CARTESIAN_POINT('',(7.30792651985099,-35.5456485486546,54.8760619502328));
#10878=VECTOR('',#12720,1.0);
#10879=CARTESIAN_POINT('',(10.447926519851,-35.5456485486546,55.8760619502328));
#10880=VECTOR('',#12721,1.0);
#10881=CARTESIAN_POINT('',(7.30792651985099,-35.5456485486546,54.8760619502328));
#10882=VECTOR('',#12722,1.0);
#10883=CARTESIAN_POINT('',(7.30792651985099,-33.0456485486546,54.8760619502328));
#10884=CARTESIAN_POINT('',(7.30792651985099,-33.0456485486546,54.8760619502328));
#10885=VECTOR('',#12723,1.0);
#10886=CARTESIAN_POINT('',(10.447926519851,-33.0456485486546,54.8760619502328));
#10887=CARTESIAN_POINT('',(10.447926519851,-33.0456485486546,54.8760619502328));
#10888=VECTOR('',#12724,1.0);
#10889=CARTESIAN_POINT('',(10.447926519851,-35.5456485486546,54.8760619502328));
#10890=VECTOR('',#12725,1.0);
#10891=CARTESIAN_POINT('',(10.477926519851,-33.0756485486546,54.9060619502328));
#10892=CARTESIAN_POINT('',(10.477926519851,-35.5156485486546,54.9060619502328));
#10893=CARTESIAN_POINT('',(10.477926519851,-33.0756485486546,54.9060619502328));
#10894=VECTOR('',#12726,1.0);
#10895=CARTESIAN_POINT('',(10.477926519851,-35.5156485486546,54.9060619502328));
#10896=CARTESIAN_POINT('',(10.477926519851,-35.5208816762652,54.9008288226222));
#10897=CARTESIAN_POINT('',(10.475283102715,-35.5306959650719,54.8909647693819));
#10898=CARTESIAN_POINT('',(10.464558433154,-35.5423751305653,54.8793930298401));
#10899=CARTESIAN_POINT('',(10.45362087493,-35.5456485486546,54.8760619502328));
#10900=CARTESIAN_POINT('',(10.447926519851,-35.5456485486546,54.8760619502328));
#10901=CARTESIAN_POINT('',(10.477926519851,-33.0756485486546,54.9060619502328));
#10902=CARTESIAN_POINT('',(10.477926519851,-33.0703872083825,54.9008006099607));
#10903=CARTESIAN_POINT('',(10.475257383315,-33.0604951115801,54.8909410123568));
#10904=CARTESIAN_POINT('',(10.464496912603,-33.0489463982816,54.8793674904321));
#10905=CARTESIAN_POINT('',(10.453593617524,-33.0456485486546,54.8760619502328));
#10906=CARTESIAN_POINT('',(10.447926519851,-33.0456485486546,54.8760619502328));
#10907=CARTESIAN_POINT('',(10.477926519851,-35.5156485486546,54.9060619502328));
#10908=VECTOR('',#12727,1.0);
#10909=CARTESIAN_POINT('',(10.477926519851,-33.0756485486546,55.8760619502328));
#10910=VECTOR('',#12728,1.0);
#10911=CARTESIAN_POINT('',(10.447926519851,-33.0456485486546,54.8760619502328));
#10912=VECTOR('',#12729,1.0);
#10913=CARTESIAN_POINT('',(7.30792651985099,-33.0456485486546,55.8760619502328));
#10914=VECTOR('',#12730,1.0);
#10915=CARTESIAN_POINT('',(7.27792651985099,-33.0756485486546,54.9060619502328));
#10916=CARTESIAN_POINT('',(7.27792651985099,-33.0756485486546,54.9060619502328));
#10917=CARTESIAN_POINT('',(7.27792651985099,-33.070415421044,54.9008288226222));
#10918=CARTESIAN_POINT('',(7.28056993698701,-33.0606011322373,54.8909647693819));
#10919=CARTESIAN_POINT('',(7.291294606549,-33.0489219667439,54.8793930298401));
#10920=CARTESIAN_POINT('',(7.30223216477199,-33.0456485486546,54.8760619502328));
#10921=CARTESIAN_POINT('',(7.30792651985099,-33.0456485486546,54.8760619502328));
#10922=CARTESIAN_POINT('',(7.27792651985099,-33.0756485486546,54.9060619502328));
#10923=VECTOR('',#12731,1.0);
#10924=CARTESIAN_POINT('',(7.27792651985099,-35.5156485486546,54.9060619502328));
#10925=CARTESIAN_POINT('',(7.27792651985099,-35.5156485486546,54.9060619502328));
#10926=VECTOR('',#12732,1.0);
#10927=CARTESIAN_POINT('',(7.27792651985099,-35.5156485486546,55.8760619502328));
#10928=VECTOR('',#12733,1.0);
#10929=CARTESIAN_POINT('',(7.27792651985099,-35.5156485486546,54.9060619502328));
#10930=CARTESIAN_POINT('',(7.27792651985099,-35.5208816762651,54.9008288226222));
#10931=CARTESIAN_POINT('',(7.28056993698701,-35.5307457295055,54.8910145338155));
#10932=CARTESIAN_POINT('',(7.291294606549,-35.5423174690473,54.8793353683221));
#10933=CARTESIAN_POINT('',(7.30223216477199,-35.5456485486546,54.8760619502328));
#10934=CARTESIAN_POINT('',(7.30792651985099,-35.5456485486546,54.8760619502328));
#10935=CARTESIAN_POINT('',(26.789147801067,-7.71184847891351,52.0260619502328));
#10936=CARTESIAN_POINT('',(26.789147801067,-7.71184847891351,55.1560619502328));
#10937=VECTOR('',#12734,1.0);
#10938=CARTESIAN_POINT('',(27.529444800887,-7.42127489480282,52.0260619502328));
#10939=AXIS2_PLACEMENT_3D('',#12735,#12736,#12737);
#10940=CARTESIAN_POINT('',(27.529444800887,-7.42127489480292,52.5260619502328));
#10941=CARTESIAN_POINT('',(27.529444800887,-7.42127489480283,52.0260619502328));
#10942=VECTOR('',#12738,1.0);
#10943=CARTESIAN_POINT('',(27.362129641773,-5.19605453773001,52.5260619502328));
#10944=AXIS2_PLACEMENT_3D('',#12739,#12740,#12741);
#10945=CARTESIAN_POINT('',(27.362129641773,-5.19605453773027,52.0260619502328));
#10946=CARTESIAN_POINT('',(27.362129641773,-5.19605453773003,52.5260619502328));
#10947=VECTOR('',#12742,1.0);
#10948=CARTESIAN_POINT('',(26.586705238635,-5.01944861839569,52.0260619502328));
#10949=AXIS2_PLACEMENT_3D('',#12743,#12744,#12745);
#10950=CARTESIAN_POINT('',(26.586705238635,-5.01944861839569,55.1560619502328));
#10951=VECTOR('',#12746,1.0);
#10952=CARTESIAN_POINT('',(26.630942687463,-5.60778784717551,52.0260619502328));
#10953=CARTESIAN_POINT('',(25.930065818372,-6.42263238104445,52.0260619502328));
#10954=AXIS2_PLACEMENT_3D('',#12747,#12748,#12749);
#10955=CARTESIAN_POINT('',(25.846408238815,-5.31002220250632,52.0260619502328));
#10956=CARTESIAN_POINT('',(25.930065818372,-6.42263238104373,52.0260619502328));
#10957=VECTOR('',#12750,1.0);
#10958=AXIS2_PLACEMENT_3D('',#12751,#12752,#12753);
#10959=CARTESIAN_POINT('',(27.44578722133,-6.30866471626607,52.0260619502328));
#10960=CARTESIAN_POINT('',(27.362129641773,-5.19605453773015,52.0260619502328));
#10961=VECTOR('',#12754,1.0);
#10962=AXIS2_PLACEMENT_3D('',#12755,#12756,#12757);
#10963=CARTESIAN_POINT('',(26.630942687463,-5.60778784717551,49.0860619502328));
#10964=CARTESIAN_POINT('',(26.744910352239,-7.12350925013369,49.0860619502328));
#10965=AXIS2_PLACEMENT_3D('',#12758,#12759,#12760);
#10966=CARTESIAN_POINT('',(26.630942687463,-5.60778784717551,54.9780619502328));
#10967=VECTOR('',#12761,1.0);
#10968=CARTESIAN_POINT('',(26.744910352239,-7.12350925013369,52.0260619502328));
#10969=AXIS2_PLACEMENT_3D('',#12762,#12763,#12764);
#10970=CARTESIAN_POINT('',(26.744910352239,-7.12350925013369,54.9780619502328));
#10971=VECTOR('',#12765,1.0);
#10972=CARTESIAN_POINT('',(27.44578722133,-6.30866471626351,52.0260619502328));
#10973=VECTOR('',#12766,1.0);
#10974=CARTESIAN_POINT('',(26.013723397929,-7.53524255957909,52.0260619502328));
#10975=AXIS2_PLACEMENT_3D('',#12767,#12768,#12769);
#10976=CARTESIAN_POINT('',(26.013723397929,-7.53524255957905,52.0260619502328));
#10977=VECTOR('',#12770,1.0);
#10978=AXIS2_PLACEMENT_3D('',#12771,#12772,#12773);
#10979=CARTESIAN_POINT('',(27.529444800887,-7.42127489480327,52.5260619502328));
#10980=VECTOR('',#12774,1.0);
#10981=AXIS2_PLACEMENT_3D('',#12775,#12776,#12777);
#10982=CARTESIAN_POINT('',(26.688676307119,-6.37562039998986,48.3360619502328));
#10983=AXIS2_PLACEMENT_3D('',#12778,#12779,#12780);
#10984=CARTESIAN_POINT('',(26.687176732583,-6.35567669731936,48.3360619502328));
#10985=AXIS2_PLACEMENT_3D('',#12781,#12782,#12783);
#10986=AXIS2_PLACEMENT_3D('',#12784,#12785,#12786);
#10987=CARTESIAN_POINT('',(-24.6186435279798,-17.8337377418824,48.8360619502328));
#10988=CARTESIAN_POINT('',(-24.6186435279798,-17.8337377418824,55.1980619502328));
#10989=VECTOR('',#12787,1.0);
#10990=CARTESIAN_POINT('',(-23.6055034323182,-17.7575593554268,48.8360619502328));
#10991=AXIS2_PLACEMENT_3D('',#12788,#12789,#12790);
#10992=CARTESIAN_POINT('',(-23.6055034323182,-17.7575593554268,55.1980619502328));
#10993=VECTOR('',#12791,1.0);
#10994=AXIS2_PLACEMENT_3D('',#12792,#12793,#12794);
#10995=CARTESIAN_POINT('',(26.013723397929,-7.53524255957911,52.5260619502328));
#10996=CARTESIAN_POINT('',(26.013723397929,-7.53524255957916,52.5260619502328));
#10997=VECTOR('',#12795,1.0);
#10998=CARTESIAN_POINT('',(25.846408238815,-5.3100222025061,52.5260619502328));
#10999=CARTESIAN_POINT('',(25.846408238815,-5.31002220250589,52.5260619502328));
#11000=VECTOR('',#12796,1.0);
#11001=CARTESIAN_POINT('',(25.846408238815,-5.31002220250637,52.0260619502328));
#11002=VECTOR('',#12797,1.0);
#11003=CARTESIAN_POINT('',(28.327926519851,-2.66167395243904,55.8760619502328));
#11004=CARTESIAN_POINT('',(28.327926519851,-2.66167395243905,55.8760619502328));
#11005=VECTOR('',#12798,0.999999999999999);
#11006=CARTESIAN_POINT('',(28.327926519851,-2.66167395243904,55.3760619502328));
#11007=VECTOR('',#12799,1.0);
#11008=AXIS2_PLACEMENT_3D('',#12800,#12801,#12802);
#11009=CARTESIAN_POINT('',(26.586705238635,-8.82944861839569,52.0260619502328));
#11010=CARTESIAN_POINT('',(27.362129641773,-9.00605453773028,52.0260619502328));
#11011=AXIS2_PLACEMENT_3D('',#12803,#12804,#12805);
#11012=CARTESIAN_POINT('',(26.586705238635,-8.82944861839569,55.1560619502328));
#11013=VECTOR('',#12806,1.0);
#11014=CARTESIAN_POINT('',(26.789147801067,-11.5218484789135,52.0260619502328));
#11015=CARTESIAN_POINT('',(26.789147801067,-11.5218484789135,55.1560619502328));
#11016=VECTOR('',#12807,1.0);
#11017=CARTESIAN_POINT('',(27.529444800887,-11.2312748948028,52.0260619502328));
#11018=AXIS2_PLACEMENT_3D('',#12808,#12809,#12810);
#11019=CARTESIAN_POINT('',(27.529444800887,-11.2312748948029,52.5260619502328));
#11020=CARTESIAN_POINT('',(27.529444800887,-11.2312748948028,52.0260619502328));
#11021=VECTOR('',#12811,1.0);
#11022=CARTESIAN_POINT('',(27.362129641773,-9.00605453773001,52.5260619502328));
#11023=AXIS2_PLACEMENT_3D('',#12812,#12813,#12814);
#11024=CARTESIAN_POINT('',(27.362129641773,-9.00605453773004,52.5260619502328));
#11025=VECTOR('',#12815,1.0);
#11026=CARTESIAN_POINT('',(28.327926519851,-0.929623144870199,55.8760619502328));
#11027=VECTOR('',#12816,1.0);
#11028=CARTESIAN_POINT('',(27.44578722133,-10.1186647162644,52.0260619502328));
#11029=CARTESIAN_POINT('',(27.44578722133,-10.1186647162633,52.0260619502328));
#11030=VECTOR('',#12817,1.0);
#11031=CARTESIAN_POINT('',(26.013723397929,-11.3452425595791,52.0260619502328));
#11032=AXIS2_PLACEMENT_3D('',#12818,#12819,#12820);
#11033=CARTESIAN_POINT('',(25.930065818372,-10.2326323810442,52.0260619502328));
#11034=CARTESIAN_POINT('',(26.013723397929,-11.3452425595791,52.0260619502328));
#11035=VECTOR('',#12821,1.0);
#11036=CARTESIAN_POINT('',(26.744910352239,-10.9335092501337,52.0260619502328));
#11037=AXIS2_PLACEMENT_3D('',#12822,#12823,#12824);
#11038=AXIS2_PLACEMENT_3D('',#12825,#12826,#12827);
#11039=CARTESIAN_POINT('',(27.362129641773,-9.00605453773015,52.0260619502328));
#11040=VECTOR('',#12828,1.0);
#11041=CARTESIAN_POINT('',(27.529444800886,-11.2312748948033,52.5260619502328));
#11042=VECTOR('',#12829,1.0);
#11043=CARTESIAN_POINT('',(26.630942687463,-9.41778784717551,52.0260619502328));
#11044=AXIS2_PLACEMENT_3D('',#12830,#12831,#12832);
#11045=CARTESIAN_POINT('',(25.846408238815,-9.12002220250632,52.0260619502328));
#11046=CARTESIAN_POINT('',(25.930065818372,-10.2326323810437,52.0260619502328));
#11047=VECTOR('',#12833,1.0);
#11048=AXIS2_PLACEMENT_3D('',#12834,#12835,#12836);
#11049=AXIS2_PLACEMENT_3D('',#12837,#12838,#12839);
#11050=CARTESIAN_POINT('',(26.744910352239,-10.9335092501337,49.0860619502328));
#11051=CARTESIAN_POINT('',(26.630942687463,-9.41778784717551,49.0860619502328));
#11052=AXIS2_PLACEMENT_3D('',#12840,#12841,#12842);
#11053=CARTESIAN_POINT('',(26.744910352239,-10.9335092501337,54.9780619502328));
#11054=VECTOR('',#12843,1.0);
#11055=CARTESIAN_POINT('',(26.630942687463,-9.41778784717551,54.9780619502328));
#11056=VECTOR('',#12844,1.0);
#11057=CARTESIAN_POINT('',(26.687176732583,-10.1656766973194,48.3360619502328));
#11058=AXIS2_PLACEMENT_3D('',#12845,#12846,#12847);
#11059=CARTESIAN_POINT('',(26.688676307119,-10.1856203999898,48.3360619502328));
#11060=AXIS2_PLACEMENT_3D('',#12848,#12849,#12850);
#11061=AXIS2_PLACEMENT_3D('',#12851,#12852,#12853);
#11062=AXIS2_PLACEMENT_3D('',#12854,#12855,#12856);
#11063=AXIS2_PLACEMENT_3D('',#12857,#12858,#12859);
#11064=AXIS2_PLACEMENT_3D('',#12860,#12861,#12862);
#11065=CARTESIAN_POINT('',(26.013723397929,-11.3452425595791,52.5260619502328));
#11066=CARTESIAN_POINT('',(26.013723397929,-11.3452425595792,52.5260619502328));
#11067=VECTOR('',#12863,1.0);
#11068=CARTESIAN_POINT('',(25.846408238815,-9.12002220250609,52.5260619502328));
#11069=CARTESIAN_POINT('',(25.846408238815,-9.12002220250588,52.5260619502328));
#11070=VECTOR('',#12864,1.0);
#11071=CARTESIAN_POINT('',(25.846408238815,-9.12002220250636,52.0260619502328));
#11072=VECTOR('',#12865,1.0);
#11073=AXIS2_PLACEMENT_3D('',#12866,#12867,#12868);
#11074=CARTESIAN_POINT('',(-25.2089771270266,-10.2581251481636,52.5260619502328));
#11075=CARTESIAN_POINT('',(-25.2089771270266,-10.2581251481636,55.3760619502328));
#11076=VECTOR('',#12869,1.0);
#11077=CARTESIAN_POINT('',(-24.5454888779169,-11.1866634313233,52.5260619502328));
#11078=AXIS2_PLACEMENT_3D('',#12870,#12871,#12872);
#11079=CARTESIAN_POINT('',(-24.545488877917,-11.1866634313233,52.0260619502328));
#11080=CARTESIAN_POINT('',(-24.5454888779169,-11.1866634313233,52.5260619502328));
#11081=VECTOR('',#12873,1.0);
#11082=CARTESIAN_POINT('',(-23.5323487822554,-11.1104850448678,52.0260619502328));
#11083=AXIS2_PLACEMENT_3D('',#12874,#12875,#12876);
#11084=CARTESIAN_POINT('',(-23.5323487822554,-11.1104850448678,52.5260619502328));
#11085=CARTESIAN_POINT('',(-23.5323487822554,-11.1104850448678,52.0260619502328));
#11086=VECTOR('',#12877,1.0);
#11087=CARTESIAN_POINT('',(-23.0151698332714,-10.0931719491456,52.5260619502328));
#11088=AXIS2_PLACEMENT_3D('',#12878,#12879,#12880);
#11089=CARTESIAN_POINT('',(-23.0151698332714,-10.0931719491456,55.3760619502328));
#11090=VECTOR('',#12881,1.0);
#11091=CARTESIAN_POINT('',(-24.1200509612172,-17.7962483784692,48.3360619502328));
#11092=CARTESIAN_POINT('',(-24.1040959990808,-17.79504871884,48.3360619502328));
#11093=AXIS2_PLACEMENT_3D('',#12882,#12883,#12884);
#11094=AXIS2_PLACEMENT_3D('',#12885,#12886,#12887);
#11095=CARTESIAN_POINT('',(-24.6917981780426,-9.24081205244143,52.5260619502328));
#11096=AXIS2_PLACEMENT_3D('',#12888,#12889,#12890);
#11097=CARTESIAN_POINT('',(-24.545488877917,-11.1866634313233,52.5260619502328));
#11098=VECTOR('',#12891,1.0);
#11099=CARTESIAN_POINT('',(-24.6186435279798,-10.2137377418824,52.0260619502328));
#11100=CARTESIAN_POINT('',(-24.545488877917,-11.1866634313233,52.0260619502328));
#11101=VECTOR('',#12892,1.0);
#11102=CARTESIAN_POINT('',(-24.6917981780426,-9.24081205244143,52.0260619502328));
#11103=CARTESIAN_POINT('',(-24.6917981780426,-9.24081205244141,52.0260619502328));
#11104=VECTOR('',#12893,1.0);
#11105=CARTESIAN_POINT('',(-24.6917981780426,-9.24081205244141,52.0260619502328));
#11106=VECTOR('',#12894,1.0);
#11107=CARTESIAN_POINT('',(-23.6055034323182,-10.1375593554268,52.0260619502328));
#11108=AXIS2_PLACEMENT_3D('',#12895,#12896,#12897);
#11109=CARTESIAN_POINT('',(-23.6055034323182,-10.137559355427,52.0260619502328));
#11110=VECTOR('',#12898,1.0);
#11111=CARTESIAN_POINT('',(-24.6186435279798,-10.2137377418824,48.8360619502328));
#11112=CARTESIAN_POINT('',(-24.6186435279798,-10.2137377418824,55.1980619502328));
#11113=VECTOR('',#12899,1.0);
#11114=CARTESIAN_POINT('',(-23.6055034323182,-10.1375593554268,48.8360619502328));
#11115=AXIS2_PLACEMENT_3D('',#12900,#12901,#12902);
#11116=CARTESIAN_POINT('',(-23.6055034323182,-10.1375593554268,55.1980619502328));
#11117=VECTOR('',#12903,1.0);
#11118=CARTESIAN_POINT('',(-24.1200509612172,-10.1762483784692,48.3360619502328));
#11119=AXIS2_PLACEMENT_3D('',#12904,#12905,#12906);
#11120=CARTESIAN_POINT('',(-24.1040959990808,-10.17504871884,48.3360619502328));
#11121=AXIS2_PLACEMENT_3D('',#12907,#12908,#12909);
#11122=AXIS2_PLACEMENT_3D('',#12910,#12911,#12912);
#11123=AXIS2_PLACEMENT_3D('',#12913,#12914,#12915);
#11124=AXIS2_PLACEMENT_3D('',#12916,#12917,#12918);
#11125=CARTESIAN_POINT('',(-23.6786580823811,-9.16463366598585,52.0260619502328));
#11126=AXIS2_PLACEMENT_3D('',#12919,#12920,#12921);
#11127=CARTESIAN_POINT('',(-23.6055034323182,-10.1375593554268,52.0260619502328));
#11128=VECTOR('',#12922,1.0);
#11129=AXIS2_PLACEMENT_3D('',#12923,#12924,#12925);
#11130=CARTESIAN_POINT('',(-23.6786580823811,-9.16463366598585,52.5260619502328));
#11131=CARTESIAN_POINT('',(-23.6786580823811,-9.16463366598585,52.5260619502328));
#11132=VECTOR('',#12926,1.0);
#11133=CARTESIAN_POINT('',(-23.5323487822554,-11.1104850448678,52.5260619502328));
#11134=VECTOR('',#12927,1.0);
#11135=AXIS2_PLACEMENT_3D('',#12928,#12929,#12930);
#11136=AXIS2_PLACEMENT_3D('',#12931,#12932,#12933);
#11137=CARTESIAN_POINT('',(26.789147801067,-26.7618484789135,52.0260619502328));
#11138=CARTESIAN_POINT('',(26.013723397929,-26.5852425595791,52.0260619502328));
#11139=AXIS2_PLACEMENT_3D('',#12934,#12935,#12936);
#11140=CARTESIAN_POINT('',(26.789147801067,-26.7618484789135,55.1560619502328));
#11141=VECTOR('',#12937,1.0);
#11142=CARTESIAN_POINT('',(26.586705238635,-24.0694486183957,52.0260619502328));
#11143=CARTESIAN_POINT('',(26.586705238635,-24.0694486183957,55.1560619502328));
#11144=VECTOR('',#12938,1.0);
#11145=CARTESIAN_POINT('',(25.846408238815,-24.3600222025064,52.0260619502328));
#11146=AXIS2_PLACEMENT_3D('',#12939,#12940,#12941);
#11147=CARTESIAN_POINT('',(25.846408238815,-24.3600222025061,52.5260619502328));
#11148=CARTESIAN_POINT('',(25.846408238815,-24.3600222025064,52.0260619502328));
#11149=VECTOR('',#12942,1.0);
#11150=CARTESIAN_POINT('',(26.013723397929,-26.5852425595792,52.5260619502328));
#11151=AXIS2_PLACEMENT_3D('',#12943,#12944,#12945);
#11152=CARTESIAN_POINT('',(26.013723397929,-26.5852425595792,52.5260619502328));
#11153=VECTOR('',#12946,1.0);
#11154=CARTESIAN_POINT('',(29.077926519851,-2.22866125054685,55.8760619502328));
#11155=VECTOR('',#12947,1.0);
#11156=CARTESIAN_POINT('',(26.630942687463,-24.6577878471755,52.0260619502328));
#11157=CARTESIAN_POINT('',(25.930065818372,-25.4726323810445,52.0260619502328));
#11158=AXIS2_PLACEMENT_3D('',#12948,#12949,#12950);
#11159=CARTESIAN_POINT('',(25.930065818372,-25.4726323810438,52.0260619502328));
#11160=VECTOR('',#12951,1.0);
#11161=CARTESIAN_POINT('',(27.362129641773,-24.2460545377303,52.0260619502328));
#11162=AXIS2_PLACEMENT_3D('',#12952,#12953,#12954);
#11163=CARTESIAN_POINT('',(27.44578722133,-25.358664716266,52.0260619502328));
#11164=CARTESIAN_POINT('',(27.362129641773,-24.2460545377302,52.0260619502328));
#11165=VECTOR('',#12955,1.0);
#11166=AXIS2_PLACEMENT_3D('',#12956,#12957,#12958);
#11167=CARTESIAN_POINT('',(26.630942687463,-24.6577878471755,49.0860619502328));
#11168=CARTESIAN_POINT('',(26.630942687463,-24.6577878471755,54.9780619502328));
#11169=VECTOR('',#12959,1.0);
#11170=CARTESIAN_POINT('',(26.744910352239,-26.1735092501337,49.0860619502328));
#11171=AXIS2_PLACEMENT_3D('',#12960,#12961,#12962);
#11172=CARTESIAN_POINT('',(26.744910352239,-26.1735092501337,52.0260619502328));
#11173=CARTESIAN_POINT('',(26.744910352239,-26.1735092501337,54.9780619502328));
#11174=VECTOR('',#12963,1.0);
#11175=AXIS2_PLACEMENT_3D('',#12964,#12965,#12966);
#11176=AXIS2_PLACEMENT_3D('',#12967,#12968,#12969);
#11177=CARTESIAN_POINT('',(26.688676307119,-25.4256203999898,48.3360619502328));
#11178=AXIS2_PLACEMENT_3D('',#12970,#12971,#12972);
#11179=CARTESIAN_POINT('',(26.687176732583,-25.4056766973194,48.3360619502328));
#11180=AXIS2_PLACEMENT_3D('',#12973,#12974,#12975);
#11181=AXIS2_PLACEMENT_3D('',#12976,#12977,#12978);
#11182=AXIS2_PLACEMENT_3D('',#12979,#12980,#12981);
#11183=AXIS2_PLACEMENT_3D('',#12982,#12983,#12984);
#11184=AXIS2_PLACEMENT_3D('',#12985,#12986,#12987);
#11185=AXIS2_PLACEMENT_3D('',#12988,#12989,#12990);
#11186=CARTESIAN_POINT('',(27.529444800887,-26.4712748948029,52.0260619502328));
#11187=CARTESIAN_POINT('',(27.44578722133,-25.3586647162634,52.0260619502328));
#11188=VECTOR('',#12991,1.0);
#11189=AXIS2_PLACEMENT_3D('',#12992,#12993,#12994);
#11190=CARTESIAN_POINT('',(26.013723397929,-26.5852425595791,52.0260619502328));
#11191=VECTOR('',#12995,1.0);
#11192=AXIS2_PLACEMENT_3D('',#12996,#12997,#12998);
#11193=CARTESIAN_POINT('',(27.362129641773,-24.2460545377303,52.5260619502328));
#11194=CARTESIAN_POINT('',(27.362129641773,-24.24605453773,52.5260619502328));
#11195=VECTOR('',#12999,1.0);
#11196=CARTESIAN_POINT('',(27.529444800887,-26.4712748948031,52.5260619502328));
#11197=CARTESIAN_POINT('',(27.529444800886,-26.4712748948033,52.5260619502328));
#11198=VECTOR('',#13000,1.0);
#11199=CARTESIAN_POINT('',(27.529444800887,-26.4712748948028,52.0260619502328));
#11200=VECTOR('',#13001,1.0);
#11201=AXIS2_PLACEMENT_3D('',#13002,#13003,#13004);
#11202=CARTESIAN_POINT('',(25.846408238815,-24.3600222025059,52.5260619502328));
#11203=VECTOR('',#13005,1.0);
#11204=CARTESIAN_POINT('',(26.789147801067,-30.5718484789135,52.0260619502328));
#11205=CARTESIAN_POINT('',(26.013723397929,-30.3952425595791,52.0260619502328));
#11206=AXIS2_PLACEMENT_3D('',#13006,#13007,#13008);
#11207=CARTESIAN_POINT('',(26.789147801067,-30.5718484789135,55.1560619502328));
#11208=VECTOR('',#13009,1.0);
#11209=CARTESIAN_POINT('',(26.586705238635,-27.8794486183957,52.0260619502328));
#11210=CARTESIAN_POINT('',(26.586705238635,-27.8794486183957,55.1560619502328));
#11211=VECTOR('',#13010,1.0);
#11212=CARTESIAN_POINT('',(25.846408238815,-28.1700222025064,52.0260619502328));
#11213=AXIS2_PLACEMENT_3D('',#13011,#13012,#13013);
#11214=CARTESIAN_POINT('',(25.846408238815,-28.1700222025064,52.0260619502328));
#11215=VECTOR('',#13014,1.0);
#11216=CARTESIAN_POINT('',(26.013723397929,-30.3952425595791,52.5260619502328));
#11217=VECTOR('',#13015,1.0);
#11218=CARTESIAN_POINT('',(-23.6786580823811,-16.7846336659859,52.5260619502328));
#11219=CARTESIAN_POINT('',(-23.5323487822554,-18.7304850448678,52.5260619502328));
#11220=VECTOR('',#13016,1.0);
#11221=AXIS2_PLACEMENT_3D('',#13017,#13018,#13019);
#11222=CARTESIAN_POINT('',(26.630942687463,-28.4677878471755,52.0260619502328));
#11223=CARTESIAN_POINT('',(25.930065818372,-29.2826323810445,52.0260619502328));
#11224=AXIS2_PLACEMENT_3D('',#13020,#13021,#13022);
#11225=CARTESIAN_POINT('',(25.930065818372,-29.2826323810438,52.0260619502328));
#11226=VECTOR('',#13023,1.0);
#11227=CARTESIAN_POINT('',(27.362129641773,-28.0560545377303,52.0260619502328));
#11228=AXIS2_PLACEMENT_3D('',#13024,#13025,#13026);
#11229=CARTESIAN_POINT('',(27.44578722133,-29.1686647162661,52.0260619502328));
#11230=CARTESIAN_POINT('',(27.362129641773,-28.0560545377302,52.0260619502328));
#11231=VECTOR('',#13027,1.0);
#11232=AXIS2_PLACEMENT_3D('',#13028,#13029,#13030);
#11233=CARTESIAN_POINT('',(26.630942687463,-28.4677878471755,49.0860619502328));
#11234=CARTESIAN_POINT('',(26.630942687463,-28.4677878471755,54.9780619502328));
#11235=VECTOR('',#13031,1.0);
#11236=CARTESIAN_POINT('',(26.744910352239,-29.9835092501337,49.0860619502328));
#11237=AXIS2_PLACEMENT_3D('',#13032,#13033,#13034);
#11238=CARTESIAN_POINT('',(26.744910352239,-29.9835092501337,52.0260619502328));
#11239=CARTESIAN_POINT('',(26.744910352239,-29.9835092501337,54.9780619502328));
#11240=VECTOR('',#13035,1.0);
#11241=AXIS2_PLACEMENT_3D('',#13036,#13037,#13038);
#11242=CARTESIAN_POINT('',(27.529444800887,-30.2812748948029,52.0260619502328));
#11243=CARTESIAN_POINT('',(27.44578722133,-29.1686647162634,52.0260619502328));
#11244=VECTOR('',#13039,1.0);
#11245=AXIS2_PLACEMENT_3D('',#13040,#13041,#13042);
#11246=CARTESIAN_POINT('',(26.013723397929,-30.3952425595791,52.0260619502328));
#11247=VECTOR('',#13043,1.0);
#11248=AXIS2_PLACEMENT_3D('',#13044,#13045,#13046);
#11249=CARTESIAN_POINT('',(27.362129641773,-28.0560545377303,52.5260619502328));
#11250=CARTESIAN_POINT('',(27.362129641773,-28.05605453773,52.5260619502328));
#11251=VECTOR('',#13047,1.0);
#11252=CARTESIAN_POINT('',(27.529444800887,-30.2812748948031,52.5260619502328));
#11253=CARTESIAN_POINT('',(27.529444800886,-30.2812748948033,52.5260619502328));
#11254=VECTOR('',#13048,1.0);
#11255=CARTESIAN_POINT('',(27.529444800887,-30.2812748948028,52.0260619502328));
#11256=VECTOR('',#13049,1.0);
#11257=AXIS2_PLACEMENT_3D('',#13050,#13051,#13052);
#11258=CARTESIAN_POINT('',(26.687176732583,-29.2156766973194,48.3360619502328));
#11259=AXIS2_PLACEMENT_3D('',#13053,#13054,#13055);
#11260=CARTESIAN_POINT('',(26.688676307119,-29.2356203999899,48.3360619502328));
#11261=AXIS2_PLACEMENT_3D('',#13056,#13057,#13058);
#11262=AXIS2_PLACEMENT_3D('',#13059,#13060,#13061);
#11263=AXIS2_PLACEMENT_3D('',#13062,#13063,#13064);
#11264=CARTESIAN_POINT('',(-23.6786580823811,-16.7846336659859,52.5260619502328));
#11265=VECTOR('',#13065,1.0);
#11266=AXIS2_PLACEMENT_3D('',#13066,#13067,#13068);
#11267=AXIS2_PLACEMENT_3D('',#13069,#13070,#13071);
#11268=AXIS2_PLACEMENT_3D('',#13072,#13073,#13074);
#11269=AXIS2_PLACEMENT_3D('',#13075,#13076,#13077);
#11270=AXIS2_PLACEMENT_3D('',#13078,#13079,#13080);
#11271=AXIS2_PLACEMENT_3D('',#13081,#13082,#13083);
#11272=AXIS2_PLACEMENT_3D('',#13084,#13085,#13086);
#11273=AXIS2_PLACEMENT_3D('',#13087,#13088,#13089);
#11274=AXIS2_PLACEMENT_3D('',#13090,#13091,#13092);
#11275=AXIS2_PLACEMENT_3D('',#13093,#13094,#13095);
#11276=AXIS2_PLACEMENT_3D('',#13096,#13097,#13098);
#11277=AXIS2_PLACEMENT_3D('',#13099,#13100,#13101);
#11278=CARTESIAN_POINT('',(-27.172073480149,0.104351451345401,61.2760619502328));
#11279=CARTESIAN_POINT('',(30.227926519851,0.104351451345401,61.2760619502328));
#11280=CARTESIAN_POINT('',(-27.172073480149,0.104351451345401,61.2760619502328));
#11281=VECTOR('',#13102,1.0);
#11282=CARTESIAN_POINT('',(30.227926519851,-35.6956485486546,61.2760619502328));
#11283=CARTESIAN_POINT('',(30.227926519851,0.104351451345401,61.2760619502328));
#11284=VECTOR('',#13103,1.0);
#11285=CARTESIAN_POINT('',(-27.172073480149,-35.6956485486546,61.2760619502328));
#11286=CARTESIAN_POINT('',(30.227926519851,-35.6956485486546,61.2760619502328));
#11287=VECTOR('',#13104,1.0);
#11288=CARTESIAN_POINT('',(-27.172073480149,-35.6956485486546,61.2760619502328));
#11289=VECTOR('',#13105,1.0);
#11290=CARTESIAN_POINT('',(-27.172073480149,0.104351451345401,63.0260619502327));
#11291=CARTESIAN_POINT('',(-27.172073480149,0.104351451345401,61.2760619502328));
#11292=VECTOR('',#13106,1.0);
#11293=CARTESIAN_POINT('',(-19.672073480149,0.104351451345401,63.0260619502327));
#11294=CARTESIAN_POINT('',(-27.172073480149,0.104351451345401,63.0260619502327));
#11295=VECTOR('',#13107,1.0);
#11296=CARTESIAN_POINT('',(-19.672073480149,0.104351451345401,65.0260619502327));
#11297=CARTESIAN_POINT('',(-19.672073480149,0.104351451345401,63.0260619502327));
#11298=VECTOR('',#13108,1.0);
#11299=CARTESIAN_POINT('',(23.127926519851,0.104351451345401,65.0260619502327));
#11300=CARTESIAN_POINT('',(-19.672073480149,0.104351451345401,65.0260619502327));
#11301=VECTOR('',#13109,1.0);
#11302=CARTESIAN_POINT('',(23.127926519851,0.104351451345401,63.0260619502327));
#11303=CARTESIAN_POINT('',(23.127926519851,0.104351451345401,65.0260619502327));
#11304=VECTOR('',#13110,1.0);
#11305=CARTESIAN_POINT('',(30.227926519851,0.104351451345401,63.0260619502327));
#11306=CARTESIAN_POINT('',(23.127926519851,0.104351451345401,63.0260619502327));
#11307=VECTOR('',#13111,1.0);
#11308=CARTESIAN_POINT('',(30.227926519851,0.104351451345401,61.2760619502328));
#11309=VECTOR('',#13112,1.0);
#11310=CARTESIAN_POINT('',(30.227926519851,-35.6956485486546,63.0260619502327));
#11311=CARTESIAN_POINT('',(30.227926519851,0.104351451345401,63.0260619502327));
#11312=VECTOR('',#13113,1.0);
#11313=CARTESIAN_POINT('',(30.227926519851,-35.6956485486546,61.2760619502328));
#11314=VECTOR('',#13114,1.0);
#11315=CARTESIAN_POINT('',(23.127926519851,-35.6956485486546,63.0260619502327));
#11316=CARTESIAN_POINT('',(30.227926519851,-35.6956485486546,63.0260619502327));
#11317=VECTOR('',#13115,1.0);
#11318=CARTESIAN_POINT('',(23.127926519851,-35.6956485486546,65.0260619502327));
#11319=CARTESIAN_POINT('',(23.127926519851,-35.6956485486546,63.0260619502327));
#11320=VECTOR('',#13116,1.0);
#11321=CARTESIAN_POINT('',(-19.672073480149,-35.6956485486546,65.0260619502327));
#11322=CARTESIAN_POINT('',(23.127926519851,-35.6956485486546,65.0260619502327));
#11323=VECTOR('',#13117,1.0);
#11324=CARTESIAN_POINT('',(-19.672073480149,-35.6956485486546,63.0260619502327));
#11325=CARTESIAN_POINT('',(-19.672073480149,-35.6956485486546,65.0260619502327));
#11326=VECTOR('',#13118,1.0);
#11327=CARTESIAN_POINT('',(-27.172073480149,-35.6956485486546,63.0260619502327));
#11328=CARTESIAN_POINT('',(-19.672073480149,-35.6956485486546,63.0260619502327));
#11329=VECTOR('',#13119,1.0);
#11330=CARTESIAN_POINT('',(-27.172073480149,-35.6956485486546,61.2760619502328));
#11331=VECTOR('',#13120,1.0);
#11332=CARTESIAN_POINT('',(-27.172073480149,-35.6956485486546,63.0260619502327));
#11333=VECTOR('',#13121,1.0);
#11334=CARTESIAN_POINT('',(-19.672073480149,0.104351451345401,63.0260619502327));
#11335=VECTOR('',#13122,1.0);
#11336=CARTESIAN_POINT('',(-19.672073480149,0.104351451345401,65.0260619502327));
#11337=VECTOR('',#13123,1.0);
#11338=CARTESIAN_POINT('',(23.127926519851,-35.6956485486546,65.0260619502327));
#11339=VECTOR('',#13124,1.0);
#11340=CARTESIAN_POINT('',(23.127926519851,-35.6956485486546,63.0260619502327));
#11341=VECTOR('',#13125,1.0);
#11342=CARTESIAN_POINT('',(-24.194073480149,-4.71464854865459,63.0260619502328));
#11343=CARTESIAN_POINT('',(-24.194073480149,-4.71464854865459,61.2760619502328));
#11344=CARTESIAN_POINT('',(-24.194073480149,-4.71464854865459,62.1510619502328));
#11345=VECTOR('',#13126,1.0);
#11346=CARTESIAN_POINT('',(-23.572073480149,-6.2064648912384,63.0260619502328));
#11347=AXIS2_PLACEMENT_3D('',#13127,#13128,#13129);
#11348=CARTESIAN_POINT('',(-23.572073480149,-6.2064648912384,61.2760619502328));
#11349=CARTESIAN_POINT('',(-23.572073480149,-6.2064648912384,63.0260619502328));
#11350=VECTOR('',#13130,1.0);
#11351=AXIS2_PLACEMENT_3D('',#13131,#13132,#13133);
#11352=CARTESIAN_POINT('',(26.0279265198512,-2.80700183083709,63.0260619502328));
#11353=CARTESIAN_POINT('',(27.1566250522669,-4.09564854865459,63.0260619502328));
#11354=AXIS2_PLACEMENT_3D('',#13134,#13135,#13136);
#11355=CARTESIAN_POINT('',(26.0279265198512,-2.80700183083719,61.2760619502328));
#11356=CARTESIAN_POINT('',(26.0279265198512,-2.80700183083709,63.0260619502328));
#11357=VECTOR('',#13137,1.0);
#11358=CARTESIAN_POINT('',(27.1566250522669,-4.09564854865459,61.2760619502328));
#11359=AXIS2_PLACEMENT_3D('',#13138,#13139,#13140);
#11360=CARTESIAN_POINT('',(27.1566250522669,-4.09564854865459,61.2760619502328));
#11361=VECTOR('',#13141,1.0);
#11362=CARTESIAN_POINT('',(26.0279265198512,0.5043514513454,63.0260619502328));
#11363=CARTESIAN_POINT('',(-22.472073480149,0.5043514513454,63.0260619502328));
#11364=CARTESIAN_POINT('',(26.0279265198512,0.5043514513454,63.0260619502328));
#11365=VECTOR('',#13142,1.0);
#11366=CARTESIAN_POINT('',(26.0279265198512,0.5043514513454,63.0260619502328));
#11367=VECTOR('',#13143,1.0);
#11368=CARTESIAN_POINT('',(30.627926519851,-4.09564854865459,63.0260619502328));
#11369=CARTESIAN_POINT('',(30.627926519851,-4.09564854865459,63.0260619502328));
#11370=VECTOR('',#13144,1.0);
#11371=CARTESIAN_POINT('',(30.627926519851,-32.8009631237054,63.0260619502328));
#11372=CARTESIAN_POINT('',(30.627926519851,-32.8009631237054,63.0260619502328));
#11373=VECTOR('',#13145,1.0);
#11374=CARTESIAN_POINT('',(27.3332410949018,-36.0956485486546,63.0260619502328));
#11375=CARTESIAN_POINT('',(30.627926519851,-32.8009631237053,63.0260619502328));
#11376=VECTOR('',#13146,1.0);
#11377=CARTESIAN_POINT('',(-24.872073480149,-36.0956485486546,63.0260619502328));
#11378=CARTESIAN_POINT('',(-24.872073480149,-36.0956485486546,63.0260619502328));
#11379=VECTOR('',#13147,1.0);
#11380=CARTESIAN_POINT('',(-24.872073480149,-33.4956485486546,63.0260619502328));
#11381=CARTESIAN_POINT('',(-24.872073480149,-36.0956485486546,63.0260619502328));
#11382=VECTOR('',#13148,1.0);
#11383=CARTESIAN_POINT('',(-27.572073480149,-30.7956485486546,63.0260619502328));
#11384=CARTESIAN_POINT('',(-24.872073480149,-33.4956485486546,63.0260619502328));
#11385=VECTOR('',#13149,1.0);
#11386=CARTESIAN_POINT('',(-27.572073480149,-6.8956485486546,63.0260619502328));
#11387=CARTESIAN_POINT('',(-27.572073480149,-6.8956485486546,63.0260619502328));
#11388=VECTOR('',#13150,1.0);
#11389=CARTESIAN_POINT('',(-23.572073480149,-6.8956485486546,63.0260619502328));
#11390=CARTESIAN_POINT('',(-23.572073480149,-6.8956485486546,63.0260619502328));
#11391=VECTOR('',#13151,1.0);
#11392=CARTESIAN_POINT('',(-23.572073480149,-6.8956485486546,63.0260619502328));
#11393=VECTOR('',#13152,1.0);
#11394=CARTESIAN_POINT('',(-22.472073480149,-2.64894866725849,63.0260619502328));
#11395=AXIS2_PLACEMENT_3D('',#13153,#13154,#13155);
#11396=CARTESIAN_POINT('',(-22.472073480149,-2.64894866725849,63.0260619502328));
#11397=VECTOR('',#13156,1.0);
#11398=CARTESIAN_POINT('',(26.399926519851,-4.71464854865459,63.0260619502328));
#11399=CARTESIAN_POINT('',(23.899926519851,-4.71464854865459,63.0260619502328));
#11400=AXIS2_PLACEMENT_3D('',#13157,#13158,#13159);
#11401=AXIS2_PLACEMENT_3D('',#13160,#13161,#13162);
#11402=CARTESIAN_POINT('',(23.899926519851,-30.8766485486546,63.0260619502328));
#11403=CARTESIAN_POINT('',(26.399926519851,-30.8766485486546,63.0260619502328));
#11404=AXIS2_PLACEMENT_3D('',#13163,#13164,#13165);
#11405=AXIS2_PLACEMENT_3D('',#13166,#13167,#13168);
#11406=CARTESIAN_POINT('',(-23.344073480149,-4.71464854865459,63.0260619502328));
#11407=CARTESIAN_POINT('',(-20.844073480149,-4.71464854865459,63.0260619502328));
#11408=AXIS2_PLACEMENT_3D('',#13169,#13170,#13171);
#11409=AXIS2_PLACEMENT_3D('',#13172,#13173,#13174);
#11410=CARTESIAN_POINT('',(-20.844073480149,-30.8766485486546,63.0260619502328));
#11411=CARTESIAN_POINT('',(-23.344073480149,-30.8766485486546,63.0260619502328));
#11412=AXIS2_PLACEMENT_3D('',#13175,#13176,#13177);
#11413=AXIS2_PLACEMENT_3D('',#13178,#13179,#13180);
#11414=CARTESIAN_POINT('',(-22.472073480149,0.5043514513454,61.2760619502328));
#11415=CARTESIAN_POINT('',(-22.472073480149,0.5043514513454,63.0260619502328));
#11416=VECTOR('',#13181,1.0);
#11417=CARTESIAN_POINT('',(-26.972073480149,0.5043514513454,61.2760619502328));
#11418=CARTESIAN_POINT('',(-26.972073480149,0.5043514513454,61.2760619502328));
#11419=VECTOR('',#13182,1.0);
#11420=CARTESIAN_POINT('',(-26.972073480149,0.5043514513454,66.0260619502328));
#11421=CARTESIAN_POINT('',(-26.972073480149,0.5043514513454,66.0260619502328));
#11422=VECTOR('',#13183,1.0);
#11423=CARTESIAN_POINT('',(30.027926519851,0.5043514513454,66.0260619502328));
#11424=CARTESIAN_POINT('',(30.027926519851,0.5043514513454,66.0260619502328));
#11425=VECTOR('',#13184,1.0);
#11426=CARTESIAN_POINT('',(30.027926519851,0.5043514513454,61.2760619502328));
#11427=CARTESIAN_POINT('',(30.027926519851,0.5043514513454,61.2760619502328));
#11428=VECTOR('',#13185,1.0);
#11429=CARTESIAN_POINT('',(26.0279265198512,0.5043514513454,61.2760619502328));
#11430=CARTESIAN_POINT('',(26.0279265198512,0.5043514513454,61.2760619502328));
#11431=VECTOR('',#13186,1.0);
#11432=CARTESIAN_POINT('',(26.0279265198512,0.5043514513454,61.2760619502328));
#11433=VECTOR('',#13187,1.0);
#11434=CARTESIAN_POINT('',(26.0279265198512,-2.80700183083719,61.2760619502328));
#11435=VECTOR('',#13188,1.0);
#11436=CARTESIAN_POINT('',(30.627926519851,-0.0956485486545944,61.2760619502328));
#11437=AXIS2_PLACEMENT_3D('',#13189,#13190,#13191);
#11438=CARTESIAN_POINT('',(30.627926519851,-4.09564854865459,61.2760619502328));
#11439=CARTESIAN_POINT('',(30.627926519851,-0.0956485486545944,61.2760619502328));
#11440=VECTOR('',#13192,1.0);
#11441=CARTESIAN_POINT('',(30.627926519851,-4.09564854865459,61.2760619502328));
#11442=VECTOR('',#13193,1.0);
#11443=CARTESIAN_POINT('',(27.3047214390941,-1.7956485486546,61.2760619502328));
#11444=CARTESIAN_POINT('',(29.3511316006079,-1.7956485486546,61.2760619502328));
#11445=AXIS2_PLACEMENT_3D('',#13194,#13195,#13196);
#11446=AXIS2_PLACEMENT_3D('',#13197,#13198,#13199);
#11447=CARTESIAN_POINT('',(30.627926519851,-4.09564854865459,63.0260619502328));
#11448=VECTOR('',#13200,1.0);
#11449=CARTESIAN_POINT('',(30.627926519851,-35.4956485486547,61.2760619502328));
#11450=CARTESIAN_POINT('',(30.627926519851,-35.4956485486546,66.0260619502328));
#11451=CARTESIAN_POINT('',(30.627926519851,-35.4956485486546,61.2760619502328));
#11452=VECTOR('',#13201,1.0);
#11453=CARTESIAN_POINT('',(30.627926519851,-32.8009631237054,61.2760619502328));
#11454=CARTESIAN_POINT('',(30.627926519851,-35.4956485486546,61.2760619502328));
#11455=VECTOR('',#13202,1.0);
#11456=CARTESIAN_POINT('',(30.627926519851,-32.8009631237054,63.0260619502328));
#11457=VECTOR('',#13203,1.0);
#11458=CARTESIAN_POINT('',(30.627926519851,-0.0956485486545944,66.0260619502328));
#11459=CARTESIAN_POINT('',(30.627926519851,-0.0956485486545944,66.0260619502328));
#11460=VECTOR('',#13204,1.0);
#11461=CARTESIAN_POINT('',(30.627926519851,-0.0956485486545944,66.0260619502328));
#11462=VECTOR('',#13205,1.0);
#11463=CARTESIAN_POINT('',(30.027926519851,-36.0956485486546,66.0260619502328));
#11464=AXIS2_PLACEMENT_3D('',#13206,#13207,#13208);
#11465=CARTESIAN_POINT('',(30.027926519851,-36.0956485486546,61.2760619502328));
#11466=CARTESIAN_POINT('',(30.027926519851,-36.0956485486546,66.0260619502328));
#11467=VECTOR('',#13209,1.0);
#11468=AXIS2_PLACEMENT_3D('',#13210,#13211,#13212);
#11469=CARTESIAN_POINT('',(27.3332410949017,-36.0956485486546,61.2760619502328));
#11470=CARTESIAN_POINT('',(27.3332410949017,-36.0956485486546,61.2760619502328));
#11471=VECTOR('',#13213,1.0);
#11472=CARTESIAN_POINT('',(27.3332410949018,-36.0956485486546,61.2760619502328));
#11473=VECTOR('',#13214,1.0);
#11474=CARTESIAN_POINT('',(27.3332410949018,-36.0956485486546,61.2760619502328));
#11475=VECTOR('',#13215,1.0);
#11476=CARTESIAN_POINT('',(-26.972073480149,-36.0956485486546,66.0260619502328));
#11477=CARTESIAN_POINT('',(30.027926519851,-36.0956485486546,66.0260619502328));
#11478=VECTOR('',#13216,1.0);
#11479=CARTESIAN_POINT('',(-26.972073480149,-36.0956485486546,61.2760619502328));
#11480=CARTESIAN_POINT('',(-26.972073480149,-36.0956485486546,61.2760619502328));
#11481=VECTOR('',#13217,1.0);
#11482=CARTESIAN_POINT('',(-24.872073480149,-36.0956485486546,61.2760619502328));
#11483=CARTESIAN_POINT('',(-24.872073480149,-36.0956485486546,61.2760619502328));
#11484=VECTOR('',#13218,1.0);
#11485=CARTESIAN_POINT('',(-24.872073480149,-36.0956485486546,61.2760619502328));
#11486=VECTOR('',#13219,1.0);
#11487=CARTESIAN_POINT('',(-24.872073480149,-33.4956485486546,61.2760619502328));
#11488=CARTESIAN_POINT('',(-24.872073480149,-33.4956485486546,61.2760619502328));
#11489=VECTOR('',#13220,1.0);
#11490=CARTESIAN_POINT('',(-24.872073480149,-33.4956485486546,63.0260619502328));
#11491=VECTOR('',#13221,1.0);
#11492=CARTESIAN_POINT('',(-27.572073480149,-30.7956485486546,61.2760619502328));
#11493=CARTESIAN_POINT('',(-27.572073480149,-30.7956485486546,61.2760619502328));
#11494=VECTOR('',#13222,1.0);
#11495=CARTESIAN_POINT('',(-27.572073480149,-30.7956485486546,61.2760619502328));
#11496=VECTOR('',#13223,1.0);
#11497=CARTESIAN_POINT('',(-27.572073480149,-0.0956485486545944,61.2760619502328));
#11498=CARTESIAN_POINT('',(-27.572073480149,-0.0956485486545944,66.0260619502328));
#11499=CARTESIAN_POINT('',(-27.572073480149,-0.0956485486545944,61.2760619502328));
#11500=VECTOR('',#13224,1.0);
#11501=CARTESIAN_POINT('',(-27.572073480149,-6.8956485486546,61.2760619502328));
#11502=CARTESIAN_POINT('',(-27.572073480149,-6.8956485486546,61.2760619502328));
#11503=VECTOR('',#13225,1.0);
#11504=CARTESIAN_POINT('',(-27.572073480149,-6.8956485486546,61.2760619502328));
#11505=VECTOR('',#13226,1.0);
#11506=CARTESIAN_POINT('',(-27.572073480149,-35.4956485486546,61.2760619502328));
#11507=CARTESIAN_POINT('',(-27.572073480149,-35.4956485486546,61.2760619502328));
#11508=VECTOR('',#13227,1.0);
#11509=CARTESIAN_POINT('',(-27.572073480149,-35.4956485486546,66.0260619502328));
#11510=CARTESIAN_POINT('',(-27.572073480149,-35.4956485486546,66.0260619502328));
#11511=VECTOR('',#13228,1.0);
#11512=CARTESIAN_POINT('',(-27.572073480149,-35.4956485486546,66.0260619502328));
#11513=VECTOR('',#13229,1.0);
#11514=AXIS2_PLACEMENT_3D('',#13230,#13231,#13232);
#11515=AXIS2_PLACEMENT_3D('',#13233,#13234,#13235);
#11516=CARTESIAN_POINT('',(-22.472073480149,-2.64894866725849,61.2760619502328));
#11517=AXIS2_PLACEMENT_3D('',#13236,#13237,#13238);
#11518=CARTESIAN_POINT('',(-23.572073480149,-6.8956485486546,61.2760619502328));
#11519=CARTESIAN_POINT('',(-23.572073480149,-6.2064648912383,61.2760619502328));
#11520=VECTOR('',#13239,1.0);
#11521=CARTESIAN_POINT('',(-27.572073480149,-6.8956485486546,61.2760619502328));
#11522=VECTOR('',#13240,1.0);
#11523=CARTESIAN_POINT('',(-22.472073480149,0.5043514513454,61.2760619502328));
#11524=VECTOR('',#13241,1.0);
#11525=CARTESIAN_POINT('',(-24.2488683993921,-1.7956485486546,61.2760619502328));
#11526=CARTESIAN_POINT('',(-26.2952785609059,-1.7956485486546,61.2760619502328));
#11527=AXIS2_PLACEMENT_3D('',#13242,#13243,#13244);
#11528=AXIS2_PLACEMENT_3D('',#13245,#13246,#13247);
#11529=CARTESIAN_POINT('',(-22.472073480149,-2.64894866725849,61.2760619502328));
#11530=VECTOR('',#13248,1.0);
#11531=CARTESIAN_POINT('',(-23.572073480149,-6.8956485486546,63.0260619502328));
#11532=VECTOR('',#13249,1.0);
#11533=CARTESIAN_POINT('',(-24.422073480149,-1.7956485486546,61.3760619502328));
#11534=CARTESIAN_POINT('',(-26.122073480149,-1.7956485486546,61.3760619502328));
#11535=AXIS2_PLACEMENT_3D('',#13250,#13251,#13252);
#11536=CARTESIAN_POINT('',(-27.0041242877178,-1.7956485486546,60.866809679044));
#11537=VECTOR('',#13253,1.99999999999997);
#11538=CARTESIAN_POINT('',(-23.5400226725802,-1.7956485486546,60.866809679044));
#11539=VECTOR('',#13254,1.99999999999997);
#11540=CARTESIAN_POINT('',(-24.422073480149,-1.7956485486546,66.0260619502328));
#11541=CARTESIAN_POINT('',(-24.422073480149,-1.7956485486546,61.2760619502328));
#11542=VECTOR('',#13255,1.0);
#11543=CARTESIAN_POINT('',(-26.122073480149,-1.7956485486546,66.0260619502328));
#11544=AXIS2_PLACEMENT_3D('',#13256,#13257,#13258);
#11545=CARTESIAN_POINT('',(-26.122073480149,-1.7956485486546,61.2760619502328));
#11546=VECTOR('',#13259,1.0);
#11547=CARTESIAN_POINT('',(-23.344073480149,-4.71464854865459,65.8760619502328));
#11548=CARTESIAN_POINT('',(-20.844073480149,-4.71464854865459,65.8760619502328));
#11549=AXIS2_PLACEMENT_3D('',#13260,#13261,#13262);
#11550=CARTESIAN_POINT('',(-23.344073480149,-4.71464854865459,66.0260619502328));
#11551=VECTOR('',#13263,1.0);
#11552=CARTESIAN_POINT('',(-20.844073480149,-4.71464854865459,66.0260619502328));
#11553=VECTOR('',#13264,1.0);
#11554=AXIS2_PLACEMENT_3D('',#13265,#13266,#13267);
#11555=AXIS2_PLACEMENT_3D('',#13268,#13269,#13270);
#11556=CARTESIAN_POINT('',(29.177926519851,-1.7956485486546,66.0260619502328));
#11557=CARTESIAN_POINT('',(27.477926519851,-1.7956485486546,66.0260619502328));
#11558=AXIS2_PLACEMENT_3D('',#13271,#13272,#13273);
#11559=AXIS2_PLACEMENT_3D('',#13274,#13275,#13276);
#11560=CARTESIAN_POINT('',(23.6401188987157,-30.8766485486546,66.0260619502328));
#11561=CARTESIAN_POINT('',(26.6597341409863,-30.8766485486546,66.0260619502328));
#11562=AXIS2_PLACEMENT_3D('',#13277,#13278,#13279);
#11563=AXIS2_PLACEMENT_3D('',#13280,#13281,#13282);
#11564=CARTESIAN_POINT('',(26.6597341409863,-4.71464854865459,66.0260619502328));
#11565=CARTESIAN_POINT('',(23.6401188987157,-4.71464854865459,66.0260619502328));
#11566=AXIS2_PLACEMENT_3D('',#13283,#13284,#13285);
#11567=AXIS2_PLACEMENT_3D('',#13286,#13287,#13288);
#11568=CARTESIAN_POINT('',(-23.6038811012843,-30.8766485486546,66.0260619502328));
#11569=CARTESIAN_POINT('',(-20.5842658590137,-30.8766485486546,66.0260619502328));
#11570=AXIS2_PLACEMENT_3D('',#13289,#13290,#13291);
#11571=AXIS2_PLACEMENT_3D('',#13292,#13293,#13294);
#11572=CARTESIAN_POINT('',(-20.5842658590137,-4.71464854865459,66.0260619502328));
#11573=CARTESIAN_POINT('',(-23.6038811012843,-4.71464854865459,66.0260619502328));
#11574=AXIS2_PLACEMENT_3D('',#13295,#13296,#13297);
#11575=AXIS2_PLACEMENT_3D('',#13298,#13299,#13300);
#11576=AXIS2_PLACEMENT_3D('',#13301,#13302,#13303);
#11577=AXIS2_PLACEMENT_3D('',#13304,#13305,#13306);
#11578=CARTESIAN_POINT('',(29.177926519851,-1.7956485486546,61.3760619502328));
#11579=CARTESIAN_POINT('',(27.477926519851,-1.7956485486546,61.3760619502328));
#11580=AXIS2_PLACEMENT_3D('',#13307,#13308,#13309);
#11581=CARTESIAN_POINT('',(29.177926519851,-1.7956485486546,61.2760619502328));
#11582=VECTOR('',#13310,1.0);
#11583=CARTESIAN_POINT('',(27.477926519851,-1.7956485486546,61.2760619502328));
#11584=VECTOR('',#13311,1.0);
#11585=CARTESIAN_POINT('',(-20.844073480149,-30.8766485486546,65.8760619502328));
#11586=CARTESIAN_POINT('',(-20.844073480149,-30.8766485486546,66.0260619502328));
#11587=VECTOR('',#13312,1.0);
#11588=CARTESIAN_POINT('',(-23.344073480149,-30.8766485486546,65.8760619502328));
#11589=AXIS2_PLACEMENT_3D('',#13313,#13314,#13315);
#11590=CARTESIAN_POINT('',(-23.344073480149,-30.8766485486546,66.0260619502328));
#11591=VECTOR('',#13316,1.0);
#11592=CARTESIAN_POINT('',(26.5958757122821,-1.7956485486546,60.866809679044));
#11593=VECTOR('',#13317,2.00000000000001);
#11594=CARTESIAN_POINT('',(30.0599773274199,-1.7956485486546,60.866809679044));
#11595=VECTOR('',#13318,2.00000000000001);
#11596=CARTESIAN_POINT('',(-20.3620226725801,-4.71464854865459,66.1543741137458));
#11597=VECTOR('',#13319,2.00000000000001);
#11598=AXIS2_PLACEMENT_3D('',#13320,#13321,#13322);
#11599=CARTESIAN_POINT('',(-23.8261242877179,-4.71464854865459,66.1543741137458));
#11600=VECTOR('',#13323,2.00000000000001);
#11601=CARTESIAN_POINT('',(23.899926519851,-30.8766485486546,65.8760619502328));
#11602=CARTESIAN_POINT('',(26.399926519851,-30.8766485486546,65.8760619502328));
#11603=AXIS2_PLACEMENT_3D('',#13324,#13325,#13326);
#11604=CARTESIAN_POINT('',(26.8819773274199,-30.8766485486546,66.1543741137458));
#11605=VECTOR('',#13327,2.00000000000001);
#11606=CARTESIAN_POINT('',(23.4178757122821,-30.8766485486546,66.1543741137458));
#11607=VECTOR('',#13328,2.00000000000001);
#11608=CARTESIAN_POINT('',(26.399926519851,-4.71464854865459,65.8760619502328));
#11609=CARTESIAN_POINT('',(26.399926519851,-4.71464854865459,66.0260619502328));
#11610=VECTOR('',#13329,1.0);
#11611=CARTESIAN_POINT('',(23.899926519851,-4.71464854865459,65.8760619502328));
#11612=AXIS2_PLACEMENT_3D('',#13330,#13331,#13332);
#11613=CARTESIAN_POINT('',(23.899926519851,-4.71464854865459,66.0260619502328));
#11614=VECTOR('',#13333,1.0);
#11615=CARTESIAN_POINT('',(23.899926519851,-30.8766485486546,66.0260619502328));
#11616=VECTOR('',#13334,1.0);
#11617=AXIS2_PLACEMENT_3D('',#13335,#13336,#13337);
#11618=CARTESIAN_POINT('',(26.399926519851,-30.8766485486546,66.0260619502328));
#11619=VECTOR('',#13338,1.0);
#11620=AXIS2_PLACEMENT_3D('',#13339,#13340,#13341);
#11621=CARTESIAN_POINT('',(-23.8261242877179,-30.8766485486546,66.1543741137458));
#11622=VECTOR('',#13342,2.00000000000001);
#11623=CARTESIAN_POINT('',(-20.3620226725801,-30.8766485486546,66.1543741137458));
#11624=VECTOR('',#13343,2.00000000000001);
#11625=CARTESIAN_POINT('',(26.8819773274199,-4.71464854865459,66.1543741137458));
#11626=VECTOR('',#13344,2.00000000000001);
#11627=AXIS2_PLACEMENT_3D('',#13345,#13346,#13347);
#11628=CARTESIAN_POINT('',(23.4178757122821,-4.71464854865459,66.1543741137458));
#11629=VECTOR('',#13348,2.00000000000001);
#11630=AXIS2_PLACEMENT_3D('',#13349,#13350,#13351);
#11631=AXIS2_PLACEMENT_3D('',#13352,#13353,#13354);
#11632=CARTESIAN_POINT('',(30.727926519851,0.604351451345394,57.3760619502328));
#11633=CARTESIAN_POINT('',(-27.672073480149,0.604351451345394,57.3760619502328));
#11634=CARTESIAN_POINT('',(30.727926519851,0.604351451345394,57.3760619502328));
#11635=VECTOR('',#13355,1.0);
#11636=CARTESIAN_POINT('',(30.727926519851,-36.1956485486546,57.3760619502328));
#11637=CARTESIAN_POINT('',(30.727926519851,-36.1956485486546,57.3760619502328));
#11638=VECTOR('',#13356,1.0);
#11639=CARTESIAN_POINT('',(-27.672073480149,-36.1956485486546,57.3760619502328));
#11640=CARTESIAN_POINT('',(-27.672073480149,-36.1956485486546,57.3760619502328));
#11641=VECTOR('',#13357,1.0);
#11642=CARTESIAN_POINT('',(-27.672073480149,0.604351451345394,57.3760619502328));
#11643=VECTOR('',#13358,1.0);
#11644=CARTESIAN_POINT('',(-27.672073480149,0.604351451345394,61.2760619502328));
#11645=CARTESIAN_POINT('',(-27.672073480149,0.604351451345394,57.3760619502328));
#11646=VECTOR('',#13359,1.0);
#11647=CARTESIAN_POINT('',(30.727926519851,0.604351451345394,61.2760619502328));
#11648=CARTESIAN_POINT('',(30.727926519851,0.604351451345394,61.2760619502328));
#11649=VECTOR('',#13360,1.0);
#11650=CARTESIAN_POINT('',(30.727926519851,0.604351451345394,57.3760619502328));
#11651=VECTOR('',#13361,1.0);
#11652=CARTESIAN_POINT('',(30.727926519851,-36.1956485486546,61.2760619502328));
#11653=CARTESIAN_POINT('',(30.727926519851,-36.1956485486546,61.2760619502328));
#11654=VECTOR('',#13362,1.0);
#11655=CARTESIAN_POINT('',(30.727926519851,-36.1956485486546,57.3760619502328));
#11656=VECTOR('',#13363,1.0);
#11657=CARTESIAN_POINT('',(-27.672073480149,-36.1956485486546,61.2760619502328));
#11658=CARTESIAN_POINT('',(-27.672073480149,-36.1956485486546,61.2760619502328));
#11659=VECTOR('',#13364,1.0);
#11660=CARTESIAN_POINT('',(-27.672073480149,-36.1956485486546,57.3760619502328));
#11661=VECTOR('',#13365,1.0);
#11662=CARTESIAN_POINT('',(-27.672073480149,0.604351451345394,61.2760619502328));
#11663=VECTOR('',#13366,1.0);
#11664=DIRECTION('',(-0.965925826289069,1.14938745233725E-16,-0.25881904510252));
#11665=CARTESIAN_POINT('',(28.327926519851,-1.7956485486546,55.3760619502328));
#11666=DIRECTION('',(0.0,0.0,1.0));
#11667=DIRECTION('',(-0.866025403784492,0.499999999999908,0.0));
#11668=DIRECTION('',(-0.965925826289069,1.14938745233725E-16,0.258819045102518));
#11669=CARTESIAN_POINT('',(28.327926519851,-1.7956485486546,55.3760619502328));
#11670=DIRECTION('',(0.0,0.0,1.0));
#11671=DIRECTION('',(0.8660254037844,-0.500000000000068,0.0));
#11672=DIRECTION('',(-0.965925826289069,1.14938745233725E-16,0.258819045102518));
#11673=CARTESIAN_POINT('',(-25.272073480149,-1.7956485486546,55.3760619502328));
#11674=DIRECTION('',(0.0,0.0,1.0));
#11675=DIRECTION('',(0.866025403784439,-0.499999999999999,0.0));
#11676=DIRECTION('',(-0.965925826289069,1.14938745233725E-16,-0.25881904510252));
#11677=CARTESIAN_POINT('',(-25.272073480149,-1.7956485486546,55.3760619502328));
#11678=DIRECTION('',(0.0,0.0,1.0));
#11679=DIRECTION('',(-0.866025403784439,0.5,0.0));
#11680=DIRECTION('',(0.707106781186548,0.0,0.707106781186547));
#11681=CARTESIAN_POINT('',(-25.272073480149,-1.7956485486546,57.2160619502328));
#11682=DIRECTION('',(0.0,0.0,1.0));
#11683=DIRECTION('',(-1.0,0.0,0.0));
#11684=CARTESIAN_POINT('',(-25.272073480149,-1.7956485486546,57.3760619502328));
#11685=DIRECTION('',(0.0,0.0,1.0));
#11686=DIRECTION('',(-0.994252873563207,0.107057103506988,0.0));
#11687=DIRECTION('',(0.707106781186548,-1.57009245868376E-16,-0.707106781186547));
#11688=CARTESIAN_POINT('',(28.327926519851,-1.7956485486546,57.2160619502328));
#11689=DIRECTION('',(0.0,0.0,1.0));
#11690=DIRECTION('',(0.921052631578936,-0.389438120709204,0.0));
#11691=CARTESIAN_POINT('',(28.327926519851,-1.7956485486546,55.3760619502328));
#11692=DIRECTION('',(0.0,0.0,1.0));
#11693=DIRECTION('',(-0.866025403784467,-0.499999999999951,0.0));
#11694=CARTESIAN_POINT('',(28.327926519851,-1.7956485486546,55.3760619502328));
#11695=DIRECTION('',(0.0,0.0,-1.0));
#11696=DIRECTION('',(-1.0,0.0,0.0));
#11697=CARTESIAN_POINT('',(28.327926519851,-1.7956485486546,55.3760619502328));
#11698=DIRECTION('',(0.0,0.0,-1.0));
#11699=DIRECTION('',(-1.0,0.0,0.0));
#11700=CARTESIAN_POINT('',(28.327926519851,-1.7956485486546,55.3760619502328));
#11701=DIRECTION('',(0.0,-0.0,1.0));
#11702=DIRECTION('',(0.0,1.0,0.0));
#11703=CARTESIAN_POINT('',(28.327926519851,-1.7956485486546,55.3760619502328));
#11704=DIRECTION('',(0.0,0.0,1.0));
#11705=DIRECTION('',(-0.866025403784492,0.499999999999908,0.0));
#11706=CARTESIAN_POINT('',(28.327926519851,-1.7956485486546,55.3760619502328));
#11707=DIRECTION('',(0.0,0.0,1.0));
#11708=DIRECTION('',(0.0,-1.0,0.0));
#11709=CARTESIAN_POINT('',(28.327926519851,-1.7956485486546,55.3760619502328));
#11710=DIRECTION('',(0.0,0.0,1.0));
#11711=DIRECTION('',(0.8660254037844,-0.500000000000068,0.0));
#11712=CARTESIAN_POINT('',(28.327926519851,-1.7956485486546,55.3760619502328));
#11713=DIRECTION('',(0.0,-0.0,1.0));
#11714=DIRECTION('',(0.866025403784408,0.500000000000054,0.0));
#11715=DIRECTION('',(-0.707106781186558,0.0,0.707106781186537));
#11716=CARTESIAN_POINT('',(28.327926519851,-1.7956485486546,55.5760619502328));
#11717=DIRECTION('',(0.0,0.0,-1.0));
#11718=DIRECTION('',(-1.0,0.0,0.0));
#11719=DIRECTION('',(0.707106781186558,0.0,0.707106781186537));
#11720=DIRECTION('',(0.0749787268263244,-0.997185133525116,0.0));
#11721=CARTESIAN_POINT('',(-24.112073480149,-17.7956485486546,52.0260619502328));
#11722=DIRECTION('',(0.0,0.0,-1.0));
#11723=DIRECTION('',(-0.527022452630593,0.84985136019379,0.0));
#11724=DIRECTION('',(-0.074978726826333,0.997185133525115,0.0));
#11725=CARTESIAN_POINT('',(-24.112073480149,-17.7956485486546,52.0260619502328));
#11726=DIRECTION('',(0.0,-0.0,1.0));
#11727=DIRECTION('',(0.99718513352514,0.0749787268259981,0.0));
#11728=CARTESIAN_POINT('',(28.327926519851,-1.7956485486546,55.5760619502328));
#11729=DIRECTION('',(0.0,0.0,-1.0));
#11730=DIRECTION('',(-1.0,0.0,0.0));
#11731=DIRECTION('',(0.0,0.0,-1.0));
#11732=DIRECTION('',(0.0,0.0,-1.0));
#11733=CARTESIAN_POINT('',(28.327926519851,-1.7956485486546,55.8760619502328));
#11734=DIRECTION('',(0.0,0.0,1.0));
#11735=DIRECTION('',(-0.921052631578948,-0.389438120709177,0.0));
#11736=DIRECTION('',(0.0,0.0,-1.0));
#11737=DIRECTION('',(0.719339800338657,-0.694658370458991,0.0));
#11738=CARTESIAN_POINT('',(8.196800941917,-13.1956485486546,55.8760619502328));
#11739=DIRECTION('',(0.0,0.0,1.0));
#11740=DIRECTION('',(-0.694658370459007,-0.719339800338642,0.0));
#11741=DIRECTION('',(1.0,-4.26005191010539E-16,0.0));
#11742=CARTESIAN_POINT('',(13.409052097785,-13.1956485486546,55.8760619502328));
#11743=DIRECTION('',(0.0,0.0,1.0));
#11744=DIRECTION('',(-3.26849658449646E-13,-1.0,0.0));
#11745=DIRECTION('',(0.719339800338657,0.694658370458991,0.0));
#11746=CARTESIAN_POINT('',(21.354926519851,-5.70312808007151,55.8760619502328));
#11747=DIRECTION('',(0.0,0.0,1.0));
#11748=DIRECTION('',(0.694658370463017,-0.71933980033477,0.0));
#11749=DIRECTION('',(0.0,1.0,0.0));
#11750=CARTESIAN_POINT('',(25.024926519851,-4.61474022178251,55.8760619502328));
#11751=DIRECTION('',(0.0,0.0,-1.0));
#11752=DIRECTION('',(-1.0,0.0,0.0));
#11753=CARTESIAN_POINT('',(24.232926519851,-1.0312173740808,55.8760619502328));
#11754=DIRECTION('',(0.0,0.0,1.0));
#11755=DIRECTION('',(0.21580381470688,-0.976436743244517,0.0));
#11756=DIRECTION('',(0.0,-1.0,0.0));
#11757=CARTESIAN_POINT('',(24.602926519851,0.104351451345401,55.8760619502328));
#11758=DIRECTION('',(0.0,0.0,1.0));
#11759=DIRECTION('',(1.0,-3.5527136788005E-15,0.0));
#11760=DIRECTION('',(1.0,0.0,0.0));
#11761=DIRECTION('',(0.0,-1.0,0.0));
#11762=CARTESIAN_POINT('',(28.327926519851,-1.7956485486546,55.8760619502328));
#11763=DIRECTION('',(0.0,0.0,1.0));
#11764=DIRECTION('',(-0.921052631578948,-0.389438120709177,0.0));
#11765=DIRECTION('',(0.0,-1.0,0.0));
#11766=CARTESIAN_POINT('',(29.477926519851,-11.6456485486546,55.8760619502328));
#11767=DIRECTION('',(0.0,-0.0,1.0));
#11768=DIRECTION('',(0.749999999999993,0.661437827766155,0.0));
#11769=DIRECTION('',(1.0,0.0,0.0));
#11770=CARTESIAN_POINT('',(29.077926519851,-11.6456485486546,55.8760619502328));
#11771=DIRECTION('',(0.0,-0.0,1.0));
#11772=DIRECTION('',(7.105427357601E-14,1.0,0.0));
#11773=DIRECTION('',(0.0,1.0,0.0));
#11774=CARTESIAN_POINT('',(27.777926519851,-16.4456485486546,55.8760619502328));
#11775=DIRECTION('',(0.0,0.0,-1.0));
#11776=DIRECTION('',(1.0,0.0,0.0));
#11777=DIRECTION('',(1.0,0.0,0.0));
#11778=CARTESIAN_POINT('',(26.077926519851,-17.7456485486546,55.8760619502328));
#11779=DIRECTION('',(0.0,-0.0,1.0));
#11780=DIRECTION('',(0.0,1.0,0.0));
#11781=DIRECTION('',(0.0,-1.0,0.0));
#11782=CARTESIAN_POINT('',(26.077926519851,-17.9456485486546,55.8760619502328));
#11783=DIRECTION('',(0.0,0.0,1.0));
#11784=DIRECTION('',(-1.0,0.0,0.0));
#11785=DIRECTION('',(-1.0,0.0,0.0));
#11786=CARTESIAN_POINT('',(27.777926519851,-19.2456485486546,55.8760619502328));
#11787=DIRECTION('',(0.0,0.0,-1.0));
#11788=DIRECTION('',(2.27373675443232E-13,1.0,0.0));
#11789=DIRECTION('',(0.0,1.0,0.0));
#11790=CARTESIAN_POINT('',(29.077926519851,-24.0456485486546,55.8760619502328));
#11791=DIRECTION('',(0.0,0.0,1.0));
#11792=DIRECTION('',(-1.0,-4.48530101948557E-13,0.0));
#11793=DIRECTION('',(-1.0,0.0,0.0));
#11794=CARTESIAN_POINT('',(29.477926519851,-24.0456485486546,55.8760619502328));
#11795=DIRECTION('',(0.0,0.0,1.0));
#11796=DIRECTION('',(0.0,-1.0,0.0));
#11797=DIRECTION('',(0.0,-1.0,0.0));
#11798=DIRECTION('',(-1.0,0.0,0.0));
#11799=DIRECTION('',(0.0,-1.0,0.0));
#11800=CARTESIAN_POINT('',(-25.272073480149,-1.7956485486546,55.8760619502328));
#11801=DIRECTION('',(0.0,0.0,1.0));
#11802=DIRECTION('',(-0.910526315789469,-0.413451119547229,0.0));
#11803=CARTESIAN_POINT('',(-25.272073480149,-1.7956485486546,55.8760619502328));
#11804=DIRECTION('',(0.0,0.0,1.0));
#11805=DIRECTION('',(-0.910526315789469,-0.413451119547229,0.0));
#11806=DIRECTION('',(0.0,-1.0,0.0));
#11807=DIRECTION('',(1.0,0.0,0.0));
#11808=CARTESIAN_POINT('',(-2.997073480149,0.104351451345401,55.8760619502328));
#11809=DIRECTION('',(0.0,-0.0,1.0));
#11810=DIRECTION('',(0.0,1.0,0.0));
#11811=DIRECTION('',(0.0,-1.0,0.0));
#11812=CARTESIAN_POINT('',(-2.62707348014899,-1.0312179461598,55.8760619502328));
#11813=DIRECTION('',(0.0,0.0,1.0));
#11814=DIRECTION('',(-1.0,4.08357894114998E-15,0.0));
#11815=CARTESIAN_POINT('',(-3.4190734801489,-4.61474079386151,55.8760619502328));
#11816=DIRECTION('',(0.0,0.0,-1.0));
#11817=DIRECTION('',(0.215803814714352,0.976436743242866,0.0));
#11818=DIRECTION('',(0.0,-1.0,0.0));
#11819=CARTESIAN_POINT('',(0.250926519851006,-5.70312808007131,55.8760619502328));
#11820=DIRECTION('',(0.0,0.0,1.0));
#11821=DIRECTION('',(-1.0,0.0,0.0));
#11822=DIRECTION('',(0.0,1.0,0.0));
#11823=DIRECTION('',(1.0,0.0,0.0));
#11824=DIRECTION('',(0.0,-1.0,0.0));
#11825=DIRECTION('',(-1.0,0.0,0.0));
#11826=DIRECTION('',(0.0,1.0,0.0));
#11827=DIRECTION('',(1.0,0.0,0.0));
#11828=DIRECTION('',(0.0,-1.0,0.0));
#11829=DIRECTION('',(-1.0,0.0,0.0));
#11830=DIRECTION('',(0.0,-1.0,0.0));
#11831=DIRECTION('',(1.0,0.0,0.0));
#11832=DIRECTION('',(0.0,-1.0,0.0));
#11833=DIRECTION('',(1.0,0.0,0.0));
#11834=DIRECTION('',(0.0,-1.0,0.0));
#11835=DIRECTION('',(-1.0,0.0,0.0));
#11836=DIRECTION('',(0.0,1.0,0.0));
#11837=DIRECTION('',(-1.0,0.0,0.0));
#11838=DIRECTION('',(0.0,-1.0,0.0));
#11839=DIRECTION('',(-1.0,0.0,0.0));
#11840=DIRECTION('',(0.707106781186555,0.70710678118654,0.0));
#11841=DIRECTION('',(0.0,-1.0,0.0));
#11842=DIRECTION('',(1.0,0.0,0.0));
#11843=DIRECTION('',(0.0,-1.0,0.0));
#11844=DIRECTION('',(-1.0,0.0,0.0));
#11845=DIRECTION('',(0.0,1.0,0.0));
#11846=DIRECTION('',(1.0,0.0,0.0));
#11847=DIRECTION('',(-0.707106781186551,-0.707106781186544,0.0));
#11848=DIRECTION('',(-1.0,0.0,0.0));
#11849=DIRECTION('',(0.0,-1.0,0.0));
#11850=DIRECTION('',(1.0,0.0,0.0));
#11851=DIRECTION('',(0.0,1.0,0.0));
#11852=DIRECTION('',(-0.267826945232511,0.963467034935509,0.0));
#11853=CARTESIAN_POINT('',(-1.896959048551,-9.52447297764777,55.8760619502328));
#11854=DIRECTION('',(0.0,-0.0,1.0));
#11855=DIRECTION('',(0.963467034942095,0.267826945208821,0.0));
#11856=DIRECTION('',(-0.894967311508662,0.446131719709503,0.0));
#11857=CARTESIAN_POINT('',(-7.1770883655195,-6.78064854865444,55.8760619502328));
#11858=DIRECTION('',(0.0,-0.0,1.0));
#11859=DIRECTION('',(0.446131719723668,0.8949673115016,0.0));
#11860=DIRECTION('',(-1.0,2.65476591258161E-13,0.0));
#11861=CARTESIAN_POINT('',(-8.03690750355091,-6.78064854865421,55.8760619502328));
#11862=DIRECTION('',(0.0,-0.0,1.0));
#11863=DIRECTION('',(1.50635059981141E-12,1.0,0.0));
#11864=DIRECTION('',(-0.894967311508896,-0.446131719709033,0.0));
#11865=CARTESIAN_POINT('',(-13.3170368205222,-9.52447297764519,55.8760619502328));
#11866=DIRECTION('',(0.0,0.0,1.0));
#11867=DIRECTION('',(-0.446131719716005,0.89496731150542,0.0));
#11868=DIRECTION('',(-0.267826945233035,-0.963467034935363,0.0));
#11869=DIRECTION('',(2.55561382698873E-13,-1.0,0.0));
#11870=CARTESIAN_POINT('',(-13.6569979345305,-33.6866484506151,55.8760619502328));
#11871=DIRECTION('',(0.0,0.0,1.0));
#11872=DIRECTION('',(-1.0,-4.36391663545999E-12,0.0));
#11873=DIRECTION('',(1.0,-2.66306719560245E-13,0.0));
#11874=CARTESIAN_POINT('',(-1.556997934555,-33.6866484506183,55.8760619502328));
#11875=DIRECTION('',(0.0,0.0,1.0));
#11876=DIRECTION('',(-2.93690997447507E-12,-1.0,0.0));
#11877=DIRECTION('',(7.81499300716894E-13,1.0,0.0));
#11878=DIRECTION('',(0.0,-1.0,0.0));
#11879=DIRECTION('',(1.0,0.0,0.0));
#11880=DIRECTION('',(0.0,-1.0,0.0));
#11881=DIRECTION('',(1.0,0.0,0.0));
#11882=DIRECTION('',(0.0,1.0,0.0));
#11883=DIRECTION('',(1.0,0.0,0.0));
#11884=DIRECTION('',(0.0,1.0,0.0));
#11885=DIRECTION('',(1.0,0.0,0.0));
#11886=DIRECTION('',(0.0,1.0,0.0));
#11887=DIRECTION('',(-1.0,0.0,0.0));
#11888=DIRECTION('',(0.0,-1.0,0.0));
#11889=DIRECTION('',(1.0,0.0,0.0));
#11890=DIRECTION('',(0.0,-1.0,0.0));
#11891=DIRECTION('',(1.0,0.0,0.0));
#11892=DIRECTION('',(0.0,1.0,0.0));
#11893=DIRECTION('',(1.0,0.0,0.0));
#11894=DIRECTION('',(0.0,1.0,0.0));
#11895=DIRECTION('',(1.0,0.0,0.0));
#11896=DIRECTION('',(0.0,-1.0,0.0));
#11897=DIRECTION('',(-1.0,0.0,0.0));
#11898=DIRECTION('',(0.0,1.0,0.0));
#11899=DIRECTION('',(-1.0,0.0,0.0));
#11900=DIRECTION('',(0.0,1.0,0.0));
#11901=DIRECTION('',(-1.0,0.0,0.0));
#11902=DIRECTION('',(-1.0,0.0,0.0));
#11903=CARTESIAN_POINT('',(10.447926519851,-35.5156485486546,55.8760619502328));
#11904=DIRECTION('',(0.0,0.0,1.0));
#11905=DIRECTION('',(0.0,-1.0,0.0));
#11906=DIRECTION('',(0.0,-1.0,0.0));
#11907=CARTESIAN_POINT('',(10.447926519851,-33.0756485486546,55.8760619502328));
#11908=DIRECTION('',(0.0,0.0,1.0));
#11909=DIRECTION('',(1.0,0.0,0.0));
#11910=DIRECTION('',(1.0,0.0,0.0));
#11911=CARTESIAN_POINT('',(7.30792651985099,-33.0756485486546,55.8760619502328));
#11912=DIRECTION('',(0.0,0.0,1.0));
#11913=DIRECTION('',(-1.42108547152015E-12,1.0,0.0));
#11914=DIRECTION('',(0.0,1.0,0.0));
#11915=CARTESIAN_POINT('',(7.30792651985099,-35.5156485486546,55.8760619502328));
#11916=DIRECTION('',(0.0,0.0,1.0));
#11917=DIRECTION('',(-1.0,0.0,0.0));
#11918=CARTESIAN_POINT('',(26.687926519851,-6.3656485486546,55.8760619502328));
#11919=DIRECTION('',(0.0,0.0,1.0));
#11920=DIRECTION('',(0.0749787268263289,-0.997185133525116,0.0));
#11921=CARTESIAN_POINT('',(26.687926519851,-6.3656485486546,55.8760619502328));
#11922=DIRECTION('',(0.0,0.0,1.0));
#11923=DIRECTION('',(0.0749787268263289,-0.997185133525116,0.0));
#11924=CARTESIAN_POINT('',(26.687926519851,-10.1756485486546,55.8760619502328));
#11925=DIRECTION('',(0.0,0.0,1.0));
#11926=DIRECTION('',(0.0749787268263289,-0.997185133525116,0.0));
#11927=CARTESIAN_POINT('',(26.687926519851,-10.1756485486546,55.8760619502328));
#11928=DIRECTION('',(0.0,0.0,1.0));
#11929=DIRECTION('',(0.0749787268263289,-0.997185133525116,0.0));
#11930=CARTESIAN_POINT('',(-24.112073480149,-10.1756485486546,55.8760619502328));
#11931=DIRECTION('',(0.0,0.0,1.0));
#11932=DIRECTION('',(-0.997185133525116,-0.0749787268263316,0.0));
#11933=CARTESIAN_POINT('',(-24.112073480149,-10.1756485486546,55.8760619502328));
#11934=DIRECTION('',(0.0,0.0,1.0));
#11935=DIRECTION('',(-0.997185133525116,-0.0749787268263316,0.0));
#11936=CARTESIAN_POINT('',(26.687926519851,-25.4156485486546,55.8760619502328));
#11937=DIRECTION('',(0.0,0.0,1.0));
#11938=DIRECTION('',(-0.0749787268263288,0.997185133525116,0.0));
#11939=CARTESIAN_POINT('',(26.687926519851,-25.4156485486546,55.8760619502328));
#11940=DIRECTION('',(0.0,0.0,1.0));
#11941=DIRECTION('',(-0.0749787268263288,0.997185133525116,0.0));
#11942=CARTESIAN_POINT('',(26.687926519851,-29.2256485486546,55.8760619502328));
#11943=DIRECTION('',(0.0,0.0,1.0));
#11944=DIRECTION('',(-0.0749787268263288,0.997185133525116,0.0));
#11945=CARTESIAN_POINT('',(26.687926519851,-29.2256485486546,55.8760619502328));
#11946=DIRECTION('',(0.0,0.0,1.0));
#11947=DIRECTION('',(-0.0749787268263288,0.997185133525116,0.0));
#11948=CARTESIAN_POINT('',(-24.112073480149,-17.7956485486546,55.8760619502328));
#11949=DIRECTION('',(0.0,0.0,1.0));
#11950=DIRECTION('',(-0.997185133525115,-0.0749787268263329,0.0));
#11951=CARTESIAN_POINT('',(-24.112073480149,-17.7956485486546,55.8760619502328));
#11952=DIRECTION('',(0.0,0.0,1.0));
#11953=DIRECTION('',(-0.997185133525115,-0.0749787268263329,0.0));
#11954=CARTESIAN_POINT('',(-24.112073480149,-25.4156485486546,55.8760619502328));
#11955=DIRECTION('',(0.0,0.0,1.0));
#11956=DIRECTION('',(-0.997185133525113,-0.0749787268263659,0.0));
#11957=CARTESIAN_POINT('',(-24.112073480149,-25.4156485486546,55.8760619502328));
#11958=DIRECTION('',(0.0,0.0,1.0));
#11959=DIRECTION('',(-0.997185133525113,-0.0749787268263659,0.0));
#11960=DIRECTION('',(0.0,1.0,0.0));
#11961=DIRECTION('',(-1.0,0.0,0.0));
#11962=DIRECTION('',(0.0,-1.0,0.0));
#11963=DIRECTION('',(1.0,0.0,0.0));
#11964=DIRECTION('',(0.0,1.0,0.0));
#11965=DIRECTION('',(-1.0,0.0,0.0));
#11966=DIRECTION('',(-0.639960041445632,0.768408189280219,0.0));
#11967=DIRECTION('',(-1.0,0.0,0.0));
#11968=DIRECTION('',(-7.81793375437599E-13,-1.0,0.0));
#11969=DIRECTION('',(1.0,0.0,0.0));
#11970=DIRECTION('',(0.0,-1.0,0.0));
#11971=DIRECTION('',(-1.0,0.0,0.0));
#11972=DIRECTION('',(0.0,1.0,0.0));
#11973=DIRECTION('',(1.0,0.0,0.0));
#11974=DIRECTION('',(0.707106781186541,0.707106781186554,0.0));
#11975=DIRECTION('',(0.0,0.0,1.0));
#11976=DIRECTION('',(-0.719339800338647,0.694658370459002,0.0));
#11977=DIRECTION('',(0.0,0.0,-1.0));
#11978=CARTESIAN_POINT('',(8.196800941917,-13.1956485486546,53.0260619502328));
#11979=DIRECTION('',(-0.0,0.0,-1.0));
#11980=DIRECTION('',(-2.8421709430404E-14,-1.0,0.0));
#11981=DIRECTION('',(0.0,0.0,1.0));
#11982=DIRECTION('',(1.0,-2.55603114606308E-16,0.0));
#11983=DIRECTION('',(0.0,0.0,-1.0));
#11984=CARTESIAN_POINT('',(13.409052097785,-13.1956485486546,53.0260619502328));
#11985=DIRECTION('',(0.0,0.0,-1.0));
#11986=DIRECTION('',(0.694658370454947,-0.719339800342562,0.0));
#11987=DIRECTION('',(0.0,0.0,1.0));
#11988=DIRECTION('',(-0.719339800338646,-0.694658370459003,0.0));
#11989=DIRECTION('',(0.0,0.0,-1.0));
#11990=CARTESIAN_POINT('',(21.354926519851,-5.70312808007151,53.0260619502328));
#11991=DIRECTION('',(0.0,0.0,-1.0));
#11992=DIRECTION('',(1.0,-3.61396736291773E-13,0.0));
#11993=DIRECTION('',(0.0,0.0,1.0));
#11994=DIRECTION('',(0.0,1.0,0.0));
#11995=DIRECTION('',(0.0,0.0,-1.0));
#11996=CARTESIAN_POINT('',(25.024926519851,-4.61474022178251,53.0260619502328));
#11997=DIRECTION('',(0.0,0.0,1.0));
#11998=DIRECTION('',(-0.215803814716047,0.976436743242491,0.0));
#11999=DIRECTION('',(0.0,0.0,1.0));
#12000=CARTESIAN_POINT('',(24.232926519851,-1.0312173740808,53.0260619502328));
#12001=DIRECTION('',(0.0,0.0,-1.0));
#12002=DIRECTION('',(1.0,-2.40931157527849E-13,0.0));
#12003=DIRECTION('',(0.0,0.0,1.0));
#12004=DIRECTION('',(0.0,1.0,0.0));
#12005=DIRECTION('',(0.0,0.0,-1.0));
#12006=CARTESIAN_POINT('',(24.602926519851,0.104351451345401,53.0260619502328));
#12007=DIRECTION('',(0.0,0.0,-1.0));
#12008=DIRECTION('',(0.0,1.0,0.0));
#12009=DIRECTION('',(0.0,0.0,1.0));
#12010=DIRECTION('',(0.0,0.0,1.0));
#12011=CARTESIAN_POINT('',(-24.112073480149,-17.7956485486546,52.5260619502328));
#12012=DIRECTION('',(-0.0,0.0,-1.0));
#12013=DIRECTION('',(-0.39401399797082,-0.919104438789766,0.0));
#12014=DIRECTION('',(0.0,0.0,-1.0));
#12015=CARTESIAN_POINT('',(-24.112073480149,-17.7956485486546,52.0260619502328));
#12016=DIRECTION('',(0.0,0.0,-1.0));
#12017=DIRECTION('',(0.527022452630543,-0.849851360193821,0.0));
#12018=DIRECTION('',(0.0,0.0,1.0));
#12019=CARTESIAN_POINT('',(-24.112073480149,-17.7956485486546,52.5260619502328));
#12020=DIRECTION('',(0.0,0.0,-1.0));
#12021=DIRECTION('',(0.997185133525115,0.0749787268263354,0.0));
#12022=DIRECTION('',(0.0,0.0,1.0));
#12023=DIRECTION('',(1.0,0.0,0.0));
#12024=DIRECTION('',(0.0,0.0,1.0));
#12025=DIRECTION('',(-1.0,0.0,0.0));
#12026=DIRECTION('',(0.0,0.0,1.0));
#12027=DIRECTION('',(-1.0,0.0,0.0));
#12028=DIRECTION('',(0.0,0.0,1.0));
#12029=DIRECTION('',(-1.0,0.0,0.0));
#12030=DIRECTION('',(0.0,0.0,-1.0));
#12031=DIRECTION('',(0.0,0.0,-1.0));
#12032=DIRECTION('',(1.0,0.0,0.0));
#12033=DIRECTION('',(0.0,1.0,0.0));
#12034=DIRECTION('',(-1.0,0.0,0.0));
#12035=DIRECTION('',(0.0,1.0,0.0));
#12036=DIRECTION('',(1.0,0.0,0.0));
#12037=DIRECTION('',(0.0,1.0,0.0));
#12038=DIRECTION('',(-1.0,0.0,0.0));
#12039=DIRECTION('',(0.0,-1.0,0.0));
#12040=DIRECTION('',(0.0,-1.0,0.0));
#12041=CARTESIAN_POINT('',(-25.272073480149,-1.7956485486546,57.3760619502328));
#12042=DIRECTION('',(0.0,0.0,1.0));
#12043=DIRECTION('',(-0.994252873563207,0.107057103506988,0.0));
#12044=DIRECTION('',(0.0,-1.0,0.0));
#12045=DIRECTION('',(1.0,0.0,0.0));
#12046=DIRECTION('',(0.0,1.0,0.0));
#12047=CARTESIAN_POINT('',(-25.272073480149,-1.7956485486546,57.3760619502328));
#12048=DIRECTION('',(0.0,0.0,-1.0));
#12049=DIRECTION('',(-1.0,1.3664283380002E-15,0.0));
#12050=CARTESIAN_POINT('',(-25.272073480149,-1.7956485486546,57.3760619502328));
#12051=DIRECTION('',(0.0,0.0,-1.0));
#12052=DIRECTION('',(-1.0,1.3664283380002E-15,0.0));
#12053=CARTESIAN_POINT('',(28.327926519851,-1.7956485486546,57.3760619502328));
#12054=DIRECTION('',(0.0,0.0,-1.0));
#12055=DIRECTION('',(1.0,-1.36642833800018E-15,0.0));
#12056=CARTESIAN_POINT('',(28.327926519851,-1.7956485486546,57.3760619502328));
#12057=DIRECTION('',(0.0,0.0,-1.0));
#12058=DIRECTION('',(1.0,-1.36642833800018E-15,0.0));
#12059=DIRECTION('',(0.0,0.0,-1.0));
#12060=DIRECTION('',(-1.0,0.0,0.0));
#12061=DIRECTION('',(0.0,0.0,1.0));
#12062=DIRECTION('',(0.0,0.0,1.0));
#12063=DIRECTION('',(0.0,0.0,-1.0));
#12064=DIRECTION('',(0.0,1.0,0.0));
#12065=CARTESIAN_POINT('',(29.477926519851,-24.0456485486546,56.8760619502328));
#12066=DIRECTION('',(0.0,0.0,1.0));
#12067=DIRECTION('',(0.749999999999994,-0.661437827766155,0.0));
#12068=DIRECTION('',(0.0,-1.0,0.0));
#12069=DIRECTION('',(0.0,0.0,1.0));
#12070=DIRECTION('',(0.0,1.0,0.0));
#12071=DIRECTION('',(0.0,0.0,-1.0));
#12072=DIRECTION('',(0.0,-1.0,0.0));
#12073=DIRECTION('',(0.0,0.0,1.0));
#12074=DIRECTION('',(0.0,0.0,1.0));
#12075=DIRECTION('',(0.0,1.0,0.0));
#12076=DIRECTION('',(0.0,0.0,1.0));
#12077=DIRECTION('',(0.0,0.0,-1.0));
#12078=CARTESIAN_POINT('',(29.477926519851,-24.0456485486546,54.8760619502328));
#12079=DIRECTION('',(0.0,0.0,-1.0));
#12080=DIRECTION('',(1.0,7.99360577730101E-14,0.0));
#12081=DIRECTION('',(1.0,0.0,0.0));
#12082=CARTESIAN_POINT('',(26.077926519851,-17.9456485486546,54.8760619502328));
#12083=DIRECTION('',(0.0,0.0,-1.0));
#12084=DIRECTION('',(0.0,-1.0,0.0));
#12085=DIRECTION('',(0.0,1.0,0.0));
#12086=CARTESIAN_POINT('',(26.077926519851,-17.7456485486546,54.8760619502328));
#12087=DIRECTION('',(-0.0,0.0,-1.0));
#12088=DIRECTION('',(-1.0,-1.11022302462516E-15,0.0));
#12089=DIRECTION('',(1.0,0.0,0.0));
#12090=CARTESIAN_POINT('',(27.777926519851,-16.4456485486546,54.8760619502328));
#12091=DIRECTION('',(0.0,0.0,1.0));
#12092=DIRECTION('',(1.13686837721616E-13,-1.0,0.0));
#12093=DIRECTION('',(0.0,-1.0,0.0));
#12094=CARTESIAN_POINT('',(29.077926519851,-11.6456485486546,54.8760619502328));
#12095=DIRECTION('',(0.0,0.0,-1.0));
#12096=DIRECTION('',(-1.0,4.46379044838346E-13,0.0));
#12097=DIRECTION('',(-1.0,0.0,0.0));
#12098=CARTESIAN_POINT('',(29.477926519851,-11.6456485486546,54.8760619502328));
#12099=DIRECTION('',(0.0,0.0,-1.0));
#12100=DIRECTION('',(-7.105427357601E-14,1.0,0.0));
#12101=DIRECTION('',(1.0,0.0,0.0));
#12102=CARTESIAN_POINT('',(29.077926519851,-24.0456485486546,54.8760619502328));
#12103=DIRECTION('',(0.0,0.0,-1.0));
#12104=DIRECTION('',(0.0,-1.0,0.0));
#12105=DIRECTION('',(0.0,-1.0,0.0));
#12106=CARTESIAN_POINT('',(27.777926519851,-19.2456485486546,54.8760619502328));
#12107=DIRECTION('',(0.0,-0.0,1.0));
#12108=DIRECTION('',(1.0,1.06581410364015E-13,0.0));
#12109=CARTESIAN_POINT('',(26.737926519851,-17.8456485486546,54.8760619502328));
#12110=DIRECTION('',(0.0,0.0,1.0));
#12111=DIRECTION('',(-1.0,4.44089209850056E-15,0.0));
#12112=CARTESIAN_POINT('',(26.737926519851,-17.8456485486546,54.8760619502328));
#12113=DIRECTION('',(0.0,0.0,1.0));
#12114=DIRECTION('',(-1.0,4.44089209850056E-15,0.0));
#12115=DIRECTION('',(-1.0,0.0,0.0));
#12116=DIRECTION('',(0.0,-1.0,0.0));
#12117=DIRECTION('',(1.0,0.0,0.0));
#12118=DIRECTION('',(0.0,1.0,0.0));
#12119=DIRECTION('',(-1.0,0.0,0.0));
#12120=DIRECTION('',(0.0,-1.0,0.0));
#12121=DIRECTION('',(1.0,0.0,0.0));
#12122=DIRECTION('',(0.0,1.0,0.0));
#12123=DIRECTION('',(-1.0,0.0,0.0));
#12124=DIRECTION('',(0.0,-1.0,0.0));
#12125=DIRECTION('',(1.0,0.0,0.0));
#12126=DIRECTION('',(0.0,1.0,0.0));
#12127=DIRECTION('',(-1.0,0.0,0.0));
#12128=DIRECTION('',(0.0,-1.0,0.0));
#12129=DIRECTION('',(1.0,0.0,0.0));
#12130=DIRECTION('',(0.0,1.0,0.0));
#12131=DIRECTION('',(0.0,1.0,0.0));
#12132=DIRECTION('',(-1.0,0.0,0.0));
#12133=DIRECTION('',(0.0,-1.0,0.0));
#12134=DIRECTION('',(1.0,0.0,0.0));
#12135=DIRECTION('',(0.0,1.0,0.0));
#12136=DIRECTION('',(-1.0,0.0,0.0));
#12137=DIRECTION('',(0.0,-1.0,0.0));
#12138=DIRECTION('',(1.0,0.0,0.0));
#12139=DIRECTION('',(1.0,0.0,0.0));
#12140=DIRECTION('',(0.0,1.0,0.0));
#12141=DIRECTION('',(-1.0,0.0,0.0));
#12142=DIRECTION('',(0.0,-1.0,0.0));
#12143=DIRECTION('',(0.0,0.0,-1.0));
#12144=DIRECTION('',(0.0,0.0,1.0));
#12145=DIRECTION('',(0.0,0.0,1.0));
#12146=DIRECTION('',(0.0,0.0,-1.0));
#12147=DIRECTION('',(0.0,0.0,1.0));
#12148=DIRECTION('',(0.0,0.0,-1.0));
#12149=DIRECTION('',(0.0,0.0,1.0));
#12150=DIRECTION('',(0.0,0.0,-1.0));
#12151=DIRECTION('',(0.0,0.0,1.0));
#12152=DIRECTION('',(0.0,0.0,-1.0));
#12153=DIRECTION('',(0.0,0.0,1.0));
#12154=DIRECTION('',(0.0,0.0,-1.0));
#12155=DIRECTION('',(0.0,0.0,1.0));
#12156=DIRECTION('',(0.0,0.0,1.0));
#12157=CARTESIAN_POINT('',(29.477926519851,-11.6456485486546,56.8760619502328));
#12158=DIRECTION('',(0.0,0.0,1.0));
#12159=DIRECTION('',(1.0,-7.76462227847208E-14,0.0));
#12160=DIRECTION('',(0.0,1.0,0.0));
#12161=DIRECTION('',(0.0,0.0,1.0));
#12162=DIRECTION('',(0.0,0.0,1.0));
#12163=DIRECTION('',(1.0,0.0,0.0));
#12164=CARTESIAN_POINT('',(28.327926519851,-1.7956485486546,57.2160619502328));
#12165=DIRECTION('',(0.0,0.0,1.0));
#12166=DIRECTION('',(0.921052631578936,-0.389438120709204,0.0));
#12167=DIRECTION('',(0.0,0.0,-1.0));
#12168=CARTESIAN_POINT('',(26.737926519851,-17.8456485486546,55.8760619502328));
#12169=DIRECTION('',(0.0,0.0,-1.0));
#12170=DIRECTION('',(1.0,0.0,0.0));
#12171=DIRECTION('',(0.0,0.0,-1.0));
#12172=DIRECTION('',(0.0,0.0,1.0));
#12173=DIRECTION('',(0.866025403784447,0.499999999999986,0.0));
#12174=DIRECTION('',(0.0,0.0,1.0));
#12175=CARTESIAN_POINT('',(26.737926519851,-17.8456485486546,55.8760619502328));
#12176=DIRECTION('',(0.0,0.0,-1.0));
#12177=DIRECTION('',(1.0,0.0,0.0));
#12178=DIRECTION('',(1.0,0.0,0.0));
#12179=DIRECTION('',(0.0,0.0,-1.0));
#12180=DIRECTION('',(0.0,0.0,-1.0));
#12181=DIRECTION('',(-1.0,0.0,0.0));
#12182=DIRECTION('',(0.250562807085754,-0.25056280708573,0.935113126531024));
#12183=DIRECTION('',(-0.250562807085754,-0.250562807085733,0.935113126531023));
#12184=DIRECTION('',(1.0,0.0,0.0));
#12185=DIRECTION('',(0.0,-1.0,0.0));
#12186=DIRECTION('',(0.0,1.0,0.0));
#12187=DIRECTION('',(0.250562807085754,-0.25056280708573,-0.935113126531024));
#12188=DIRECTION('',(-1.0,0.0,0.0));
#12189=DIRECTION('',(0.250562807085754,0.25056280708573,0.935113126531024));
#12190=DIRECTION('',(0.0,1.0,0.0));
#12191=DIRECTION('',(0.0,0.0,-1.0));
#12192=DIRECTION('',(0.0,0.0,-1.0));
#12193=DIRECTION('',(0.0,-1.0,0.0));
#12194=DIRECTION('',(1.0,0.0,0.0));
#12195=DIRECTION('',(0.0,0.0,-1.0));
#12196=DIRECTION('',(0.0,0.0,-1.0));
#12197=DIRECTION('',(-1.0,1.33226762955026E-14,0.0));
#12198=DIRECTION('',(0.250562807085757,-0.250562807085733,0.935113126531022));
#12199=DIRECTION('',(0.250562807085757,0.250562807085733,-0.935113126531022));
#12200=DIRECTION('',(0.0,1.0,0.0));
#12201=DIRECTION('',(1.0,0.0,0.0));
#12202=DIRECTION('',(0.0,-1.0,0.0));
#12203=DIRECTION('',(0.0,-1.0,0.0));
#12204=DIRECTION('',(-0.250562807085754,0.25056280708573,0.935113126531024));
#12205=DIRECTION('',(-1.0,0.0,0.0));
#12206=DIRECTION('',(0.250562807085754,0.25056280708573,0.935113126531024));
#12207=DIRECTION('',(0.0,1.0,0.0));
#12208=DIRECTION('',(0.0,0.0,-1.0));
#12209=DIRECTION('',(0.0,0.0,-1.0));
#12210=DIRECTION('',(0.0,0.0,-1.0));
#12211=DIRECTION('',(1.0,0.0,0.0));
#12212=DIRECTION('',(0.0,0.0,-1.0));
#12213=DIRECTION('',(0.0,-1.0,0.0));
#12214=DIRECTION('',(0.0,0.0,-1.0));
#12215=DIRECTION('',(0.0,1.0,0.0));
#12216=DIRECTION('',(0.250562807085754,0.250562807085729,-0.935113126531024));
#12217=DIRECTION('',(-0.250562807085757,0.250562807085732,0.935113126531022));
#12218=DIRECTION('',(1.0,0.0,0.0));
#12219=DIRECTION('',(0.0,-1.0,0.0));
#12220=DIRECTION('',(-1.0,1.77635683940035E-14,0.0));
#12221=DIRECTION('',(0.250562807085754,-0.250562807085729,0.935113126531024));
#12222=DIRECTION('',(0.250562807085754,0.250562807085732,0.935113126531023));
#12223=DIRECTION('',(0.0,1.0,0.0));
#12224=DIRECTION('',(0.0,0.0,-1.0));
#12225=DIRECTION('',(-1.0,0.0,0.0));
#12226=DIRECTION('',(0.0,0.0,-1.0));
#12227=DIRECTION('',(1.0,0.0,0.0));
#12228=DIRECTION('',(0.0,0.0,-1.0));
#12229=DIRECTION('',(0.0,-1.0,0.0));
#12230=DIRECTION('',(0.0,0.0,-1.0));
#12231=DIRECTION('',(0.0,1.0,0.0));
#12232=DIRECTION('',(0.250562807085754,0.25056280708573,-0.935113126531024));
#12233=DIRECTION('',(-0.250562807085757,0.250562807085732,0.935113126531023));
#12234=DIRECTION('',(1.0,-1.77635683940035E-14,0.0));
#12235=DIRECTION('',(0.0,-1.0,0.0));
#12236=DIRECTION('',(-1.0,0.0,0.0));
#12237=DIRECTION('',(0.250562807085754,-0.25056280708573,0.935113126531024));
#12238=DIRECTION('',(0.250562807085754,0.250562807085732,0.935113126531023));
#12239=DIRECTION('',(0.0,1.0,0.0));
#12240=DIRECTION('',(0.0,0.0,-1.0));
#12241=DIRECTION('',(-1.0,0.0,0.0));
#12242=DIRECTION('',(0.0,0.0,-1.0));
#12243=DIRECTION('',(0.0,-1.0,0.0));
#12244=DIRECTION('',(0.0,0.0,-1.0));
#12245=DIRECTION('',(-1.0,0.0,0.0));
#12246=DIRECTION('',(0.0,0.0,-1.0));
#12247=DIRECTION('',(1.0,0.0,0.0));
#12248=DIRECTION('',(-0.250562807085754,0.25056280708573,0.935113126531024));
#12249=DIRECTION('',(-0.250562807085754,-0.25056280708573,-0.935113126531024));
#12250=DIRECTION('',(0.0,-1.0,0.0));
#12251=DIRECTION('',(-1.0,0.0,0.0));
#12252=DIRECTION('',(0.0,1.0,0.0));
#12253=DIRECTION('',(0.0,1.0,0.0));
#12254=DIRECTION('',(0.250562807085757,-0.250562807085731,0.935113126531023));
#12255=DIRECTION('',(1.0,0.0,0.0));
#12256=DIRECTION('',(-0.250562807085754,-0.250562807085732,0.935113126531023));
#12257=DIRECTION('',(0.0,0.0,-1.0));
#12258=DIRECTION('',(0.0,0.0,-1.0));
#12259=DIRECTION('',(0.0,-1.0,0.0));
#12260=DIRECTION('',(0.0,0.0,-1.0));
#12261=DIRECTION('',(-1.0,0.0,0.0));
#12262=DIRECTION('',(0.0,0.0,-1.0));
#12263=DIRECTION('',(1.0,-8.88178419700176E-15,0.0));
#12264=DIRECTION('',(0.250562807085754,-0.250562807085732,-0.935113126531023));
#12265=DIRECTION('',(0.250562807085754,0.250562807085732,0.935113126531023));
#12266=DIRECTION('',(0.0,-1.0,0.0));
#12267=DIRECTION('',(-1.0,-4.44089209850088E-15,0.0));
#12268=DIRECTION('',(0.0,1.0,0.0));
#12269=DIRECTION('',(-0.250562807085754,-0.250562807085729,0.935113126531024));
#12270=DIRECTION('',(0.250562807085754,-0.250562807085729,0.935113126531024));
#12271=DIRECTION('',(1.0,0.0,0.0));
#12272=DIRECTION('',(0.0,0.0,-1.0));
#12273=DIRECTION('',(0.0,1.0,0.0));
#12274=DIRECTION('',(0.0,0.0,-1.0));
#12275=DIRECTION('',(1.0,0.0,0.0));
#12276=DIRECTION('',(0.0,0.0,-1.0));
#12277=DIRECTION('',(0.0,-1.0,0.0));
#12278=DIRECTION('',(0.0,0.0,-1.0));
#12279=DIRECTION('',(0.0,-1.0,0.0));
#12280=DIRECTION('',(0.250562807085754,0.25056280708573,0.935113126531024));
#12281=DIRECTION('',(-0.250562807085754,0.25056280708573,-0.935113126531024));
#12282=DIRECTION('',(-1.0,0.0,0.0));
#12283=DIRECTION('',(0.0,1.0,0.0));
#12284=DIRECTION('',(1.0,0.0,0.0));
#12285=DIRECTION('',(-1.0,0.0,0.0));
#12286=DIRECTION('',(-0.250562807085754,-0.25056280708573,0.935113126531024));
#12287=DIRECTION('',(0.0,1.0,0.0));
#12288=DIRECTION('',(-0.250562807085751,0.25056280708573,0.935113126531025));
#12289=DIRECTION('',(0.0,0.0,-1.0));
#12290=DIRECTION('',(1.0,0.0,0.0));
#12291=DIRECTION('',(0.0,0.0,1.0));
#12292=DIRECTION('',(0.0,1.0,0.0));
#12293=DIRECTION('',(-1.0,0.0,0.0));
#12294=DIRECTION('',(0.0,0.0,-1.0));
#12295=DIRECTION('',(0.0,0.0,1.0));
#12296=DIRECTION('',(0.0,0.0,1.0));
#12297=DIRECTION('',(0.0,0.0,-1.0));
#12298=CARTESIAN_POINT('',(-25.272073480149,-1.7956485486546,55.5760619502328));
#12299=DIRECTION('',(0.0,0.0,-1.0));
#12300=DIRECTION('',(1.0,0.0,0.0));
#12301=DIRECTION('',(0.0,0.0,-1.0));
#12302=CARTESIAN_POINT('',(-25.272073480149,-1.7956485486546,57.2160619502328));
#12303=DIRECTION('',(0.0,0.0,1.0));
#12304=DIRECTION('',(-1.0,0.0,0.0));
#12305=DIRECTION('',(0.0,0.0,-1.0));
#12306=DIRECTION('',(0.0,1.0,0.0));
#12307=DIRECTION('',(0.0,0.0,1.0));
#12308=CARTESIAN_POINT('',(-25.272073480149,-1.7956485486546,55.3760619502328));
#12309=DIRECTION('',(0.0,0.0,-1.0));
#12310=DIRECTION('',(-1.0,0.0,0.0));
#12311=DIRECTION('',(0.707106781186558,0.0,0.707106781186537));
#12312=DIRECTION('',(-0.707106781186558,0.0,0.707106781186537));
#12313=DIRECTION('',(-0.0749787268263245,0.997185133525116,0.0));
#12314=DIRECTION('',(0.0,0.0,-1.0));
#12315=DIRECTION('',(-0.0749787268263305,0.997185133525116,0.0));
#12316=DIRECTION('',(0.0,0.0,1.0));
#12317=DIRECTION('',(0.0749787268263348,-0.997185133525115,0.0));
#12318=CARTESIAN_POINT('',(-25.272073480149,-1.7956485486546,55.3760619502328));
#12319=DIRECTION('',(0.0,0.0,-1.0));
#12320=DIRECTION('',(-1.0,0.0,0.0));
#12321=CARTESIAN_POINT('',(-25.272073480149,-1.7956485486546,55.3760619502328));
#12322=DIRECTION('',(0.0,0.0,1.0));
#12323=DIRECTION('',(-6.56371263618912E-14,1.0,0.0));
#12324=CARTESIAN_POINT('',(-25.272073480149,-1.7956485486546,55.3760619502328));
#12325=DIRECTION('',(0.0,0.0,1.0));
#12326=DIRECTION('',(-0.866025403784439,0.5,0.0));
#12327=CARTESIAN_POINT('',(-25.272073480149,-1.7956485486546,55.3760619502328));
#12328=DIRECTION('',(0.0,0.0,1.0));
#12329=DIRECTION('',(-0.866025403784446,-0.499999999999988,0.0));
#12330=CARTESIAN_POINT('',(-25.272073480149,-1.7956485486546,55.3760619502328));
#12331=DIRECTION('',(0.0,0.0,1.0));
#12332=DIRECTION('',(-1.64092815904729E-14,-1.0,0.0));
#12333=CARTESIAN_POINT('',(-25.272073480149,-1.7956485486546,55.3760619502328));
#12334=DIRECTION('',(0.0,0.0,1.0));
#12335=DIRECTION('',(0.866025403784439,-0.499999999999999,0.0));
#12336=CARTESIAN_POINT('',(-25.272073480149,-1.7956485486546,55.3760619502328));
#12337=DIRECTION('',(0.0,-0.0,1.0));
#12338=DIRECTION('',(0.866025403784447,0.499999999999986,0.0));
#12339=DIRECTION('',(0.0,0.0,1.0));
#12340=DIRECTION('',(0.866025403784436,0.500000000000005,0.0));
#12341=DIRECTION('',(0.0,0.0,1.0));
#12342=DIRECTION('',(0.0,1.0,0.0));
#12343=DIRECTION('',(0.0,0.0,1.0));
#12344=DIRECTION('',(-0.866025403784437,0.500000000000002,0.0));
#12345=DIRECTION('',(0.0,0.0,1.0));
#12346=DIRECTION('',(-0.866025403784436,-0.500000000000005,0.0));
#12347=DIRECTION('',(0.0,0.0,1.0));
#12348=DIRECTION('',(0.0,-1.0,0.0));
#12349=DIRECTION('',(0.0,0.0,1.0));
#12350=DIRECTION('',(0.866025403784435,-0.500000000000006,0.0));
#12351=CARTESIAN_POINT('',(29.627926519851,-1.7956485486546,57.4760619502328));
#12352=DIRECTION('',(0.0,-1.0,0.0));
#12353=DIRECTION('',(1.0,0.0,0.0));
#12354=CARTESIAN_POINT('',(28.327926519851,-1.7956485486546,57.4322195870307));
#12355=DIRECTION('',(0.0,0.0,-1.0));
#12356=DIRECTION('',(1.0,0.0,0.0));
#12357=CARTESIAN_POINT('',(27.027926519851,-1.7956485486546,57.4760619502328));
#12358=DIRECTION('',(0.0,1.0,0.0));
#12359=DIRECTION('',(-1.0,0.0,0.0));
#12360=CARTESIAN_POINT('',(28.327926519851,-1.7956485486546,57.8422195870307));
#12361=DIRECTION('',(0.0,0.0,1.0));
#12362=DIRECTION('',(-1.0,0.0,0.0));
#12363=DIRECTION('',(-0.438423632021414,0.0,-0.8987684456439));
#12364=DIRECTION('',(0.438423632021414,0.0,-0.8987684456439));
#12365=CARTESIAN_POINT('',(28.327926519851,-1.7956485486546,57.8860619502328));
#12366=DIRECTION('',(0.0,0.0,-1.0));
#12367=DIRECTION('',(1.0,0.0,0.0));
#12368=CARTESIAN_POINT('',(27.227926519851,-1.7956485486546,57.8860619502328));
#12369=DIRECTION('',(0.0,1.0,0.0));
#12370=DIRECTION('',(-1.0,0.0,0.0));
#12371=CARTESIAN_POINT('',(29.427926519851,-1.7956485486546,57.8860619502328));
#12372=DIRECTION('',(0.0,-1.0,0.0));
#12373=DIRECTION('',(1.0,0.0,0.0));
#12374=CARTESIAN_POINT('',(28.327926519851,-1.7956485486546,65.1760619502328));
#12375=DIRECTION('',(0.0,0.0,1.0));
#12376=DIRECTION('',(-1.0,0.0,0.0));
#12377=DIRECTION('',(0.0,0.0,-1.0));
#12378=DIRECTION('',(0.0,0.0,-1.0));
#12379=CARTESIAN_POINT('',(-24.112073480149,-17.7956485486546,52.0260619502328));
#12380=DIRECTION('',(0.0,0.0,1.0));
#12381=DIRECTION('',(-0.997185133525167,-0.0749787268256379,0.0));
#12382=DIRECTION('',(0.0749787268263148,-0.997185133525117,0.0));
#12383=DIRECTION('',(-0.0749787268263244,0.997185133525116,0.0));
#12384=DIRECTION('',(0.707106781186537,0.0,-0.707106781186558));
#12385=CARTESIAN_POINT('',(28.327926519851,-1.7956485486546,65.3760619502328));
#12386=DIRECTION('',(0.0,0.0,1.0));
#12387=DIRECTION('',(1.0,0.0,0.0));
#12388=DIRECTION('',(-0.707106781186537,0.0,-0.707106781186558));
#12389=CARTESIAN_POINT('',(28.327926519851,-1.7956485486546,65.3760619502328));
#12390=DIRECTION('',(0.0,0.0,1.0));
#12391=DIRECTION('',(1.0,0.0,0.0));
#12392=CARTESIAN_POINT('',(-24.112073480149,-25.4156485486546,52.0260619502328));
#12393=DIRECTION('',(0.0,0.0,1.0));
#12394=DIRECTION('',(-0.997185133525154,-0.0749787268258208,0.0));
#12395=DIRECTION('',(0.0,0.0,-1.0));
#12396=CARTESIAN_POINT('',(-24.112073480149,-25.4156485486546,48.8360619502328));
#12397=DIRECTION('',(0.0,0.0,-1.0));
#12398=DIRECTION('',(0.997185133525116,0.0749787268263271,0.0));
#12399=DIRECTION('',(0.0,0.0,-1.0));
#12400=DIRECTION('',(-0.074978726826317,0.997185133525117,0.0));
#12401=DIRECTION('',(0.0,0.0,-1.0));
#12402=DIRECTION('',(-0.0749787268263283,0.997185133525116,0.0));
#12403=DIRECTION('',(0.0,0.0,1.0));
#12404=DIRECTION('',(0.0749787268263359,-0.997185133525115,0.0));
#12405=CARTESIAN_POINT('',(-24.112073480149,-25.4156485486546,52.5260619502328));
#12406=DIRECTION('',(-0.0,0.0,-1.0));
#12407=DIRECTION('',(-0.39401399797082,-0.919104438789766,0.0));
#12408=CARTESIAN_POINT('',(-24.112073480149,-25.4156485486546,52.5260619502328));
#12409=DIRECTION('',(-0.0,0.0,-1.0));
#12410=DIRECTION('',(-0.39401399797082,-0.919104438789766,0.0));
#12411=CARTESIAN_POINT('',(-25.272073480149,-1.7956485486546,57.4322195870307));
#12412=DIRECTION('',(0.0,0.0,-1.0));
#12413=DIRECTION('',(-1.0,0.0,0.0));
#12414=CARTESIAN_POINT('',(-23.972073480149,-1.7956485486546,57.4760619502328));
#12415=DIRECTION('',(0.0,-1.0,0.0));
#12416=DIRECTION('',(1.0,0.0,0.0));
#12417=CARTESIAN_POINT('',(-26.572073480149,-1.7956485486546,57.4760619502328));
#12418=DIRECTION('',(0.0,1.0,0.0));
#12419=DIRECTION('',(-1.0,0.0,0.0));
#12420=DIRECTION('',(0.0,0.0,1.0));
#12421=DIRECTION('',(0.0,-1.0,0.0));
#12422=DIRECTION('',(0.0,0.0,1.0));
#12423=CARTESIAN_POINT('',(-25.272073480149,-1.7956485486546,57.8422195870307));
#12424=DIRECTION('',(0.0,0.0,1.0));
#12425=DIRECTION('',(-1.0,0.0,0.0));
#12426=DIRECTION('',(0.438423632021414,0.0,-0.8987684456439));
#12427=DIRECTION('',(-0.438423632021414,0.0,-0.8987684456439));
#12428=CARTESIAN_POINT('',(-26.372073480149,-1.7956485486546,57.8860619502328));
#12429=DIRECTION('',(0.0,1.0,0.0));
#12430=DIRECTION('',(-1.0,0.0,0.0));
#12431=CARTESIAN_POINT('',(-25.272073480149,-1.7956485486546,57.8860619502328));
#12432=DIRECTION('',(0.0,0.0,-1.0));
#12433=DIRECTION('',(1.0,0.0,0.0));
#12434=CARTESIAN_POINT('',(-24.172073480149,-1.7956485486546,57.8860619502328));
#12435=DIRECTION('',(0.0,-1.0,0.0));
#12436=DIRECTION('',(1.0,0.0,0.0));
#12437=CARTESIAN_POINT('',(-25.272073480149,-1.7956485486546,57.8860619502328));
#12438=DIRECTION('',(0.0,0.0,-1.0));
#12439=DIRECTION('',(1.0,0.0,0.0));
#12440=DIRECTION('',(0.0,0.0,-1.0));
#12441=CARTESIAN_POINT('',(-25.272073480149,-1.7956485486546,65.1760619502328));
#12442=DIRECTION('',(0.0,0.0,1.0));
#12443=DIRECTION('',(-1.0,0.0,0.0));
#12444=DIRECTION('',(0.0,0.0,-1.0));
#12445=DIRECTION('',(-0.0749787268263199,0.997185133525116,0.0));
#12446=DIRECTION('',(0.0,0.0,1.0));
#12447=CARTESIAN_POINT('',(-25.272073480149,-1.7956485486546,65.1760619502328));
#12448=DIRECTION('',(0.0,0.0,1.0));
#12449=DIRECTION('',(-1.0,0.0,0.0));
#12450=DIRECTION('',(-0.707106781186537,0.0,-0.707106781186558));
#12451=CARTESIAN_POINT('',(-25.272073480149,-1.7956485486546,65.3760619502328));
#12452=DIRECTION('',(0.0,0.0,1.0));
#12453=DIRECTION('',(1.0,0.0,0.0));
#12454=DIRECTION('',(0.707106781186537,0.0,-0.707106781186558));
#12455=CARTESIAN_POINT('',(-24.1200509612172,-25.4162483784692,48.8360619502328));
#12456=DIRECTION('',(-0.0749787268263271,0.997185133525116,0.0));
#12457=DIRECTION('',(-0.997185133525116,-0.0749787268263271,0.0));
#12458=CARTESIAN_POINT('',(-24.112073480149,-25.4156485486546,48.3360619502328));
#12459=DIRECTION('',(-0.0,0.0,-1.0));
#12460=DIRECTION('',(-0.997185133525118,-0.0749787268262987,0.0));
#12461=CARTESIAN_POINT('',(-24.1040959990808,-25.41504871884,48.8360619502328));
#12462=DIRECTION('',(0.0749787268263271,-0.997185133525116,0.0));
#12463=DIRECTION('',(0.997185133525116,0.0749787268263271,0.0));
#12464=CARTESIAN_POINT('',(-25.272073480149,-1.7956485486546,65.3760619502328));
#12465=DIRECTION('',(0.0,0.0,1.0));
#12466=DIRECTION('',(1.0,0.0,0.0));
#12467=CARTESIAN_POINT('',(-24.112073480149,-25.4156485486546,52.5260619502328));
#12468=DIRECTION('',(0.0,0.0,-1.0));
#12469=DIRECTION('',(0.997185133525116,0.0749787268263306,0.0));
#12470=DIRECTION('',(0.0,0.0,1.0));
#12471=DIRECTION('',(0.0,0.0,1.0));
#12472=CARTESIAN_POINT('',(-24.112073480149,-25.4156485486546,52.0260619502328));
#12473=DIRECTION('',(0.0,0.0,-1.0));
#12474=DIRECTION('',(0.527022452630631,-0.849851360193766,0.0));
#12475=CARTESIAN_POINT('',(-2.997073480149,0.104351451345401,53.0260619502328));
#12476=DIRECTION('',(0.0,0.0,-1.0));
#12477=DIRECTION('',(-1.0,0.0,0.0));
#12478=DIRECTION('',(0.0,0.0,1.0));
#12479=DIRECTION('',(0.0,1.0,0.0));
#12480=DIRECTION('',(0.0,0.0,-1.0));
#12481=CARTESIAN_POINT('',(-2.62707348014899,-1.0312179461598,53.0260619502328));
#12482=DIRECTION('',(-0.0,0.0,-1.0));
#12483=DIRECTION('',(-0.215803814710343,-0.976436743243752,0.0));
#12484=DIRECTION('',(0.0,0.0,1.0));
#12485=CARTESIAN_POINT('',(-3.4190734801489,-4.61474079386151,53.0260619502328));
#12486=DIRECTION('',(0.0,-0.0,1.0));
#12487=DIRECTION('',(1.0,9.3829705909749E-13,0.0));
#12488=DIRECTION('',(0.0,0.0,1.0));
#12489=DIRECTION('',(0.0,1.0,0.0));
#12490=DIRECTION('',(0.0,0.0,-1.0));
#12491=CARTESIAN_POINT('',(0.250926519851006,-5.70312808007131,53.0260619502328));
#12492=DIRECTION('',(-0.0,0.0,-1.0));
#12493=DIRECTION('',(-0.694658370454998,-0.719339800342513,0.0));
#12494=DIRECTION('',(0.719339800338648,-0.694658370459,0.0));
#12495=CARTESIAN_POINT('',(8.030097415515,0.304351451345397,53.0260619502328));
#12496=DIRECTION('',(0.0,0.0,1.0));
#12497=DIRECTION('',(-0.694658370462008,-0.719339800335744,0.0));
#12498=DIRECTION('',(1.0,0.0,0.0));
#12499=CARTESIAN_POINT('',(13.575755624187,0.304351451345397,53.0260619502328));
#12500=DIRECTION('',(0.0,0.0,1.0));
#12501=DIRECTION('',(0.0,-1.0,0.0));
#12502=DIRECTION('',(0.719339800338648,0.694658370459001,0.0));
#12503=DIRECTION('',(-0.719339800338649,-0.694658370459,0.0));
#12504=DIRECTION('',(0.0,0.0,-1.0));
#12505=DIRECTION('',(-0.719339800338641,0.694658370459007,0.0));
#12506=CARTESIAN_POINT('',(13.575755624187,0.304351451345397,55.3760619502328));
#12507=DIRECTION('',(0.0,0.0,-1.0));
#12508=DIRECTION('',(0.694658370460559,-0.719339800337143,0.0));
#12509=DIRECTION('',(-1.0,0.0,0.0));
#12510=CARTESIAN_POINT('',(8.030097415515,0.304351451345397,55.3760619502328));
#12511=DIRECTION('',(-0.0,-0.0,-1.0));
#12512=DIRECTION('',(0.0,-1.0,0.0));
#12513=DIRECTION('',(0.0,0.0,1.0));
#12514=DIRECTION('',(0.0,0.0,-1.0));
#12515=DIRECTION('',(0.0,0.0,1.0));
#12516=CARTESIAN_POINT('',(26.687926519851,-29.2256485486546,52.5260619502328));
#12517=DIRECTION('',(-0.0,0.0,-1.0));
#12518=DIRECTION('',(-0.499409719942164,-0.866365934018235,0.0));
#12519=DIRECTION('',(0.0749787268263377,-0.997185133525115,0.0));
#12520=DIRECTION('',(0.0,1.0,0.0));
#12521=DIRECTION('',(0.0,0.0,1.0));
#12522=DIRECTION('',(0.0,0.0,-1.0));
#12523=DIRECTION('',(1.0,0.0,0.0));
#12524=DIRECTION('',(0.0,-1.0,0.0));
#12525=DIRECTION('',(1.0,0.0,0.0));
#12526=DIRECTION('',(7.81793375437599E-13,1.0,0.0));
#12527=DIRECTION('',(1.0,0.0,0.0));
#12528=DIRECTION('',(0.639960041445633,-0.768408189280218,0.0));
#12529=DIRECTION('',(-1.0,2.18561329179855E-16,0.0));
#12530=DIRECTION('',(0.0,-1.0,0.0));
#12531=DIRECTION('',(-1.0,0.0,0.0));
#12532=DIRECTION('',(0.0,1.0,0.0));
#12533=DIRECTION('',(1.0,0.0,0.0));
#12534=DIRECTION('',(-0.707106781186553,-0.707106781186542,0.0));
#12535=DIRECTION('',(-1.0,0.0,0.0));
#12536=DIRECTION('',(0.0,1.0,0.0));
#12537=CARTESIAN_POINT('',(1.69792651985099,-13.4206485486546,54.4760619502665));
#12538=DIRECTION('',(0.0,0.0,1.0));
#12539=DIRECTION('',(1.0,-7.40148683083445E-16,0.0));
#12540=CARTESIAN_POINT('',(1.69792651985099,-13.4206485486546,54.4760619502665));
#12541=DIRECTION('',(0.0,0.0,1.0));
#12542=DIRECTION('',(1.0,-7.40148683083445E-16,0.0));
#12543=CARTESIAN_POINT('',(4.802926519851,-32.2456485486209,56.0260619502665));
#12544=DIRECTION('',(1.0,0.0,0.0));
#12545=DIRECTION('',(0.0,-0.995306362613467,-0.0967741935701288));
#12546=CARTESIAN_POINT('',(1.852926519851,-32.2456485486209,56.0260619502665));
#12547=DIRECTION('',(-1.0,0.0,0.0));
#12548=DIRECTION('',(0.0,7.33463469171718E-14,-1.0));
#12549=DIRECTION('',(0.0,0.0,-1.0));
#12550=DIRECTION('',(0.0,0.0,-1.0));
#12551=DIRECTION('',(0.0,0.0,1.0));
#12552=DIRECTION('',(0.0,0.0,1.0));
#12553=DIRECTION('',(0.0,0.0,-1.0));
#12554=DIRECTION('',(0.0,0.0,-1.0));
#12555=DIRECTION('',(0.0,0.0,-1.0));
#12556=CARTESIAN_POINT('',(18.375856270017,-18.6456485486546,56.0260619502665));
#12557=DIRECTION('',(0.0,1.0,0.0));
#12558=DIRECTION('',(0.995306362613467,0.0,-0.0967741935701288));
#12559=CARTESIAN_POINT('',(18.375856270017,-21.7456485486546,56.0260619502665));
#12560=DIRECTION('',(0.0,-1.0,-0.0));
#12561=DIRECTION('',(-7.33463469171718E-14,0.0,-1.0));
#12562=DIRECTION('',(0.0,0.0,1.0));
#12563=DIRECTION('',(0.0,0.0,-1.0));
#12564=DIRECTION('',(0.0,0.0,-1.0));
#12565=CARTESIAN_POINT('',(1.69792651985099,-13.4206485486546,55.3760619502328));
#12566=DIRECTION('',(0.0,0.0,-1.0));
#12567=DIRECTION('',(-1.0,0.0,0.0));
#12568=DIRECTION('',(0.0,0.0,-1.0));
#12569=CARTESIAN_POINT('',(1.69792651985099,-13.4206485486546,55.3760619502328));
#12570=DIRECTION('',(0.0,0.0,-1.0));
#12571=DIRECTION('',(-1.0,0.0,0.0));
#12572=DIRECTION('',(0.0,0.0,1.0));
#12573=DIRECTION('',(0.0,1.0,0.0));
#12574=DIRECTION('',(0.0,0.0,1.0));
#12575=DIRECTION('',(0.0,0.0,-1.0));
#12576=DIRECTION('',(-1.0,0.0,0.0));
#12577=DIRECTION('',(0.0,0.0,-1.0));
#12578=DIRECTION('',(0.0,-1.0,0.0));
#12579=DIRECTION('',(1.0,0.0,0.0));
#12580=DIRECTION('',(0.0,-1.0,0.0));
#12581=DIRECTION('',(-1.0,0.0,0.0));
#12582=DIRECTION('',(0.0,-1.0,0.0));
#12583=DIRECTION('',(1.0,0.0,0.0));
#12584=DIRECTION('',(0.0,1.0,0.0));
#12585=DIRECTION('',(-1.0,0.0,0.0));
#12586=DIRECTION('',(0.0,-1.0,0.0));
#12587=DIRECTION('',(1.0,0.0,0.0));
#12588=DIRECTION('',(0.0,0.0,-1.0));
#12589=DIRECTION('',(0.0,0.0,1.0));
#12590=DIRECTION('',(0.0,0.0,1.0));
#12591=DIRECTION('',(0.0,0.0,-1.0));
#12592=DIRECTION('',(0.0,0.0,1.0));
#12593=DIRECTION('',(0.0,0.0,1.0));
#12594=DIRECTION('',(0.0,0.0,-1.0));
#12595=DIRECTION('',(0.0,0.0,-1.0));
#12596=DIRECTION('',(0.0,0.0,-1.0));
#12597=DIRECTION('',(0.0,-1.0,0.0));
#12598=DIRECTION('',(0.0,0.0,1.0));
#12599=DIRECTION('',(0.0,0.0,-1.0));
#12600=DIRECTION('',(0.707106781186553,0.707106781186542,0.0));
#12601=DIRECTION('',(0.0,0.0,1.0));
#12602=DIRECTION('',(-1.0,0.0,0.0));
#12603=DIRECTION('',(0.0,1.0,0.0));
#12604=DIRECTION('',(-0.707106781186549,-0.707106781186546,0.0));
#12605=DIRECTION('',(1.0,0.0,0.0));
#12606=DIRECTION('',(0.0,1.0,0.0));
#12607=DIRECTION('',(1.0,0.0,0.0));
#12608=DIRECTION('',(0.0,-1.0,0.0));
#12609=DIRECTION('',(1.0,0.0,0.0));
#12610=DIRECTION('',(0.0,-1.0,0.0));
#12611=DIRECTION('',(-1.0,0.0,0.0));
#12612=DIRECTION('',(0.0,1.0,0.0));
#12613=DIRECTION('',(-1.0,0.0,0.0));
#12614=DIRECTION('',(0.0,0.0,1.0));
#12615=DIRECTION('',(0.0,0.0,-1.0));
#12616=DIRECTION('',(0.0,0.0,-1.0));
#12617=DIRECTION('',(0.0,0.0,-1.0));
#12618=DIRECTION('',(0.0,0.0,1.0));
#12619=DIRECTION('',(0.0,0.0,-1.0));
#12620=DIRECTION('',(0.0,0.0,-1.0));
#12621=DIRECTION('',(0.0,0.0,-1.0));
#12622=DIRECTION('',(0.0,0.0,1.0));
#12623=DIRECTION('',(0.0,0.0,1.0));
#12624=DIRECTION('',(0.0,0.0,1.0));
#12625=DIRECTION('',(1.0,0.0,0.0));
#12626=DIRECTION('',(0.0,0.0,1.0));
#12627=DIRECTION('',(0.0,1.0,0.0));
#12628=DIRECTION('',(0.0,0.0,1.0));
#12629=DIRECTION('',(-1.0,0.0,0.0));
#12630=DIRECTION('',(0.0,0.0,1.0));
#12631=DIRECTION('',(0.0,-1.0,0.0));
#12632=DIRECTION('',(0.0,0.0,1.0));
#12633=DIRECTION('',(0.267826945232514,-0.963467034935508,0.0));
#12634=DIRECTION('',(0.0,0.0,-1.0));
#12635=CARTESIAN_POINT('',(-1.896959048551,-9.52447297764777,53.0260619502328));
#12636=DIRECTION('',(0.0,0.0,-1.0));
#12637=DIRECTION('',(0.446131719702287,0.894967311512259,0.0));
#12638=DIRECTION('',(0.0,0.0,1.0));
#12639=DIRECTION('',(0.894967311508663,-0.4461317197095,0.0));
#12640=DIRECTION('',(0.0,0.0,-1.0));
#12641=DIRECTION('',(0.0,0.0,1.0));
#12642=CARTESIAN_POINT('',(-7.1770883655195,-6.78064854865444,53.0260619502328));
#12643=DIRECTION('',(0.0,0.0,-1.0));
#12644=DIRECTION('',(-2.1600499167107E-12,1.0,0.0));
#12645=DIRECTION('',(-1.0,2.65476591257928E-13,0.0));
#12646=DIRECTION('',(0.0,0.0,-1.0));
#12647=DIRECTION('',(0.0,0.0,1.0));
#12648=CARTESIAN_POINT('',(-8.03690750355091,-6.78064854865421,53.0260619502328));
#12649=DIRECTION('',(0.0,0.0,-1.0));
#12650=DIRECTION('',(-0.446131719708517,0.894967311509153,0.0));
#12651=DIRECTION('',(0.894967311508894,0.446131719709036,0.0));
#12652=DIRECTION('',(0.0,0.0,-1.0));
#12653=CARTESIAN_POINT('',(-13.3170368205222,-9.52447297764519,53.0260619502328));
#12654=DIRECTION('',(0.0,0.0,-1.0));
#12655=DIRECTION('',(-0.963467034935143,0.267826945233827,0.0));
#12656=DIRECTION('',(0.0,0.0,1.0));
#12657=DIRECTION('',(0.267826945233023,0.963467034935367,0.0));
#12658=DIRECTION('',(0.0,0.0,1.0));
#12659=DIRECTION('',(2.52474892569687E-13,-1.0,0.0));
#12660=DIRECTION('',(0.0,0.0,-1.0));
#12661=CARTESIAN_POINT('',(-13.6569979345305,-33.6866484506151,53.0260619502328));
#12662=DIRECTION('',(-0.0,0.0,-1.0));
#12663=DIRECTION('',(-6.86857977901429E-13,-1.0,0.0));
#12664=DIRECTION('',(0.0,0.0,1.0));
#12665=DIRECTION('',(1.0,-2.65132268757299E-13,0.0));
#12666=DIRECTION('',(0.0,0.0,-1.0));
#12667=CARTESIAN_POINT('',(-1.556997934555,-33.6866484506183,53.0260619502328));
#12668=DIRECTION('',(0.0,0.0,-1.0));
#12669=DIRECTION('',(1.0,1.48621855563156E-12,0.0));
#12670=DIRECTION('',(0.0,0.0,1.0));
#12671=DIRECTION('',(-7.81499300716879E-13,-1.0,0.0));
#12672=DIRECTION('',(0.0,0.0,1.0));
#12673=DIRECTION('',(0.0,1.0,0.0));
#12674=DIRECTION('',(0.0,0.0,1.0));
#12675=DIRECTION('',(-1.0,0.0,0.0));
#12676=DIRECTION('',(0.0,0.0,1.0));
#12677=DIRECTION('',(0.0,1.0,0.0));
#12678=DIRECTION('',(0.0,0.0,1.0));
#12679=DIRECTION('',(-1.0,0.0,0.0));
#12680=DIRECTION('',(0.0,0.0,1.0));
#12681=DIRECTION('',(0.0,-1.0,0.0));
#12682=DIRECTION('',(0.0,0.0,1.0));
#12683=DIRECTION('',(-1.0,0.0,0.0));
#12684=DIRECTION('',(0.0,0.0,1.0));
#12685=DIRECTION('',(0.0,-1.0,0.0));
#12686=DIRECTION('',(0.0,0.0,1.0));
#12687=DIRECTION('',(1.0,0.0,0.0));
#12688=DIRECTION('',(0.0,0.0,1.0));
#12689=DIRECTION('',(0.0,-1.0,0.0));
#12690=DIRECTION('',(0.0,0.0,1.0));
#12691=DIRECTION('',(1.0,0.0,0.0));
#12692=DIRECTION('',(0.0,0.0,1.0));
#12693=DIRECTION('',(0.0,1.0,0.0));
#12694=DIRECTION('',(0.0,0.0,1.0));
#12695=DIRECTION('',(1.0,0.0,0.0));
#12696=DIRECTION('',(0.0,0.0,1.0));
#12697=DIRECTION('',(0.0,-1.0,0.0));
#12698=DIRECTION('',(0.0,0.0,1.0));
#12699=DIRECTION('',(0.0,0.0,-1.0));
#12700=DIRECTION('',(-1.0,0.0,0.0));
#12701=DIRECTION('',(0.0,-1.0,0.0));
#12702=DIRECTION('',(-1.0,0.0,0.0));
#12703=DIRECTION('',(0.0,1.0,0.0));
#12704=DIRECTION('',(-1.0,0.0,0.0));
#12705=DIRECTION('',(0.0,-1.0,0.0));
#12706=DIRECTION('',(1.0,0.0,0.0));
#12707=DIRECTION('',(0.0,1.0,0.0));
#12708=DIRECTION('',(1.0,0.0,0.0));
#12709=DIRECTION('',(0.0,-1.0,0.0));
#12710=DIRECTION('',(1.0,0.0,0.0));
#12711=DIRECTION('',(0.0,0.0,1.0));
#12712=DIRECTION('',(0.0,0.0,1.0));
#12713=DIRECTION('',(0.0,0.0,-1.0));
#12714=DIRECTION('',(0.0,0.0,-1.0));
#12715=DIRECTION('',(0.0,0.0,1.0));
#12716=DIRECTION('',(0.0,0.0,1.0));
#12717=DIRECTION('',(0.0,0.0,1.0));
#12718=DIRECTION('',(0.0,0.0,1.0));
#12719=DIRECTION('',(0.0,0.0,-1.0));
#12720=DIRECTION('',(1.0,0.0,0.0));
#12721=DIRECTION('',(0.0,0.0,-1.0));
#12722=DIRECTION('',(0.0,0.0,1.0));
#12723=DIRECTION('',(0.0,-1.0,0.0));
#12724=DIRECTION('',(-1.0,0.0,0.0));
#12725=DIRECTION('',(0.0,1.0,0.0));
#12726=DIRECTION('',(0.0,-1.0,0.0));
#12727=DIRECTION('',(0.0,0.0,1.0));
#12728=DIRECTION('',(0.0,0.0,-1.0));
#12729=DIRECTION('',(0.0,0.0,1.0));
#12730=DIRECTION('',(0.0,0.0,-1.0));
#12731=DIRECTION('',(0.0,0.0,1.0));
#12732=DIRECTION('',(0.0,1.0,0.0));
#12733=DIRECTION('',(0.0,0.0,-1.0));
#12734=DIRECTION('',(0.0,0.0,1.0));
#12735=CARTESIAN_POINT('',(26.687926519851,-6.3656485486546,52.0260619502328));
#12736=DIRECTION('',(0.0,0.0,-1.0));
#12737=DIRECTION('',(0.623346874841463,-0.78194544159128,0.0));
#12738=DIRECTION('',(0.0,0.0,1.0));
#12739=CARTESIAN_POINT('',(26.687926519851,-6.3656485486546,52.5260619502328));
#12740=DIRECTION('',(0.0,0.0,-1.0));
#12741=DIRECTION('',(0.499409719942164,0.866365934018236,0.0));
#12742=DIRECTION('',(0.0,0.0,-1.0));
#12743=CARTESIAN_POINT('',(26.687926519851,-6.3656485486546,52.0260619502328));
#12744=DIRECTION('',(0.0,0.0,-1.0));
#12745=DIRECTION('',(-0.0749787268263289,0.997185133525116,0.0));
#12746=DIRECTION('',(0.0,0.0,1.0));
#12747=CARTESIAN_POINT('',(26.687926519851,-6.3656485486546,52.0260619502328));
#12748=DIRECTION('',(0.0,0.0,1.0));
#12749=DIRECTION('',(-0.0749787268263148,0.997185133525117,0.0));
#12750=DIRECTION('',(-0.0749787268263324,0.997185133525115,0.0));
#12751=CARTESIAN_POINT('',(26.687926519851,-6.3656485486546,52.0260619502328));
#12752=DIRECTION('',(0.0,0.0,-1.0));
#12753=DIRECTION('',(-0.0749787268263289,0.997185133525116,0.0));
#12754=DIRECTION('',(0.0749787268263496,-0.997185133525114,0.0));
#12755=CARTESIAN_POINT('',(26.687926519851,-6.3656485486546,52.0260619502328));
#12756=DIRECTION('',(0.0,0.0,1.0));
#12757=DIRECTION('',(-0.0749787268263148,0.997185133525117,0.0));
#12758=CARTESIAN_POINT('',(26.687926519851,-6.3656485486546,49.0860619502328));
#12759=DIRECTION('',(0.0,0.0,-1.0));
#12760=DIRECTION('',(0.0749787268262775,-0.997185133525119,0.0));
#12761=DIRECTION('',(0.0,0.0,-1.0));
#12762=CARTESIAN_POINT('',(26.687926519851,-6.3656485486546,52.0260619502328));
#12763=DIRECTION('',(0.0,0.0,1.0));
#12764=DIRECTION('',(-0.997185133524855,-0.0749787268297973,0.0));
#12765=DIRECTION('',(0.0,0.0,-1.0));
#12766=DIRECTION('',(0.0749787268263507,-0.997185133525114,0.0));
#12767=CARTESIAN_POINT('',(26.687926519851,-6.3656485486546,52.0260619502328));
#12768=DIRECTION('',(0.0,0.0,-1.0));
#12769=DIRECTION('',(0.623346874841463,-0.78194544159128,0.0));
#12770=DIRECTION('',(-0.0749787268263418,0.997185133525115,0.0));
#12771=CARTESIAN_POINT('',(26.687926519851,-6.3656485486546,52.0260619502328));
#12772=DIRECTION('',(0.0,0.0,1.0));
#12773=DIRECTION('',(-0.997185133524855,-0.0749787268297973,0.0));
#12774=DIRECTION('',(-0.0749787268263517,0.997185133525114,0.0));
#12775=CARTESIAN_POINT('',(-24.112073480149,-25.4156485486546,48.3360619502328));
#12776=DIRECTION('',(-0.0,0.0,-1.0));
#12777=DIRECTION('',(-0.997185133525118,-0.0749787268262987,0.0));
#12778=CARTESIAN_POINT('',(26.688676307119,-6.37562039998985,49.0860619502328));
#12779=DIRECTION('',(-0.997185133525117,-0.0749787268263149,0.0));
#12780=DIRECTION('',(0.0749787268263149,-0.997185133525117,0.0));
#12781=CARTESIAN_POINT('',(26.687926519851,-6.3656485486546,48.3360619502328));
#12782=DIRECTION('',(0.0,0.0,-1.0));
#12783=DIRECTION('',(-0.0749787268005469,0.997185133527054,0.0));
#12784=CARTESIAN_POINT('',(26.687176732583,-6.35567669731935,49.0860619502328));
#12785=DIRECTION('',(0.997185133525117,0.0749787268263149,0.0));
#12786=DIRECTION('',(-0.0749787268263149,0.997185133525117,0.0));
#12787=DIRECTION('',(0.0,0.0,-1.0));
#12788=CARTESIAN_POINT('',(-24.112073480149,-17.7956485486546,48.8360619502328));
#12789=DIRECTION('',(0.0,0.0,-1.0));
#12790=DIRECTION('',(0.997185133525116,0.0749787268263271,0.0));
#12791=DIRECTION('',(0.0,0.0,-1.0));
#12792=CARTESIAN_POINT('',(26.687926519851,-6.3656485486546,48.3360619502328));
#12793=DIRECTION('',(0.0,0.0,-1.0));
#12794=DIRECTION('',(-0.0749787268005469,0.997185133527054,0.0));
#12795=DIRECTION('',(0.0,0.0,-1.0));
#12796=DIRECTION('',(0.0749787268263382,-0.997185133525115,0.0));
#12797=DIRECTION('',(0.0,0.0,1.0));
#12798=DIRECTION('',(-0.866025403784436,0.500000000000004,0.0));
#12799=DIRECTION('',(0.0,0.0,1.0));
#12800=CARTESIAN_POINT('',(26.687926519851,-6.3656485486546,52.5260619502328));
#12801=DIRECTION('',(-0.0,0.0,-1.0));
#12802=DIRECTION('',(-0.499409719942165,-0.866365934018235,0.0));
#12803=CARTESIAN_POINT('',(26.687926519851,-10.1756485486546,52.0260619502328));
#12804=DIRECTION('',(0.0,0.0,-1.0));
#12805=DIRECTION('',(-0.0749787268263289,0.997185133525116,0.0));
#12806=DIRECTION('',(0.0,0.0,1.0));
#12807=DIRECTION('',(0.0,0.0,1.0));
#12808=CARTESIAN_POINT('',(26.687926519851,-10.1756485486546,52.0260619502328));
#12809=DIRECTION('',(0.0,0.0,-1.0));
#12810=DIRECTION('',(0.623346874841463,-0.78194544159128,0.0));
#12811=DIRECTION('',(0.0,0.0,1.0));
#12812=CARTESIAN_POINT('',(26.687926519851,-10.1756485486546,52.5260619502328));
#12813=DIRECTION('',(0.0,0.0,-1.0));
#12814=DIRECTION('',(0.499409719942164,0.866365934018236,0.0));
#12815=DIRECTION('',(0.0,0.0,-1.0));
#12816=DIRECTION('',(0.866025403784443,-0.499999999999992,0.0));
#12817=DIRECTION('',(0.0749787268263385,-0.997185133525115,0.0));
#12818=CARTESIAN_POINT('',(26.687926519851,-10.1756485486546,52.0260619502328));
#12819=DIRECTION('',(0.0,0.0,-1.0));
#12820=DIRECTION('',(0.623346874841463,-0.78194544159128,0.0));
#12821=DIRECTION('',(-0.0749787268263419,0.997185133525115,0.0));
#12822=CARTESIAN_POINT('',(26.687926519851,-10.1756485486546,52.0260619502328));
#12823=DIRECTION('',(0.0,0.0,1.0));
#12824=DIRECTION('',(-0.997185133524855,-0.0749787268297982,0.0));
#12825=CARTESIAN_POINT('',(26.687926519851,-10.1756485486546,52.0260619502328));
#12826=DIRECTION('',(0.0,0.0,1.0));
#12827=DIRECTION('',(-0.997185133524855,-0.0749787268297982,0.0));
#12828=DIRECTION('',(0.0749787268263493,-0.997185133525114,0.0));
#12829=DIRECTION('',(-0.0749787268263242,0.997185133525116,0.0));
#12830=CARTESIAN_POINT('',(26.687926519851,-10.1756485486546,52.0260619502328));
#12831=DIRECTION('',(0.0,0.0,1.0));
#12832=DIRECTION('',(-0.0749787268263148,0.997185133525117,0.0));
#12833=DIRECTION('',(-0.0749787268263325,0.997185133525115,0.0));
#12834=CARTESIAN_POINT('',(26.687926519851,-10.1756485486546,52.0260619502328));
#12835=DIRECTION('',(0.0,0.0,-1.0));
#12836=DIRECTION('',(-0.0749787268263289,0.997185133525116,0.0));
#12837=CARTESIAN_POINT('',(26.687926519851,-10.1756485486546,52.0260619502328));
#12838=DIRECTION('',(0.0,0.0,1.0));
#12839=DIRECTION('',(-0.0749787268263148,0.997185133525117,0.0));
#12840=CARTESIAN_POINT('',(26.687926519851,-10.1756485486546,49.0860619502328));
#12841=DIRECTION('',(0.0,0.0,-1.0));
#12842=DIRECTION('',(0.0749787268262776,-0.997185133525119,0.0));
#12843=DIRECTION('',(0.0,0.0,-1.0));
#12844=DIRECTION('',(0.0,0.0,-1.0));
#12845=CARTESIAN_POINT('',(26.687176732583,-10.1656766973193,49.0860619502328));
#12846=DIRECTION('',(0.997185133525117,0.0749787268263149,0.0));
#12847=DIRECTION('',(-0.0749787268263149,0.997185133525117,0.0));
#12848=CARTESIAN_POINT('',(26.687926519851,-10.1756485486546,48.3360619502328));
#12849=DIRECTION('',(0.0,0.0,-1.0));
#12850=DIRECTION('',(0.0749787268264126,-0.997185133525109,0.0));
#12851=CARTESIAN_POINT('',(26.688676307119,-10.1856203999899,49.0860619502328));
#12852=DIRECTION('',(-0.997185133525117,-0.0749787268263149,0.0));
#12853=DIRECTION('',(0.0749787268263149,-0.997185133525117,0.0));
#12854=CARTESIAN_POINT('',(-24.112073480149,-25.4156485486546,52.5260619502328));
#12855=DIRECTION('',(0.0,0.0,-1.0));
#12856=DIRECTION('',(0.997185133525116,0.0749787268263306,0.0));
#12857=CARTESIAN_POINT('',(26.687926519851,-10.1756485486546,48.3360619502328));
#12858=DIRECTION('',(0.0,0.0,-1.0));
#12859=DIRECTION('',(0.0749787268264126,-0.997185133525109,0.0));
#12860=CARTESIAN_POINT('',(-24.112073480149,-17.7956485486546,52.5260619502328));
#12861=DIRECTION('',(-0.0,0.0,-1.0));
#12862=DIRECTION('',(-0.39401399797082,-0.919104438789766,0.0));
#12863=DIRECTION('',(0.0,0.0,-1.0));
#12864=DIRECTION('',(0.0749787268263379,-0.997185133525115,0.0));
#12865=DIRECTION('',(0.0,0.0,1.0));
#12866=CARTESIAN_POINT('',(26.687926519851,-10.1756485486546,52.5260619502328));
#12867=DIRECTION('',(-0.0,0.0,-1.0));
#12868=DIRECTION('',(-0.499409719942165,-0.866365934018235,0.0));
#12869=DIRECTION('',(0.0,0.0,1.0));
#12870=CARTESIAN_POINT('',(-24.112073480149,-10.1756485486546,52.5260619502328));
#12871=DIRECTION('',(-0.0,0.0,-1.0));
#12872=DIRECTION('',(-0.39401399797082,-0.919104438789766,0.0));
#12873=DIRECTION('',(0.0,0.0,-1.0));
#12874=CARTESIAN_POINT('',(-24.112073480149,-10.1756485486546,52.0260619502328));
#12875=DIRECTION('',(0.0,0.0,-1.0));
#12876=DIRECTION('',(0.527022452630543,-0.849851360193821,0.0));
#12877=DIRECTION('',(0.0,0.0,1.0));
#12878=CARTESIAN_POINT('',(-24.112073480149,-10.1756485486546,52.5260619502328));
#12879=DIRECTION('',(0.0,0.0,-1.0));
#12880=DIRECTION('',(0.997185133525115,0.0749787268263354,0.0));
#12881=DIRECTION('',(0.0,0.0,1.0));
#12882=CARTESIAN_POINT('',(-24.112073480149,-17.7956485486546,48.3360619502328));
#12883=DIRECTION('',(-0.0,0.0,-1.0));
#12884=DIRECTION('',(-0.997185133525134,-0.0749787268260779,0.0));
#12885=CARTESIAN_POINT('',(-24.112073480149,-17.7956485486546,48.3360619502328));
#12886=DIRECTION('',(-0.0,0.0,-1.0));
#12887=DIRECTION('',(-0.997185133525134,-0.0749787268260779,0.0));
#12888=CARTESIAN_POINT('',(-24.112073480149,-10.1756485486546,52.5260619502328));
#12889=DIRECTION('',(-0.0,0.0,-1.0));
#12890=DIRECTION('',(-0.39401399797082,-0.919104438789766,0.0));
#12891=DIRECTION('',(-0.0749787268263198,0.997185133525116,0.0));
#12892=DIRECTION('',(-0.0749787268263245,0.997185133525116,0.0));
#12893=DIRECTION('',(0.0,0.0,1.0));
#12894=DIRECTION('',(0.074978726826324,-0.997185133525116,0.0));
#12895=CARTESIAN_POINT('',(-24.112073480149,-10.1756485486546,52.0260619502328));
#12896=DIRECTION('',(0.0,0.0,1.0));
#12897=DIRECTION('',(-0.997185133525167,-0.0749787268256383,0.0));
#12898=DIRECTION('',(0.0749787268263149,-0.997185133525117,0.0));
#12899=DIRECTION('',(0.0,0.0,-1.0));
#12900=CARTESIAN_POINT('',(-24.112073480149,-10.1756485486546,48.8360619502328));
#12901=DIRECTION('',(0.0,0.0,-1.0));
#12902=DIRECTION('',(0.997185133525116,0.0749787268263266,0.0));
#12903=DIRECTION('',(0.0,0.0,-1.0));
#12904=CARTESIAN_POINT('',(-24.1200509612172,-10.1762483784692,48.8360619502328));
#12905=DIRECTION('',(-0.0749787268263271,0.997185133525116,0.0));
#12906=DIRECTION('',(-0.997185133525116,-0.0749787268263271,0.0));
#12907=CARTESIAN_POINT('',(-24.112073480149,-10.1756485486546,48.3360619502328));
#12908=DIRECTION('',(0.0,0.0,-1.0));
#12909=DIRECTION('',(0.99718513352512,0.0749787268262711,0.0));
#12910=CARTESIAN_POINT('',(-24.1040959990808,-10.17504871884,48.8360619502328));
#12911=DIRECTION('',(0.0749787268263271,-0.997185133525116,0.0));
#12912=DIRECTION('',(0.997185133525116,0.0749787268263271,0.0));
#12913=CARTESIAN_POINT('',(-24.112073480149,-25.4156485486546,52.0260619502328));
#12914=DIRECTION('',(0.0,0.0,-1.0));
#12915=DIRECTION('',(-0.527022452630593,0.84985136019379,0.0));
#12916=CARTESIAN_POINT('',(-24.112073480149,-25.4156485486546,52.0260619502328));
#12917=DIRECTION('',(0.0,-0.0,1.0));
#12918=DIRECTION('',(0.997185133525204,0.0749787268251525,0.0));
#12919=CARTESIAN_POINT('',(-24.112073480149,-10.1756485486546,52.0260619502328));
#12920=DIRECTION('',(0.0,0.0,-1.0));
#12921=DIRECTION('',(-0.527022452630593,0.84985136019379,0.0));
#12922=DIRECTION('',(-0.074978726826333,0.997185133525115,0.0));
#12923=CARTESIAN_POINT('',(-24.112073480149,-10.1756485486546,52.0260619502328));
#12924=DIRECTION('',(0.0,-0.0,1.0));
#12925=DIRECTION('',(0.99718513352514,0.0749787268259994,0.0));
#12926=DIRECTION('',(0.0,0.0,-1.0));
#12927=DIRECTION('',(-0.0749787268263261,0.997185133525116,0.0));
#12928=CARTESIAN_POINT('',(-24.112073480149,-10.1756485486546,52.5260619502328));
#12929=DIRECTION('',(0.0,0.0,-1.0));
#12930=DIRECTION('',(0.997185133525115,0.0749787268263354,0.0));
#12931=CARTESIAN_POINT('',(-24.112073480149,-10.1756485486546,48.3360619502328));
#12932=DIRECTION('',(0.0,0.0,-1.0));
#12933=DIRECTION('',(0.99718513352512,0.0749787268262711,0.0));
#12934=CARTESIAN_POINT('',(26.687926519851,-25.4156485486546,52.0260619502328));
#12935=DIRECTION('',(0.0,0.0,-1.0));
#12936=DIRECTION('',(0.0749787268266658,-0.99718513352509,0.0));
#12937=DIRECTION('',(0.0,0.0,1.0));
#12938=DIRECTION('',(0.0,0.0,1.0));
#12939=CARTESIAN_POINT('',(26.687926519851,-25.4156485486546,52.0260619502328));
#12940=DIRECTION('',(0.0,0.0,-1.0));
#12941=DIRECTION('',(-0.623346874841474,0.781945441591271,0.0));
#12942=DIRECTION('',(0.0,0.0,1.0));
#12943=CARTESIAN_POINT('',(26.687926519851,-25.4156485486546,52.5260619502328));
#12944=DIRECTION('',(-0.0,0.0,-1.0));
#12945=DIRECTION('',(-0.499409719942164,-0.866365934018235,0.0));
#12946=DIRECTION('',(0.0,0.0,-1.0));
#12947=DIRECTION('',(-0.866025403784447,-0.499999999999986,0.0));
#12948=CARTESIAN_POINT('',(26.687926519851,-25.4156485486546,52.0260619502328));
#12949=DIRECTION('',(0.0,0.0,1.0));
#12950=DIRECTION('',(-0.0749787268263147,0.997185133525117,0.0));
#12951=DIRECTION('',(-0.0749787268263296,0.997185133525116,0.0));
#12952=CARTESIAN_POINT('',(26.687926519851,-25.4156485486546,52.0260619502328));
#12953=DIRECTION('',(0.0,0.0,-1.0));
#12954=DIRECTION('',(-0.623346874841474,0.781945441591271,0.0));
#12955=DIRECTION('',(0.0749787268263532,-0.997185133525114,0.0));
#12956=CARTESIAN_POINT('',(26.687926519851,-25.4156485486546,52.0260619502328));
#12957=DIRECTION('',(0.0,0.0,1.0));
#12958=DIRECTION('',(-0.0749787268263147,0.997185133525117,0.0));
#12959=DIRECTION('',(0.0,0.0,-1.0));
#12960=CARTESIAN_POINT('',(26.687926519851,-25.4156485486546,49.0860619502328));
#12961=DIRECTION('',(0.0,0.0,-1.0));
#12962=DIRECTION('',(0.0749787268262775,-0.997185133525119,0.0));
#12963=DIRECTION('',(0.0,0.0,-1.0));
#12964=CARTESIAN_POINT('',(26.687926519851,-25.4156485486546,52.0260619502328));
#12965=DIRECTION('',(0.0,0.0,1.0));
#12966=DIRECTION('',(-0.99718513352485,-0.0749787268298554,0.0));
#12967=CARTESIAN_POINT('',(26.687926519851,-25.4156485486546,49.0860619502328));
#12968=DIRECTION('',(0.0,0.0,-1.0));
#12969=DIRECTION('',(0.0749787268262775,-0.997185133525119,0.0));
#12970=CARTESIAN_POINT('',(26.688676307119,-25.4256203999898,49.0860619502328));
#12971=DIRECTION('',(-0.997185133525117,-0.0749787268263149,0.0));
#12972=DIRECTION('',(0.0749787268263149,-0.997185133525117,0.0));
#12973=CARTESIAN_POINT('',(26.687926519851,-25.4156485486546,48.3360619502328));
#12974=DIRECTION('',(0.0,0.0,-1.0));
#12975=DIRECTION('',(-0.0749787268006863,0.997185133527044,0.0));
#12976=CARTESIAN_POINT('',(26.687176732583,-25.4056766973194,49.0860619502328));
#12977=DIRECTION('',(0.997185133525117,0.0749787268263149,0.0));
#12978=DIRECTION('',(-0.0749787268263149,0.997185133525117,0.0));
#12979=CARTESIAN_POINT('',(-24.112073480149,-17.7956485486546,48.8360619502328));
#12980=DIRECTION('',(0.0,0.0,-1.0));
#12981=DIRECTION('',(0.997185133525116,0.0749787268263271,0.0));
#12982=CARTESIAN_POINT('',(-24.1040959990808,-17.79504871884,48.8360619502328));
#12983=DIRECTION('',(0.0749787268263271,-0.997185133525116,0.0));
#12984=DIRECTION('',(0.997185133525116,0.0749787268263271,0.0));
#12985=CARTESIAN_POINT('',(-24.1200509612172,-17.7962483784692,48.8360619502328));
#12986=DIRECTION('',(-0.0749787268263271,0.997185133525116,0.0));
#12987=DIRECTION('',(-0.997185133525116,-0.0749787268263271,0.0));
#12988=CARTESIAN_POINT('',(26.687926519851,-25.4156485486546,48.3360619502328));
#12989=DIRECTION('',(0.0,0.0,-1.0));
#12990=DIRECTION('',(-0.0749787268006863,0.997185133527044,0.0));
#12991=DIRECTION('',(0.0749787268263415,-0.997185133525115,0.0));
#12992=CARTESIAN_POINT('',(26.687926519851,-25.4156485486546,52.0260619502328));
#12993=DIRECTION('',(0.0,0.0,-1.0));
#12994=DIRECTION('',(0.0749787268266658,-0.99718513352509,0.0));
#12995=DIRECTION('',(-0.074978726826332,0.997185133525116,0.0));
#12996=CARTESIAN_POINT('',(26.687926519851,-25.4156485486546,52.0260619502328));
#12997=DIRECTION('',(0.0,0.0,1.0));
#12998=DIRECTION('',(-0.99718513352485,-0.0749787268298554,0.0));
#12999=DIRECTION('',(0.0,0.0,-1.0));
#13000=DIRECTION('',(-0.0749787268263248,0.997185133525116,0.0));
#13001=DIRECTION('',(0.0,0.0,1.0));
#13002=CARTESIAN_POINT('',(26.687926519851,-25.4156485486546,52.5260619502328));
#13003=DIRECTION('',(0.0,0.0,-1.0));
#13004=DIRECTION('',(0.499409719942164,0.866365934018235,0.0));
#13005=DIRECTION('',(0.0749787268263378,-0.997185133525115,0.0));
#13006=CARTESIAN_POINT('',(26.687926519851,-29.2256485486546,52.0260619502328));
#13007=DIRECTION('',(0.0,0.0,-1.0));
#13008=DIRECTION('',(0.0749787268266657,-0.99718513352509,0.0));
#13009=DIRECTION('',(0.0,0.0,1.0));
#13010=DIRECTION('',(0.0,0.0,1.0));
#13011=CARTESIAN_POINT('',(26.687926519851,-29.2256485486546,52.0260619502328));
#13012=DIRECTION('',(0.0,0.0,-1.0));
#13013=DIRECTION('',(-0.623346874841481,0.781945441591266,0.0));
#13014=DIRECTION('',(0.0,0.0,1.0));
#13015=DIRECTION('',(0.0,0.0,-1.0));
#13016=DIRECTION('',(-0.074978726826334,0.997185133525115,0.0));
#13017=CARTESIAN_POINT('',(-24.112073480149,-17.7956485486546,52.5260619502328));
#13018=DIRECTION('',(0.0,0.0,-1.0));
#13019=DIRECTION('',(0.997185133525115,0.0749787268263354,0.0));
#13020=CARTESIAN_POINT('',(26.687926519851,-29.2256485486546,52.0260619502328));
#13021=DIRECTION('',(0.0,0.0,1.0));
#13022=DIRECTION('',(-0.0749787268263147,0.997185133525117,0.0));
#13023=DIRECTION('',(-0.07497872682633,0.997185133525116,0.0));
#13024=CARTESIAN_POINT('',(26.687926519851,-29.2256485486546,52.0260619502328));
#13025=DIRECTION('',(0.0,0.0,-1.0));
#13026=DIRECTION('',(-0.623346874841481,0.781945441591266,0.0));
#13027=DIRECTION('',(0.074978726826353,-0.997185133525114,0.0));
#13028=CARTESIAN_POINT('',(26.687926519851,-29.2256485486546,52.0260619502328));
#13029=DIRECTION('',(0.0,0.0,1.0));
#13030=DIRECTION('',(-0.0749787268263147,0.997185133525117,0.0));
#13031=DIRECTION('',(0.0,0.0,-1.0));
#13032=CARTESIAN_POINT('',(26.687926519851,-29.2256485486546,49.0860619502328));
#13033=DIRECTION('',(0.0,0.0,-1.0));
#13034=DIRECTION('',(0.0749787268262775,-0.99718513352512,0.0));
#13035=DIRECTION('',(0.0,0.0,-1.0));
#13036=CARTESIAN_POINT('',(26.687926519851,-29.2256485486546,52.0260619502328));
#13037=DIRECTION('',(0.0,0.0,1.0));
#13038=DIRECTION('',(-0.997185133524851,-0.0749787268298531,0.0));
#13039=DIRECTION('',(0.0749787268263415,-0.997185133525115,0.0));
#13040=CARTESIAN_POINT('',(26.687926519851,-29.2256485486546,52.0260619502328));
#13041=DIRECTION('',(0.0,0.0,-1.0));
#13042=DIRECTION('',(0.0749787268266657,-0.99718513352509,0.0));
#13043=DIRECTION('',(-0.074978726826332,0.997185133525116,0.0));
#13044=CARTESIAN_POINT('',(26.687926519851,-29.2256485486546,52.0260619502328));
#13045=DIRECTION('',(0.0,0.0,1.0));
#13046=DIRECTION('',(-0.997185133524851,-0.0749787268298531,0.0));
#13047=DIRECTION('',(0.0,0.0,-1.0));
#13048=DIRECTION('',(-0.0749787268263241,0.997185133525116,0.0));
#13049=DIRECTION('',(0.0,0.0,1.0));
#13050=CARTESIAN_POINT('',(26.687926519851,-29.2256485486546,52.5260619502328));
#13051=DIRECTION('',(0.0,0.0,-1.0));
#13052=DIRECTION('',(0.499409719942164,0.866365934018235,0.0));
#13053=CARTESIAN_POINT('',(26.687176732583,-29.2156766973194,49.0860619502328));
#13054=DIRECTION('',(0.997185133525117,0.0749787268263151,0.0));
#13055=DIRECTION('',(-0.0749787268263151,0.997185133525117,0.0));
#13056=CARTESIAN_POINT('',(26.687926519851,-29.2256485486546,48.3360619502328));
#13057=DIRECTION('',(0.0,0.0,-1.0));
#13058=DIRECTION('',(-0.0749787268006066,0.99718513352705,0.0));
#13059=CARTESIAN_POINT('',(26.688676307119,-29.2356203999898,49.0860619502328));
#13060=DIRECTION('',(-0.997185133525117,-0.0749787268263151,0.0));
#13061=DIRECTION('',(0.0749787268263151,-0.997185133525117,0.0));
#13062=CARTESIAN_POINT('',(26.687926519851,-29.2256485486546,48.3360619502328));
#13063=DIRECTION('',(0.0,0.0,-1.0));
#13064=DIRECTION('',(-0.0749787268006066,0.99718513352705,0.0));
#13065=DIRECTION('',(0.0,0.0,-1.0));
#13066=CARTESIAN_POINT('',(-24.112073480149,-10.1756485486546,48.8360619502328));
#13067=DIRECTION('',(0.0,0.0,-1.0));
#13068=DIRECTION('',(0.997185133525116,0.0749787268263266,0.0));
#13069=CARTESIAN_POINT('',(28.327926519851,-1.7956485486546,57.4322195870307));
#13070=DIRECTION('',(0.0,0.0,-1.0));
#13071=DIRECTION('',(1.0,0.0,0.0));
#13072=CARTESIAN_POINT('',(28.327926519851,-1.7956485486546,57.8422195870307));
#13073=DIRECTION('',(0.0,0.0,1.0));
#13074=DIRECTION('',(-1.0,0.0,0.0));
#13075=CARTESIAN_POINT('',(-25.272073480149,-1.7956485486546,55.5760619502328));
#13076=DIRECTION('',(0.0,0.0,-1.0));
#13077=DIRECTION('',(1.0,0.0,0.0));
#13078=CARTESIAN_POINT('',(-25.272073480149,-1.7956485486546,57.8422195870307));
#13079=DIRECTION('',(0.0,0.0,1.0));
#13080=DIRECTION('',(-1.0,0.0,0.0));
#13081=CARTESIAN_POINT('',(-25.272073480149,-1.7956485486546,57.4322195870307));
#13082=DIRECTION('',(0.0,0.0,-1.0));
#13083=DIRECTION('',(-1.0,0.0,0.0));
#13084=CARTESIAN_POINT('',(28.327926519851,-1.7956485486546,65.1760619502328));
#13085=DIRECTION('',(0.0,0.0,1.0));
#13086=DIRECTION('',(-1.0,0.0,0.0));
#13087=CARTESIAN_POINT('',(26.687926519851,-6.3656485486546,49.0860619502328));
#13088=DIRECTION('',(0.0,0.0,-1.0));
#13089=DIRECTION('',(0.0749787268262775,-0.997185133525119,0.0));
#13090=CARTESIAN_POINT('',(26.687926519851,-29.2256485486546,49.0860619502328));
#13091=DIRECTION('',(0.0,0.0,-1.0));
#13092=DIRECTION('',(0.0749787268262775,-0.99718513352512,0.0));
#13093=CARTESIAN_POINT('',(26.687926519851,-10.1756485486546,49.0860619502328));
#13094=DIRECTION('',(0.0,0.0,-1.0));
#13095=DIRECTION('',(0.0749787268262776,-0.997185133525119,0.0));
#13096=CARTESIAN_POINT('',(28.327926519851,-1.7956485486546,57.8860619502328));
#13097=DIRECTION('',(0.0,0.0,-1.0));
#13098=DIRECTION('',(1.0,0.0,0.0));
#13099=CARTESIAN_POINT('',(-24.112073480149,-25.4156485486546,48.8360619502328));
#13100=DIRECTION('',(0.0,0.0,-1.0));
#13101=DIRECTION('',(0.997185133525116,0.0749787268263271,0.0));
#13102=DIRECTION('',(1.0,0.0,0.0));
#13103=DIRECTION('',(0.0,-1.0,0.0));
#13104=DIRECTION('',(-1.0,0.0,0.0));
#13105=DIRECTION('',(0.0,1.0,0.0));
#13106=DIRECTION('',(0.0,0.0,1.0));
#13107=DIRECTION('',(1.0,0.0,0.0));
#13108=DIRECTION('',(0.0,0.0,1.0));
#13109=DIRECTION('',(1.0,0.0,0.0));
#13110=DIRECTION('',(0.0,0.0,-1.0));
#13111=DIRECTION('',(1.0,0.0,0.0));
#13112=DIRECTION('',(0.0,0.0,1.0));
#13113=DIRECTION('',(0.0,-1.0,0.0));
#13114=DIRECTION('',(0.0,0.0,1.0));
#13115=DIRECTION('',(-1.0,0.0,0.0));
#13116=DIRECTION('',(0.0,0.0,1.0));
#13117=DIRECTION('',(-1.0,0.0,0.0));
#13118=DIRECTION('',(0.0,0.0,-1.0));
#13119=DIRECTION('',(-1.0,0.0,0.0));
#13120=DIRECTION('',(0.0,0.0,1.0));
#13121=DIRECTION('',(0.0,1.0,0.0));
#13122=DIRECTION('',(0.0,-1.0,0.0));
#13123=DIRECTION('',(0.0,-1.0,0.0));
#13124=DIRECTION('',(0.0,1.0,0.0));
#13125=DIRECTION('',(0.0,1.0,0.0));
#13126=DIRECTION('',(-0.0,0.0,-1.0));
#13127=CARTESIAN_POINT('',(-22.094073480149,-4.71464854865459,63.0260619502328));
#13128=DIRECTION('',(-0.0,0.0,-1.0));
#13129=DIRECTION('',(-0.703809523809529,-0.710388734563692,0.0));
#13130=DIRECTION('',(0.0,0.0,-1.0));
#13131=CARTESIAN_POINT('',(-22.094073480149,-4.71464854865459,61.2760619502328));
#13132=DIRECTION('',(0.0,0.0,1.0));
#13133=DIRECTION('',(-0.179999999999995,0.983666610188636,0.0));
#13134=CARTESIAN_POINT('',(25.149926519851,-4.71464854865459,63.0260619502328));
#13135=DIRECTION('',(0.0,0.0,-1.0));
#13136=DIRECTION('',(0.418095238095334,0.908403198960685,0.0));
#13137=DIRECTION('',(0.0,0.0,-1.0));
#13138=CARTESIAN_POINT('',(25.149926519851,-4.71464854865459,61.2760619502328));
#13139=DIRECTION('',(0.0,-0.0,1.0));
#13140=DIRECTION('',(0.955570729721842,0.294761904761905,0.0));
#13141=DIRECTION('',(0.0,0.0,1.0));
#13142=DIRECTION('',(-1.0,0.0,0.0));
#13143=DIRECTION('',(0.0,-1.0,0.0));
#13144=DIRECTION('',(-1.0,0.0,0.0));
#13145=DIRECTION('',(0.0,1.0,0.0));
#13146=DIRECTION('',(-0.707106781186553,-0.707106781186542,0.0));
#13147=DIRECTION('',(1.0,0.0,0.0));
#13148=DIRECTION('',(0.0,1.0,0.0));
#13149=DIRECTION('',(-0.707106781186547,0.707106781186548,0.0));
#13150=DIRECTION('',(0.0,-1.0,0.0));
#13151=DIRECTION('',(-1.0,0.0,0.0));
#13152=DIRECTION('',(0.0,1.0,0.0));
#13153=CARTESIAN_POINT('',(-22.094073480149,-4.71464854865459,63.0260619502328));
#13154=DIRECTION('',(-0.0,0.0,-1.0));
#13155=DIRECTION('',(-0.703809523809529,-0.710388734563692,0.0));
#13156=DIRECTION('',(0.0,1.0,0.0));
#13157=CARTESIAN_POINT('',(25.149926519851,-4.71464854865459,63.0260619502328));
#13158=DIRECTION('',(0.0,0.0,1.0));
#13159=DIRECTION('',(-1.0,0.0,0.0));
#13160=CARTESIAN_POINT('',(25.149926519851,-4.71464854865459,63.0260619502328));
#13161=DIRECTION('',(0.0,0.0,1.0));
#13162=DIRECTION('',(-1.0,0.0,0.0));
#13163=CARTESIAN_POINT('',(25.149926519851,-30.8766485486546,63.0260619502328));
#13164=DIRECTION('',(0.0,0.0,1.0));
#13165=DIRECTION('',(-1.0,0.0,0.0));
#13166=CARTESIAN_POINT('',(25.149926519851,-30.8766485486546,63.0260619502328));
#13167=DIRECTION('',(0.0,0.0,1.0));
#13168=DIRECTION('',(-1.0,0.0,0.0));
#13169=CARTESIAN_POINT('',(-22.094073480149,-4.71464854865459,63.0260619502328));
#13170=DIRECTION('',(0.0,0.0,1.0));
#13171=DIRECTION('',(1.0,0.0,0.0));
#13172=CARTESIAN_POINT('',(-22.094073480149,-4.71464854865459,63.0260619502328));
#13173=DIRECTION('',(0.0,0.0,1.0));
#13174=DIRECTION('',(1.0,0.0,0.0));
#13175=CARTESIAN_POINT('',(-22.094073480149,-30.8766485486546,63.0260619502328));
#13176=DIRECTION('',(0.0,0.0,1.0));
#13177=DIRECTION('',(-1.0,0.0,0.0));
#13178=CARTESIAN_POINT('',(-22.094073480149,-30.8766485486546,63.0260619502328));
#13179=DIRECTION('',(0.0,0.0,1.0));
#13180=DIRECTION('',(-1.0,0.0,0.0));
#13181=DIRECTION('',(0.0,0.0,-1.0));
#13182=DIRECTION('',(1.0,0.0,0.0));
#13183=DIRECTION('',(0.0,0.0,-1.0));
#13184=DIRECTION('',(-1.0,0.0,0.0));
#13185=DIRECTION('',(0.0,0.0,1.0));
#13186=DIRECTION('',(1.0,0.0,0.0));
#13187=DIRECTION('',(0.0,0.0,1.0));
#13188=DIRECTION('',(0.0,1.0,0.0));
#13189=CARTESIAN_POINT('',(30.027926519851,-0.0956485486545944,61.2760619502328));
#13190=DIRECTION('',(0.0,0.0,-1.0));
#13191=DIRECTION('',(0.0,1.0,0.0));
#13192=DIRECTION('',(0.0,-1.0,0.0));
#13193=DIRECTION('',(-1.0,0.0,0.0));
#13194=CARTESIAN_POINT('',(28.327926519851,-1.7956485486546,61.2760619502328));
#13195=DIRECTION('',(0.0,0.0,1.0));
#13196=DIRECTION('',(-1.0,0.0,0.0));
#13197=CARTESIAN_POINT('',(28.327926519851,-1.7956485486546,61.2760619502328));
#13198=DIRECTION('',(0.0,0.0,1.0));
#13199=DIRECTION('',(-1.0,0.0,0.0));
#13200=DIRECTION('',(0.0,0.0,-1.0));
#13201=DIRECTION('',(0.0,0.0,1.0));
#13202=DIRECTION('',(0.0,1.0,0.0));
#13203=DIRECTION('',(0.0,0.0,-1.0));
#13204=DIRECTION('',(0.0,0.0,-1.0));
#13205=DIRECTION('',(0.0,-1.0,0.0));
#13206=CARTESIAN_POINT('',(30.027926519851,-35.4956485486546,66.0260619502328));
#13207=DIRECTION('',(0.0,0.0,1.0));
#13208=DIRECTION('',(0.0,-1.0,0.0));
#13209=DIRECTION('',(0.0,0.0,-1.0));
#13210=CARTESIAN_POINT('',(30.027926519851,-35.4956485486546,61.2760619502328));
#13211=DIRECTION('',(0.0,0.0,-1.0));
#13212=DIRECTION('',(1.0,-3.07346740650397E-13,0.0));
#13213=DIRECTION('',(0.707106781186553,0.707106781186542,0.0));
#13214=DIRECTION('',(1.0,0.0,0.0));
#13215=DIRECTION('',(0.0,0.0,1.0));
#13216=DIRECTION('',(-1.0,0.0,0.0));
#13217=DIRECTION('',(0.0,0.0,1.0));
#13218=DIRECTION('',(-1.0,0.0,0.0));
#13219=DIRECTION('',(0.0,0.0,1.0));
#13220=DIRECTION('',(0.0,-1.0,0.0));
#13221=DIRECTION('',(0.0,0.0,-1.0));
#13222=DIRECTION('',(0.707106781186548,-0.707106781186548,0.0));
#13223=DIRECTION('',(0.0,0.0,1.0));
#13224=DIRECTION('',(0.0,0.0,1.0));
#13225=DIRECTION('',(0.0,1.0,0.0));
#13226=DIRECTION('',(0.0,0.0,1.0));
#13227=DIRECTION('',(0.0,1.0,0.0));
#13228=DIRECTION('',(0.0,0.0,-1.0));
#13229=DIRECTION('',(0.0,1.0,0.0));
#13230=CARTESIAN_POINT('',(-26.972073480149,-0.0956485486545944,66.0260619502328));
#13231=DIRECTION('',(0.0,0.0,1.0));
#13232=DIRECTION('',(-1.85037170770859E-16,1.0,0.0));
#13233=CARTESIAN_POINT('',(-26.972073480149,-0.0956485486545944,61.2760619502328));
#13234=DIRECTION('',(0.0,0.0,-1.0));
#13235=DIRECTION('',(-1.0,0.0,0.0));
#13236=CARTESIAN_POINT('',(-22.094073480149,-4.71464854865459,61.2760619502328));
#13237=DIRECTION('',(0.0,0.0,1.0));
#13238=DIRECTION('',(-0.179999999999995,0.983666610188636,0.0));
#13239=DIRECTION('',(0.0,-1.0,0.0));
#13240=DIRECTION('',(1.0,0.0,0.0));
#13241=DIRECTION('',(0.0,-1.0,0.0));
#13242=CARTESIAN_POINT('',(-25.272073480149,-1.7956485486546,61.2760619502328));
#13243=DIRECTION('',(0.0,0.0,1.0));
#13244=DIRECTION('',(-1.0,0.0,0.0));
#13245=CARTESIAN_POINT('',(-25.272073480149,-1.7956485486546,61.2760619502328));
#13246=DIRECTION('',(0.0,0.0,1.0));
#13247=DIRECTION('',(-1.0,0.0,0.0));
#13248=DIRECTION('',(0.0,0.0,1.0));
#13249=DIRECTION('',(0.0,0.0,-1.0));
#13250=CARTESIAN_POINT('',(-25.272073480149,-1.7956485486546,61.3760619502328));
#13251=DIRECTION('',(0.0,0.0,1.0));
#13252=DIRECTION('',(-1.0,0.0,0.0));
#13253=DIRECTION('',(-0.866025403784435,0.0,-0.500000000000007));
#13254=DIRECTION('',(0.866025403784435,0.0,-0.500000000000007));
#13255=DIRECTION('',(0.0,0.0,-1.0));
#13256=CARTESIAN_POINT('',(-25.272073480149,-1.7956485486546,66.0260619502328));
#13257=DIRECTION('',(0.0,0.0,-1.0));
#13258=DIRECTION('',(1.0,0.0,0.0));
#13259=DIRECTION('',(0.0,0.0,-1.0));
#13260=CARTESIAN_POINT('',(-22.094073480149,-4.71464854865459,65.8760619502328));
#13261=DIRECTION('',(0.0,0.0,-1.0));
#13262=DIRECTION('',(1.0,0.0,0.0));
#13263=DIRECTION('',(0.0,0.0,1.0));
#13264=DIRECTION('',(0.0,0.0,1.0));
#13265=CARTESIAN_POINT('',(30.027926519851,-0.0956485486545944,66.0260619502328));
#13266=DIRECTION('',(0.0,-0.0,1.0));
#13267=DIRECTION('',(1.0,2.96059473233374E-13,0.0));
#13268=CARTESIAN_POINT('',(-26.972073480149,-35.4956485486546,66.0260619502328));
#13269=DIRECTION('',(0.0,0.0,1.0));
#13270=DIRECTION('',(-1.0,5.55111512312578E-16,0.0));
#13271=CARTESIAN_POINT('',(28.327926519851,-1.7956485486546,66.0260619502328));
#13272=DIRECTION('',(0.0,0.0,-1.0));
#13273=DIRECTION('',(-1.0,0.0,0.0));
#13274=CARTESIAN_POINT('',(28.327926519851,-1.7956485486546,66.0260619502328));
#13275=DIRECTION('',(0.0,0.0,-1.0));
#13276=DIRECTION('',(-1.0,0.0,0.0));
#13277=CARTESIAN_POINT('',(25.149926519851,-30.8766485486546,66.0260619502328));
#13278=DIRECTION('',(0.0,0.0,-1.0));
#13279=DIRECTION('',(1.0,5.8827257676196E-16,0.0));
#13280=CARTESIAN_POINT('',(25.149926519851,-30.8766485486546,66.0260619502328));
#13281=DIRECTION('',(0.0,0.0,-1.0));
#13282=DIRECTION('',(1.0,5.8827257676196E-16,0.0));
#13283=CARTESIAN_POINT('',(25.149926519851,-4.71464854865459,66.0260619502328));
#13284=DIRECTION('',(0.0,0.0,-1.0));
#13285=DIRECTION('',(1.0,0.0,0.0));
#13286=CARTESIAN_POINT('',(25.149926519851,-4.71464854865459,66.0260619502328));
#13287=DIRECTION('',(0.0,0.0,-1.0));
#13288=DIRECTION('',(1.0,0.0,0.0));
#13289=CARTESIAN_POINT('',(-22.094073480149,-30.8766485486546,66.0260619502328));
#13290=DIRECTION('',(0.0,0.0,-1.0));
#13291=DIRECTION('',(1.0,-5.88272576761959E-16,0.0));
#13292=CARTESIAN_POINT('',(-22.094073480149,-30.8766485486546,66.0260619502328));
#13293=DIRECTION('',(0.0,0.0,-1.0));
#13294=DIRECTION('',(1.0,-5.88272576761959E-16,0.0));
#13295=CARTESIAN_POINT('',(-22.094073480149,-4.71464854865459,66.0260619502328));
#13296=DIRECTION('',(0.0,0.0,-1.0));
#13297=DIRECTION('',(1.0,0.0,0.0));
#13298=CARTESIAN_POINT('',(-22.094073480149,-4.71464854865459,66.0260619502328));
#13299=DIRECTION('',(0.0,0.0,-1.0));
#13300=DIRECTION('',(1.0,0.0,0.0));
#13301=CARTESIAN_POINT('',(-25.272073480149,-1.7956485486546,66.0260619502328));
#13302=DIRECTION('',(0.0,0.0,-1.0));
#13303=DIRECTION('',(1.0,0.0,0.0));
#13304=CARTESIAN_POINT('',(-26.972073480149,-35.4956485486546,61.2760619502328));
#13305=DIRECTION('',(-0.0,0.0,-1.0));
#13306=DIRECTION('',(-1.85037170770859E-16,-1.0,0.0));
#13307=CARTESIAN_POINT('',(28.327926519851,-1.7956485486546,61.3760619502328));
#13308=DIRECTION('',(0.0,0.0,1.0));
#13309=DIRECTION('',(1.0,0.0,0.0));
#13310=DIRECTION('',(0.0,0.0,-1.0));
#13311=DIRECTION('',(0.0,0.0,-1.0));
#13312=DIRECTION('',(0.0,0.0,1.0));
#13313=CARTESIAN_POINT('',(-22.094073480149,-30.8766485486546,65.8760619502328));
#13314=DIRECTION('',(0.0,0.0,-1.0));
#13315=DIRECTION('',(1.0,0.0,0.0));
#13316=DIRECTION('',(0.0,0.0,1.0));
#13317=DIRECTION('',(-0.86602540378444,0.0,-0.499999999999997));
#13318=DIRECTION('',(0.86602540378444,0.0,-0.499999999999997));
#13319=DIRECTION('',(0.86602540378444,0.0,0.499999999999998));
#13320=CARTESIAN_POINT('',(-22.094073480149,-4.71464854865459,65.8760619502328));
#13321=DIRECTION('',(0.0,0.0,-1.0));
#13322=DIRECTION('',(1.0,0.0,0.0));
#13323=DIRECTION('',(-0.86602540378444,0.0,0.499999999999998));
#13324=CARTESIAN_POINT('',(25.149926519851,-30.8766485486546,65.8760619502328));
#13325=DIRECTION('',(0.0,0.0,-1.0));
#13326=DIRECTION('',(1.0,0.0,0.0));
#13327=DIRECTION('',(0.86602540378444,0.0,0.499999999999997));
#13328=DIRECTION('',(-0.86602540378444,0.0,0.499999999999997));
#13329=DIRECTION('',(0.0,0.0,1.0));
#13330=CARTESIAN_POINT('',(25.149926519851,-4.71464854865459,65.8760619502328));
#13331=DIRECTION('',(0.0,0.0,-1.0));
#13332=DIRECTION('',(1.0,0.0,0.0));
#13333=DIRECTION('',(0.0,0.0,1.0));
#13334=DIRECTION('',(0.0,0.0,1.0));
#13335=CARTESIAN_POINT('',(25.149926519851,-30.8766485486546,65.8760619502328));
#13336=DIRECTION('',(0.0,0.0,-1.0));
#13337=DIRECTION('',(1.0,0.0,0.0));
#13338=DIRECTION('',(0.0,0.0,1.0));
#13339=CARTESIAN_POINT('',(-22.094073480149,-30.8766485486546,65.8760619502328));
#13340=DIRECTION('',(0.0,0.0,-1.0));
#13341=DIRECTION('',(1.0,0.0,0.0));
#13342=DIRECTION('',(-0.86602540378444,0.0,0.499999999999998));
#13343=DIRECTION('',(0.86602540378444,0.0,0.499999999999998));
#13344=DIRECTION('',(0.86602540378444,0.0,0.499999999999997));
#13345=CARTESIAN_POINT('',(25.149926519851,-4.71464854865459,65.8760619502328));
#13346=DIRECTION('',(0.0,0.0,-1.0));
#13347=DIRECTION('',(1.0,0.0,0.0));
#13348=DIRECTION('',(-0.86602540378444,0.0,0.499999999999997));
#13349=CARTESIAN_POINT('',(28.327926519851,-1.7956485486546,61.3760619502328));
#13350=DIRECTION('',(0.0,0.0,1.0));
#13351=DIRECTION('',(1.0,0.0,0.0));
#13352=CARTESIAN_POINT('',(-25.272073480149,-1.7956485486546,61.3760619502328));
#13353=DIRECTION('',(0.0,0.0,1.0));
#13354=DIRECTION('',(-1.0,0.0,0.0));
#13355=DIRECTION('',(-1.0,0.0,0.0));
#13356=DIRECTION('',(0.0,1.0,0.0));
#13357=DIRECTION('',(1.0,0.0,0.0));
#13358=DIRECTION('',(0.0,-1.0,0.0));
#13359=DIRECTION('',(0.0,0.0,1.0));
#13360=DIRECTION('',(-1.0,0.0,0.0));
#13361=DIRECTION('',(0.0,0.0,1.0));
#13362=DIRECTION('',(0.0,1.0,0.0));
#13363=DIRECTION('',(0.0,0.0,1.0));
#13364=DIRECTION('',(1.0,0.0,0.0));
#13365=DIRECTION('',(0.0,0.0,1.0));
#13366=DIRECTION('',(0.0,-1.0,0.0));
ENDSEC;
END-ISO-10303-21;
