ISO-10303-21;
HEADER;
FILE_DESCRIPTION(('STEP AP203'),'1');
FILE_NAME('bmr4800116_005.stp','2025-09-27T19:22:17',('TraceParts'),('TraceParts S.A.S.'),'Spatial InterOp 3D',' ',' ');
FILE_SCHEMA(('CONFIG_CONTROL_DESIGN'));
ENDSEC;
DATA;
#1=DESIGN_CONTEXT('',#30,'design');
#2=APPLICATION_PROTOCOL_DEFINITION('INTERNATIONAL STANDARD','config_control_design',1994,#30);
#3=PRODUCT_CATEGORY_RELATIONSHIP('NONE','NONE',#31,#32);
#4=DATE_AND_TIME(#33,#34);
#5=DATE_TIME_ROLE('creation_date');
#6=DATE_TIME_ROLE('classification_date');
#7=PERSON_AND_ORGANIZATION_ROLE('creator');
#8=PERSON_AND_ORGANIZATION_ROLE('design_supplier');
#9=PERSON_AND_ORGANIZATION_ROLE('classification_officer');
#10=PERSON_AND_ORGANIZATION_ROLE('design_owner');
#11=APPROVAL_PERSON_ORGANIZATION(#35,#36,#37);
#12=APPROVAL_DATE_TIME(#4,#36);
#13=CC_DESIGN_APPROVAL(#36,(#38,#39,#40));
#14=CC_DESIGN_DATE_AND_TIME_ASSIGNMENT(#4,#5,(#40));
#15=CC_DESIGN_DATE_AND_TIME_ASSIGNMENT(#4,#6,(#38));
#16=CC_DESIGN_PERSON_AND_ORGANIZATION_ASSIGNMENT(#35,#10,(#41));
#17=CC_DESIGN_PERSON_AND_ORGANIZATION_ASSIGNMENT(#35,#7,(#40));
#18=CC_DESIGN_PERSON_AND_ORGANIZATION_ASSIGNMENT(#35,#7,(#39));
#19=CC_DESIGN_PERSON_AND_ORGANIZATION_ASSIGNMENT(#35,#8,(#39));
#20=CC_DESIGN_SECURITY_CLASSIFICATION(#38,(#39));
#21=CC_DESIGN_PERSON_AND_ORGANIZATION_ASSIGNMENT(#35,#9,(#38));
#22=SHAPE_DEFINITION_REPRESENTATION(#42,#43);
#23=SHAPE_DEFINITION_REPRESENTATION(#42,#44);
#24=SHAPE_DEFINITION_REPRESENTATION(#42,#45);
#25=SHAPE_DEFINITION_REPRESENTATION(#42,#46);
#26= (GEOMETRIC_REPRESENTATION_CONTEXT(3)GLOBAL_UNCERTAINTY_ASSIGNED_CONTEXT((#49))GLOBAL_UNIT_ASSIGNED_CONTEXT((#51,#52,#53))REPRESENTATION_CONTEXT('NONE','WORKSPACE'));
#30=APPLICATION_CONTEXT('CONFIGURATION CONTROLLED 3D DESIGNS OF MECHANICAL PARTS AND ASSEMBLIES');
#31=PRODUCT_CATEGORY('part','NONE');
#32=PRODUCT_RELATED_PRODUCT_CATEGORY('detail',' ',(#41));
#33=CALENDAR_DATE(2025,27,8);
#34=LOCAL_TIME(21,22,17.0,#55);
#35=PERSON_AND_ORGANIZATION(#56,#57);
#36=APPROVAL(#58,'SOLID MODEL');
#37=APPROVAL_ROLE('APPROVED');
#38=SECURITY_CLASSIFICATION('','',#59);
#39=PRODUCT_DEFINITION_FORMATION_WITH_SPECIFIED_SOURCE(' ','NONE',#41,.NOT_KNOWN.);
#40=PRODUCT_DEFINITION('','NONE',#39,#1);
#41=PRODUCT('1','','PART--DESC',(#60));
#42=PRODUCT_DEFINITION_SHAPE('NONE','NONE',#40);
#43=ADVANCED_BREP_SHAPE_REPRESENTATION('1',(#61,#62),#26);
#44=ADVANCED_BREP_SHAPE_REPRESENTATION('2',(#63,#64),#26);
#45=ADVANCED_BREP_SHAPE_REPRESENTATION('3',(#65,#66),#26);
#46=ADVANCED_BREP_SHAPE_REPRESENTATION('4',(#67,#68),#26);
#49=UNCERTAINTY_MEASURE_WITH_UNIT(LENGTH_MEASURE(1.0E-06),#51,'','');
#51= (CONVERSION_BASED_UNIT('MILLIMETRE',#71)LENGTH_UNIT()NAMED_UNIT(#74));
#52= (NAMED_UNIT(#76)PLANE_ANGLE_UNIT()SI_UNIT($,.RADIAN.));
#53= (NAMED_UNIT(#76)SOLID_ANGLE_UNIT()SI_UNIT($,.STERADIAN.));
#55=COORDINATED_UNIVERSAL_TIME_OFFSET(1,0,.AHEAD.);
#56=PERSON('','UNSPECIFIED',$,$,$,$);
#57=ORGANIZATION('UNSPECIFIED','UNSPECIFIED','UNSPECIFIED');
#58=APPROVAL_STATUS('approved');
#59=SECURITY_CLASSIFICATION_LEVEL('unclassified');
#60=MECHANICAL_CONTEXT('',#30,'mechanical');
#61=MANIFOLD_SOLID_BREP('1',#82);
#62=AXIS2_PLACEMENT_3D('',#83,#84,#85);
#63=MANIFOLD_SOLID_BREP('2',#86);
#64=AXIS2_PLACEMENT_3D('',#87,#88,#89);
#65=MANIFOLD_SOLID_BREP('3',#90);
#66=AXIS2_PLACEMENT_3D('',#91,#92,#93);
#67=MANIFOLD_SOLID_BREP('4',#94);
#68=AXIS2_PLACEMENT_3D('',#95,#96,#97);
#71=LENGTH_MEASURE_WITH_UNIT(LENGTH_MEASURE(1.0),#98);
#74=DIMENSIONAL_EXPONENTS(1.0,0.0,0.0,0.0,0.0,0.0,0.0);
#76=DIMENSIONAL_EXPONENTS(0.0,0.0,0.0,0.0,0.0,0.0,0.0);
#82=CLOSED_SHELL('',(#99,#100,#101,#102,#103,#104));
#83=CARTESIAN_POINT('',(0.0,0.0,0.0));
#84=DIRECTION('',(0.0,0.0,1.0));
#85=DIRECTION('',(1.0,0.0,0.0));
#86=CLOSED_SHELL('',(#105,#106,#107,#108,#109,#110,#111,#112,#113,#114,#115,#116,#117,#118,#119,#120,#121,#122,#123,#124,#125,#126,#127,#128,#129,#130,#131,#132,#133,#134,#135,#136,#137,#138,#139,#140,#141,#142,#143,#144,#145,#146,#147,#148,#149,#150,#151,#152,#153,#154,#155,#156,#157,#158,#159,#160,#161,#162,#163,#164,#165,#166,#167,#168,#169,#170,#171,#172,#173,#174,#175,#176,#177,#178,#179,#180,#181,#182,#183,#184,#185,#186,#187,#188,#189,#190,#191,#192,#193,#194,#195,#196,#197,#198,#199,#200,#201,#202,#203,#204,#205,#206,#207,#208,#209,#210,#211,#212,#213,#214,#215,#216,#217,#218,#219,#220,#221,#222,#223,#224,#225,#226,#227,#228,#229,#230,#231,#232,#233,#234,#235,#236,#237,#238,#239,#240,#241,#242,#243,#244,#245,#246,#247,#248,#249,#250,#251,#252,#253,#254,#255,#256,#257,#258,#259,#260,#261,#262,#263,#264,#265,#266,#267,#268,#269,#270,#271,#272,#273,#274,#275,#276,#277,#278,#279,#280,#281,#282,#283,#284,#285,#286,#287,#288,#289,#290,#291,#292,#293,#294,#295,#296,#297,#298,#299,#300,#301,#302,#303,#304,#305,#306,#307,#308,#309,#310,#311,#312,#313,#314,#315,#316,#317,#318,#319,#320,#321,#322,#323,#324,#325,#326,#327,#328,#329,#330,#331,#332,#333,#334,#335,#336,#337,#338,#339,#340,#341,#342,#343,#344,#345,#346,#347,#348));
#87=CARTESIAN_POINT('',(0.0,0.0,0.0));
#88=DIRECTION('',(0.0,0.0,1.0));
#89=DIRECTION('',(1.0,0.0,0.0));
#90=CLOSED_SHELL('',(#349,#350,#351,#352,#353,#354,#355,#356,#357,#358,#359,#360,#361,#362,#363,#364,#365,#366,#367,#368,#369,#370,#371,#372,#373,#374,#375,#376,#377,#378,#379,#380,#381,#382,#383,#384,#385,#386,#387,#388,#389,#390,#391,#392,#393,#394,#395,#396,#397,#398,#399,#400,#401,#402,#403,#404,#405,#406,#407,#408,#409,#410,#411,#412,#413,#414,#415,#416,#417,#418,#419,#420,#421,#422,#423,#424,#425,#426,#427,#428,#429,#430,#431,#432,#433,#434,#435,#436,#437,#438,#439,#440,#441,#442,#443,#444,#445,#446,#447,#448,#449,#450,#451,#452,#453,#454,#455,#456,#457,#458,#459,#460,#461,#462,#463,#464,#465,#466,#467,#468,#469,#470,#471,#472,#473,#474,#475,#476,#477,#478,#479,#480,#481,#482,#483,#484,#485,#486,#487,#488,#489,#490,#491,#492,#493,#494,#495,#496,#497,#498,#499,#500,#501,#502,#503,#504,#505,#506,#507,#508,#509,#510,#511,#512,#513,#514,#515,#516,#517,#518,#519,#520,#521,#522,#523,#524,#525,#526,#527,#528,#529,#530,#531,#532,#533,#534,#535,#536,#537,#538,#539,#540,#541,#542,#543,#544,#545,#546,#547,#548,#549,#550,#551,#552,#553,#554,#555,#556,#557,#558,#559,#560,#561,#562,#563,#564,#565,#566,#567,#568,#569,#570,#571,#572,#573,#574,#575,#576,#577,#578,#579,#580,#581,#582,#583,#584,#585,#586,#587,#588,#589,#590,#591,#592,#593,#594,#595,#596,#597,#598,#599,#600,#601,#602,#603,#604,#605,#606,#607,#608,#609,#610,#611,#612,#613,#614,#615,#616,#617,#618,#619,#620,#621,#622,#623,#624,#625,#626,#627,#628,#629,#630,#631,#632,#633,#634,#635,#636,#637,#638,#639,#640,#641,#642,#643,#644,#645,#646,#647,#648,#649,#650,#651,#652,#653,#654,#655,#656,#657,#658,#659,#660,#661,#662,#663,#664,#665,#666,#667,#668,#669,#670,#671,#672,#673,#674,#675,#676,#677,#678,#679,#680,#681,#682,#683,#684,#685,#686,#687,#688,#689,#690,#691,#692,#693,#694,#695,#696,#697,#698,#699,#700,#701,#702,#703,#704,#705,#706,#707,#708,#709,#710,#711,#712,#713,#714,#715,#716,#717,#718,#719,#720,#721,#722,#723,#724,#725,#726,#727,#728,#729,#730,#731,#732,#733,#734,#735,#736,#737,#738,#739,#740,#741,#742,#743,#744,#745,#746,#747,#748,#749,#750,#751,#752,#753,#754,#755,#756,#757,#758,#759,#760,#761,#762,#763,#764,#765));
#91=CARTESIAN_POINT('',(0.0,0.0,0.0));
#92=DIRECTION('',(0.0,0.0,1.0));
#93=DIRECTION('',(1.0,0.0,0.0));
#94=CLOSED_SHELL('',(#766,#767,#768,#769,#770,#771,#772,#773,#774,#775,#776,#777,#778,#779,#780,#781,#782,#783,#784,#785,#786,#787,#788,#789,#790,#791,#792,#793,#794,#795,#796,#797,#798,#799,#800,#801,#802,#803,#804,#805,#806,#807,#808));
#95=CARTESIAN_POINT('',(0.0,0.0,0.0));
#96=DIRECTION('',(0.0,0.0,1.0));
#97=DIRECTION('',(1.0,0.0,0.0));
#98= (NAMED_UNIT(#74)LENGTH_UNIT()SI_UNIT(.MILLI.,.METRE.));
#99=ADVANCED_FACE('',(#810),#811,.F.);
#100=ADVANCED_FACE('',(#812),#813,.F.);
#101=ADVANCED_FACE('',(#814),#815,.F.);
#102=ADVANCED_FACE('',(#816),#817,.F.);
#103=ADVANCED_FACE('',(#818),#819,.F.);
#104=ADVANCED_FACE('',(#820),#821,.T.);
#105=ADVANCED_FACE('',(#822),#823,.T.);
#106=ADVANCED_FACE('',(#824),#825,.T.);
#107=ADVANCED_FACE('',(#826),#827,.T.);
#108=ADVANCED_FACE('',(#828),#829,.T.);
#109=ADVANCED_FACE('',(#830),#831,.T.);
#110=ADVANCED_FACE('',(#832),#833,.T.);
#111=ADVANCED_FACE('',(#834),#835,.T.);
#112=ADVANCED_FACE('',(#836),#837,.T.);
#113=ADVANCED_FACE('',(#838),#839,.T.);
#114=ADVANCED_FACE('',(#840),#841,.T.);
#115=ADVANCED_FACE('',(#842),#843,.T.);
#116=ADVANCED_FACE('',(#844),#845,.T.);
#117=ADVANCED_FACE('',(#846),#847,.T.);
#118=ADVANCED_FACE('',(#848),#849,.T.);
#119=ADVANCED_FACE('',(#850),#851,.T.);
#120=ADVANCED_FACE('',(#852),#853,.T.);
#121=ADVANCED_FACE('',(#854),#855,.F.);
#122=ADVANCED_FACE('',(#856),#857,.T.);
#123=ADVANCED_FACE('',(#858),#859,.F.);
#124=ADVANCED_FACE('',(#860),#861,.T.);
#125=ADVANCED_FACE('',(#862),#863,.T.);
#126=ADVANCED_FACE('',(#864),#865,.T.);
#127=ADVANCED_FACE('',(#866),#867,.T.);
#128=ADVANCED_FACE('',(#868),#869,.T.);
#129=ADVANCED_FACE('',(#870),#871,.T.);
#130=ADVANCED_FACE('',(#872),#873,.F.);
#131=ADVANCED_FACE('',(#874),#875,.T.);
#132=ADVANCED_FACE('',(#876),#877,.T.);
#133=ADVANCED_FACE('',(#878),#879,.T.);
#134=ADVANCED_FACE('',(#880),#881,.T.);
#135=ADVANCED_FACE('',(#882),#883,.T.);
#136=ADVANCED_FACE('',(#884,#885),#886,.F.);
#137=ADVANCED_FACE('',(#887),#888,.T.);
#138=ADVANCED_FACE('',(#889),#890,.F.);
#139=ADVANCED_FACE('',(#891),#892,.F.);
#140=ADVANCED_FACE('',(#893),#894,.F.);
#141=ADVANCED_FACE('',(#895),#896,.T.);
#142=ADVANCED_FACE('',(#897),#898,.T.);
#143=ADVANCED_FACE('',(#899),#900,.T.);
#144=ADVANCED_FACE('',(#901),#902,.T.);
#145=ADVANCED_FACE('',(#903),#904,.T.);
#146=ADVANCED_FACE('',(#905),#906,.T.);
#147=ADVANCED_FACE('',(#907),#908,.T.);
#148=ADVANCED_FACE('',(#909),#910,.F.);
#149=ADVANCED_FACE('',(#911),#912,.T.);
#150=ADVANCED_FACE('',(#913),#914,.T.);
#151=ADVANCED_FACE('',(#915),#916,.F.);
#152=ADVANCED_FACE('',(#917),#918,.F.);
#153=ADVANCED_FACE('',(#919),#920,.F.);
#154=ADVANCED_FACE('',(#921),#922,.F.);
#155=ADVANCED_FACE('',(#923),#924,.T.);
#156=ADVANCED_FACE('',(#925),#926,.T.);
#157=ADVANCED_FACE('',(#927),#928,.F.);
#158=ADVANCED_FACE('',(#929),#930,.T.);
#159=ADVANCED_FACE('',(#931),#932,.F.);
#160=ADVANCED_FACE('',(#933),#934,.F.);
#161=ADVANCED_FACE('',(#935),#936,.F.);
#162=ADVANCED_FACE('',(#937),#938,.T.);
#163=ADVANCED_FACE('',(#939),#940,.T.);
#164=ADVANCED_FACE('',(#941),#942,.F.);
#165=ADVANCED_FACE('',(#943),#944,.T.);
#166=ADVANCED_FACE('',(#945),#946,.T.);
#167=ADVANCED_FACE('',(#947),#948,.T.);
#168=ADVANCED_FACE('',(#949),#950,.T.);
#169=ADVANCED_FACE('',(#951),#952,.T.);
#170=ADVANCED_FACE('',(#953),#954,.T.);
#171=ADVANCED_FACE('',(#955),#956,.T.);
#172=ADVANCED_FACE('',(#957),#958,.T.);
#173=ADVANCED_FACE('',(#959),#960,.F.);
#174=ADVANCED_FACE('',(#961),#962,.T.);
#175=ADVANCED_FACE('',(#963),#964,.T.);
#176=ADVANCED_FACE('',(#965),#966,.T.);
#177=ADVANCED_FACE('',(#967),#968,.T.);
#178=ADVANCED_FACE('',(#969,#970,#971,#972,#973,#974,#975,#976,#977,#978,#979,#980,#981,#982,#983,#984,#985,#986),#987,.T.);
#179=ADVANCED_FACE('',(#988),#989,.T.);
#180=ADVANCED_FACE('',(#990),#991,.T.);
#181=ADVANCED_FACE('',(#992),#993,.T.);
#182=ADVANCED_FACE('',(#994),#995,.T.);
#183=ADVANCED_FACE('',(#996),#997,.T.);
#184=ADVANCED_FACE('',(#998),#999,.T.);
#185=ADVANCED_FACE('',(#1000),#1001,.T.);
#186=ADVANCED_FACE('',(#1002),#1003,.T.);
#187=ADVANCED_FACE('',(#1004),#1005,.T.);
#188=ADVANCED_FACE('',(#1006),#1007,.T.);
#189=ADVANCED_FACE('',(#1008),#1009,.T.);
#190=ADVANCED_FACE('',(#1010),#1011,.T.);
#191=ADVANCED_FACE('',(#1012),#1013,.T.);
#192=ADVANCED_FACE('',(#1014),#1015,.T.);
#193=ADVANCED_FACE('',(#1016),#1017,.T.);
#194=ADVANCED_FACE('',(#1018),#1019,.T.);
#195=ADVANCED_FACE('',(#1020),#1021,.T.);
#196=ADVANCED_FACE('',(#1022),#1023,.T.);
#197=ADVANCED_FACE('',(#1024),#1025,.T.);
#198=ADVANCED_FACE('',(#1026),#1027,.T.);
#199=ADVANCED_FACE('',(#1028),#1029,.T.);
#200=ADVANCED_FACE('',(#1030),#1031,.T.);
#201=ADVANCED_FACE('',(#1032),#1033,.T.);
#202=ADVANCED_FACE('',(#1034),#1035,.F.);
#203=ADVANCED_FACE('',(#1036),#1037,.T.);
#204=ADVANCED_FACE('',(#1038),#1039,.F.);
#205=ADVANCED_FACE('',(#1040),#1041,.T.);
#206=ADVANCED_FACE('',(#1042),#1043,.T.);
#207=ADVANCED_FACE('',(#1044),#1045,.F.);
#208=ADVANCED_FACE('',(#1046),#1047,.T.);
#209=ADVANCED_FACE('',(#1048),#1049,.T.);
#210=ADVANCED_FACE('',(#1050),#1051,.T.);
#211=ADVANCED_FACE('',(#1052),#1053,.T.);
#212=ADVANCED_FACE('',(#1054),#1055,.T.);
#213=ADVANCED_FACE('',(#1056),#1057,.T.);
#214=ADVANCED_FACE('',(#1058),#1059,.F.);
#215=ADVANCED_FACE('',(#1060),#1061,.F.);
#216=ADVANCED_FACE('',(#1062),#1063,.T.);
#217=ADVANCED_FACE('',(#1064),#1065,.T.);
#218=ADVANCED_FACE('',(#1066),#1067,.T.);
#219=ADVANCED_FACE('',(#1068),#1069,.T.);
#220=ADVANCED_FACE('',(#1070),#1071,.F.);
#221=ADVANCED_FACE('',(#1072),#1073,.T.);
#222=ADVANCED_FACE('',(#1074),#1075,.T.);
#223=ADVANCED_FACE('',(#1076),#1077,.T.);
#224=ADVANCED_FACE('',(#1078),#1079,.T.);
#225=ADVANCED_FACE('',(#1080),#1081,.F.);
#226=ADVANCED_FACE('',(#1082),#1083,.T.);
#227=ADVANCED_FACE('',(#1084),#1085,.F.);
#228=ADVANCED_FACE('',(#1086),#1087,.F.);
#229=ADVANCED_FACE('',(#1088),#1089,.F.);
#230=ADVANCED_FACE('',(#1090),#1091,.T.);
#231=ADVANCED_FACE('',(#1092),#1093,.T.);
#232=ADVANCED_FACE('',(#1094),#1095,.F.);
#233=ADVANCED_FACE('',(#1096),#1097,.T.);
#234=ADVANCED_FACE('',(#1098),#1099,.F.);
#235=ADVANCED_FACE('',(#1100),#1101,.T.);
#236=ADVANCED_FACE('',(#1102),#1103,.T.);
#237=ADVANCED_FACE('',(#1104),#1105,.F.);
#238=ADVANCED_FACE('',(#1106),#1107,.F.);
#239=ADVANCED_FACE('',(#1108),#1109,.T.);
#240=ADVANCED_FACE('',(#1110),#1111,.T.);
#241=ADVANCED_FACE('',(#1112),#1113,.T.);
#242=ADVANCED_FACE('',(#1114),#1115,.T.);
#243=ADVANCED_FACE('',(#1116),#1117,.T.);
#244=ADVANCED_FACE('',(#1118),#1119,.T.);
#245=ADVANCED_FACE('',(#1120),#1121,.T.);
#246=ADVANCED_FACE('',(#1122),#1123,.T.);
#247=ADVANCED_FACE('',(#1124),#1125,.T.);
#248=ADVANCED_FACE('',(#1126),#1127,.T.);
#249=ADVANCED_FACE('',(#1128),#1129,.T.);
#250=ADVANCED_FACE('',(#1130),#1131,.T.);
#251=ADVANCED_FACE('',(#1132),#1133,.T.);
#252=ADVANCED_FACE('',(#1134),#1135,.T.);
#253=ADVANCED_FACE('',(#1136),#1137,.T.);
#254=ADVANCED_FACE('',(#1138),#1139,.T.);
#255=ADVANCED_FACE('',(#1140),#1141,.T.);
#256=ADVANCED_FACE('',(#1142),#1143,.T.);
#257=ADVANCED_FACE('',(#1144),#1145,.T.);
#258=ADVANCED_FACE('',(#1146),#1147,.T.);
#259=ADVANCED_FACE('',(#1148),#1149,.T.);
#260=ADVANCED_FACE('',(#1150),#1151,.T.);
#261=ADVANCED_FACE('',(#1152),#1153,.T.);
#262=ADVANCED_FACE('',(#1154),#1155,.T.);
#263=ADVANCED_FACE('',(#1156),#1157,.T.);
#264=ADVANCED_FACE('',(#1158),#1159,.T.);
#265=ADVANCED_FACE('',(#1160),#1161,.T.);
#266=ADVANCED_FACE('',(#1162),#1163,.T.);
#267=ADVANCED_FACE('',(#1164),#1165,.T.);
#268=ADVANCED_FACE('',(#1166),#1167,.T.);
#269=ADVANCED_FACE('',(#1168),#1169,.T.);
#270=ADVANCED_FACE('',(#1170),#1171,.T.);
#271=ADVANCED_FACE('',(#1172),#1173,.T.);
#272=ADVANCED_FACE('',(#1174),#1175,.T.);
#273=ADVANCED_FACE('',(#1176),#1177,.T.);
#274=ADVANCED_FACE('',(#1178),#1179,.T.);
#275=ADVANCED_FACE('',(#1180),#1181,.T.);
#276=ADVANCED_FACE('',(#1182),#1183,.T.);
#277=ADVANCED_FACE('',(#1184),#1185,.T.);
#278=ADVANCED_FACE('',(#1186),#1187,.T.);
#279=ADVANCED_FACE('',(#1188),#1189,.T.);
#280=ADVANCED_FACE('',(#1190),#1191,.T.);
#281=ADVANCED_FACE('',(#1192),#1193,.T.);
#282=ADVANCED_FACE('',(#1194),#1195,.T.);
#283=ADVANCED_FACE('',(#1196),#1197,.T.);
#284=ADVANCED_FACE('',(#1198),#1199,.T.);
#285=ADVANCED_FACE('',(#1200),#1201,.T.);
#286=ADVANCED_FACE('',(#1202),#1203,.T.);
#287=ADVANCED_FACE('',(#1204),#1205,.T.);
#288=ADVANCED_FACE('',(#1206),#1207,.T.);
#289=ADVANCED_FACE('',(#1208),#1209,.T.);
#290=ADVANCED_FACE('',(#1210),#1211,.T.);
#291=ADVANCED_FACE('',(#1212),#1213,.T.);
#292=ADVANCED_FACE('',(#1214),#1215,.T.);
#293=ADVANCED_FACE('',(#1216),#1217,.T.);
#294=ADVANCED_FACE('',(#1218),#1219,.T.);
#295=ADVANCED_FACE('',(#1220),#1221,.T.);
#296=ADVANCED_FACE('',(#1222),#1223,.T.);
#297=ADVANCED_FACE('',(#1224),#1225,.T.);
#298=ADVANCED_FACE('',(#1226),#1227,.T.);
#299=ADVANCED_FACE('',(#1228),#1229,.T.);
#300=ADVANCED_FACE('',(#1230),#1231,.T.);
#301=ADVANCED_FACE('',(#1232),#1233,.T.);
#302=ADVANCED_FACE('',(#1234),#1235,.T.);
#303=ADVANCED_FACE('',(#1236),#1237,.T.);
#304=ADVANCED_FACE('',(#1238),#1239,.T.);
#305=ADVANCED_FACE('',(#1240),#1241,.T.);
#306=ADVANCED_FACE('',(#1242),#1243,.T.);
#307=ADVANCED_FACE('',(#1244),#1245,.T.);
#308=ADVANCED_FACE('',(#1246),#1247,.T.);
#309=ADVANCED_FACE('',(#1248),#1249,.T.);
#310=ADVANCED_FACE('',(#1250),#1251,.T.);
#311=ADVANCED_FACE('',(#1252),#1253,.T.);
#312=ADVANCED_FACE('',(#1254),#1255,.T.);
#313=ADVANCED_FACE('',(#1256),#1257,.T.);
#314=ADVANCED_FACE('',(#1258),#1259,.T.);
#315=ADVANCED_FACE('',(#1260),#1261,.T.);
#316=ADVANCED_FACE('',(#1262),#1263,.T.);
#317=ADVANCED_FACE('',(#1264),#1265,.T.);
#318=ADVANCED_FACE('',(#1266),#1267,.T.);
#319=ADVANCED_FACE('',(#1268),#1269,.T.);
#320=ADVANCED_FACE('',(#1270),#1271,.T.);
#321=ADVANCED_FACE('',(#1272),#1273,.T.);
#322=ADVANCED_FACE('',(#1274),#1275,.T.);
#323=ADVANCED_FACE('',(#1276),#1277,.T.);
#324=ADVANCED_FACE('',(#1278),#1279,.T.);
#325=ADVANCED_FACE('',(#1280),#1281,.T.);
#326=ADVANCED_FACE('',(#1282),#1283,.T.);
#327=ADVANCED_FACE('',(#1284),#1285,.T.);
#328=ADVANCED_FACE('',(#1286),#1287,.T.);
#329=ADVANCED_FACE('',(#1288),#1289,.T.);
#330=ADVANCED_FACE('',(#1290),#1291,.T.);
#331=ADVANCED_FACE('',(#1292),#1293,.T.);
#332=ADVANCED_FACE('',(#1294),#1295,.T.);
#333=ADVANCED_FACE('',(#1296),#1297,.T.);
#334=ADVANCED_FACE('',(#1298),#1299,.T.);
#335=ADVANCED_FACE('',(#1300),#1301,.T.);
#336=ADVANCED_FACE('',(#1302),#1303,.T.);
#337=ADVANCED_FACE('',(#1304),#1305,.T.);
#338=ADVANCED_FACE('',(#1306),#1307,.T.);
#339=ADVANCED_FACE('',(#1308),#1309,.T.);
#340=ADVANCED_FACE('',(#1310),#1311,.T.);
#341=ADVANCED_FACE('',(#1312),#1313,.T.);
#342=ADVANCED_FACE('',(#1314),#1315,.T.);
#343=ADVANCED_FACE('',(#1316),#1317,.T.);
#344=ADVANCED_FACE('',(#1318),#1319,.T.);
#345=ADVANCED_FACE('',(#1320),#1321,.T.);
#346=ADVANCED_FACE('',(#1322),#1323,.T.);
#347=ADVANCED_FACE('',(#1324),#1325,.T.);
#348=ADVANCED_FACE('',(#1326,#1327,#1328),#1329,.F.);
#349=ADVANCED_FACE('',(#1330),#1331,.T.);
#350=ADVANCED_FACE('',(#1332),#1333,.T.);
#351=ADVANCED_FACE('',(#1334),#1335,.T.);
#352=ADVANCED_FACE('',(#1336),#1337,.T.);
#353=ADVANCED_FACE('',(#1338),#1339,.T.);
#354=ADVANCED_FACE('',(#1340),#1341,.T.);
#355=ADVANCED_FACE('',(#1342,#1343,#1344,#1345,#1346,#1347,#1348,#1349,#1350,#1351,#1352,#1353,#1354,#1355,#1356,#1357,#1358,#1359,#1360,#1361,#1362,#1363,#1364,#1365,#1366,#1367,#1368,#1369,#1370,#1371),#1372,.T.);
#356=ADVANCED_FACE('',(#1373),#1374,.T.);
#357=ADVANCED_FACE('',(#1375),#1376,.T.);
#358=ADVANCED_FACE('',(#1377),#1378,.T.);
#359=ADVANCED_FACE('',(#1379),#1380,.T.);
#360=ADVANCED_FACE('',(#1381),#1382,.T.);
#361=ADVANCED_FACE('',(#1383),#1384,.T.);
#362=ADVANCED_FACE('',(#1385),#1386,.T.);
#363=ADVANCED_FACE('',(#1387),#1388,.T.);
#364=ADVANCED_FACE('',(#1389),#1390,.T.);
#365=ADVANCED_FACE('',(#1391),#1392,.T.);
#366=ADVANCED_FACE('',(#1393),#1394,.T.);
#367=ADVANCED_FACE('',(#1395),#1396,.F.);
#368=ADVANCED_FACE('',(#1397),#1398,.F.);
#369=ADVANCED_FACE('',(#1399,#1400),#1401,.F.);
#370=ADVANCED_FACE('',(#1402),#1403,.T.);
#371=ADVANCED_FACE('',(#1404),#1405,.T.);
#372=ADVANCED_FACE('',(#1406),#1407,.T.);
#373=ADVANCED_FACE('',(#1408),#1409,.F.);
#374=ADVANCED_FACE('',(#1410),#1411,.F.);
#375=ADVANCED_FACE('',(#1412),#1413,.T.);
#376=ADVANCED_FACE('',(#1414),#1415,.T.);
#377=ADVANCED_FACE('',(#1416),#1417,.T.);
#378=ADVANCED_FACE('',(#1418),#1419,.T.);
#379=ADVANCED_FACE('',(#1420),#1421,.T.);
#380=ADVANCED_FACE('',(#1422),#1423,.T.);
#381=ADVANCED_FACE('',(#1424),#1425,.T.);
#382=ADVANCED_FACE('',(#1426),#1427,.T.);
#383=ADVANCED_FACE('',(#1428),#1429,.T.);
#384=ADVANCED_FACE('',(#1430),#1431,.T.);
#385=ADVANCED_FACE('',(#1432),#1433,.T.);
#386=ADVANCED_FACE('',(#1434),#1435,.T.);
#387=ADVANCED_FACE('',(#1436),#1437,.T.);
#388=ADVANCED_FACE('',(#1438),#1439,.T.);
#389=ADVANCED_FACE('',(#1440),#1441,.T.);
#390=ADVANCED_FACE('',(#1442),#1443,.T.);
#391=ADVANCED_FACE('',(#1444),#1445,.T.);
#392=ADVANCED_FACE('',(#1446),#1447,.T.);
#393=ADVANCED_FACE('',(#1448),#1449,.T.);
#394=ADVANCED_FACE('',(#1450),#1451,.T.);
#395=ADVANCED_FACE('',(#1452),#1453,.T.);
#396=ADVANCED_FACE('',(#1454),#1455,.T.);
#397=ADVANCED_FACE('',(#1456),#1457,.T.);
#398=ADVANCED_FACE('',(#1458),#1459,.T.);
#399=ADVANCED_FACE('',(#1460),#1461,.T.);
#400=ADVANCED_FACE('',(#1462),#1463,.T.);
#401=ADVANCED_FACE('',(#1464),#1465,.F.);
#402=ADVANCED_FACE('',(#1466),#1467,.F.);
#403=ADVANCED_FACE('',(#1468),#1469,.F.);
#404=ADVANCED_FACE('',(#1470),#1471,.T.);
#405=ADVANCED_FACE('',(#1472),#1473,.T.);
#406=ADVANCED_FACE('',(#1474),#1475,.T.);
#407=ADVANCED_FACE('',(#1476),#1477,.T.);
#408=ADVANCED_FACE('',(#1478),#1479,.F.);
#409=ADVANCED_FACE('',(#1480),#1481,.T.);
#410=ADVANCED_FACE('',(#1482),#1483,.F.);
#411=ADVANCED_FACE('',(#1484),#1485,.T.);
#412=ADVANCED_FACE('',(#1486),#1487,.T.);
#413=ADVANCED_FACE('',(#1488),#1489,.T.);
#414=ADVANCED_FACE('',(#1490),#1491,.T.);
#415=ADVANCED_FACE('',(#1492),#1493,.T.);
#416=ADVANCED_FACE('',(#1494),#1495,.T.);
#417=ADVANCED_FACE('',(#1496),#1497,.T.);
#418=ADVANCED_FACE('',(#1498),#1499,.T.);
#419=ADVANCED_FACE('',(#1500),#1501,.T.);
#420=ADVANCED_FACE('',(#1502),#1503,.T.);
#421=ADVANCED_FACE('',(#1504),#1505,.T.);
#422=ADVANCED_FACE('',(#1506),#1507,.T.);
#423=ADVANCED_FACE('',(#1508),#1509,.T.);
#424=ADVANCED_FACE('',(#1510),#1511,.T.);
#425=ADVANCED_FACE('',(#1512),#1513,.T.);
#426=ADVANCED_FACE('',(#1514),#1515,.T.);
#427=ADVANCED_FACE('',(#1516),#1517,.T.);
#428=ADVANCED_FACE('',(#1518),#1519,.T.);
#429=ADVANCED_FACE('',(#1520),#1521,.T.);
#430=ADVANCED_FACE('',(#1522),#1523,.T.);
#431=ADVANCED_FACE('',(#1524),#1525,.T.);
#432=ADVANCED_FACE('',(#1526),#1527,.T.);
#433=ADVANCED_FACE('',(#1528),#1529,.T.);
#434=ADVANCED_FACE('',(#1530),#1531,.T.);
#435=ADVANCED_FACE('',(#1532),#1533,.T.);
#436=ADVANCED_FACE('',(#1534),#1535,.T.);
#437=ADVANCED_FACE('',(#1536),#1537,.T.);
#438=ADVANCED_FACE('',(#1538),#1539,.T.);
#439=ADVANCED_FACE('',(#1540),#1541,.T.);
#440=ADVANCED_FACE('',(#1542),#1543,.T.);
#441=ADVANCED_FACE('',(#1544),#1545,.T.);
#442=ADVANCED_FACE('',(#1546),#1547,.T.);
#443=ADVANCED_FACE('',(#1548),#1549,.T.);
#444=ADVANCED_FACE('',(#1550),#1551,.T.);
#445=ADVANCED_FACE('',(#1552),#1553,.T.);
#446=ADVANCED_FACE('',(#1554),#1555,.T.);
#447=ADVANCED_FACE('',(#1556),#1557,.T.);
#448=ADVANCED_FACE('',(#1558),#1559,.T.);
#449=ADVANCED_FACE('',(#1560),#1561,.T.);
#450=ADVANCED_FACE('',(#1562),#1563,.T.);
#451=ADVANCED_FACE('',(#1564),#1565,.T.);
#452=ADVANCED_FACE('',(#1566),#1567,.T.);
#453=ADVANCED_FACE('',(#1568),#1569,.T.);
#454=ADVANCED_FACE('',(#1570),#1571,.T.);
#455=ADVANCED_FACE('',(#1572),#1573,.T.);
#456=ADVANCED_FACE('',(#1574),#1575,.T.);
#457=ADVANCED_FACE('',(#1576),#1577,.T.);
#458=ADVANCED_FACE('',(#1578),#1579,.T.);
#459=ADVANCED_FACE('',(#1580),#1581,.T.);
#460=ADVANCED_FACE('',(#1582),#1583,.T.);
#461=ADVANCED_FACE('',(#1584),#1585,.T.);
#462=ADVANCED_FACE('',(#1586),#1587,.T.);
#463=ADVANCED_FACE('',(#1588),#1589,.T.);
#464=ADVANCED_FACE('',(#1590),#1591,.T.);
#465=ADVANCED_FACE('',(#1592),#1593,.T.);
#466=ADVANCED_FACE('',(#1594),#1595,.T.);
#467=ADVANCED_FACE('',(#1596),#1597,.T.);
#468=ADVANCED_FACE('',(#1598),#1599,.T.);
#469=ADVANCED_FACE('',(#1600),#1601,.T.);
#470=ADVANCED_FACE('',(#1602),#1603,.T.);
#471=ADVANCED_FACE('',(#1604),#1605,.T.);
#472=ADVANCED_FACE('',(#1606),#1607,.T.);
#473=ADVANCED_FACE('',(#1608),#1609,.T.);
#474=ADVANCED_FACE('',(#1610),#1611,.T.);
#475=ADVANCED_FACE('',(#1612),#1613,.T.);
#476=ADVANCED_FACE('',(#1614),#1615,.T.);
#477=ADVANCED_FACE('',(#1616),#1617,.T.);
#478=ADVANCED_FACE('',(#1618),#1619,.T.);
#479=ADVANCED_FACE('',(#1620),#1621,.T.);
#480=ADVANCED_FACE('',(#1622),#1623,.T.);
#481=ADVANCED_FACE('',(#1624),#1625,.T.);
#482=ADVANCED_FACE('',(#1626),#1627,.T.);
#483=ADVANCED_FACE('',(#1628),#1629,.T.);
#484=ADVANCED_FACE('',(#1630),#1631,.T.);
#485=ADVANCED_FACE('',(#1632),#1633,.F.);
#486=ADVANCED_FACE('',(#1634),#1635,.F.);
#487=ADVANCED_FACE('',(#1636,#1637),#1638,.F.);
#488=ADVANCED_FACE('',(#1639),#1640,.T.);
#489=ADVANCED_FACE('',(#1641),#1642,.T.);
#490=ADVANCED_FACE('',(#1643),#1644,.T.);
#491=ADVANCED_FACE('',(#1645),#1646,.F.);
#492=ADVANCED_FACE('',(#1647),#1648,.F.);
#493=ADVANCED_FACE('',(#1649),#1650,.T.);
#494=ADVANCED_FACE('',(#1651),#1652,.F.);
#495=ADVANCED_FACE('',(#1653),#1654,.F.);
#496=ADVANCED_FACE('',(#1655,#1656),#1657,.F.);
#497=ADVANCED_FACE('',(#1658),#1659,.T.);
#498=ADVANCED_FACE('',(#1660),#1661,.T.);
#499=ADVANCED_FACE('',(#1662),#1663,.T.);
#500=ADVANCED_FACE('',(#1664),#1665,.F.);
#501=ADVANCED_FACE('',(#1666),#1667,.F.);
#502=ADVANCED_FACE('',(#1668),#1669,.T.);
#503=ADVANCED_FACE('',(#1670),#1671,.F.);
#504=ADVANCED_FACE('',(#1672),#1673,.T.);
#505=ADVANCED_FACE('',(#1674),#1675,.T.);
#506=ADVANCED_FACE('',(#1676),#1677,.F.);
#507=ADVANCED_FACE('',(#1678),#1679,.F.);
#508=ADVANCED_FACE('',(#1680),#1681,.T.);
#509=ADVANCED_FACE('',(#1682),#1683,.F.);
#510=ADVANCED_FACE('',(#1684),#1685,.T.);
#511=ADVANCED_FACE('',(#1686),#1687,.T.);
#512=ADVANCED_FACE('',(#1688),#1689,.T.);
#513=ADVANCED_FACE('',(#1690),#1691,.F.);
#514=ADVANCED_FACE('',(#1692),#1693,.T.);
#515=ADVANCED_FACE('',(#1694),#1695,.F.);
#516=ADVANCED_FACE('',(#1696),#1697,.F.);
#517=ADVANCED_FACE('',(#1698),#1699,.F.);
#518=ADVANCED_FACE('',(#1700),#1701,.F.);
#519=ADVANCED_FACE('',(#1702),#1703,.T.);
#520=ADVANCED_FACE('',(#1704),#1705,.T.);
#521=ADVANCED_FACE('',(#1706),#1707,.T.);
#522=ADVANCED_FACE('',(#1708),#1709,.T.);
#523=ADVANCED_FACE('',(#1710),#1711,.T.);
#524=ADVANCED_FACE('',(#1712),#1713,.T.);
#525=ADVANCED_FACE('',(#1714),#1715,.T.);
#526=ADVANCED_FACE('',(#1716),#1717,.T.);
#527=ADVANCED_FACE('',(#1718),#1719,.T.);
#528=ADVANCED_FACE('',(#1720),#1721,.T.);
#529=ADVANCED_FACE('',(#1722),#1723,.T.);
#530=ADVANCED_FACE('',(#1724),#1725,.T.);
#531=ADVANCED_FACE('',(#1726),#1727,.T.);
#532=ADVANCED_FACE('',(#1728),#1729,.T.);
#533=ADVANCED_FACE('',(#1730),#1731,.T.);
#534=ADVANCED_FACE('',(#1732),#1733,.T.);
#535=ADVANCED_FACE('',(#1734),#1735,.T.);
#536=ADVANCED_FACE('',(#1736),#1737,.T.);
#537=ADVANCED_FACE('',(#1738),#1739,.T.);
#538=ADVANCED_FACE('',(#1740),#1741,.T.);
#539=ADVANCED_FACE('',(#1742),#1743,.T.);
#540=ADVANCED_FACE('',(#1744),#1745,.T.);
#541=ADVANCED_FACE('',(#1746),#1747,.T.);
#542=ADVANCED_FACE('',(#1748),#1749,.T.);
#543=ADVANCED_FACE('',(#1750),#1751,.T.);
#544=ADVANCED_FACE('',(#1752),#1753,.T.);
#545=ADVANCED_FACE('',(#1754),#1755,.T.);
#546=ADVANCED_FACE('',(#1756),#1757,.T.);
#547=ADVANCED_FACE('',(#1758),#1759,.T.);
#548=ADVANCED_FACE('',(#1760),#1761,.T.);
#549=ADVANCED_FACE('',(#1762),#1763,.T.);
#550=ADVANCED_FACE('',(#1764),#1765,.T.);
#551=ADVANCED_FACE('',(#1766),#1767,.T.);
#552=ADVANCED_FACE('',(#1768),#1769,.T.);
#553=ADVANCED_FACE('',(#1770),#1771,.T.);
#554=ADVANCED_FACE('',(#1772),#1773,.T.);
#555=ADVANCED_FACE('',(#1774),#1775,.T.);
#556=ADVANCED_FACE('',(#1776),#1777,.T.);
#557=ADVANCED_FACE('',(#1778),#1779,.T.);
#558=ADVANCED_FACE('',(#1780),#1781,.T.);
#559=ADVANCED_FACE('',(#1782),#1783,.T.);
#560=ADVANCED_FACE('',(#1784),#1785,.T.);
#561=ADVANCED_FACE('',(#1786),#1787,.T.);
#562=ADVANCED_FACE('',(#1788),#1789,.T.);
#563=ADVANCED_FACE('',(#1790),#1791,.T.);
#564=ADVANCED_FACE('',(#1792),#1793,.T.);
#565=ADVANCED_FACE('',(#1794),#1795,.T.);
#566=ADVANCED_FACE('',(#1796),#1797,.T.);
#567=ADVANCED_FACE('',(#1798),#1799,.T.);
#568=ADVANCED_FACE('',(#1800),#1801,.T.);
#569=ADVANCED_FACE('',(#1802),#1803,.T.);
#570=ADVANCED_FACE('',(#1804),#1805,.T.);
#571=ADVANCED_FACE('',(#1806),#1807,.T.);
#572=ADVANCED_FACE('',(#1808),#1809,.T.);
#573=ADVANCED_FACE('',(#1810),#1811,.T.);
#574=ADVANCED_FACE('',(#1812),#1813,.T.);
#575=ADVANCED_FACE('',(#1814),#1815,.T.);
#576=ADVANCED_FACE('',(#1816),#1817,.T.);
#577=ADVANCED_FACE('',(#1818),#1819,.T.);
#578=ADVANCED_FACE('',(#1820),#1821,.T.);
#579=ADVANCED_FACE('',(#1822),#1823,.T.);
#580=ADVANCED_FACE('',(#1824),#1825,.T.);
#581=ADVANCED_FACE('',(#1826),#1827,.T.);
#582=ADVANCED_FACE('',(#1828),#1829,.T.);
#583=ADVANCED_FACE('',(#1830),#1831,.T.);
#584=ADVANCED_FACE('',(#1832),#1833,.T.);
#585=ADVANCED_FACE('',(#1834),#1835,.T.);
#586=ADVANCED_FACE('',(#1836),#1837,.T.);
#587=ADVANCED_FACE('',(#1838),#1839,.T.);
#588=ADVANCED_FACE('',(#1840),#1841,.T.);
#589=ADVANCED_FACE('',(#1842),#1843,.T.);
#590=ADVANCED_FACE('',(#1844),#1845,.T.);
#591=ADVANCED_FACE('',(#1846),#1847,.T.);
#592=ADVANCED_FACE('',(#1848),#1849,.T.);
#593=ADVANCED_FACE('',(#1850),#1851,.T.);
#594=ADVANCED_FACE('',(#1852),#1853,.T.);
#595=ADVANCED_FACE('',(#1854),#1855,.T.);
#596=ADVANCED_FACE('',(#1856),#1857,.T.);
#597=ADVANCED_FACE('',(#1858),#1859,.T.);
#598=ADVANCED_FACE('',(#1860),#1861,.T.);
#599=ADVANCED_FACE('',(#1862),#1863,.T.);
#600=ADVANCED_FACE('',(#1864),#1865,.T.);
#601=ADVANCED_FACE('',(#1866),#1867,.T.);
#602=ADVANCED_FACE('',(#1868),#1869,.T.);
#603=ADVANCED_FACE('',(#1870),#1871,.T.);
#604=ADVANCED_FACE('',(#1872),#1873,.T.);
#605=ADVANCED_FACE('',(#1874),#1875,.T.);
#606=ADVANCED_FACE('',(#1876),#1877,.T.);
#607=ADVANCED_FACE('',(#1878),#1879,.T.);
#608=ADVANCED_FACE('',(#1880),#1881,.T.);
#609=ADVANCED_FACE('',(#1882),#1883,.T.);
#610=ADVANCED_FACE('',(#1884),#1885,.T.);
#611=ADVANCED_FACE('',(#1886),#1887,.T.);
#612=ADVANCED_FACE('',(#1888),#1889,.T.);
#613=ADVANCED_FACE('',(#1890),#1891,.T.);
#614=ADVANCED_FACE('',(#1892),#1893,.T.);
#615=ADVANCED_FACE('',(#1894),#1895,.T.);
#616=ADVANCED_FACE('',(#1896),#1897,.T.);
#617=ADVANCED_FACE('',(#1898),#1899,.T.);
#618=ADVANCED_FACE('',(#1900),#1901,.T.);
#619=ADVANCED_FACE('',(#1902),#1903,.T.);
#620=ADVANCED_FACE('',(#1904),#1905,.T.);
#621=ADVANCED_FACE('',(#1906),#1907,.T.);
#622=ADVANCED_FACE('',(#1908),#1909,.T.);
#623=ADVANCED_FACE('',(#1910),#1911,.T.);
#624=ADVANCED_FACE('',(#1912),#1913,.F.);
#625=ADVANCED_FACE('',(#1914),#1915,.F.);
#626=ADVANCED_FACE('',(#1916,#1917),#1918,.F.);
#627=ADVANCED_FACE('',(#1919),#1920,.T.);
#628=ADVANCED_FACE('',(#1921),#1922,.T.);
#629=ADVANCED_FACE('',(#1923),#1924,.T.);
#630=ADVANCED_FACE('',(#1925),#1926,.F.);
#631=ADVANCED_FACE('',(#1927),#1928,.F.);
#632=ADVANCED_FACE('',(#1929),#1930,.T.);
#633=ADVANCED_FACE('',(#1931),#1932,.F.);
#634=ADVANCED_FACE('',(#1933),#1934,.F.);
#635=ADVANCED_FACE('',(#1935,#1936),#1937,.F.);
#636=ADVANCED_FACE('',(#1938),#1939,.T.);
#637=ADVANCED_FACE('',(#1940),#1941,.T.);
#638=ADVANCED_FACE('',(#1942),#1943,.T.);
#639=ADVANCED_FACE('',(#1944),#1945,.F.);
#640=ADVANCED_FACE('',(#1946),#1947,.F.);
#641=ADVANCED_FACE('',(#1948),#1949,.T.);
#642=ADVANCED_FACE('',(#1950),#1951,.F.);
#643=ADVANCED_FACE('',(#1952),#1953,.F.);
#644=ADVANCED_FACE('',(#1954,#1955),#1956,.F.);
#645=ADVANCED_FACE('',(#1957),#1958,.T.);
#646=ADVANCED_FACE('',(#1959),#1960,.T.);
#647=ADVANCED_FACE('',(#1961),#1962,.T.);
#648=ADVANCED_FACE('',(#1963),#1964,.F.);
#649=ADVANCED_FACE('',(#1965),#1966,.F.);
#650=ADVANCED_FACE('',(#1967),#1968,.T.);
#651=ADVANCED_FACE('',(#1969),#1970,.F.);
#652=ADVANCED_FACE('',(#1971),#1972,.F.);
#653=ADVANCED_FACE('',(#1973,#1974),#1975,.F.);
#654=ADVANCED_FACE('',(#1976),#1977,.T.);
#655=ADVANCED_FACE('',(#1978),#1979,.T.);
#656=ADVANCED_FACE('',(#1980),#1981,.T.);
#657=ADVANCED_FACE('',(#1982),#1983,.F.);
#658=ADVANCED_FACE('',(#1984),#1985,.F.);
#659=ADVANCED_FACE('',(#1986),#1987,.T.);
#660=ADVANCED_FACE('',(#1988),#1989,.T.);
#661=ADVANCED_FACE('',(#1990),#1991,.T.);
#662=ADVANCED_FACE('',(#1992),#1993,.T.);
#663=ADVANCED_FACE('',(#1994),#1995,.T.);
#664=ADVANCED_FACE('',(#1996),#1997,.T.);
#665=ADVANCED_FACE('',(#1998),#1999,.T.);
#666=ADVANCED_FACE('',(#2000),#2001,.T.);
#667=ADVANCED_FACE('',(#2002),#2003,.F.);
#668=ADVANCED_FACE('',(#2004,#2005,#2006,#2007,#2008,#2009,#2010,#2011,#2012),#2013,.T.);
#669=ADVANCED_FACE('',(#2014),#2015,.T.);
#670=ADVANCED_FACE('',(#2016),#2017,.T.);
#671=ADVANCED_FACE('',(#2018),#2019,.T.);
#672=ADVANCED_FACE('',(#2020),#2021,.T.);
#673=ADVANCED_FACE('',(#2022),#2023,.T.);
#674=ADVANCED_FACE('',(#2024),#2025,.T.);
#675=ADVANCED_FACE('',(#2026),#2027,.T.);
#676=ADVANCED_FACE('',(#2028),#2029,.T.);
#677=ADVANCED_FACE('',(#2030),#2031,.T.);
#678=ADVANCED_FACE('',(#2032),#2033,.T.);
#679=ADVANCED_FACE('',(#2034),#2035,.T.);
#680=ADVANCED_FACE('',(#2036),#2037,.T.);
#681=ADVANCED_FACE('',(#2038),#2039,.T.);
#682=ADVANCED_FACE('',(#2040),#2041,.T.);
#683=ADVANCED_FACE('',(#2042),#2043,.T.);
#684=ADVANCED_FACE('',(#2044),#2045,.T.);
#685=ADVANCED_FACE('',(#2046),#2047,.T.);
#686=ADVANCED_FACE('',(#2048),#2049,.T.);
#687=ADVANCED_FACE('',(#2050),#2051,.T.);
#688=ADVANCED_FACE('',(#2052),#2053,.T.);
#689=ADVANCED_FACE('',(#2054),#2055,.T.);
#690=ADVANCED_FACE('',(#2056),#2057,.T.);
#691=ADVANCED_FACE('',(#2058),#2059,.T.);
#692=ADVANCED_FACE('',(#2060),#2061,.T.);
#693=ADVANCED_FACE('',(#2062),#2063,.F.);
#694=ADVANCED_FACE('',(#2064),#2065,.T.);
#695=ADVANCED_FACE('',(#2066),#2067,.T.);
#696=ADVANCED_FACE('',(#2068),#2069,.T.);
#697=ADVANCED_FACE('',(#2070),#2071,.T.);
#698=ADVANCED_FACE('',(#2072),#2073,.T.);
#699=ADVANCED_FACE('',(#2074),#2075,.T.);
#700=ADVANCED_FACE('',(#2076),#2077,.T.);
#701=ADVANCED_FACE('',(#2078),#2079,.T.);
#702=ADVANCED_FACE('',(#2080),#2081,.T.);
#703=ADVANCED_FACE('',(#2082),#2083,.T.);
#704=ADVANCED_FACE('',(#2084),#2085,.F.);
#705=ADVANCED_FACE('',(#2086),#2087,.F.);
#706=ADVANCED_FACE('',(#2088),#2089,.T.);
#707=ADVANCED_FACE('',(#2090),#2091,.T.);
#708=ADVANCED_FACE('',(#2092),#2093,.F.);
#709=ADVANCED_FACE('',(#2094),#2095,.T.);
#710=ADVANCED_FACE('',(#2096),#2097,.T.);
#711=ADVANCED_FACE('',(#2098),#2099,.T.);
#712=ADVANCED_FACE('',(#2100),#2101,.T.);
#713=ADVANCED_FACE('',(#2102),#2103,.T.);
#714=ADVANCED_FACE('',(#2104),#2105,.T.);
#715=ADVANCED_FACE('',(#2106),#2107,.T.);
#716=ADVANCED_FACE('',(#2108),#2109,.T.);
#717=ADVANCED_FACE('',(#2110),#2111,.T.);
#718=ADVANCED_FACE('',(#2112),#2113,.T.);
#719=ADVANCED_FACE('',(#2114),#2115,.T.);
#720=ADVANCED_FACE('',(#2116),#2117,.T.);
#721=ADVANCED_FACE('',(#2118),#2119,.T.);
#722=ADVANCED_FACE('',(#2120),#2121,.T.);
#723=ADVANCED_FACE('',(#2122),#2123,.T.);
#724=ADVANCED_FACE('',(#2124),#2125,.T.);
#725=ADVANCED_FACE('',(#2126),#2127,.T.);
#726=ADVANCED_FACE('',(#2128),#2129,.T.);
#727=ADVANCED_FACE('',(#2130),#2131,.T.);
#728=ADVANCED_FACE('',(#2132),#2133,.T.);
#729=ADVANCED_FACE('',(#2134),#2135,.T.);
#730=ADVANCED_FACE('',(#2136),#2137,.T.);
#731=ADVANCED_FACE('',(#2138),#2139,.T.);
#732=ADVANCED_FACE('',(#2140),#2141,.T.);
#733=ADVANCED_FACE('',(#2142),#2143,.T.);
#734=ADVANCED_FACE('',(#2144),#2145,.T.);
#735=ADVANCED_FACE('',(#2146),#2147,.T.);
#736=ADVANCED_FACE('',(#2148),#2149,.T.);
#737=ADVANCED_FACE('',(#2150),#2151,.T.);
#738=ADVANCED_FACE('',(#2152),#2153,.T.);
#739=ADVANCED_FACE('',(#2154),#2155,.T.);
#740=ADVANCED_FACE('',(#2156),#2157,.T.);
#741=ADVANCED_FACE('',(#2158),#2159,.T.);
#742=ADVANCED_FACE('',(#2160),#2161,.T.);
#743=ADVANCED_FACE('',(#2162),#2163,.T.);
#744=ADVANCED_FACE('',(#2164),#2165,.T.);
#745=ADVANCED_FACE('',(#2166),#2167,.T.);
#746=ADVANCED_FACE('',(#2168),#2169,.T.);
#747=ADVANCED_FACE('',(#2170),#2171,.T.);
#748=ADVANCED_FACE('',(#2172),#2173,.F.);
#749=ADVANCED_FACE('',(#2174),#2175,.T.);
#750=ADVANCED_FACE('',(#2176),#2177,.T.);
#751=ADVANCED_FACE('',(#2178),#2179,.T.);
#752=ADVANCED_FACE('',(#2180),#2181,.T.);
#753=ADVANCED_FACE('',(#2182),#2183,.T.);
#754=ADVANCED_FACE('',(#2184),#2185,.T.);
#755=ADVANCED_FACE('',(#2186),#2187,.T.);
#756=ADVANCED_FACE('',(#2188),#2189,.T.);
#757=ADVANCED_FACE('',(#2190),#2191,.T.);
#758=ADVANCED_FACE('',(#2192),#2193,.T.);
#759=ADVANCED_FACE('',(#2194),#2195,.T.);
#760=ADVANCED_FACE('',(#2196),#2197,.T.);
#761=ADVANCED_FACE('',(#2198),#2199,.T.);
#762=ADVANCED_FACE('',(#2200),#2201,.T.);
#763=ADVANCED_FACE('',(#2202),#2203,.T.);
#764=ADVANCED_FACE('',(#2204),#2205,.T.);
#765=ADVANCED_FACE('',(#2206),#2207,.F.);
#766=ADVANCED_FACE('',(#2208),#2209,.T.);
#767=ADVANCED_FACE('',(#2210),#2211,.F.);
#768=ADVANCED_FACE('',(#2212),#2213,.F.);
#769=ADVANCED_FACE('',(#2214),#2215,.T.);
#770=ADVANCED_FACE('',(#2216),#2217,.F.);
#771=ADVANCED_FACE('',(#2218),#2219,.T.);
#772=ADVANCED_FACE('',(#2220),#2221,.T.);
#773=ADVANCED_FACE('',(#2222),#2223,.T.);
#774=ADVANCED_FACE('',(#2224),#2225,.T.);
#775=ADVANCED_FACE('',(#2226),#2227,.F.);
#776=ADVANCED_FACE('',(#2228),#2229,.T.);
#777=ADVANCED_FACE('',(#2230),#2231,.T.);
#778=ADVANCED_FACE('',(#2232),#2233,.T.);
#779=ADVANCED_FACE('',(#2234),#2235,.T.);
#780=ADVANCED_FACE('',(#2236),#2237,.T.);
#781=ADVANCED_FACE('',(#2238),#2239,.F.);
#782=ADVANCED_FACE('',(#2240),#2241,.T.);
#783=ADVANCED_FACE('',(#2242),#2243,.T.);
#784=ADVANCED_FACE('',(#2244),#2245,.F.);
#785=ADVANCED_FACE('',(#2246),#2247,.T.);
#786=ADVANCED_FACE('',(#2248),#2249,.T.);
#787=ADVANCED_FACE('',(#2250),#2251,.T.);
#788=ADVANCED_FACE('',(#2252),#2253,.T.);
#789=ADVANCED_FACE('',(#2254,#2255,#2256),#2257,.T.);
#790=ADVANCED_FACE('',(#2258),#2259,.F.);
#791=ADVANCED_FACE('',(#2260),#2261,.T.);
#792=ADVANCED_FACE('',(#2262),#2263,.F.);
#793=ADVANCED_FACE('',(#2264),#2265,.T.);
#794=ADVANCED_FACE('',(#2266),#2267,.F.);
#795=ADVANCED_FACE('',(#2268),#2269,.F.);
#796=ADVANCED_FACE('',(#2270,#2271,#2272),#2273,.T.);
#797=ADVANCED_FACE('',(#2274,#2275,#2276,#2277,#2278),#2279,.T.);
#798=ADVANCED_FACE('',(#2280),#2281,.F.);
#799=ADVANCED_FACE('',(#2282),#2283,.T.);
#800=ADVANCED_FACE('',(#2284),#2285,.F.);
#801=ADVANCED_FACE('',(#2286),#2287,.T.);
#802=ADVANCED_FACE('',(#2288),#2289,.T.);
#803=ADVANCED_FACE('',(#2290),#2291,.T.);
#804=ADVANCED_FACE('',(#2292),#2293,.F.);
#805=ADVANCED_FACE('',(#2294),#2295,.T.);
#806=ADVANCED_FACE('',(#2296),#2297,.F.);
#807=ADVANCED_FACE('',(#2298),#2299,.F.);
#808=ADVANCED_FACE('',(#2300),#2301,.F.);
#810=FACE_OUTER_BOUND('',#2302,.T.);
#811=PLANE('',#2303);
#812=FACE_OUTER_BOUND('',#2304,.T.);
#813=PLANE('',#2305);
#814=FACE_OUTER_BOUND('',#2306,.T.);
#815=PLANE('',#2307);
#816=FACE_OUTER_BOUND('',#2308,.T.);
#817=PLANE('',#2309);
#818=FACE_OUTER_BOUND('',#2310,.T.);
#819=PLANE('',#2311);
#820=FACE_OUTER_BOUND('',#2312,.T.);
#821=PLANE('',#2313);
#822=FACE_OUTER_BOUND('',#2314,.T.);
#823=CYLINDRICAL_SURFACE('',#2315,0.5);
#824=FACE_OUTER_BOUND('',#2316,.T.);
#825=CYLINDRICAL_SURFACE('',#2317,0.5);
#826=FACE_OUTER_BOUND('',#2318,.T.);
#827=CYLINDRICAL_SURFACE('',#2319,0.537402676957101);
#828=FACE_OUTER_BOUND('',#2320,.T.);
#829=CYLINDRICAL_SURFACE('',#2321,0.537402676957101);
#830=FACE_OUTER_BOUND('',#2322,.T.);
#831=CYLINDRICAL_SURFACE('',#2323,0.5);
#832=FACE_OUTER_BOUND('',#2324,.T.);
#833=CYLINDRICAL_SURFACE('',#2325,0.5);
#834=FACE_OUTER_BOUND('',#2326,.T.);
#835=CYLINDRICAL_SURFACE('',#2327,4.075);
#836=FACE_OUTER_BOUND('',#2328,.T.);
#837=CYLINDRICAL_SURFACE('',#2329,11.025);
#838=FACE_OUTER_BOUND('',#2330,.T.);
#839=CYLINDRICAL_SURFACE('',#2331,11.025);
#840=FACE_OUTER_BOUND('',#2332,.T.);
#841=CYLINDRICAL_SURFACE('',#2333,11.025);
#842=FACE_OUTER_BOUND('',#2334,.T.);
#843=CYLINDRICAL_SURFACE('',#2335,4.075);
#844=FACE_OUTER_BOUND('',#2336,.T.);
#845=CYLINDRICAL_SURFACE('',#2337,11.025);
#846=FACE_OUTER_BOUND('',#2338,.T.);
#847=PLANE('',#2339);
#848=FACE_OUTER_BOUND('',#2340,.T.);
#849=PLANE('',#2341);
#850=FACE_OUTER_BOUND('',#2342,.T.);
#851=PLANE('',#2343);
#852=FACE_OUTER_BOUND('',#2344,.T.);
#853=PLANE('',#2345);
#854=FACE_OUTER_BOUND('',#2346,.T.);
#855=PLANE('',#2347);
#856=FACE_OUTER_BOUND('',#2348,.T.);
#857=CYLINDRICAL_SURFACE('',#2349,0.8);
#858=FACE_OUTER_BOUND('',#2350,.T.);
#859=PLANE('',#2351);
#860=FACE_OUTER_BOUND('',#2352,.T.);
#861=CYLINDRICAL_SURFACE('',#2353,0.8);
#862=FACE_OUTER_BOUND('',#2354,.T.);
#863=PLANE('',#2355);
#864=FACE_OUTER_BOUND('',#2356,.T.);
#865=CYLINDRICAL_SURFACE('',#2357,0.8);
#866=FACE_OUTER_BOUND('',#2358,.T.);
#867=CYLINDRICAL_SURFACE('',#2359,0.8);
#868=FACE_OUTER_BOUND('',#2360,.T.);
#869=CYLINDRICAL_SURFACE('',#2361,0.8);
#870=FACE_OUTER_BOUND('',#2362,.T.);
#871=PLANE('',#2363);
#872=FACE_OUTER_BOUND('',#2364,.T.);
#873=PLANE('',#2365);
#874=FACE_OUTER_BOUND('',#2366,.T.);
#875=CYLINDRICAL_SURFACE('',#2367,0.8);
#876=FACE_OUTER_BOUND('',#2368,.T.);
#877=PLANE('',#2369);
#878=FACE_OUTER_BOUND('',#2370,.T.);
#879=PLANE('',#2371);
#880=FACE_OUTER_BOUND('',#2372,.T.);
#881=CYLINDRICAL_SURFACE('',#2373,0.8);
#882=FACE_OUTER_BOUND('',#2374,.T.);
#883=CYLINDRICAL_SURFACE('',#2375,0.8);
#884=FACE_OUTER_BOUND('',#2376,.T.);
#885=FACE_BOUND('',#2377,.T.);
#886=PLANE('',#2378);
#887=FACE_OUTER_BOUND('',#2379,.T.);
#888=CYLINDRICAL_SURFACE('',#2380,0.8);
#889=FACE_OUTER_BOUND('',#2381,.T.);
#890=CYLINDRICAL_SURFACE('',#2382,12.2490908727588);
#891=FACE_OUTER_BOUND('',#2383,.T.);
#892=CYLINDRICAL_SURFACE('',#2384,12.2490908727588);
#893=FACE_OUTER_BOUND('',#2385,.T.);
#894=PLANE('',#2386);
#895=FACE_OUTER_BOUND('',#2387,.T.);
#896=CYLINDRICAL_SURFACE('',#2388,0.8);
#897=FACE_OUTER_BOUND('',#2389,.T.);
#898=CYLINDRICAL_SURFACE('',#2390,0.8);
#899=FACE_OUTER_BOUND('',#2391,.T.);
#900=CYLINDRICAL_SURFACE('',#2392,0.8);
#901=FACE_OUTER_BOUND('',#2393,.T.);
#902=CYLINDRICAL_SURFACE('',#2394,11.025);
#903=FACE_OUTER_BOUND('',#2395,.T.);
#904=CYLINDRICAL_SURFACE('',#2396,4.075);
#905=FACE_OUTER_BOUND('',#2397,.T.);
#906=CYLINDRICAL_SURFACE('',#2398,11.025);
#907=FACE_OUTER_BOUND('',#2399,.T.);
#908=CYLINDRICAL_SURFACE('',#2400,11.025);
#909=FACE_OUTER_BOUND('',#2401,.T.);
#910=PLANE('',#2402);
#911=FACE_OUTER_BOUND('',#2403,.T.);
#912=CYLINDRICAL_SURFACE('',#2404,11.025);
#913=FACE_OUTER_BOUND('',#2405,.T.);
#914=CYLINDRICAL_SURFACE('',#2406,4.075);
#915=FACE_OUTER_BOUND('',#2407,.T.);
#916=CYLINDRICAL_SURFACE('',#2408,12.2490908727603);
#917=FACE_OUTER_BOUND('',#2409,.T.);
#918=CYLINDRICAL_SURFACE('',#2410,12.2490908727603);
#919=FACE_OUTER_BOUND('',#2411,.T.);
#920=PLANE('',#2412);
#921=FACE_OUTER_BOUND('',#2413,.T.);
#922=PLANE('',#2414);
#923=FACE_OUTER_BOUND('',#2415,.T.);
#924=PLANE('',#2416);
#925=FACE_OUTER_BOUND('',#2417,.T.);
#926=CYLINDRICAL_SURFACE('',#2418,0.5);
#927=FACE_OUTER_BOUND('',#2419,.T.);
#928=PLANE('',#2420);
#929=FACE_OUTER_BOUND('',#2421,.T.);
#930=CYLINDRICAL_SURFACE('',#2422,0.87);
#931=FACE_OUTER_BOUND('',#2423,.T.);
#932=PLANE('',#2424);
#933=FACE_OUTER_BOUND('',#2425,.T.);
#934=PLANE('',#2426);
#935=FACE_OUTER_BOUND('',#2427,.T.);
#936=CYLINDRICAL_SURFACE('',#2428,12.1220683411386);
#937=FACE_OUTER_BOUND('',#2429,.T.);
#938=PLANE('',#2430);
#939=FACE_OUTER_BOUND('',#2431,.T.);
#940=PLANE('',#2432);
#941=FACE_OUTER_BOUND('',#2433,.T.);
#942=CYLINDRICAL_SURFACE('',#2434,12.1220683411386);
#943=FACE_OUTER_BOUND('',#2435,.T.);
#944=CYLINDRICAL_SURFACE('',#2436,0.87);
#945=FACE_OUTER_BOUND('',#2437,.T.);
#946=PLANE('',#2438);
#947=FACE_OUTER_BOUND('',#2439,.T.);
#948=CYLINDRICAL_SURFACE('',#2440,4.15);
#949=FACE_OUTER_BOUND('',#2441,.T.);
#950=CYLINDRICAL_SURFACE('',#2442,0.87);
#951=FACE_OUTER_BOUND('',#2443,.T.);
#952=PLANE('',#2444);
#953=FACE_OUTER_BOUND('',#2445,.T.);
#954=CYLINDRICAL_SURFACE('',#2446,0.87);
#955=FACE_OUTER_BOUND('',#2447,.T.);
#956=PLANE('',#2448);
#957=FACE_OUTER_BOUND('',#2449,.T.);
#958=CYLINDRICAL_SURFACE('',#2450,0.5);
#959=FACE_OUTER_BOUND('',#2451,.T.);
#960=PLANE('',#2452);
#961=FACE_OUTER_BOUND('',#2453,.T.);
#962=PLANE('',#2454);
#963=FACE_OUTER_BOUND('',#2455,.T.);
#964=CYLINDRICAL_SURFACE('',#2456,0.537402676957101);
#965=FACE_OUTER_BOUND('',#2457,.T.);
#966=CYLINDRICAL_SURFACE('',#2458,0.537402676957101);
#967=FACE_OUTER_BOUND('',#2459,.T.);
#968=CYLINDRICAL_SURFACE('',#2460,4.15);
#969=FACE_OUTER_BOUND('',#2461,.T.);
#970=FACE_BOUND('',#2462,.T.);
#971=FACE_BOUND('',#2463,.T.);
#972=FACE_BOUND('',#2464,.T.);
#973=FACE_BOUND('',#2465,.T.);
#974=FACE_BOUND('',#2466,.T.);
#975=FACE_BOUND('',#2467,.T.);
#976=FACE_BOUND('',#2468,.T.);
#977=FACE_BOUND('',#2469,.T.);
#978=FACE_BOUND('',#2470,.T.);
#979=FACE_BOUND('',#2471,.T.);
#980=FACE_BOUND('',#2472,.T.);
#981=FACE_BOUND('',#2473,.T.);
#982=FACE_BOUND('',#2474,.T.);
#983=FACE_BOUND('',#2475,.T.);
#984=FACE_BOUND('',#2476,.T.);
#985=FACE_BOUND('',#2477,.T.);
#986=FACE_BOUND('',#2478,.T.);
#987=PLANE('',#2479);
#988=FACE_OUTER_BOUND('',#2480,.T.);
#989=PLANE('',#2481);
#990=FACE_OUTER_BOUND('',#2482,.T.);
#991=PLANE('',#2483);
#992=FACE_OUTER_BOUND('',#2484,.T.);
#993=PLANE('',#2485);
#994=FACE_OUTER_BOUND('',#2486,.T.);
#995=PLANE('',#2487);
#996=FACE_OUTER_BOUND('',#2488,.T.);
#997=PLANE('',#2489);
#998=FACE_OUTER_BOUND('',#2490,.T.);
#999=PLANE('',#2491);
#1000=FACE_OUTER_BOUND('',#2492,.T.);
#1001=PLANE('',#2493);
#1002=FACE_OUTER_BOUND('',#2494,.T.);
#1003=PLANE('',#2495);
#1004=FACE_OUTER_BOUND('',#2496,.T.);
#1005=PLANE('',#2497);
#1006=FACE_OUTER_BOUND('',#2498,.T.);
#1007=PLANE('',#2499);
#1008=FACE_OUTER_BOUND('',#2500,.T.);
#1009=PLANE('',#2501);
#1010=FACE_OUTER_BOUND('',#2502,.T.);
#1011=PLANE('',#2503);
#1012=FACE_OUTER_BOUND('',#2504,.T.);
#1013=PLANE('',#2505);
#1014=FACE_OUTER_BOUND('',#2506,.T.);
#1015=PLANE('',#2507);
#1016=FACE_OUTER_BOUND('',#2508,.T.);
#1017=PLANE('',#2509);
#1018=FACE_OUTER_BOUND('',#2510,.T.);
#1019=PLANE('',#2511);
#1020=FACE_OUTER_BOUND('',#2512,.T.);
#1021=PLANE('',#2513);
#1022=FACE_OUTER_BOUND('',#2514,.T.);
#1023=PLANE('',#2515);
#1024=FACE_OUTER_BOUND('',#2516,.T.);
#1025=PLANE('',#2517);
#1026=FACE_OUTER_BOUND('',#2518,.T.);
#1027=PLANE('',#2519);
#1028=FACE_OUTER_BOUND('',#2520,.T.);
#1029=PLANE('',#2521);
#1030=FACE_OUTER_BOUND('',#2522,.T.);
#1031=PLANE('',#2523);
#1032=FACE_OUTER_BOUND('',#2524,.T.);
#1033=PLANE('',#2525);
#1034=FACE_OUTER_BOUND('',#2526,.T.);
#1035=PLANE('',#2527);
#1036=FACE_OUTER_BOUND('',#2528,.T.);
#1037=CYLINDRICAL_SURFACE('',#2529,0.8);
#1038=FACE_OUTER_BOUND('',#2530,.T.);
#1039=PLANE('',#2531);
#1040=FACE_OUTER_BOUND('',#2532,.T.);
#1041=CYLINDRICAL_SURFACE('',#2533,0.8);
#1042=FACE_OUTER_BOUND('',#2534,.T.);
#1043=PLANE('',#2535);
#1044=FACE_OUTER_BOUND('',#2536,.T.);
#1045=PLANE('',#2537);
#1046=FACE_OUTER_BOUND('',#2538,.T.);
#1047=CYLINDRICAL_SURFACE('',#2539,0.8);
#1048=FACE_OUTER_BOUND('',#2540,.T.);
#1049=PLANE('',#2541);
#1050=FACE_OUTER_BOUND('',#2542,.T.);
#1051=CYLINDRICAL_SURFACE('',#2543,0.8);
#1052=FACE_OUTER_BOUND('',#2544,.T.);
#1053=PLANE('',#2545);
#1054=FACE_OUTER_BOUND('',#2546,.T.);
#1055=CYLINDRICAL_SURFACE('',#2547,0.8);
#1056=FACE_OUTER_BOUND('',#2548,.T.);
#1057=CYLINDRICAL_SURFACE('',#2549,0.8);
#1058=FACE_OUTER_BOUND('',#2550,.T.);
#1059=PLANE('',#2551);
#1060=FACE_OUTER_BOUND('',#2552,.T.);
#1061=PLANE('',#2553);
#1062=FACE_OUTER_BOUND('',#2554,.T.);
#1063=CYLINDRICAL_SURFACE('',#2555,0.8);
#1064=FACE_OUTER_BOUND('',#2556,.T.);
#1065=PLANE('',#2557);
#1066=FACE_OUTER_BOUND('',#2558,.T.);
#1067=CYLINDRICAL_SURFACE('',#2559,0.8);
#1068=FACE_OUTER_BOUND('',#2560,.T.);
#1069=PLANE('',#2561);
#1070=FACE_OUTER_BOUND('',#2562,.T.);
#1071=PLANE('',#2563);
#1072=FACE_OUTER_BOUND('',#2564,.T.);
#1073=CYLINDRICAL_SURFACE('',#2565,0.87);
#1074=FACE_OUTER_BOUND('',#2566,.T.);
#1075=PLANE('',#2567);
#1076=FACE_OUTER_BOUND('',#2568,.T.);
#1077=CYLINDRICAL_SURFACE('',#2569,4.15);
#1078=FACE_OUTER_BOUND('',#2570,.T.);
#1079=PLANE('',#2571);
#1080=FACE_OUTER_BOUND('',#2572,.T.);
#1081=PLANE('',#2573);
#1082=FACE_OUTER_BOUND('',#2574,.T.);
#1083=PLANE('',#2575);
#1084=FACE_OUTER_BOUND('',#2576,.T.);
#1085=PLANE('',#2577);
#1086=FACE_OUTER_BOUND('',#2578,.T.);
#1087=PLANE('',#2579);
#1088=FACE_OUTER_BOUND('',#2580,.T.);
#1089=PLANE('',#2581);
#1090=FACE_OUTER_BOUND('',#2582,.T.);
#1091=CYLINDRICAL_SURFACE('',#2583,0.87);
#1092=FACE_OUTER_BOUND('',#2584,.T.);
#1093=PLANE('',#2585);
#1094=FACE_OUTER_BOUND('',#2586,.T.);
#1095=CYLINDRICAL_SURFACE('',#2587,0.5);
#1096=FACE_OUTER_BOUND('',#2588,.T.);
#1097=PLANE('',#2589);
#1098=FACE_OUTER_BOUND('',#2590,.T.);
#1099=CYLINDRICAL_SURFACE('',#2591,0.5);
#1100=FACE_OUTER_BOUND('',#2592,.T.);
#1101=CYLINDRICAL_SURFACE('',#2593,0.5);
#1102=FACE_OUTER_BOUND('',#2594,.T.);
#1103=CYLINDRICAL_SURFACE('',#2595,0.5);
#1104=FACE_OUTER_BOUND('',#2596,.T.);
#1105=PLANE('',#2597);
#1106=FACE_OUTER_BOUND('',#2598,.T.);
#1107=PLANE('',#2599);
#1108=FACE_OUTER_BOUND('',#2600,.T.);
#1109=PLANE('',#2601);
#1110=FACE_OUTER_BOUND('',#2602,.T.);
#1111=PLANE('',#2603);
#1112=FACE_OUTER_BOUND('',#2604,.T.);
#1113=PLANE('',#2605);
#1114=FACE_OUTER_BOUND('',#2606,.T.);
#1115=PLANE('',#2607);
#1116=FACE_OUTER_BOUND('',#2608,.T.);
#1117=PLANE('',#2609);
#1118=FACE_OUTER_BOUND('',#2610,.T.);
#1119=PLANE('',#2611);
#1120=FACE_OUTER_BOUND('',#2612,.T.);
#1121=PLANE('',#2613);
#1122=FACE_OUTER_BOUND('',#2614,.T.);
#1123=PLANE('',#2615);
#1124=FACE_OUTER_BOUND('',#2616,.T.);
#1125=PLANE('',#2617);
#1126=FACE_OUTER_BOUND('',#2618,.T.);
#1127=PLANE('',#2619);
#1128=FACE_OUTER_BOUND('',#2620,.T.);
#1129=PLANE('',#2621);
#1130=FACE_OUTER_BOUND('',#2622,.T.);
#1131=PLANE('',#2623);
#1132=FACE_OUTER_BOUND('',#2624,.T.);
#1133=PLANE('',#2625);
#1134=FACE_OUTER_BOUND('',#2626,.T.);
#1135=PLANE('',#2627);
#1136=FACE_OUTER_BOUND('',#2628,.T.);
#1137=PLANE('',#2629);
#1138=FACE_OUTER_BOUND('',#2630,.T.);
#1139=PLANE('',#2631);
#1140=FACE_OUTER_BOUND('',#2632,.T.);
#1141=PLANE('',#2633);
#1142=FACE_OUTER_BOUND('',#2634,.T.);
#1143=PLANE('',#2635);
#1144=FACE_OUTER_BOUND('',#2636,.T.);
#1145=PLANE('',#2637);
#1146=FACE_OUTER_BOUND('',#2638,.T.);
#1147=PLANE('',#2639);
#1148=FACE_OUTER_BOUND('',#2640,.T.);
#1149=PLANE('',#2641);
#1150=FACE_OUTER_BOUND('',#2642,.T.);
#1151=PLANE('',#2643);
#1152=FACE_OUTER_BOUND('',#2644,.T.);
#1153=PLANE('',#2645);
#1154=FACE_OUTER_BOUND('',#2646,.T.);
#1155=PLANE('',#2647);
#1156=FACE_OUTER_BOUND('',#2648,.T.);
#1157=PLANE('',#2649);
#1158=FACE_OUTER_BOUND('',#2650,.T.);
#1159=PLANE('',#2651);
#1160=FACE_OUTER_BOUND('',#2652,.T.);
#1161=PLANE('',#2653);
#1162=FACE_OUTER_BOUND('',#2654,.T.);
#1163=PLANE('',#2655);
#1164=FACE_OUTER_BOUND('',#2656,.T.);
#1165=PLANE('',#2657);
#1166=FACE_OUTER_BOUND('',#2658,.T.);
#1167=PLANE('',#2659);
#1168=FACE_OUTER_BOUND('',#2660,.T.);
#1169=PLANE('',#2661);
#1170=FACE_OUTER_BOUND('',#2662,.T.);
#1171=PLANE('',#2663);
#1172=FACE_OUTER_BOUND('',#2664,.T.);
#1173=PLANE('',#2665);
#1174=FACE_OUTER_BOUND('',#2666,.T.);
#1175=PLANE('',#2667);
#1176=FACE_OUTER_BOUND('',#2668,.T.);
#1177=PLANE('',#2669);
#1178=FACE_OUTER_BOUND('',#2670,.T.);
#1179=PLANE('',#2671);
#1180=FACE_OUTER_BOUND('',#2672,.T.);
#1181=PLANE('',#2673);
#1182=FACE_OUTER_BOUND('',#2674,.T.);
#1183=PLANE('',#2675);
#1184=FACE_OUTER_BOUND('',#2676,.T.);
#1185=PLANE('',#2677);
#1186=FACE_OUTER_BOUND('',#2678,.T.);
#1187=PLANE('',#2679);
#1188=FACE_OUTER_BOUND('',#2680,.T.);
#1189=PLANE('',#2681);
#1190=FACE_OUTER_BOUND('',#2682,.T.);
#1191=PLANE('',#2683);
#1192=FACE_OUTER_BOUND('',#2684,.T.);
#1193=PLANE('',#2685);
#1194=FACE_OUTER_BOUND('',#2686,.T.);
#1195=PLANE('',#2687);
#1196=FACE_OUTER_BOUND('',#2688,.T.);
#1197=PLANE('',#2689);
#1198=FACE_OUTER_BOUND('',#2690,.T.);
#1199=PLANE('',#2691);
#1200=FACE_OUTER_BOUND('',#2692,.T.);
#1201=PLANE('',#2693);
#1202=FACE_OUTER_BOUND('',#2694,.T.);
#1203=PLANE('',#2695);
#1204=FACE_OUTER_BOUND('',#2696,.T.);
#1205=PLANE('',#2697);
#1206=FACE_OUTER_BOUND('',#2698,.T.);
#1207=PLANE('',#2699);
#1208=FACE_OUTER_BOUND('',#2700,.T.);
#1209=PLANE('',#2701);
#1210=FACE_OUTER_BOUND('',#2702,.T.);
#1211=PLANE('',#2703);
#1212=FACE_OUTER_BOUND('',#2704,.T.);
#1213=PLANE('',#2705);
#1214=FACE_OUTER_BOUND('',#2706,.T.);
#1215=PLANE('',#2707);
#1216=FACE_OUTER_BOUND('',#2708,.T.);
#1217=PLANE('',#2709);
#1218=FACE_OUTER_BOUND('',#2710,.T.);
#1219=PLANE('',#2711);
#1220=FACE_OUTER_BOUND('',#2712,.T.);
#1221=PLANE('',#2713);
#1222=FACE_OUTER_BOUND('',#2714,.T.);
#1223=PLANE('',#2715);
#1224=FACE_OUTER_BOUND('',#2716,.T.);
#1225=PLANE('',#2717);
#1226=FACE_OUTER_BOUND('',#2718,.T.);
#1227=PLANE('',#2719);
#1228=FACE_OUTER_BOUND('',#2720,.T.);
#1229=PLANE('',#2721);
#1230=FACE_OUTER_BOUND('',#2722,.T.);
#1231=PLANE('',#2723);
#1232=FACE_OUTER_BOUND('',#2724,.T.);
#1233=PLANE('',#2725);
#1234=FACE_OUTER_BOUND('',#2726,.T.);
#1235=PLANE('',#2727);
#1236=FACE_OUTER_BOUND('',#2728,.T.);
#1237=PLANE('',#2729);
#1238=FACE_OUTER_BOUND('',#2730,.T.);
#1239=PLANE('',#2731);
#1240=FACE_OUTER_BOUND('',#2732,.T.);
#1241=PLANE('',#2733);
#1242=FACE_OUTER_BOUND('',#2734,.T.);
#1243=PLANE('',#2735);
#1244=FACE_OUTER_BOUND('',#2736,.T.);
#1245=PLANE('',#2737);
#1246=FACE_OUTER_BOUND('',#2738,.T.);
#1247=PLANE('',#2739);
#1248=FACE_OUTER_BOUND('',#2740,.T.);
#1249=PLANE('',#2741);
#1250=FACE_OUTER_BOUND('',#2742,.T.);
#1251=PLANE('',#2743);
#1252=FACE_OUTER_BOUND('',#2744,.T.);
#1253=PLANE('',#2745);
#1254=FACE_OUTER_BOUND('',#2746,.T.);
#1255=PLANE('',#2747);
#1256=FACE_OUTER_BOUND('',#2748,.T.);
#1257=PLANE('',#2749);
#1258=FACE_OUTER_BOUND('',#2750,.T.);
#1259=PLANE('',#2751);
#1260=FACE_OUTER_BOUND('',#2752,.T.);
#1261=PLANE('',#2753);
#1262=FACE_OUTER_BOUND('',#2754,.T.);
#1263=PLANE('',#2755);
#1264=FACE_OUTER_BOUND('',#2756,.T.);
#1265=PLANE('',#2757);
#1266=FACE_OUTER_BOUND('',#2758,.T.);
#1267=PLANE('',#2759);
#1268=FACE_OUTER_BOUND('',#2760,.T.);
#1269=PLANE('',#2761);
#1270=FACE_OUTER_BOUND('',#2762,.T.);
#1271=PLANE('',#2763);
#1272=FACE_OUTER_BOUND('',#2764,.T.);
#1273=PLANE('',#2765);
#1274=FACE_OUTER_BOUND('',#2766,.T.);
#1275=PLANE('',#2767);
#1276=FACE_OUTER_BOUND('',#2768,.T.);
#1277=PLANE('',#2769);
#1278=FACE_OUTER_BOUND('',#2770,.T.);
#1279=PLANE('',#2771);
#1280=FACE_OUTER_BOUND('',#2772,.T.);
#1281=PLANE('',#2773);
#1282=FACE_OUTER_BOUND('',#2774,.T.);
#1283=PLANE('',#2775);
#1284=FACE_OUTER_BOUND('',#2776,.T.);
#1285=PLANE('',#2777);
#1286=FACE_OUTER_BOUND('',#2778,.T.);
#1287=PLANE('',#2779);
#1288=FACE_OUTER_BOUND('',#2780,.T.);
#1289=PLANE('',#2781);
#1290=FACE_OUTER_BOUND('',#2782,.T.);
#1291=PLANE('',#2783);
#1292=FACE_OUTER_BOUND('',#2784,.T.);
#1293=PLANE('',#2785);
#1294=FACE_OUTER_BOUND('',#2786,.T.);
#1295=PLANE('',#2787);
#1296=FACE_OUTER_BOUND('',#2788,.T.);
#1297=PLANE('',#2789);
#1298=FACE_OUTER_BOUND('',#2790,.T.);
#1299=PLANE('',#2791);
#1300=FACE_OUTER_BOUND('',#2792,.T.);
#1301=PLANE('',#2793);
#1302=FACE_OUTER_BOUND('',#2794,.T.);
#1303=PLANE('',#2795);
#1304=FACE_OUTER_BOUND('',#2796,.T.);
#1305=PLANE('',#2797);
#1306=FACE_OUTER_BOUND('',#2798,.T.);
#1307=PLANE('',#2799);
#1308=FACE_OUTER_BOUND('',#2800,.T.);
#1309=PLANE('',#2801);
#1310=FACE_OUTER_BOUND('',#2802,.T.);
#1311=PLANE('',#2803);
#1312=FACE_OUTER_BOUND('',#2804,.T.);
#1313=PLANE('',#2805);
#1314=FACE_OUTER_BOUND('',#2806,.T.);
#1315=PLANE('',#2807);
#1316=FACE_OUTER_BOUND('',#2808,.T.);
#1317=PLANE('',#2809);
#1318=FACE_OUTER_BOUND('',#2810,.T.);
#1319=PLANE('',#2811);
#1320=FACE_OUTER_BOUND('',#2812,.T.);
#1321=PLANE('',#2813);
#1322=FACE_OUTER_BOUND('',#2814,.T.);
#1323=PLANE('',#2815);
#1324=FACE_OUTER_BOUND('',#2816,.T.);
#1325=PLANE('',#2817);
#1326=FACE_OUTER_BOUND('',#2818,.T.);
#1327=FACE_BOUND('',#2819,.T.);
#1328=FACE_BOUND('',#2820,.T.);
#1329=PLANE('',#2821);
#1330=FACE_OUTER_BOUND('',#2822,.T.);
#1331=CYLINDRICAL_SURFACE('',#2823,0.5);
#1332=FACE_OUTER_BOUND('',#2824,.T.);
#1333=CYLINDRICAL_SURFACE('',#2825,0.5);
#1334=FACE_OUTER_BOUND('',#2826,.T.);
#1335=PLANE('',#2827);
#1336=FACE_OUTER_BOUND('',#2828,.T.);
#1337=PLANE('',#2829);
#1338=FACE_OUTER_BOUND('',#2830,.T.);
#1339=PLANE('',#2831);
#1340=FACE_OUTER_BOUND('',#2832,.T.);
#1341=PLANE('',#2833);
#1342=FACE_OUTER_BOUND('',#2834,.T.);
#1343=FACE_BOUND('',#2835,.T.);
#1344=FACE_BOUND('',#2836,.T.);
#1345=FACE_BOUND('',#2837,.T.);
#1346=FACE_BOUND('',#2838,.T.);
#1347=FACE_BOUND('',#2839,.T.);
#1348=FACE_BOUND('',#2840,.T.);
#1349=FACE_BOUND('',#2841,.T.);
#1350=FACE_BOUND('',#2842,.T.);
#1351=FACE_BOUND('',#2843,.T.);
#1352=FACE_BOUND('',#2844,.T.);
#1353=FACE_BOUND('',#2845,.T.);
#1354=FACE_BOUND('',#2846,.T.);
#1355=FACE_BOUND('',#2847,.T.);
#1356=FACE_BOUND('',#2848,.T.);
#1357=FACE_BOUND('',#2849,.T.);
#1358=FACE_BOUND('',#2850,.T.);
#1359=FACE_BOUND('',#2851,.T.);
#1360=FACE_BOUND('',#2852,.T.);
#1361=FACE_BOUND('',#2853,.T.);
#1362=FACE_BOUND('',#2854,.T.);
#1363=FACE_BOUND('',#2855,.T.);
#1364=FACE_BOUND('',#2856,.T.);
#1365=FACE_BOUND('',#2857,.T.);
#1366=FACE_BOUND('',#2858,.T.);
#1367=FACE_BOUND('',#2859,.T.);
#1368=FACE_BOUND('',#2860,.T.);
#1369=FACE_BOUND('',#2861,.T.);
#1370=FACE_BOUND('',#2862,.T.);
#1371=FACE_BOUND('',#2863,.T.);
#1372=PLANE('',#2864);
#1373=FACE_OUTER_BOUND('',#2865,.T.);
#1374=PLANE('',#2866);
#1375=FACE_OUTER_BOUND('',#2867,.T.);
#1376=PLANE('',#2868);
#1377=FACE_OUTER_BOUND('',#2869,.T.);
#1378=PLANE('',#2870);
#1379=FACE_OUTER_BOUND('',#2871,.T.);
#1380=PLANE('',#2872);
#1381=FACE_OUTER_BOUND('',#2873,.T.);
#1382=PLANE('',#2874);
#1383=FACE_OUTER_BOUND('',#2875,.T.);
#1384=PLANE('',#2876);
#1385=FACE_OUTER_BOUND('',#2877,.T.);
#1386=PLANE('',#2878);
#1387=FACE_OUTER_BOUND('',#2879,.T.);
#1388=PLANE('',#2880);
#1389=FACE_OUTER_BOUND('',#2881,.T.);
#1390=PLANE('',#2882);
#1391=FACE_OUTER_BOUND('',#2883,.T.);
#1392=PLANE('',#2884);
#1393=FACE_OUTER_BOUND('',#2885,.T.);
#1394=CYLINDRICAL_SURFACE('',#2886,1.1);
#1395=FACE_OUTER_BOUND('',#2887,.T.);
#1396=PLANE('',#2888);
#1397=FACE_OUTER_BOUND('',#2889,.T.);
#1398=PLANE('',#2890);
#1399=FACE_OUTER_BOUND('',#2891,.T.);
#1400=FACE_BOUND('',#2892,.T.);
#1401=PLANE('',#2893);
#1402=FACE_OUTER_BOUND('',#2894,.T.);
#1403=CYLINDRICAL_SURFACE('',#2895,0.508);
#1404=FACE_OUTER_BOUND('',#2896,.T.);
#1405=TOROIDAL_SURFACE('',#2897,0.00800000000000267,0.5);
#1406=FACE_OUTER_BOUND('',#2898,.T.);
#1407=PLANE('',#2899);
#1408=FACE_OUTER_BOUND('',#2900,.T.);
#1409=PLANE('',#2901);
#1410=FACE_OUTER_BOUND('',#2902,.T.);
#1411=PLANE('',#2903);
#1412=FACE_OUTER_BOUND('',#2904,.T.);
#1413=PLANE('',#2905);
#1414=FACE_OUTER_BOUND('',#2906,.T.);
#1415=PLANE('',#2907);
#1416=FACE_OUTER_BOUND('',#2908,.T.);
#1417=PLANE('',#2909);
#1418=FACE_OUTER_BOUND('',#2910,.T.);
#1419=PLANE('',#2911);
#1420=FACE_OUTER_BOUND('',#2912,.T.);
#1421=PLANE('',#2913);
#1422=FACE_OUTER_BOUND('',#2914,.T.);
#1423=PLANE('',#2915);
#1424=FACE_OUTER_BOUND('',#2916,.T.);
#1425=PLANE('',#2917);
#1426=FACE_OUTER_BOUND('',#2918,.T.);
#1427=PLANE('',#2919);
#1428=FACE_OUTER_BOUND('',#2920,.T.);
#1429=PLANE('',#2921);
#1430=FACE_OUTER_BOUND('',#2922,.T.);
#1431=PLANE('',#2923);
#1432=FACE_OUTER_BOUND('',#2924,.T.);
#1433=PLANE('',#2925);
#1434=FACE_OUTER_BOUND('',#2926,.T.);
#1435=PLANE('',#2927);
#1436=FACE_OUTER_BOUND('',#2928,.T.);
#1437=PLANE('',#2929);
#1438=FACE_OUTER_BOUND('',#2930,.T.);
#1439=PLANE('',#2931);
#1440=FACE_OUTER_BOUND('',#2932,.T.);
#1441=PLANE('',#2933);
#1442=FACE_OUTER_BOUND('',#2934,.T.);
#1443=PLANE('',#2935);
#1444=FACE_OUTER_BOUND('',#2936,.T.);
#1445=PLANE('',#2937);
#1446=FACE_OUTER_BOUND('',#2938,.T.);
#1447=PLANE('',#2939);
#1448=FACE_OUTER_BOUND('',#2940,.T.);
#1449=PLANE('',#2941);
#1450=FACE_OUTER_BOUND('',#2942,.T.);
#1451=PLANE('',#2943);
#1452=FACE_OUTER_BOUND('',#2944,.T.);
#1453=PLANE('',#2945);
#1454=FACE_OUTER_BOUND('',#2946,.T.);
#1455=PLANE('',#2947);
#1456=FACE_OUTER_BOUND('',#2948,.T.);
#1457=PLANE('',#2949);
#1458=FACE_OUTER_BOUND('',#2950,.T.);
#1459=PLANE('',#2951);
#1460=FACE_OUTER_BOUND('',#2952,.T.);
#1461=CYLINDRICAL_SURFACE('',#2953,0.8);
#1462=FACE_OUTER_BOUND('',#2954,.T.);
#1463=CYLINDRICAL_SURFACE('',#2955,0.8);
#1464=FACE_OUTER_BOUND('',#2956,.T.);
#1465=PLANE('',#2957);
#1466=FACE_OUTER_BOUND('',#2958,.T.);
#1467=PLANE('',#2959);
#1468=FACE_OUTER_BOUND('',#2960,.T.);
#1469=PLANE('',#2961);
#1470=FACE_OUTER_BOUND('',#2962,.T.);
#1471=CYLINDRICAL_SURFACE('',#2963,0.8);
#1472=FACE_OUTER_BOUND('',#2964,.T.);
#1473=PLANE('',#2965);
#1474=FACE_OUTER_BOUND('',#2966,.T.);
#1475=CYLINDRICAL_SURFACE('',#2967,0.8);
#1476=FACE_OUTER_BOUND('',#2968,.T.);
#1477=PLANE('',#2969);
#1478=FACE_OUTER_BOUND('',#2970,.T.);
#1479=PLANE('',#2971);
#1480=FACE_OUTER_BOUND('',#2972,.T.);
#1481=CYLINDRICAL_SURFACE('',#2973,0.8);
#1482=FACE_OUTER_BOUND('',#2974,.T.);
#1483=PLANE('',#2975);
#1484=FACE_OUTER_BOUND('',#2976,.T.);
#1485=CYLINDRICAL_SURFACE('',#2977,0.8);
#1486=FACE_OUTER_BOUND('',#2978,.T.);
#1487=PLANE('',#2979);
#1488=FACE_OUTER_BOUND('',#2980,.T.);
#1489=CYLINDRICAL_SURFACE('',#2981,0.8);
#1490=FACE_OUTER_BOUND('',#2982,.T.);
#1491=CYLINDRICAL_SURFACE('',#2983,0.8);
#1492=FACE_OUTER_BOUND('',#2984,.T.);
#1493=PLANE('',#2985);
#1494=FACE_OUTER_BOUND('',#2986,.T.);
#1495=PLANE('',#2987);
#1496=FACE_OUTER_BOUND('',#2988,.T.);
#1497=PLANE('',#2989);
#1498=FACE_OUTER_BOUND('',#2990,.T.);
#1499=CYLINDRICAL_SURFACE('',#2991,0.0499999999999998);
#1500=FACE_OUTER_BOUND('',#2992,.T.);
#1501=PLANE('',#2993);
#1502=FACE_OUTER_BOUND('',#2994,.T.);
#1503=CYLINDRICAL_SURFACE('',#2995,0.0499999999999998);
#1504=FACE_OUTER_BOUND('',#2996,.T.);
#1505=PLANE('',#2997);
#1506=FACE_OUTER_BOUND('',#2998,.T.);
#1507=PLANE('',#2999);
#1508=FACE_OUTER_BOUND('',#3000,.T.);
#1509=PLANE('',#3001);
#1510=FACE_OUTER_BOUND('',#3002,.T.);
#1511=PLANE('',#3003);
#1512=FACE_OUTER_BOUND('',#3004,.T.);
#1513=PLANE('',#3005);
#1514=FACE_OUTER_BOUND('',#3006,.T.);
#1515=CYLINDRICAL_SURFACE('',#3007,0.0499999999999998);
#1516=FACE_OUTER_BOUND('',#3008,.T.);
#1517=PLANE('',#3009);
#1518=FACE_OUTER_BOUND('',#3010,.T.);
#1519=CYLINDRICAL_SURFACE('',#3011,0.0500000000000007);
#1520=FACE_OUTER_BOUND('',#3012,.T.);
#1521=PLANE('',#3013);
#1522=FACE_OUTER_BOUND('',#3014,.T.);
#1523=PLANE('',#3015);
#1524=FACE_OUTER_BOUND('',#3016,.T.);
#1525=PLANE('',#3017);
#1526=FACE_OUTER_BOUND('',#3018,.T.);
#1527=PLANE('',#3019);
#1528=FACE_OUTER_BOUND('',#3020,.T.);
#1529=PLANE('',#3021);
#1530=FACE_OUTER_BOUND('',#3022,.T.);
#1531=PLANE('',#3023);
#1532=FACE_OUTER_BOUND('',#3024,.T.);
#1533=PLANE('',#3025);
#1534=FACE_OUTER_BOUND('',#3026,.T.);
#1535=PLANE('',#3027);
#1536=FACE_OUTER_BOUND('',#3028,.T.);
#1537=PLANE('',#3029);
#1538=FACE_OUTER_BOUND('',#3030,.T.);
#1539=PLANE('',#3031);
#1540=FACE_OUTER_BOUND('',#3032,.T.);
#1541=PLANE('',#3033);
#1542=FACE_OUTER_BOUND('',#3034,.T.);
#1543=PLANE('',#3035);
#1544=FACE_OUTER_BOUND('',#3036,.T.);
#1545=PLANE('',#3037);
#1546=FACE_OUTER_BOUND('',#3038,.T.);
#1547=PLANE('',#3039);
#1548=FACE_OUTER_BOUND('',#3040,.T.);
#1549=PLANE('',#3041);
#1550=FACE_OUTER_BOUND('',#3042,.T.);
#1551=PLANE('',#3043);
#1552=FACE_OUTER_BOUND('',#3044,.T.);
#1553=PLANE('',#3045);
#1554=FACE_OUTER_BOUND('',#3046,.T.);
#1555=PLANE('',#3047);
#1556=FACE_OUTER_BOUND('',#3048,.T.);
#1557=PLANE('',#3049);
#1558=FACE_OUTER_BOUND('',#3050,.T.);
#1559=PLANE('',#3051);
#1560=FACE_OUTER_BOUND('',#3052,.T.);
#1561=PLANE('',#3053);
#1562=FACE_OUTER_BOUND('',#3054,.T.);
#1563=PLANE('',#3055);
#1564=FACE_OUTER_BOUND('',#3056,.T.);
#1565=PLANE('',#3057);
#1566=FACE_OUTER_BOUND('',#3058,.T.);
#1567=PLANE('',#3059);
#1568=FACE_OUTER_BOUND('',#3060,.T.);
#1569=PLANE('',#3061);
#1570=FACE_OUTER_BOUND('',#3062,.T.);
#1571=PLANE('',#3063);
#1572=FACE_OUTER_BOUND('',#3064,.T.);
#1573=PLANE('',#3065);
#1574=FACE_OUTER_BOUND('',#3066,.T.);
#1575=PLANE('',#3067);
#1576=FACE_OUTER_BOUND('',#3068,.T.);
#1577=PLANE('',#3069);
#1578=FACE_OUTER_BOUND('',#3070,.T.);
#1579=PLANE('',#3071);
#1580=FACE_OUTER_BOUND('',#3072,.T.);
#1581=PLANE('',#3073);
#1582=FACE_OUTER_BOUND('',#3074,.T.);
#1583=PLANE('',#3075);
#1584=FACE_OUTER_BOUND('',#3076,.T.);
#1585=PLANE('',#3077);
#1586=FACE_OUTER_BOUND('',#3078,.T.);
#1587=PLANE('',#3079);
#1588=FACE_OUTER_BOUND('',#3080,.T.);
#1589=PLANE('',#3081);
#1590=FACE_OUTER_BOUND('',#3082,.T.);
#1591=PLANE('',#3083);
#1592=FACE_OUTER_BOUND('',#3084,.T.);
#1593=PLANE('',#3085);
#1594=FACE_OUTER_BOUND('',#3086,.T.);
#1595=PLANE('',#3087);
#1596=FACE_OUTER_BOUND('',#3088,.T.);
#1597=PLANE('',#3089);
#1598=FACE_OUTER_BOUND('',#3090,.T.);
#1599=PLANE('',#3091);
#1600=FACE_OUTER_BOUND('',#3092,.T.);
#1601=PLANE('',#3093);
#1602=FACE_OUTER_BOUND('',#3094,.T.);
#1603=PLANE('',#3095);
#1604=FACE_OUTER_BOUND('',#3096,.T.);
#1605=PLANE('',#3097);
#1606=FACE_OUTER_BOUND('',#3098,.T.);
#1607=PLANE('',#3099);
#1608=FACE_OUTER_BOUND('',#3100,.T.);
#1609=PLANE('',#3101);
#1610=FACE_OUTER_BOUND('',#3102,.T.);
#1611=PLANE('',#3103);
#1612=FACE_OUTER_BOUND('',#3104,.T.);
#1613=PLANE('',#3105);
#1614=FACE_OUTER_BOUND('',#3106,.T.);
#1615=PLANE('',#3107);
#1616=FACE_OUTER_BOUND('',#3108,.T.);
#1617=PLANE('',#3109);
#1618=FACE_OUTER_BOUND('',#3110,.T.);
#1619=PLANE('',#3111);
#1620=FACE_OUTER_BOUND('',#3112,.T.);
#1621=PLANE('',#3113);
#1622=FACE_OUTER_BOUND('',#3114,.T.);
#1623=PLANE('',#3115);
#1624=FACE_OUTER_BOUND('',#3116,.T.);
#1625=PLANE('',#3117);
#1626=FACE_OUTER_BOUND('',#3118,.T.);
#1627=PLANE('',#3119);
#1628=FACE_OUTER_BOUND('',#3120,.T.);
#1629=PLANE('',#3121);
#1630=FACE_OUTER_BOUND('',#3122,.T.);
#1631=CYLINDRICAL_SURFACE('',#3123,1.1);
#1632=FACE_OUTER_BOUND('',#3124,.T.);
#1633=PLANE('',#3125);
#1634=FACE_OUTER_BOUND('',#3126,.T.);
#1635=PLANE('',#3127);
#1636=FACE_OUTER_BOUND('',#3128,.T.);
#1637=FACE_BOUND('',#3129,.T.);
#1638=PLANE('',#3130);
#1639=FACE_OUTER_BOUND('',#3131,.T.);
#1640=CYLINDRICAL_SURFACE('',#3132,0.508);
#1641=FACE_OUTER_BOUND('',#3133,.T.);
#1642=TOROIDAL_SURFACE('',#3134,0.00800000000000267,0.5);
#1643=FACE_OUTER_BOUND('',#3135,.T.);
#1644=PLANE('',#3136);
#1645=FACE_OUTER_BOUND('',#3137,.T.);
#1646=PLANE('',#3138);
#1647=FACE_OUTER_BOUND('',#3139,.T.);
#1648=PLANE('',#3140);
#1649=FACE_OUTER_BOUND('',#3141,.T.);
#1650=CYLINDRICAL_SURFACE('',#3142,1.1);
#1651=FACE_OUTER_BOUND('',#3143,.T.);
#1652=PLANE('',#3144);
#1653=FACE_OUTER_BOUND('',#3145,.T.);
#1654=PLANE('',#3146);
#1655=FACE_OUTER_BOUND('',#3147,.T.);
#1656=FACE_BOUND('',#3148,.T.);
#1657=PLANE('',#3149);
#1658=FACE_OUTER_BOUND('',#3150,.T.);
#1659=CYLINDRICAL_SURFACE('',#3151,0.508);
#1660=FACE_OUTER_BOUND('',#3152,.T.);
#1661=TOROIDAL_SURFACE('',#3153,0.00800000000000267,0.5);
#1662=FACE_OUTER_BOUND('',#3154,.T.);
#1663=PLANE('',#3155);
#1664=FACE_OUTER_BOUND('',#3156,.T.);
#1665=PLANE('',#3157);
#1666=FACE_OUTER_BOUND('',#3158,.T.);
#1667=PLANE('',#3159);
#1668=FACE_OUTER_BOUND('',#3160,.T.);
#1669=CYLINDRICAL_SURFACE('',#3161,0.87);
#1670=FACE_OUTER_BOUND('',#3162,.T.);
#1671=PLANE('',#3163);
#1672=FACE_OUTER_BOUND('',#3164,.T.);
#1673=CYLINDRICAL_SURFACE('',#3165,0.5);
#1674=FACE_OUTER_BOUND('',#3166,.T.);
#1675=PLANE('',#3167);
#1676=FACE_OUTER_BOUND('',#3168,.T.);
#1677=PLANE('',#3169);
#1678=FACE_OUTER_BOUND('',#3170,.T.);
#1679=PLANE('',#3171);
#1680=FACE_OUTER_BOUND('',#3172,.T.);
#1681=CYLINDRICAL_SURFACE('',#3173,0.87);
#1682=FACE_OUTER_BOUND('',#3174,.T.);
#1683=CYLINDRICAL_SURFACE('',#3175,0.5);
#1684=FACE_OUTER_BOUND('',#3176,.T.);
#1685=PLANE('',#3177);
#1686=FACE_OUTER_BOUND('',#3178,.T.);
#1687=CYLINDRICAL_SURFACE('',#3179,4.15);
#1688=FACE_OUTER_BOUND('',#3180,.T.);
#1689=PLANE('',#3181);
#1690=FACE_OUTER_BOUND('',#3182,.T.);
#1691=PLANE('',#3183);
#1692=FACE_OUTER_BOUND('',#3184,.T.);
#1693=PLANE('',#3185);
#1694=FACE_OUTER_BOUND('',#3186,.T.);
#1695=PLANE('',#3187);
#1696=FACE_OUTER_BOUND('',#3188,.T.);
#1697=PLANE('',#3189);
#1698=FACE_OUTER_BOUND('',#3190,.T.);
#1699=PLANE('',#3191);
#1700=FACE_OUTER_BOUND('',#3192,.T.);
#1701=CYLINDRICAL_SURFACE('',#3193,0.5);
#1702=FACE_OUTER_BOUND('',#3194,.T.);
#1703=PLANE('',#3195);
#1704=FACE_OUTER_BOUND('',#3196,.T.);
#1705=CYLINDRICAL_SURFACE('',#3197,0.5);
#1706=FACE_OUTER_BOUND('',#3198,.T.);
#1707=PLANE('',#3199);
#1708=FACE_OUTER_BOUND('',#3200,.T.);
#1709=PLANE('',#3201);
#1710=FACE_OUTER_BOUND('',#3202,.T.);
#1711=PLANE('',#3203);
#1712=FACE_OUTER_BOUND('',#3204,.T.);
#1713=PLANE('',#3205);
#1714=FACE_OUTER_BOUND('',#3206,.T.);
#1715=PLANE('',#3207);
#1716=FACE_OUTER_BOUND('',#3208,.T.);
#1717=PLANE('',#3209);
#1718=FACE_OUTER_BOUND('',#3210,.T.);
#1719=PLANE('',#3211);
#1720=FACE_OUTER_BOUND('',#3212,.T.);
#1721=PLANE('',#3213);
#1722=FACE_OUTER_BOUND('',#3214,.T.);
#1723=PLANE('',#3215);
#1724=FACE_OUTER_BOUND('',#3216,.T.);
#1725=PLANE('',#3217);
#1726=FACE_OUTER_BOUND('',#3218,.T.);
#1727=PLANE('',#3219);
#1728=FACE_OUTER_BOUND('',#3220,.T.);
#1729=PLANE('',#3221);
#1730=FACE_OUTER_BOUND('',#3222,.T.);
#1731=PLANE('',#3223);
#1732=FACE_OUTER_BOUND('',#3224,.T.);
#1733=PLANE('',#3225);
#1734=FACE_OUTER_BOUND('',#3226,.T.);
#1735=PLANE('',#3227);
#1736=FACE_OUTER_BOUND('',#3228,.T.);
#1737=PLANE('',#3229);
#1738=FACE_OUTER_BOUND('',#3230,.T.);
#1739=PLANE('',#3231);
#1740=FACE_OUTER_BOUND('',#3232,.T.);
#1741=PLANE('',#3233);
#1742=FACE_OUTER_BOUND('',#3234,.T.);
#1743=PLANE('',#3235);
#1744=FACE_OUTER_BOUND('',#3236,.T.);
#1745=PLANE('',#3237);
#1746=FACE_OUTER_BOUND('',#3238,.T.);
#1747=PLANE('',#3239);
#1748=FACE_OUTER_BOUND('',#3240,.T.);
#1749=PLANE('',#3241);
#1750=FACE_OUTER_BOUND('',#3242,.T.);
#1751=PLANE('',#3243);
#1752=FACE_OUTER_BOUND('',#3244,.T.);
#1753=PLANE('',#3245);
#1754=FACE_OUTER_BOUND('',#3246,.T.);
#1755=PLANE('',#3247);
#1756=FACE_OUTER_BOUND('',#3248,.T.);
#1757=PLANE('',#3249);
#1758=FACE_OUTER_BOUND('',#3250,.T.);
#1759=PLANE('',#3251);
#1760=FACE_OUTER_BOUND('',#3252,.T.);
#1761=PLANE('',#3253);
#1762=FACE_OUTER_BOUND('',#3254,.T.);
#1763=PLANE('',#3255);
#1764=FACE_OUTER_BOUND('',#3256,.T.);
#1765=PLANE('',#3257);
#1766=FACE_OUTER_BOUND('',#3258,.T.);
#1767=PLANE('',#3259);
#1768=FACE_OUTER_BOUND('',#3260,.T.);
#1769=PLANE('',#3261);
#1770=FACE_OUTER_BOUND('',#3262,.T.);
#1771=PLANE('',#3263);
#1772=FACE_OUTER_BOUND('',#3264,.T.);
#1773=PLANE('',#3265);
#1774=FACE_OUTER_BOUND('',#3266,.T.);
#1775=PLANE('',#3267);
#1776=FACE_OUTER_BOUND('',#3268,.T.);
#1777=PLANE('',#3269);
#1778=FACE_OUTER_BOUND('',#3270,.T.);
#1779=PLANE('',#3271);
#1780=FACE_OUTER_BOUND('',#3272,.T.);
#1781=PLANE('',#3273);
#1782=FACE_OUTER_BOUND('',#3274,.T.);
#1783=PLANE('',#3275);
#1784=FACE_OUTER_BOUND('',#3276,.T.);
#1785=PLANE('',#3277);
#1786=FACE_OUTER_BOUND('',#3278,.T.);
#1787=PLANE('',#3279);
#1788=FACE_OUTER_BOUND('',#3280,.T.);
#1789=PLANE('',#3281);
#1790=FACE_OUTER_BOUND('',#3282,.T.);
#1791=PLANE('',#3283);
#1792=FACE_OUTER_BOUND('',#3284,.T.);
#1793=PLANE('',#3285);
#1794=FACE_OUTER_BOUND('',#3286,.T.);
#1795=PLANE('',#3287);
#1796=FACE_OUTER_BOUND('',#3288,.T.);
#1797=PLANE('',#3289);
#1798=FACE_OUTER_BOUND('',#3290,.T.);
#1799=PLANE('',#3291);
#1800=FACE_OUTER_BOUND('',#3292,.T.);
#1801=PLANE('',#3293);
#1802=FACE_OUTER_BOUND('',#3294,.T.);
#1803=PLANE('',#3295);
#1804=FACE_OUTER_BOUND('',#3296,.T.);
#1805=PLANE('',#3297);
#1806=FACE_OUTER_BOUND('',#3298,.T.);
#1807=PLANE('',#3299);
#1808=FACE_OUTER_BOUND('',#3300,.T.);
#1809=PLANE('',#3301);
#1810=FACE_OUTER_BOUND('',#3302,.T.);
#1811=PLANE('',#3303);
#1812=FACE_OUTER_BOUND('',#3304,.T.);
#1813=PLANE('',#3305);
#1814=FACE_OUTER_BOUND('',#3306,.T.);
#1815=PLANE('',#3307);
#1816=FACE_OUTER_BOUND('',#3308,.T.);
#1817=PLANE('',#3309);
#1818=FACE_OUTER_BOUND('',#3310,.T.);
#1819=PLANE('',#3311);
#1820=FACE_OUTER_BOUND('',#3312,.T.);
#1821=PLANE('',#3313);
#1822=FACE_OUTER_BOUND('',#3314,.T.);
#1823=PLANE('',#3315);
#1824=FACE_OUTER_BOUND('',#3316,.T.);
#1825=PLANE('',#3317);
#1826=FACE_OUTER_BOUND('',#3318,.T.);
#1827=PLANE('',#3319);
#1828=FACE_OUTER_BOUND('',#3320,.T.);
#1829=PLANE('',#3321);
#1830=FACE_OUTER_BOUND('',#3322,.T.);
#1831=PLANE('',#3323);
#1832=FACE_OUTER_BOUND('',#3324,.T.);
#1833=PLANE('',#3325);
#1834=FACE_OUTER_BOUND('',#3326,.T.);
#1835=PLANE('',#3327);
#1836=FACE_OUTER_BOUND('',#3328,.T.);
#1837=PLANE('',#3329);
#1838=FACE_OUTER_BOUND('',#3330,.T.);
#1839=PLANE('',#3331);
#1840=FACE_OUTER_BOUND('',#3332,.T.);
#1841=PLANE('',#3333);
#1842=FACE_OUTER_BOUND('',#3334,.T.);
#1843=PLANE('',#3335);
#1844=FACE_OUTER_BOUND('',#3336,.T.);
#1845=PLANE('',#3337);
#1846=FACE_OUTER_BOUND('',#3338,.T.);
#1847=PLANE('',#3339);
#1848=FACE_OUTER_BOUND('',#3340,.T.);
#1849=PLANE('',#3341);
#1850=FACE_OUTER_BOUND('',#3342,.T.);
#1851=PLANE('',#3343);
#1852=FACE_OUTER_BOUND('',#3344,.T.);
#1853=PLANE('',#3345);
#1854=FACE_OUTER_BOUND('',#3346,.T.);
#1855=PLANE('',#3347);
#1856=FACE_OUTER_BOUND('',#3348,.T.);
#1857=PLANE('',#3349);
#1858=FACE_OUTER_BOUND('',#3350,.T.);
#1859=PLANE('',#3351);
#1860=FACE_OUTER_BOUND('',#3352,.T.);
#1861=PLANE('',#3353);
#1862=FACE_OUTER_BOUND('',#3354,.T.);
#1863=PLANE('',#3355);
#1864=FACE_OUTER_BOUND('',#3356,.T.);
#1865=PLANE('',#3357);
#1866=FACE_OUTER_BOUND('',#3358,.T.);
#1867=PLANE('',#3359);
#1868=FACE_OUTER_BOUND('',#3360,.T.);
#1869=PLANE('',#3361);
#1870=FACE_OUTER_BOUND('',#3362,.T.);
#1871=PLANE('',#3363);
#1872=FACE_OUTER_BOUND('',#3364,.T.);
#1873=PLANE('',#3365);
#1874=FACE_OUTER_BOUND('',#3366,.T.);
#1875=PLANE('',#3367);
#1876=FACE_OUTER_BOUND('',#3368,.T.);
#1877=PLANE('',#3369);
#1878=FACE_OUTER_BOUND('',#3370,.T.);
#1879=PLANE('',#3371);
#1880=FACE_OUTER_BOUND('',#3372,.T.);
#1881=PLANE('',#3373);
#1882=FACE_OUTER_BOUND('',#3374,.T.);
#1883=PLANE('',#3375);
#1884=FACE_OUTER_BOUND('',#3376,.T.);
#1885=PLANE('',#3377);
#1886=FACE_OUTER_BOUND('',#3378,.T.);
#1887=PLANE('',#3379);
#1888=FACE_OUTER_BOUND('',#3380,.T.);
#1889=PLANE('',#3381);
#1890=FACE_OUTER_BOUND('',#3382,.T.);
#1891=PLANE('',#3383);
#1892=FACE_OUTER_BOUND('',#3384,.T.);
#1893=PLANE('',#3385);
#1894=FACE_OUTER_BOUND('',#3386,.T.);
#1895=PLANE('',#3387);
#1896=FACE_OUTER_BOUND('',#3388,.T.);
#1897=PLANE('',#3389);
#1898=FACE_OUTER_BOUND('',#3390,.T.);
#1899=PLANE('',#3391);
#1900=FACE_OUTER_BOUND('',#3392,.T.);
#1901=PLANE('',#3393);
#1902=FACE_OUTER_BOUND('',#3394,.T.);
#1903=PLANE('',#3395);
#1904=FACE_OUTER_BOUND('',#3396,.T.);
#1905=PLANE('',#3397);
#1906=FACE_OUTER_BOUND('',#3398,.T.);
#1907=PLANE('',#3399);
#1908=FACE_OUTER_BOUND('',#3400,.T.);
#1909=PLANE('',#3401);
#1910=FACE_OUTER_BOUND('',#3402,.T.);
#1911=CYLINDRICAL_SURFACE('',#3403,1.35);
#1912=FACE_OUTER_BOUND('',#3404,.T.);
#1913=PLANE('',#3405);
#1914=FACE_OUTER_BOUND('',#3406,.T.);
#1915=PLANE('',#3407);
#1916=FACE_OUTER_BOUND('',#3408,.T.);
#1917=FACE_BOUND('',#3409,.T.);
#1918=PLANE('',#3410);
#1919=FACE_OUTER_BOUND('',#3411,.T.);
#1920=CYLINDRICAL_SURFACE('',#3412,0.76);
#1921=FACE_OUTER_BOUND('',#3413,.T.);
#1922=TOROIDAL_SURFACE('',#3414,0.00999999999999091,0.75);
#1923=FACE_OUTER_BOUND('',#3415,.T.);
#1924=PLANE('',#3416);
#1925=FACE_OUTER_BOUND('',#3417,.T.);
#1926=PLANE('',#3418);
#1927=FACE_OUTER_BOUND('',#3419,.T.);
#1928=PLANE('',#3420);
#1929=FACE_OUTER_BOUND('',#3421,.T.);
#1930=CYLINDRICAL_SURFACE('',#3422,1.35);
#1931=FACE_OUTER_BOUND('',#3423,.T.);
#1932=PLANE('',#3424);
#1933=FACE_OUTER_BOUND('',#3425,.T.);
#1934=PLANE('',#3426);
#1935=FACE_OUTER_BOUND('',#3427,.T.);
#1936=FACE_BOUND('',#3428,.T.);
#1937=PLANE('',#3429);
#1938=FACE_OUTER_BOUND('',#3430,.T.);
#1939=CYLINDRICAL_SURFACE('',#3431,0.76);
#1940=FACE_OUTER_BOUND('',#3432,.T.);
#1941=TOROIDAL_SURFACE('',#3433,0.00999999999999091,0.75);
#1942=FACE_OUTER_BOUND('',#3434,.T.);
#1943=PLANE('',#3435);
#1944=FACE_OUTER_BOUND('',#3436,.T.);
#1945=PLANE('',#3437);
#1946=FACE_OUTER_BOUND('',#3438,.T.);
#1947=PLANE('',#3439);
#1948=FACE_OUTER_BOUND('',#3440,.T.);
#1949=CYLINDRICAL_SURFACE('',#3441,1.35);
#1950=FACE_OUTER_BOUND('',#3442,.T.);
#1951=PLANE('',#3443);
#1952=FACE_OUTER_BOUND('',#3444,.T.);
#1953=PLANE('',#3445);
#1954=FACE_OUTER_BOUND('',#3446,.T.);
#1955=FACE_BOUND('',#3447,.T.);
#1956=PLANE('',#3448);
#1957=FACE_OUTER_BOUND('',#3449,.T.);
#1958=CYLINDRICAL_SURFACE('',#3450,0.76);
#1959=FACE_OUTER_BOUND('',#3451,.T.);
#1960=TOROIDAL_SURFACE('',#3452,0.00999999999999091,0.75);
#1961=FACE_OUTER_BOUND('',#3453,.T.);
#1962=PLANE('',#3454);
#1963=FACE_OUTER_BOUND('',#3455,.T.);
#1964=PLANE('',#3456);
#1965=FACE_OUTER_BOUND('',#3457,.T.);
#1966=PLANE('',#3458);
#1967=FACE_OUTER_BOUND('',#3459,.T.);
#1968=CYLINDRICAL_SURFACE('',#3460,1.35);
#1969=FACE_OUTER_BOUND('',#3461,.T.);
#1970=PLANE('',#3462);
#1971=FACE_OUTER_BOUND('',#3463,.T.);
#1972=PLANE('',#3464);
#1973=FACE_OUTER_BOUND('',#3465,.T.);
#1974=FACE_BOUND('',#3466,.T.);
#1975=PLANE('',#3467);
#1976=FACE_OUTER_BOUND('',#3468,.T.);
#1977=CYLINDRICAL_SURFACE('',#3469,0.76);
#1978=FACE_OUTER_BOUND('',#3470,.T.);
#1979=TOROIDAL_SURFACE('',#3471,0.00999999999999091,0.75);
#1980=FACE_OUTER_BOUND('',#3472,.T.);
#1981=PLANE('',#3473);
#1982=FACE_OUTER_BOUND('',#3474,.T.);
#1983=PLANE('',#3475);
#1984=FACE_OUTER_BOUND('',#3476,.T.);
#1985=PLANE('',#3477);
#1986=FACE_OUTER_BOUND('',#3478,.T.);
#1987=PLANE('',#3479);
#1988=FACE_OUTER_BOUND('',#3480,.T.);
#1989=PLANE('',#3481);
#1990=FACE_OUTER_BOUND('',#3482,.T.);
#1991=PLANE('',#3483);
#1992=FACE_OUTER_BOUND('',#3484,.T.);
#1993=PLANE('',#3485);
#1994=FACE_OUTER_BOUND('',#3486,.T.);
#1995=PLANE('',#3487);
#1996=FACE_OUTER_BOUND('',#3488,.T.);
#1997=PLANE('',#3489);
#1998=FACE_OUTER_BOUND('',#3490,.T.);
#1999=PLANE('',#3491);
#2000=FACE_OUTER_BOUND('',#3492,.T.);
#2001=PLANE('',#3493);
#2002=FACE_OUTER_BOUND('',#3494,.T.);
#2003=CYLINDRICAL_SURFACE('',#3495,0.3);
#2004=FACE_OUTER_BOUND('',#3496,.T.);
#2005=FACE_BOUND('',#3497,.T.);
#2006=FACE_BOUND('',#3498,.T.);
#2007=FACE_BOUND('',#3499,.T.);
#2008=FACE_BOUND('',#3500,.T.);
#2009=FACE_BOUND('',#3501,.T.);
#2010=FACE_BOUND('',#3502,.T.);
#2011=FACE_BOUND('',#3503,.T.);
#2012=FACE_BOUND('',#3504,.T.);
#2013=PLANE('',#3505);
#2014=FACE_OUTER_BOUND('',#3506,.T.);
#2015=PLANE('',#3507);
#2016=FACE_OUTER_BOUND('',#3508,.T.);
#2017=CYLINDRICAL_SURFACE('',#3509,0.8);
#2018=FACE_OUTER_BOUND('',#3510,.T.);
#2019=CYLINDRICAL_SURFACE('',#3511,0.8);
#2020=FACE_OUTER_BOUND('',#3512,.T.);
#2021=CYLINDRICAL_SURFACE('',#3513,0.8);
#2022=FACE_OUTER_BOUND('',#3514,.T.);
#2023=PLANE('',#3515);
#2024=FACE_OUTER_BOUND('',#3516,.T.);
#2025=PLANE('',#3517);
#2026=FACE_OUTER_BOUND('',#3518,.T.);
#2027=PLANE('',#3519);
#2028=FACE_OUTER_BOUND('',#3520,.T.);
#2029=PLANE('',#3521);
#2030=FACE_OUTER_BOUND('',#3522,.T.);
#2031=PLANE('',#3523);
#2032=FACE_OUTER_BOUND('',#3524,.T.);
#2033=PLANE('',#3525);
#2034=FACE_OUTER_BOUND('',#3526,.T.);
#2035=PLANE('',#3527);
#2036=FACE_OUTER_BOUND('',#3528,.T.);
#2037=PLANE('',#3529);
#2038=FACE_OUTER_BOUND('',#3530,.T.);
#2039=PLANE('',#3531);
#2040=FACE_OUTER_BOUND('',#3532,.T.);
#2041=PLANE('',#3533);
#2042=FACE_OUTER_BOUND('',#3534,.T.);
#2043=PLANE('',#3535);
#2044=FACE_OUTER_BOUND('',#3536,.T.);
#2045=PLANE('',#3537);
#2046=FACE_OUTER_BOUND('',#3538,.T.);
#2047=PLANE('',#3539);
#2048=FACE_OUTER_BOUND('',#3540,.T.);
#2049=PLANE('',#3541);
#2050=FACE_OUTER_BOUND('',#3542,.T.);
#2051=PLANE('',#3543);
#2052=FACE_OUTER_BOUND('',#3544,.T.);
#2053=PLANE('',#3545);
#2054=FACE_OUTER_BOUND('',#3546,.T.);
#2055=PLANE('',#3547);
#2056=FACE_OUTER_BOUND('',#3548,.T.);
#2057=PLANE('',#3549);
#2058=FACE_OUTER_BOUND('',#3550,.T.);
#2059=PLANE('',#3551);
#2060=FACE_OUTER_BOUND('',#3552,.T.);
#2061=PLANE('',#3553);
#2062=FACE_OUTER_BOUND('',#3554,.T.);
#2063=CYLINDRICAL_SURFACE('',#3555,0.5);
#2064=FACE_OUTER_BOUND('',#3556,.T.);
#2065=PLANE('',#3557);
#2066=FACE_OUTER_BOUND('',#3558,.T.);
#2067=PLANE('',#3559);
#2068=FACE_OUTER_BOUND('',#3560,.T.);
#2069=PLANE('',#3561);
#2070=FACE_OUTER_BOUND('',#3562,.T.);
#2071=PLANE('',#3563);
#2072=FACE_OUTER_BOUND('',#3564,.T.);
#2073=PLANE('',#3565);
#2074=FACE_OUTER_BOUND('',#3566,.T.);
#2075=CYLINDRICAL_SURFACE('',#3567,0.8);
#2076=FACE_OUTER_BOUND('',#3568,.T.);
#2077=PLANE('',#3569);
#2078=FACE_OUTER_BOUND('',#3570,.T.);
#2079=PLANE('',#3571);
#2080=FACE_OUTER_BOUND('',#3572,.T.);
#2081=PLANE('',#3573);
#2082=FACE_OUTER_BOUND('',#3574,.T.);
#2083=CYLINDRICAL_SURFACE('',#3575,0.8);
#2084=FACE_OUTER_BOUND('',#3576,.T.);
#2085=CYLINDRICAL_SURFACE('',#3577,0.3);
#2086=FACE_OUTER_BOUND('',#3578,.T.);
#2087=CYLINDRICAL_SURFACE('',#3579,0.5);
#2088=FACE_OUTER_BOUND('',#3580,.T.);
#2089=CYLINDRICAL_SURFACE('',#3581,0.8);
#2090=FACE_OUTER_BOUND('',#3582,.T.);
#2091=PLANE('',#3583);
#2092=FACE_OUTER_BOUND('',#3584,.T.);
#2093=CYLINDRICAL_SURFACE('',#3585,0.5);
#2094=FACE_OUTER_BOUND('',#3586,.T.);
#2095=PLANE('',#3587);
#2096=FACE_OUTER_BOUND('',#3588,.T.);
#2097=PLANE('',#3589);
#2098=FACE_OUTER_BOUND('',#3590,.T.);
#2099=PLANE('',#3591);
#2100=FACE_OUTER_BOUND('',#3592,.T.);
#2101=PLANE('',#3593);
#2102=FACE_OUTER_BOUND('',#3594,.T.);
#2103=PLANE('',#3595);
#2104=FACE_OUTER_BOUND('',#3596,.T.);
#2105=PLANE('',#3597);
#2106=FACE_OUTER_BOUND('',#3598,.T.);
#2107=PLANE('',#3599);
#2108=FACE_OUTER_BOUND('',#3600,.T.);
#2109=PLANE('',#3601);
#2110=FACE_OUTER_BOUND('',#3602,.T.);
#2111=PLANE('',#3603);
#2112=FACE_OUTER_BOUND('',#3604,.T.);
#2113=PLANE('',#3605);
#2114=FACE_OUTER_BOUND('',#3606,.T.);
#2115=PLANE('',#3607);
#2116=FACE_OUTER_BOUND('',#3608,.T.);
#2117=PLANE('',#3609);
#2118=FACE_OUTER_BOUND('',#3610,.T.);
#2119=PLANE('',#3611);
#2120=FACE_OUTER_BOUND('',#3612,.T.);
#2121=PLANE('',#3613);
#2122=FACE_OUTER_BOUND('',#3614,.T.);
#2123=PLANE('',#3615);
#2124=FACE_OUTER_BOUND('',#3616,.T.);
#2125=PLANE('',#3617);
#2126=FACE_OUTER_BOUND('',#3618,.T.);
#2127=PLANE('',#3619);
#2128=FACE_OUTER_BOUND('',#3620,.T.);
#2129=PLANE('',#3621);
#2130=FACE_OUTER_BOUND('',#3622,.T.);
#2131=PLANE('',#3623);
#2132=FACE_OUTER_BOUND('',#3624,.T.);
#2133=PLANE('',#3625);
#2134=FACE_OUTER_BOUND('',#3626,.T.);
#2135=PLANE('',#3627);
#2136=FACE_OUTER_BOUND('',#3628,.T.);
#2137=PLANE('',#3629);
#2138=FACE_OUTER_BOUND('',#3630,.T.);
#2139=PLANE('',#3631);
#2140=FACE_OUTER_BOUND('',#3632,.T.);
#2141=PLANE('',#3633);
#2142=FACE_OUTER_BOUND('',#3634,.T.);
#2143=PLANE('',#3635);
#2144=FACE_OUTER_BOUND('',#3636,.T.);
#2145=PLANE('',#3637);
#2146=FACE_OUTER_BOUND('',#3638,.T.);
#2147=PLANE('',#3639);
#2148=FACE_OUTER_BOUND('',#3640,.T.);
#2149=PLANE('',#3641);
#2150=FACE_OUTER_BOUND('',#3642,.T.);
#2151=PLANE('',#3643);
#2152=FACE_OUTER_BOUND('',#3644,.T.);
#2153=PLANE('',#3645);
#2154=FACE_OUTER_BOUND('',#3646,.T.);
#2155=PLANE('',#3647);
#2156=FACE_OUTER_BOUND('',#3648,.T.);
#2157=PLANE('',#3649);
#2158=FACE_OUTER_BOUND('',#3650,.T.);
#2159=PLANE('',#3651);
#2160=FACE_OUTER_BOUND('',#3652,.T.);
#2161=PLANE('',#3653);
#2162=FACE_OUTER_BOUND('',#3654,.T.);
#2163=CYLINDRICAL_SURFACE('',#3655,1.35);
#2164=FACE_OUTER_BOUND('',#3656,.T.);
#2165=CYLINDRICAL_SURFACE('',#3657,0.76);
#2166=FACE_OUTER_BOUND('',#3658,.T.);
#2167=CYLINDRICAL_SURFACE('',#3659,1.35);
#2168=FACE_OUTER_BOUND('',#3660,.T.);
#2169=CYLINDRICAL_SURFACE('',#3661,0.76);
#2170=FACE_OUTER_BOUND('',#3662,.T.);
#2171=CYLINDRICAL_SURFACE('',#3663,1.1);
#2172=FACE_OUTER_BOUND('',#3664,.T.);
#2173=CYLINDRICAL_SURFACE('',#3665,0.5);
#2174=FACE_OUTER_BOUND('',#3666,.T.);
#2175=CYLINDRICAL_SURFACE('',#3667,1.1);
#2176=FACE_OUTER_BOUND('',#3668,.T.);
#2177=CYLINDRICAL_SURFACE('',#3669,1.35);
#2178=FACE_OUTER_BOUND('',#3670,.T.);
#2179=CYLINDRICAL_SURFACE('',#3671,0.508);
#2180=FACE_OUTER_BOUND('',#3672,.T.);
#2181=CYLINDRICAL_SURFACE('',#3673,0.508);
#2182=FACE_OUTER_BOUND('',#3674,.T.);
#2183=CYLINDRICAL_SURFACE('',#3675,0.76);
#2184=FACE_OUTER_BOUND('',#3676,.T.);
#2185=CYLINDRICAL_SURFACE('',#3677,0.508);
#2186=FACE_OUTER_BOUND('',#3678,.T.);
#2187=CYLINDRICAL_SURFACE('',#3679,1.35);
#2188=FACE_OUTER_BOUND('',#3680,.T.);
#2189=CYLINDRICAL_SURFACE('',#3681,0.76);
#2190=FACE_OUTER_BOUND('',#3682,.T.);
#2191=CYLINDRICAL_SURFACE('',#3683,1.1);
#2192=FACE_OUTER_BOUND('',#3684,.T.);
#2193=TOROIDAL_SURFACE('',#3685,0.00999999999999091,0.75);
#2194=FACE_OUTER_BOUND('',#3686,.T.);
#2195=TOROIDAL_SURFACE('',#3687,0.00800000000000267,0.5);
#2196=FACE_OUTER_BOUND('',#3688,.T.);
#2197=TOROIDAL_SURFACE('',#3689,0.00999999999999091,0.75);
#2198=FACE_OUTER_BOUND('',#3690,.T.);
#2199=TOROIDAL_SURFACE('',#3691,0.00999999999999091,0.75);
#2200=FACE_OUTER_BOUND('',#3692,.T.);
#2201=TOROIDAL_SURFACE('',#3693,0.00800000000000267,0.5);
#2202=FACE_OUTER_BOUND('',#3694,.T.);
#2203=TOROIDAL_SURFACE('',#3695,0.00800000000000267,0.5);
#2204=FACE_OUTER_BOUND('',#3696,.T.);
#2205=TOROIDAL_SURFACE('',#3697,0.00999999999999091,0.75);
#2206=FACE_OUTER_BOUND('',#3698,.T.);
#2207=PLANE('',#3699);
#2208=FACE_OUTER_BOUND('',#3700,.T.);
#2209=PLANE('',#3701);
#2210=FACE_OUTER_BOUND('',#3702,.T.);
#2211=CYLINDRICAL_SURFACE('',#3703,1.25);
#2212=FACE_OUTER_BOUND('',#3704,.T.);
#2213=CYLINDRICAL_SURFACE('',#3705,1.25);
#2214=FACE_OUTER_BOUND('',#3706,.T.);
#2215=CYLINDRICAL_SURFACE('',#3707,0.2);
#2216=FACE_OUTER_BOUND('',#3708,.T.);
#2217=CYLINDRICAL_SURFACE('',#3709,1.5);
#2218=FACE_OUTER_BOUND('',#3710,.T.);
#2219=CYLINDRICAL_SURFACE('',#3711,0.2);
#2220=FACE_OUTER_BOUND('',#3712,.T.);
#2221=PLANE('',#3713);
#2222=FACE_OUTER_BOUND('',#3714,.T.);
#2223=PLANE('',#3715);
#2224=FACE_OUTER_BOUND('',#3716,.T.);
#2225=CYLINDRICAL_SURFACE('',#3717,0.6);
#2226=FACE_OUTER_BOUND('',#3718,.T.);
#2227=PLANE('',#3719);
#2228=FACE_OUTER_BOUND('',#3720,.T.);
#2229=PLANE('',#3721);
#2230=FACE_OUTER_BOUND('',#3722,.T.);
#2231=PLANE('',#3723);
#2232=FACE_OUTER_BOUND('',#3724,.T.);
#2233=PLANE('',#3725);
#2234=FACE_OUTER_BOUND('',#3726,.T.);
#2235=CYLINDRICAL_SURFACE('',#3727,0.2);
#2236=FACE_OUTER_BOUND('',#3728,.T.);
#2237=PLANE('',#3729);
#2238=FACE_OUTER_BOUND('',#3730,.T.);
#2239=CYLINDRICAL_SURFACE('',#3731,1.25);
#2240=FACE_OUTER_BOUND('',#3732,.T.);
#2241=PLANE('',#3733);
#2242=FACE_OUTER_BOUND('',#3734,.T.);
#2243=CYLINDRICAL_SURFACE('',#3735,0.6);
#2244=FACE_OUTER_BOUND('',#3736,.T.);
#2245=PLANE('',#3737);
#2246=FACE_OUTER_BOUND('',#3738,.T.);
#2247=PLANE('',#3739);
#2248=FACE_OUTER_BOUND('',#3740,.T.);
#2249=PLANE('',#3741);
#2250=FACE_OUTER_BOUND('',#3742,.T.);
#2251=PLANE('',#3743);
#2252=FACE_OUTER_BOUND('',#3744,.T.);
#2253=CYLINDRICAL_SURFACE('',#3745,0.5);
#2254=FACE_OUTER_BOUND('',#3746,.T.);
#2255=FACE_BOUND('',#3747,.T.);
#2256=FACE_BOUND('',#3748,.T.);
#2257=PLANE('',#3749);
#2258=FACE_OUTER_BOUND('',#3750,.T.);
#2259=PLANE('',#3751);
#2260=FACE_OUTER_BOUND('',#3752,.T.);
#2261=CYLINDRICAL_SURFACE('',#3753,0.1);
#2262=FACE_OUTER_BOUND('',#3754,.T.);
#2263=PLANE('',#3755);
#2264=FACE_OUTER_BOUND('',#3756,.T.);
#2265=CYLINDRICAL_SURFACE('',#3757,0.6);
#2266=FACE_OUTER_BOUND('',#3758,.T.);
#2267=CYLINDRICAL_SURFACE('',#3759,4.85);
#2268=FACE_OUTER_BOUND('',#3760,.T.);
#2269=CYLINDRICAL_SURFACE('',#3761,1.5);
#2270=FACE_OUTER_BOUND('',#3762,.T.);
#2271=FACE_BOUND('',#3763,.T.);
#2272=FACE_BOUND('',#3764,.T.);
#2273=PLANE('',#3765);
#2274=FACE_OUTER_BOUND('',#3766,.T.);
#2275=FACE_BOUND('',#3767,.T.);
#2276=FACE_BOUND('',#3768,.T.);
#2277=FACE_BOUND('',#3769,.T.);
#2278=FACE_BOUND('',#3770,.T.);
#2279=PLANE('',#3771);
#2280=FACE_OUTER_BOUND('',#3772,.T.);
#2281=CYLINDRICAL_SURFACE('',#3773,1.25);
#2282=FACE_OUTER_BOUND('',#3774,.T.);
#2283=PLANE('',#3775);
#2284=FACE_OUTER_BOUND('',#3776,.T.);
#2285=PLANE('',#3777);
#2286=FACE_OUTER_BOUND('',#3778,.T.);
#2287=PLANE('',#3779);
#2288=FACE_OUTER_BOUND('',#3780,.T.);
#2289=PLANE('',#3781);
#2290=FACE_OUTER_BOUND('',#3782,.T.);
#2291=PLANE('',#3783);
#2292=FACE_OUTER_BOUND('',#3784,.T.);
#2293=CYLINDRICAL_SURFACE('',#3785,1.25);
#2294=FACE_OUTER_BOUND('',#3786,.T.);
#2295=PLANE('',#3787);
#2296=FACE_OUTER_BOUND('',#3788,.T.);
#2297=CYLINDRICAL_SURFACE('',#3789,1.25);
#2298=FACE_OUTER_BOUND('',#3790,.T.);
#2299=CYLINDRICAL_SURFACE('',#3791,1.25);
#2300=FACE_OUTER_BOUND('',#3792,.T.);
#2301=CYLINDRICAL_SURFACE('',#3793,1.25);
#2302=EDGE_LOOP('',(#3794,#3795,#3796,#3797));
#2303=AXIS2_PLACEMENT_3D('',#3798,#3799,#3800);
#2304=EDGE_LOOP('',(#3801,#3802,#3803,#3804));
#2305=AXIS2_PLACEMENT_3D('',#3805,#3806,#3807);
#2306=EDGE_LOOP('',(#3808,#3809,#3810,#3811));
#2307=AXIS2_PLACEMENT_3D('',#3812,#3813,#3814);
#2308=EDGE_LOOP('',(#3815,#3816,#3817,#3818));
#2309=AXIS2_PLACEMENT_3D('',#3819,#3820,#3821);
#2310=EDGE_LOOP('',(#3822,#3823,#3824,#3825));
#2311=AXIS2_PLACEMENT_3D('',#3826,#3827,#3828);
#2312=EDGE_LOOP('',(#3829,#3830,#3831,#3832));
#2313=AXIS2_PLACEMENT_3D('',#3833,#3834,#3835);
#2314=EDGE_LOOP('',(#3836,#3837,#3838,#3839));
#2315=AXIS2_PLACEMENT_3D('',#3840,#3841,#3842);
#2316=EDGE_LOOP('',(#3843,#3844,#3845,#3846,#3847));
#2317=AXIS2_PLACEMENT_3D('',#3848,#3849,#3850);
#2318=EDGE_LOOP('',(#3851,#3852,#3853,#3854));
#2319=AXIS2_PLACEMENT_3D('',#3855,#3856,#3857);
#2320=EDGE_LOOP('',(#3858,#3859,#3860,#3861));
#2321=AXIS2_PLACEMENT_3D('',#3862,#3863,#3864);
#2322=EDGE_LOOP('',(#3865,#3866,#3867,#3868));
#2323=AXIS2_PLACEMENT_3D('',#3869,#3870,#3871);
#2324=EDGE_LOOP('',(#3872,#3873,#3874,#3875));
#2325=AXIS2_PLACEMENT_3D('',#3876,#3877,#3878);
#2326=EDGE_LOOP('',(#3879,#3880,#3881,#3882));
#2327=AXIS2_PLACEMENT_3D('',#3883,#3884,#3885);
#2328=EDGE_LOOP('',(#3886,#3887,#3888,#3889));
#2329=AXIS2_PLACEMENT_3D('',#3890,#3891,#3892);
#2330=EDGE_LOOP('',(#3893,#3894,#3895,#3896));
#2331=AXIS2_PLACEMENT_3D('',#3897,#3898,#3899);
#2332=EDGE_LOOP('',(#3900,#3901,#3902,#3903));
#2333=AXIS2_PLACEMENT_3D('',#3904,#3905,#3906);
#2334=EDGE_LOOP('',(#3907,#3908,#3909,#3910));
#2335=AXIS2_PLACEMENT_3D('',#3911,#3912,#3913);
#2336=EDGE_LOOP('',(#3914,#3915,#3916,#3917));
#2337=AXIS2_PLACEMENT_3D('',#3918,#3919,#3920);
#2338=EDGE_LOOP('',(#3921,#3922,#3923,#3924));
#2339=AXIS2_PLACEMENT_3D('',#3925,#3926,#3927);
#2340=EDGE_LOOP('',(#3928,#3929,#3930,#3931));
#2341=AXIS2_PLACEMENT_3D('',#3932,#3933,#3934);
#2342=EDGE_LOOP('',(#3935,#3936,#3937,#3938));
#2343=AXIS2_PLACEMENT_3D('',#3939,#3940,#3941);
#2344=EDGE_LOOP('',(#3942,#3943,#3944,#3945));
#2345=AXIS2_PLACEMENT_3D('',#3946,#3947,#3948);
#2346=EDGE_LOOP('',(#3949,#3950,#3951,#3952));
#2347=AXIS2_PLACEMENT_3D('',#3953,#3954,#3955);
#2348=EDGE_LOOP('',(#3956,#3957,#3958,#3959));
#2349=AXIS2_PLACEMENT_3D('',#3960,#3961,#3962);
#2350=EDGE_LOOP('',(#3963,#3964,#3965,#3966));
#2351=AXIS2_PLACEMENT_3D('',#3967,#3968,#3969);
#2352=EDGE_LOOP('',(#3970,#3971,#3972,#3973));
#2353=AXIS2_PLACEMENT_3D('',#3974,#3975,#3976);
#2354=EDGE_LOOP('',(#3977,#3978,#3979,#3980,#3981,#3982,#3983,#3984));
#2355=AXIS2_PLACEMENT_3D('',#3985,#3986,#3987);
#2356=EDGE_LOOP('',(#3988,#3989,#3990,#3991));
#2357=AXIS2_PLACEMENT_3D('',#3992,#3993,#3994);
#2358=EDGE_LOOP('',(#3995,#3996,#3997,#3998));
#2359=AXIS2_PLACEMENT_3D('',#3999,#4000,#4001);
#2360=EDGE_LOOP('',(#4002,#4003,#4004,#4005));
#2361=AXIS2_PLACEMENT_3D('',#4006,#4007,#4008);
#2362=EDGE_LOOP('',(#4009,#4010,#4011,#4012));
#2363=AXIS2_PLACEMENT_3D('',#4013,#4014,#4015);
#2364=EDGE_LOOP('',(#4016,#4017,#4018,#4019,#4020,#4021,#4022,#4023,#4024,#4025,#4026,#4027,#4028,#4029,#4030,#4031,#4032));
#2365=AXIS2_PLACEMENT_3D('',#4033,#4034,#4035);
#2366=EDGE_LOOP('',(#4036,#4037,#4038,#4039));
#2367=AXIS2_PLACEMENT_3D('',#4040,#4041,#4042);
#2368=EDGE_LOOP('',(#4043,#4044,#4045,#4046));
#2369=AXIS2_PLACEMENT_3D('',#4047,#4048,#4049);
#2370=EDGE_LOOP('',(#4050,#4051,#4052,#4053));
#2371=AXIS2_PLACEMENT_3D('',#4054,#4055,#4056);
#2372=EDGE_LOOP('',(#4057,#4058,#4059,#4060));
#2373=AXIS2_PLACEMENT_3D('',#4061,#4062,#4063);
#2374=EDGE_LOOP('',(#4064,#4065,#4066,#4067));
#2375=AXIS2_PLACEMENT_3D('',#4068,#4069,#4070);
#2376=EDGE_LOOP('',(#4071,#4072,#4073,#4074,#4075,#4076,#4077,#4078,#4079,#4080));
#2377=EDGE_LOOP('',(#4081,#4082,#4083,#4084,#4085,#4086,#4087,#4088,#4089,#4090,#4091,#4092));
#2378=AXIS2_PLACEMENT_3D('',#4093,#4094,#4095);
#2379=EDGE_LOOP('',(#4096,#4097,#4098,#4099));
#2380=AXIS2_PLACEMENT_3D('',#4100,#4101,#4102);
#2381=EDGE_LOOP('',(#4103,#4104,#4105,#4106));
#2382=AXIS2_PLACEMENT_3D('',#4107,#4108,#4109);
#2383=EDGE_LOOP('',(#4110,#4111,#4112,#4113));
#2384=AXIS2_PLACEMENT_3D('',#4114,#4115,#4116);
#2385=EDGE_LOOP('',(#4117,#4118,#4119,#4120,#4121,#4122,#4123,#4124,#4125));
#2386=AXIS2_PLACEMENT_3D('',#4126,#4127,#4128);
#2387=EDGE_LOOP('',(#4129,#4130,#4131,#4132));
#2388=AXIS2_PLACEMENT_3D('',#4133,#4134,#4135);
#2389=EDGE_LOOP('',(#4136,#4137,#4138,#4139));
#2390=AXIS2_PLACEMENT_3D('',#4140,#4141,#4142);
#2391=EDGE_LOOP('',(#4143,#4144,#4145,#4146));
#2392=AXIS2_PLACEMENT_3D('',#4147,#4148,#4149);
#2393=EDGE_LOOP('',(#4150,#4151,#4152,#4153));
#2394=AXIS2_PLACEMENT_3D('',#4154,#4155,#4156);
#2395=EDGE_LOOP('',(#4157,#4158,#4159,#4160));
#2396=AXIS2_PLACEMENT_3D('',#4161,#4162,#4163);
#2397=EDGE_LOOP('',(#4164,#4165,#4166,#4167));
#2398=AXIS2_PLACEMENT_3D('',#4168,#4169,#4170);
#2399=EDGE_LOOP('',(#4171,#4172,#4173,#4174));
#2400=AXIS2_PLACEMENT_3D('',#4175,#4176,#4177);
#2401=EDGE_LOOP('',(#4178,#4179,#4180,#4181,#4182,#4183,#4184,#4185,#4186,#4187,#4188,#4189));
#2402=AXIS2_PLACEMENT_3D('',#4190,#4191,#4192);
#2403=EDGE_LOOP('',(#4193,#4194,#4195,#4196));
#2404=AXIS2_PLACEMENT_3D('',#4197,#4198,#4199);
#2405=EDGE_LOOP('',(#4200,#4201,#4202,#4203));
#2406=AXIS2_PLACEMENT_3D('',#4204,#4205,#4206);
#2407=EDGE_LOOP('',(#4207,#4208,#4209,#4210));
#2408=AXIS2_PLACEMENT_3D('',#4211,#4212,#4213);
#2409=EDGE_LOOP('',(#4214,#4215,#4216,#4217));
#2410=AXIS2_PLACEMENT_3D('',#4218,#4219,#4220);
#2411=EDGE_LOOP('',(#4221,#4222,#4223,#4224,#4225,#4226,#4227,#4228));
#2412=AXIS2_PLACEMENT_3D('',#4229,#4230,#4231);
#2413=EDGE_LOOP('',(#4232,#4233,#4234,#4235));
#2414=AXIS2_PLACEMENT_3D('',#4236,#4237,#4238);
#2415=EDGE_LOOP('',(#4239,#4240,#4241,#4242,#4243,#4244,#4245,#4246));
#2416=AXIS2_PLACEMENT_3D('',#4247,#4248,#4249);
#2417=EDGE_LOOP('',(#4250,#4251,#4252,#4253));
#2418=AXIS2_PLACEMENT_3D('',#4254,#4255,#4256);
#2419=EDGE_LOOP('',(#4257,#4258,#4259,#4260));
#2420=AXIS2_PLACEMENT_3D('',#4261,#4262,#4263);
#2421=EDGE_LOOP('',(#4264,#4265,#4266,#4267,#4268,#4269));
#2422=AXIS2_PLACEMENT_3D('',#4270,#4271,#4272);
#2423=EDGE_LOOP('',(#4273,#4274,#4275,#4276));
#2424=AXIS2_PLACEMENT_3D('',#4277,#4278,#4279);
#2425=EDGE_LOOP('',(#4280,#4281,#4282,#4283,#4284,#4285,#4286,#4287,#4288,#4289));
#2426=AXIS2_PLACEMENT_3D('',#4290,#4291,#4292);
#2427=EDGE_LOOP('',(#4293,#4294,#4295,#4296));
#2428=AXIS2_PLACEMENT_3D('',#4297,#4298,#4299);
#2429=EDGE_LOOP('',(#4300,#4301,#4302,#4303,#4304,#4305,#4306,#4307,#4308,#4309,#4310,#4311,#4312,#4313,#4314,#4315,#4316,#4317));
#2430=AXIS2_PLACEMENT_3D('',#4318,#4319,#4320);
#2431=EDGE_LOOP('',(#4321,#4322,#4323,#4324,#4325,#4326,#4327,#4328,#4329,#4330));
#2432=AXIS2_PLACEMENT_3D('',#4331,#4332,#4333);
#2433=EDGE_LOOP('',(#4334,#4335,#4336,#4337));
#2434=AXIS2_PLACEMENT_3D('',#4338,#4339,#4340);
#2435=EDGE_LOOP('',(#4341,#4342,#4343,#4344));
#2436=AXIS2_PLACEMENT_3D('',#4345,#4346,#4347);
#2437=EDGE_LOOP('',(#4348,#4349,#4350,#4351));
#2438=AXIS2_PLACEMENT_3D('',#4352,#4353,#4354);
#2439=EDGE_LOOP('',(#4355,#4356,#4357,#4358,#4359,#4360,#4361,#4362));
#2440=AXIS2_PLACEMENT_3D('',#4363,#4364,#4365);
#2441=EDGE_LOOP('',(#4366,#4367,#4368,#4369));
#2442=AXIS2_PLACEMENT_3D('',#4370,#4371,#4372);
#2443=EDGE_LOOP('',(#4373,#4374,#4375,#4376));
#2444=AXIS2_PLACEMENT_3D('',#4377,#4378,#4379);
#2445=EDGE_LOOP('',(#4380,#4381,#4382,#4383,#4384,#4385));
#2446=AXIS2_PLACEMENT_3D('',#4386,#4387,#4388);
#2447=EDGE_LOOP('',(#4389,#4390,#4391,#4392));
#2448=AXIS2_PLACEMENT_3D('',#4393,#4394,#4395);
#2449=EDGE_LOOP('',(#4396,#4397,#4398,#4399));
#2450=AXIS2_PLACEMENT_3D('',#4400,#4401,#4402);
#2451=EDGE_LOOP('',(#4403,#4404,#4405,#4406));
#2452=AXIS2_PLACEMENT_3D('',#4407,#4408,#4409);
#2453=EDGE_LOOP('',(#4410,#4411));
#2454=AXIS2_PLACEMENT_3D('',#4412,#4413,#4414);
#2455=EDGE_LOOP('',(#4415,#4416,#4417,#4418));
#2456=AXIS2_PLACEMENT_3D('',#4419,#4420,#4421);
#2457=EDGE_LOOP('',(#4422,#4423,#4424,#4425));
#2458=AXIS2_PLACEMENT_3D('',#4426,#4427,#4428);
#2459=EDGE_LOOP('',(#4429,#4430,#4431,#4432));
#2460=AXIS2_PLACEMENT_3D('',#4433,#4434,#4435);
#2461=EDGE_LOOP('',(#4436,#4437,#4438,#4439));
#2462=EDGE_LOOP('',(#4440,#4441,#4442,#4443,#4444,#4445,#4446,#4447,#4448,#4449,#4450,#4451));
#2463=EDGE_LOOP('',(#4452,#4453,#4454,#4455));
#2464=EDGE_LOOP('',(#4456,#4457,#4458,#4459));
#2465=EDGE_LOOP('',(#4460,#4461,#4462,#4463,#4464,#4465,#4466,#4467,#4468,#4469,#4470,#4471,#4472,#4473,#4474,#4475));
#2466=EDGE_LOOP('',(#4476,#4477,#4478,#4479,#4480,#4481,#4482,#4483,#4484,#4485,#4486,#4487));
#2467=EDGE_LOOP('',(#4488,#4489,#4490,#4491,#4492,#4493,#4494,#4495,#4496,#4497,#4498,#4499));
#2468=EDGE_LOOP('',(#4500,#4501,#4502,#4503,#4504,#4505,#4506,#4507,#4508,#4509,#4510,#4511));
#2469=EDGE_LOOP('',(#4512,#4513,#4514,#4515,#4516,#4517,#4518,#4519,#4520,#4521,#4522,#4523));
#2470=EDGE_LOOP('',(#4524,#4525,#4526,#4527));
#2471=EDGE_LOOP('',(#4528,#4529,#4530,#4531,#4532,#4533,#4534,#4535,#4536,#4537,#4538,#4539));
#2472=EDGE_LOOP('',(#4540,#4541,#4542,#4543,#4544,#4545,#4546,#4547,#4548,#4549,#4550,#4551));
#2473=EDGE_LOOP('',(#4552,#4553,#4554,#4555,#4556,#4557,#4558,#4559,#4560,#4561,#4562,#4563,#4564));
#2474=EDGE_LOOP('',(#4565,#4566,#4567,#4568));
#2475=EDGE_LOOP('',(#4569,#4570,#4571,#4572));
#2476=EDGE_LOOP('',(#4573,#4574,#4575,#4576));
#2477=EDGE_LOOP('',(#4577,#4578,#4579,#4580));
#2478=EDGE_LOOP('',(#4581,#4582,#4583,#4584));
#2479=AXIS2_PLACEMENT_3D('',#4585,#4586,#4587);
#2480=EDGE_LOOP('',(#4588,#4589,#4590,#4591));
#2481=AXIS2_PLACEMENT_3D('',#4592,#4593,#4594);
#2482=EDGE_LOOP('',(#4595,#4596,#4597,#4598));
#2483=AXIS2_PLACEMENT_3D('',#4599,#4600,#4601);
#2484=EDGE_LOOP('',(#4602,#4603,#4604,#4605));
#2485=AXIS2_PLACEMENT_3D('',#4606,#4607,#4608);
#2486=EDGE_LOOP('',(#4609,#4610,#4611,#4612));
#2487=AXIS2_PLACEMENT_3D('',#4613,#4614,#4615);
#2488=EDGE_LOOP('',(#4616,#4617,#4618,#4619,#4620,#4621,#4622,#4623,#4624,#4625,#4626,#4627));
#2489=AXIS2_PLACEMENT_3D('',#4628,#4629,#4630);
#2490=EDGE_LOOP('',(#4631,#4632,#4633,#4634));
#2491=AXIS2_PLACEMENT_3D('',#4635,#4636,#4637);
#2492=EDGE_LOOP('',(#4638,#4639,#4640,#4641));
#2493=AXIS2_PLACEMENT_3D('',#4642,#4643,#4644);
#2494=EDGE_LOOP('',(#4645,#4646,#4647,#4648));
#2495=AXIS2_PLACEMENT_3D('',#4649,#4650,#4651);
#2496=EDGE_LOOP('',(#4652,#4653,#4654,#4655));
#2497=AXIS2_PLACEMENT_3D('',#4656,#4657,#4658);
#2498=EDGE_LOOP('',(#4659,#4660,#4661,#4662));
#2499=AXIS2_PLACEMENT_3D('',#4663,#4664,#4665);
#2500=EDGE_LOOP('',(#4666,#4667,#4668,#4669));
#2501=AXIS2_PLACEMENT_3D('',#4670,#4671,#4672);
#2502=EDGE_LOOP('',(#4673,#4674,#4675,#4676));
#2503=AXIS2_PLACEMENT_3D('',#4677,#4678,#4679);
#2504=EDGE_LOOP('',(#4680,#4681,#4682,#4683));
#2505=AXIS2_PLACEMENT_3D('',#4684,#4685,#4686);
#2506=EDGE_LOOP('',(#4687,#4688,#4689,#4690));
#2507=AXIS2_PLACEMENT_3D('',#4691,#4692,#4693);
#2508=EDGE_LOOP('',(#4694,#4695,#4696,#4697));
#2509=AXIS2_PLACEMENT_3D('',#4698,#4699,#4700);
#2510=EDGE_LOOP('',(#4701,#4702,#4703,#4704));
#2511=AXIS2_PLACEMENT_3D('',#4705,#4706,#4707);
#2512=EDGE_LOOP('',(#4708,#4709,#4710,#4711));
#2513=AXIS2_PLACEMENT_3D('',#4712,#4713,#4714);
#2514=EDGE_LOOP('',(#4715,#4716,#4717,#4718));
#2515=AXIS2_PLACEMENT_3D('',#4719,#4720,#4721);
#2516=EDGE_LOOP('',(#4722,#4723,#4724,#4725));
#2517=AXIS2_PLACEMENT_3D('',#4726,#4727,#4728);
#2518=EDGE_LOOP('',(#4729,#4730,#4731,#4732));
#2519=AXIS2_PLACEMENT_3D('',#4733,#4734,#4735);
#2520=EDGE_LOOP('',(#4736,#4737,#4738,#4739));
#2521=AXIS2_PLACEMENT_3D('',#4740,#4741,#4742);
#2522=EDGE_LOOP('',(#4743,#4744,#4745,#4746));
#2523=AXIS2_PLACEMENT_3D('',#4747,#4748,#4749);
#2524=EDGE_LOOP('',(#4750,#4751,#4752,#4753));
#2525=AXIS2_PLACEMENT_3D('',#4754,#4755,#4756);
#2526=EDGE_LOOP('',(#4757,#4758,#4759,#4760));
#2527=AXIS2_PLACEMENT_3D('',#4761,#4762,#4763);
#2528=EDGE_LOOP('',(#4764,#4765,#4766,#4767));
#2529=AXIS2_PLACEMENT_3D('',#4768,#4769,#4770);
#2530=EDGE_LOOP('',(#4771,#4772,#4773,#4774));
#2531=AXIS2_PLACEMENT_3D('',#4775,#4776,#4777);
#2532=EDGE_LOOP('',(#4778,#4779,#4780,#4781));
#2533=AXIS2_PLACEMENT_3D('',#4782,#4783,#4784);
#2534=EDGE_LOOP('',(#4785,#4786,#4787,#4788));
#2535=AXIS2_PLACEMENT_3D('',#4789,#4790,#4791);
#2536=EDGE_LOOP('',(#4792,#4793,#4794,#4795,#4796,#4797,#4798,#4799,#4800,#4801,#4802,#4803,#4804,#4805,#4806,#4807));
#2537=AXIS2_PLACEMENT_3D('',#4808,#4809,#4810);
#2538=EDGE_LOOP('',(#4811,#4812,#4813,#4814));
#2539=AXIS2_PLACEMENT_3D('',#4815,#4816,#4817);
#2540=EDGE_LOOP('',(#4818,#4819,#4820,#4821));
#2541=AXIS2_PLACEMENT_3D('',#4822,#4823,#4824);
#2542=EDGE_LOOP('',(#4825,#4826,#4827,#4828));
#2543=AXIS2_PLACEMENT_3D('',#4829,#4830,#4831);
#2544=EDGE_LOOP('',(#4832,#4833,#4834,#4835));
#2545=AXIS2_PLACEMENT_3D('',#4836,#4837,#4838);
#2546=EDGE_LOOP('',(#4839,#4840,#4841,#4842));
#2547=AXIS2_PLACEMENT_3D('',#4843,#4844,#4845);
#2548=EDGE_LOOP('',(#4846,#4847,#4848,#4849));
#2549=AXIS2_PLACEMENT_3D('',#4850,#4851,#4852);
#2550=EDGE_LOOP('',(#4853,#4854,#4855,#4856));
#2551=AXIS2_PLACEMENT_3D('',#4857,#4858,#4859);
#2552=EDGE_LOOP('',(#4860,#4861,#4862,#4863));
#2553=AXIS2_PLACEMENT_3D('',#4864,#4865,#4866);
#2554=EDGE_LOOP('',(#4867,#4868,#4869,#4870));
#2555=AXIS2_PLACEMENT_3D('',#4871,#4872,#4873);
#2556=EDGE_LOOP('',(#4874,#4875,#4876,#4877));
#2557=AXIS2_PLACEMENT_3D('',#4878,#4879,#4880);
#2558=EDGE_LOOP('',(#4881,#4882,#4883,#4884));
#2559=AXIS2_PLACEMENT_3D('',#4885,#4886,#4887);
#2560=EDGE_LOOP('',(#4888,#4889,#4890,#4891,#4892));
#2561=AXIS2_PLACEMENT_3D('',#4893,#4894,#4895);
#2562=EDGE_LOOP('',(#4896,#4897,#4898,#4899));
#2563=AXIS2_PLACEMENT_3D('',#4900,#4901,#4902);
#2564=EDGE_LOOP('',(#4903,#4904,#4905,#4906,#4907));
#2565=AXIS2_PLACEMENT_3D('',#4908,#4909,#4910);
#2566=EDGE_LOOP('',(#4911,#4912,#4913,#4914,#4915,#4916,#4917));
#2567=AXIS2_PLACEMENT_3D('',#4918,#4919,#4920);
#2568=EDGE_LOOP('',(#4921,#4922,#4923,#4924));
#2569=AXIS2_PLACEMENT_3D('',#4925,#4926,#4927);
#2570=EDGE_LOOP('',(#4928,#4929,#4930,#4931,#4932,#4933));
#2571=AXIS2_PLACEMENT_3D('',#4934,#4935,#4936);
#2572=EDGE_LOOP('',(#4937,#4938,#4939,#4940));
#2573=AXIS2_PLACEMENT_3D('',#4941,#4942,#4943);
#2574=EDGE_LOOP('',(#4944,#4945,#4946,#4947));
#2575=AXIS2_PLACEMENT_3D('',#4948,#4949,#4950);
#2576=EDGE_LOOP('',(#4951,#4952,#4953,#4954));
#2577=AXIS2_PLACEMENT_3D('',#4955,#4956,#4957);
#2578=EDGE_LOOP('',(#4958,#4959,#4960,#4961));
#2579=AXIS2_PLACEMENT_3D('',#4962,#4963,#4964);
#2580=EDGE_LOOP('',(#4965,#4966,#4967,#4968,#4969,#4970,#4971));
#2581=AXIS2_PLACEMENT_3D('',#4972,#4973,#4974);
#2582=EDGE_LOOP('',(#4975,#4976,#4977,#4978,#4979));
#2583=AXIS2_PLACEMENT_3D('',#4980,#4981,#4982);
#2584=EDGE_LOOP('',(#4983,#4984,#4985,#4986));
#2585=AXIS2_PLACEMENT_3D('',#4987,#4988,#4989);
#2586=EDGE_LOOP('',(#4990,#4991,#4992,#4993,#4994,#4995));
#2587=AXIS2_PLACEMENT_3D('',#4996,#4997,#4998);
#2588=EDGE_LOOP('',(#4999,#5000,#5001,#5002,#5003,#5004,#5005,#5006));
#2589=AXIS2_PLACEMENT_3D('',#5007,#5008,#5009);
#2590=EDGE_LOOP('',(#5010,#5011,#5012,#5013,#5014,#5015));
#2591=AXIS2_PLACEMENT_3D('',#5016,#5017,#5018);
#2592=EDGE_LOOP('',(#5019,#5020,#5021,#5022));
#2593=AXIS2_PLACEMENT_3D('',#5023,#5024,#5025);
#2594=EDGE_LOOP('',(#5026,#5027,#5028,#5029,#5030));
#2595=AXIS2_PLACEMENT_3D('',#5031,#5032,#5033);
#2596=EDGE_LOOP('',(#5034,#5035,#5036,#5037,#5038));
#2597=AXIS2_PLACEMENT_3D('',#5039,#5040,#5041);
#2598=EDGE_LOOP('',(#5042,#5043,#5044,#5045));
#2599=AXIS2_PLACEMENT_3D('',#5046,#5047,#5048);
#2600=EDGE_LOOP('',(#5049,#5050,#5051,#5052,#5053,#5054,#5055,#5056,#5057,#5058,#5059,#5060));
#2601=AXIS2_PLACEMENT_3D('',#5061,#5062,#5063);
#2602=EDGE_LOOP('',(#5064,#5065,#5066,#5067));
#2603=AXIS2_PLACEMENT_3D('',#5068,#5069,#5070);
#2604=EDGE_LOOP('',(#5071,#5072,#5073,#5074));
#2605=AXIS2_PLACEMENT_3D('',#5075,#5076,#5077);
#2606=EDGE_LOOP('',(#5078,#5079,#5080,#5081));
#2607=AXIS2_PLACEMENT_3D('',#5082,#5083,#5084);
#2608=EDGE_LOOP('',(#5085,#5086,#5087,#5088));
#2609=AXIS2_PLACEMENT_3D('',#5089,#5090,#5091);
#2610=EDGE_LOOP('',(#5092,#5093,#5094,#5095));
#2611=AXIS2_PLACEMENT_3D('',#5096,#5097,#5098);
#2612=EDGE_LOOP('',(#5099,#5100,#5101,#5102));
#2613=AXIS2_PLACEMENT_3D('',#5103,#5104,#5105);
#2614=EDGE_LOOP('',(#5106,#5107,#5108,#5109));
#2615=AXIS2_PLACEMENT_3D('',#5110,#5111,#5112);
#2616=EDGE_LOOP('',(#5113,#5114,#5115,#5116));
#2617=AXIS2_PLACEMENT_3D('',#5117,#5118,#5119);
#2618=EDGE_LOOP('',(#5120,#5121,#5122,#5123));
#2619=AXIS2_PLACEMENT_3D('',#5124,#5125,#5126);
#2620=EDGE_LOOP('',(#5127,#5128,#5129,#5130));
#2621=AXIS2_PLACEMENT_3D('',#5131,#5132,#5133);
#2622=EDGE_LOOP('',(#5134,#5135,#5136,#5137));
#2623=AXIS2_PLACEMENT_3D('',#5138,#5139,#5140);
#2624=EDGE_LOOP('',(#5141,#5142,#5143,#5144));
#2625=AXIS2_PLACEMENT_3D('',#5145,#5146,#5147);
#2626=EDGE_LOOP('',(#5148,#5149,#5150,#5151,#5152,#5153,#5154,#5155,#5156,#5157,#5158,#5159));
#2627=AXIS2_PLACEMENT_3D('',#5160,#5161,#5162);
#2628=EDGE_LOOP('',(#5163,#5164,#5165,#5166));
#2629=AXIS2_PLACEMENT_3D('',#5167,#5168,#5169);
#2630=EDGE_LOOP('',(#5170,#5171,#5172,#5173));
#2631=AXIS2_PLACEMENT_3D('',#5174,#5175,#5176);
#2632=EDGE_LOOP('',(#5177,#5178,#5179,#5180));
#2633=AXIS2_PLACEMENT_3D('',#5181,#5182,#5183);
#2634=EDGE_LOOP('',(#5184,#5185,#5186,#5187));
#2635=AXIS2_PLACEMENT_3D('',#5188,#5189,#5190);
#2636=EDGE_LOOP('',(#5191,#5192,#5193,#5194));
#2637=AXIS2_PLACEMENT_3D('',#5195,#5196,#5197);
#2638=EDGE_LOOP('',(#5198,#5199,#5200,#5201));
#2639=AXIS2_PLACEMENT_3D('',#5202,#5203,#5204);
#2640=EDGE_LOOP('',(#5205,#5206,#5207,#5208));
#2641=AXIS2_PLACEMENT_3D('',#5209,#5210,#5211);
#2642=EDGE_LOOP('',(#5212,#5213,#5214,#5215));
#2643=AXIS2_PLACEMENT_3D('',#5216,#5217,#5218);
#2644=EDGE_LOOP('',(#5219,#5220,#5221,#5222));
#2645=AXIS2_PLACEMENT_3D('',#5223,#5224,#5225);
#2646=EDGE_LOOP('',(#5226,#5227,#5228,#5229));
#2647=AXIS2_PLACEMENT_3D('',#5230,#5231,#5232);
#2648=EDGE_LOOP('',(#5233,#5234,#5235,#5236));
#2649=AXIS2_PLACEMENT_3D('',#5237,#5238,#5239);
#2650=EDGE_LOOP('',(#5240,#5241,#5242,#5243));
#2651=AXIS2_PLACEMENT_3D('',#5244,#5245,#5246);
#2652=EDGE_LOOP('',(#5247,#5248,#5249,#5250,#5251,#5252,#5253,#5254,#5255,#5256,#5257,#5258));
#2653=AXIS2_PLACEMENT_3D('',#5259,#5260,#5261);
#2654=EDGE_LOOP('',(#5262,#5263,#5264,#5265));
#2655=AXIS2_PLACEMENT_3D('',#5266,#5267,#5268);
#2656=EDGE_LOOP('',(#5269,#5270,#5271,#5272));
#2657=AXIS2_PLACEMENT_3D('',#5273,#5274,#5275);
#2658=EDGE_LOOP('',(#5276,#5277,#5278,#5279));
#2659=AXIS2_PLACEMENT_3D('',#5280,#5281,#5282);
#2660=EDGE_LOOP('',(#5283,#5284,#5285,#5286));
#2661=AXIS2_PLACEMENT_3D('',#5287,#5288,#5289);
#2662=EDGE_LOOP('',(#5290,#5291,#5292,#5293));
#2663=AXIS2_PLACEMENT_3D('',#5294,#5295,#5296);
#2664=EDGE_LOOP('',(#5297,#5298,#5299,#5300));
#2665=AXIS2_PLACEMENT_3D('',#5301,#5302,#5303);
#2666=EDGE_LOOP('',(#5304,#5305,#5306,#5307));
#2667=AXIS2_PLACEMENT_3D('',#5308,#5309,#5310);
#2668=EDGE_LOOP('',(#5311,#5312,#5313,#5314));
#2669=AXIS2_PLACEMENT_3D('',#5315,#5316,#5317);
#2670=EDGE_LOOP('',(#5318,#5319,#5320,#5321));
#2671=AXIS2_PLACEMENT_3D('',#5322,#5323,#5324);
#2672=EDGE_LOOP('',(#5325,#5326,#5327,#5328));
#2673=AXIS2_PLACEMENT_3D('',#5329,#5330,#5331);
#2674=EDGE_LOOP('',(#5332,#5333,#5334,#5335));
#2675=AXIS2_PLACEMENT_3D('',#5336,#5337,#5338);
#2676=EDGE_LOOP('',(#5339,#5340,#5341,#5342));
#2677=AXIS2_PLACEMENT_3D('',#5343,#5344,#5345);
#2678=EDGE_LOOP('',(#5346,#5347,#5348,#5349));
#2679=AXIS2_PLACEMENT_3D('',#5350,#5351,#5352);
#2680=EDGE_LOOP('',(#5353,#5354,#5355,#5356));
#2681=AXIS2_PLACEMENT_3D('',#5357,#5358,#5359);
#2682=EDGE_LOOP('',(#5360,#5361,#5362,#5363));
#2683=AXIS2_PLACEMENT_3D('',#5364,#5365,#5366);
#2684=EDGE_LOOP('',(#5367,#5368,#5369,#5370));
#2685=AXIS2_PLACEMENT_3D('',#5371,#5372,#5373);
#2686=EDGE_LOOP('',(#5374,#5375,#5376,#5377));
#2687=AXIS2_PLACEMENT_3D('',#5378,#5379,#5380);
#2688=EDGE_LOOP('',(#5381,#5382,#5383,#5384,#5385,#5386,#5387,#5388,#5389,#5390,#5391,#5392));
#2689=AXIS2_PLACEMENT_3D('',#5393,#5394,#5395);
#2690=EDGE_LOOP('',(#5396,#5397,#5398,#5399));
#2691=AXIS2_PLACEMENT_3D('',#5400,#5401,#5402);
#2692=EDGE_LOOP('',(#5403,#5404,#5405,#5406));
#2693=AXIS2_PLACEMENT_3D('',#5407,#5408,#5409);
#2694=EDGE_LOOP('',(#5410,#5411,#5412,#5413));
#2695=AXIS2_PLACEMENT_3D('',#5414,#5415,#5416);
#2696=EDGE_LOOP('',(#5417,#5418,#5419,#5420));
#2697=AXIS2_PLACEMENT_3D('',#5421,#5422,#5423);
#2698=EDGE_LOOP('',(#5424,#5425,#5426,#5427));
#2699=AXIS2_PLACEMENT_3D('',#5428,#5429,#5430);
#2700=EDGE_LOOP('',(#5431,#5432,#5433,#5434));
#2701=AXIS2_PLACEMENT_3D('',#5435,#5436,#5437);
#2702=EDGE_LOOP('',(#5438,#5439,#5440,#5441));
#2703=AXIS2_PLACEMENT_3D('',#5442,#5443,#5444);
#2704=EDGE_LOOP('',(#5445,#5446,#5447,#5448));
#2705=AXIS2_PLACEMENT_3D('',#5449,#5450,#5451);
#2706=EDGE_LOOP('',(#5452,#5453,#5454,#5455));
#2707=AXIS2_PLACEMENT_3D('',#5456,#5457,#5458);
#2708=EDGE_LOOP('',(#5459,#5460,#5461,#5462));
#2709=AXIS2_PLACEMENT_3D('',#5463,#5464,#5465);
#2710=EDGE_LOOP('',(#5466,#5467,#5468,#5469));
#2711=AXIS2_PLACEMENT_3D('',#5470,#5471,#5472);
#2712=EDGE_LOOP('',(#5473,#5474,#5475,#5476));
#2713=AXIS2_PLACEMENT_3D('',#5477,#5478,#5479);
#2714=EDGE_LOOP('',(#5480,#5481,#5482,#5483,#5484,#5485,#5486,#5487,#5488,#5489,#5490,#5491));
#2715=AXIS2_PLACEMENT_3D('',#5492,#5493,#5494);
#2716=EDGE_LOOP('',(#5495,#5496,#5497,#5498));
#2717=AXIS2_PLACEMENT_3D('',#5499,#5500,#5501);
#2718=EDGE_LOOP('',(#5502,#5503,#5504,#5505));
#2719=AXIS2_PLACEMENT_3D('',#5506,#5507,#5508);
#2720=EDGE_LOOP('',(#5509,#5510,#5511,#5512));
#2721=AXIS2_PLACEMENT_3D('',#5513,#5514,#5515);
#2722=EDGE_LOOP('',(#5516,#5517,#5518,#5519));
#2723=AXIS2_PLACEMENT_3D('',#5520,#5521,#5522);
#2724=EDGE_LOOP('',(#5523,#5524,#5525,#5526));
#2725=AXIS2_PLACEMENT_3D('',#5527,#5528,#5529);
#2726=EDGE_LOOP('',(#5530,#5531,#5532,#5533));
#2727=AXIS2_PLACEMENT_3D('',#5534,#5535,#5536);
#2728=EDGE_LOOP('',(#5537,#5538,#5539,#5540));
#2729=AXIS2_PLACEMENT_3D('',#5541,#5542,#5543);
#2730=EDGE_LOOP('',(#5544,#5545,#5546,#5547));
#2731=AXIS2_PLACEMENT_3D('',#5548,#5549,#5550);
#2732=EDGE_LOOP('',(#5551,#5552,#5553,#5554));
#2733=AXIS2_PLACEMENT_3D('',#5555,#5556,#5557);
#2734=EDGE_LOOP('',(#5558,#5559,#5560,#5561));
#2735=AXIS2_PLACEMENT_3D('',#5562,#5563,#5564);
#2736=EDGE_LOOP('',(#5565,#5566,#5567,#5568));
#2737=AXIS2_PLACEMENT_3D('',#5569,#5570,#5571);
#2738=EDGE_LOOP('',(#5572,#5573,#5574,#5575));
#2739=AXIS2_PLACEMENT_3D('',#5576,#5577,#5578);
#2740=EDGE_LOOP('',(#5579,#5580,#5581,#5582));
#2741=AXIS2_PLACEMENT_3D('',#5583,#5584,#5585);
#2742=EDGE_LOOP('',(#5586,#5587,#5588,#5589));
#2743=AXIS2_PLACEMENT_3D('',#5590,#5591,#5592);
#2744=EDGE_LOOP('',(#5593,#5594,#5595,#5596));
#2745=AXIS2_PLACEMENT_3D('',#5597,#5598,#5599);
#2746=EDGE_LOOP('',(#5600,#5601,#5602,#5603));
#2747=AXIS2_PLACEMENT_3D('',#5604,#5605,#5606);
#2748=EDGE_LOOP('',(#5607,#5608,#5609,#5610,#5611,#5612,#5613,#5614,#5615,#5616,#5617,#5618,#5619));
#2749=AXIS2_PLACEMENT_3D('',#5620,#5621,#5622);
#2750=EDGE_LOOP('',(#5623,#5624,#5625,#5626));
#2751=AXIS2_PLACEMENT_3D('',#5627,#5628,#5629);
#2752=EDGE_LOOP('',(#5630,#5631,#5632,#5633));
#2753=AXIS2_PLACEMENT_3D('',#5634,#5635,#5636);
#2754=EDGE_LOOP('',(#5637,#5638,#5639,#5640));
#2755=AXIS2_PLACEMENT_3D('',#5641,#5642,#5643);
#2756=EDGE_LOOP('',(#5644,#5645,#5646,#5647));
#2757=AXIS2_PLACEMENT_3D('',#5648,#5649,#5650);
#2758=EDGE_LOOP('',(#5651,#5652,#5653,#5654));
#2759=AXIS2_PLACEMENT_3D('',#5655,#5656,#5657);
#2760=EDGE_LOOP('',(#5658,#5659,#5660,#5661));
#2761=AXIS2_PLACEMENT_3D('',#5662,#5663,#5664);
#2762=EDGE_LOOP('',(#5665,#5666,#5667,#5668));
#2763=AXIS2_PLACEMENT_3D('',#5669,#5670,#5671);
#2764=EDGE_LOOP('',(#5672,#5673,#5674,#5675));
#2765=AXIS2_PLACEMENT_3D('',#5676,#5677,#5678);
#2766=EDGE_LOOP('',(#5679,#5680,#5681,#5682));
#2767=AXIS2_PLACEMENT_3D('',#5683,#5684,#5685);
#2768=EDGE_LOOP('',(#5686,#5687,#5688,#5689));
#2769=AXIS2_PLACEMENT_3D('',#5690,#5691,#5692);
#2770=EDGE_LOOP('',(#5693,#5694,#5695,#5696));
#2771=AXIS2_PLACEMENT_3D('',#5697,#5698,#5699);
#2772=EDGE_LOOP('',(#5700,#5701,#5702,#5703));
#2773=AXIS2_PLACEMENT_3D('',#5704,#5705,#5706);
#2774=EDGE_LOOP('',(#5707,#5708,#5709,#5710));
#2775=AXIS2_PLACEMENT_3D('',#5711,#5712,#5713);
#2776=EDGE_LOOP('',(#5714,#5715,#5716,#5717));
#2777=AXIS2_PLACEMENT_3D('',#5718,#5719,#5720);
#2778=EDGE_LOOP('',(#5721,#5722,#5723,#5724));
#2779=AXIS2_PLACEMENT_3D('',#5725,#5726,#5727);
#2780=EDGE_LOOP('',(#5728,#5729,#5730,#5731));
#2781=AXIS2_PLACEMENT_3D('',#5732,#5733,#5734);
#2782=EDGE_LOOP('',(#5735,#5736,#5737,#5738));
#2783=AXIS2_PLACEMENT_3D('',#5739,#5740,#5741);
#2784=EDGE_LOOP('',(#5742,#5743,#5744,#5745));
#2785=AXIS2_PLACEMENT_3D('',#5746,#5747,#5748);
#2786=EDGE_LOOP('',(#5749,#5750,#5751,#5752));
#2787=AXIS2_PLACEMENT_3D('',#5753,#5754,#5755);
#2788=EDGE_LOOP('',(#5756,#5757,#5758,#5759));
#2789=AXIS2_PLACEMENT_3D('',#5760,#5761,#5762);
#2790=EDGE_LOOP('',(#5763,#5764,#5765,#5766));
#2791=AXIS2_PLACEMENT_3D('',#5767,#5768,#5769);
#2792=EDGE_LOOP('',(#5770,#5771,#5772,#5773));
#2793=AXIS2_PLACEMENT_3D('',#5774,#5775,#5776);
#2794=EDGE_LOOP('',(#5777,#5778,#5779,#5780));
#2795=AXIS2_PLACEMENT_3D('',#5781,#5782,#5783);
#2796=EDGE_LOOP('',(#5784,#5785,#5786,#5787));
#2797=AXIS2_PLACEMENT_3D('',#5788,#5789,#5790);
#2798=EDGE_LOOP('',(#5791,#5792,#5793,#5794));
#2799=AXIS2_PLACEMENT_3D('',#5795,#5796,#5797);
#2800=EDGE_LOOP('',(#5798,#5799,#5800,#5801));
#2801=AXIS2_PLACEMENT_3D('',#5802,#5803,#5804);
#2802=EDGE_LOOP('',(#5805,#5806,#5807,#5808));
#2803=AXIS2_PLACEMENT_3D('',#5809,#5810,#5811);
#2804=EDGE_LOOP('',(#5812,#5813,#5814,#5815));
#2805=AXIS2_PLACEMENT_3D('',#5816,#5817,#5818);
#2806=EDGE_LOOP('',(#5819,#5820,#5821,#5822));
#2807=AXIS2_PLACEMENT_3D('',#5823,#5824,#5825);
#2808=EDGE_LOOP('',(#5826,#5827,#5828,#5829));
#2809=AXIS2_PLACEMENT_3D('',#5830,#5831,#5832);
#2810=EDGE_LOOP('',(#5833,#5834,#5835,#5836));
#2811=AXIS2_PLACEMENT_3D('',#5837,#5838,#5839);
#2812=EDGE_LOOP('',(#5840,#5841,#5842,#5843));
#2813=AXIS2_PLACEMENT_3D('',#5844,#5845,#5846);
#2814=EDGE_LOOP('',(#5847,#5848,#5849,#5850));
#2815=AXIS2_PLACEMENT_3D('',#5851,#5852,#5853);
#2816=EDGE_LOOP('',(#5854,#5855,#5856,#5857));
#2817=AXIS2_PLACEMENT_3D('',#5858,#5859,#5860);
#2818=EDGE_LOOP('',(#5861,#5862,#5863,#5864));
#2819=EDGE_LOOP('',(#5865,#5866,#5867,#5868,#5869,#5870,#5871,#5872,#5873,#5874,#5875,#5876,#5877,#5878,#5879,#5880));
#2820=EDGE_LOOP('',(#5881,#5882,#5883,#5884,#5885,#5886,#5887,#5888,#5889,#5890,#5891,#5892));
#2821=AXIS2_PLACEMENT_3D('',#5893,#5894,#5895);
#2822=EDGE_LOOP('',(#5896,#5897,#5898,#5899,#5900));
#2823=AXIS2_PLACEMENT_3D('',#5901,#5902,#5903);
#2824=EDGE_LOOP('',(#5904,#5905,#5906,#5907));
#2825=AXIS2_PLACEMENT_3D('',#5908,#5909,#5910);
#2826=EDGE_LOOP('',(#5911,#5912,#5913,#5914));
#2827=AXIS2_PLACEMENT_3D('',#5915,#5916,#5917);
#2828=EDGE_LOOP('',(#5918,#5919,#5920,#5921));
#2829=AXIS2_PLACEMENT_3D('',#5922,#5923,#5924);
#2830=EDGE_LOOP('',(#5925,#5926,#5927,#5928));
#2831=AXIS2_PLACEMENT_3D('',#5929,#5930,#5931);
#2832=EDGE_LOOP('',(#5932,#5933,#5934,#5935));
#2833=AXIS2_PLACEMENT_3D('',#5936,#5937,#5938);
#2834=EDGE_LOOP('',(#5939,#5940,#5941,#5942));
#2835=EDGE_LOOP('',(#5943,#5944,#5945,#5946));
#2836=EDGE_LOOP('',(#5947,#5948,#5949,#5950));
#2837=EDGE_LOOP('',(#5951,#5952));
#2838=EDGE_LOOP('',(#5953,#5954,#5955,#5956,#5957,#5958,#5959,#5960,#5961,#5962,#5963,#5964));
#2839=EDGE_LOOP('',(#5965,#5966,#5967,#5968));
#2840=EDGE_LOOP('',(#5969,#5970,#5971,#5972));
#2841=EDGE_LOOP('',(#5973,#5974,#5975,#5976,#5977,#5978,#5979,#5980,#5981,#5982,#5983,#5984,#5985,#5986,#5987,#5988));
#2842=EDGE_LOOP('',(#5989,#5990,#5991,#5992,#5993,#5994,#5995,#5996,#5997,#5998,#5999,#6000,#6001,#6002,#6003,#6004));
#2843=EDGE_LOOP('',(#6005,#6006,#6007,#6008,#6009,#6010,#6011,#6012,#6013,#6014,#6015,#6016));
#2844=EDGE_LOOP('',(#6017,#6018,#6019,#6020,#6021,#6022,#6023,#6024,#6025,#6026,#6027,#6028));
#2845=EDGE_LOOP('',(#6029,#6030,#6031,#6032,#6033,#6034,#6035,#6036,#6037,#6038,#6039,#6040));
#2846=EDGE_LOOP('',(#6041,#6042,#6043,#6044,#6045,#6046,#6047,#6048,#6049,#6050,#6051,#6052));
#2847=EDGE_LOOP('',(#6053,#6054));
#2848=EDGE_LOOP('',(#6055,#6056));
#2849=EDGE_LOOP('',(#6057,#6058,#6059,#6060,#6061,#6062,#6063,#6064,#6065,#6066,#6067,#6068));
#2850=EDGE_LOOP('',(#6069,#6070,#6071,#6072));
#2851=EDGE_LOOP('',(#6073,#6074,#6075,#6076));
#2852=EDGE_LOOP('',(#6077,#6078,#6079,#6080,#6081,#6082,#6083,#6084,#6085,#6086,#6087,#6088));
#2853=EDGE_LOOP('',(#6089,#6090,#6091,#6092,#6093,#6094,#6095,#6096,#6097,#6098,#6099,#6100));
#2854=EDGE_LOOP('',(#6101,#6102,#6103,#6104,#6105,#6106,#6107,#6108,#6109,#6110,#6111,#6112));
#2855=EDGE_LOOP('',(#6113,#6114,#6115,#6116,#6117,#6118,#6119,#6120,#6121,#6122,#6123,#6124));
#2856=EDGE_LOOP('',(#6125,#6126,#6127,#6128,#6129,#6130,#6131,#6132,#6133,#6134,#6135,#6136));
#2857=EDGE_LOOP('',(#6137,#6138,#6139,#6140,#6141,#6142,#6143,#6144,#6145,#6146,#6147,#6148));
#2858=EDGE_LOOP('',(#6149,#6150,#6151,#6152,#6153,#6154,#6155,#6156,#6157,#6158,#6159,#6160));
#2859=EDGE_LOOP('',(#6161,#6162));
#2860=EDGE_LOOP('',(#6163,#6164));
#2861=EDGE_LOOP('',(#6165,#6166));
#2862=EDGE_LOOP('',(#6167,#6168));
#2863=EDGE_LOOP('',(#6169,#6170,#6171,#6172,#6173,#6174,#6175,#6176,#6177,#6178,#6179,#6180,#6181,#6182,#6183,#6184,#6185,#6186));
#2864=AXIS2_PLACEMENT_3D('',#6187,#6188,#6189);
#2865=EDGE_LOOP('',(#6190,#6191,#6192,#6193));
#2866=AXIS2_PLACEMENT_3D('',#6194,#6195,#6196);
#2867=EDGE_LOOP('',(#6197,#6198,#6199,#6200));
#2868=AXIS2_PLACEMENT_3D('',#6201,#6202,#6203);
#2869=EDGE_LOOP('',(#6204,#6205,#6206,#6207));
#2870=AXIS2_PLACEMENT_3D('',#6208,#6209,#6210);
#2871=EDGE_LOOP('',(#6211,#6212,#6213,#6214));
#2872=AXIS2_PLACEMENT_3D('',#6215,#6216,#6217);
#2873=EDGE_LOOP('',(#6218,#6219,#6220,#6221));
#2874=AXIS2_PLACEMENT_3D('',#6222,#6223,#6224);
#2875=EDGE_LOOP('',(#6225,#6226,#6227,#6228));
#2876=AXIS2_PLACEMENT_3D('',#6229,#6230,#6231);
#2877=EDGE_LOOP('',(#6232,#6233,#6234,#6235));
#2878=AXIS2_PLACEMENT_3D('',#6236,#6237,#6238);
#2879=EDGE_LOOP('',(#6239,#6240,#6241,#6242));
#2880=AXIS2_PLACEMENT_3D('',#6243,#6244,#6245);
#2881=EDGE_LOOP('',(#6246,#6247,#6248,#6249));
#2882=AXIS2_PLACEMENT_3D('',#6250,#6251,#6252);
#2883=EDGE_LOOP('',(#6253,#6254,#6255,#6256));
#2884=AXIS2_PLACEMENT_3D('',#6257,#6258,#6259);
#2885=EDGE_LOOP('',(#6260,#6261,#6262,#6263,#6264,#6265,#6266,#6267));
#2886=AXIS2_PLACEMENT_3D('',#6268,#6269,#6270);
#2887=EDGE_LOOP('',(#6271,#6272,#6273));
#2888=AXIS2_PLACEMENT_3D('',#6274,#6275,#6276);
#2889=EDGE_LOOP('',(#6277,#6278,#6279,#6280));
#2890=AXIS2_PLACEMENT_3D('',#6281,#6282,#6283);
#2891=EDGE_LOOP('',(#6284,#6285,#6286,#6287));
#2892=EDGE_LOOP('',(#6288,#6289));
#2893=AXIS2_PLACEMENT_3D('',#6290,#6291,#6292);
#2894=EDGE_LOOP('',(#6293,#6294,#6295,#6296));
#2895=AXIS2_PLACEMENT_3D('',#6297,#6298,#6299);
#2896=EDGE_LOOP('',(#6300,#6301,#6302,#6303));
#2897=AXIS2_PLACEMENT_3D('',#6304,#6305,#6306);
#2898=EDGE_LOOP('',(#6307,#6308));
#2899=AXIS2_PLACEMENT_3D('',#6309,#6310,#6311);
#2900=EDGE_LOOP('',(#6312,#6313,#6314));
#2901=AXIS2_PLACEMENT_3D('',#6315,#6316,#6317);
#2902=EDGE_LOOP('',(#6318,#6319,#6320,#6321));
#2903=AXIS2_PLACEMENT_3D('',#6322,#6323,#6324);
#2904=EDGE_LOOP('',(#6325,#6326,#6327,#6328,#6329,#6330,#6331,#6332,#6333,#6334,#6335,#6336));
#2905=AXIS2_PLACEMENT_3D('',#6337,#6338,#6339);
#2906=EDGE_LOOP('',(#6340,#6341,#6342,#6343));
#2907=AXIS2_PLACEMENT_3D('',#6344,#6345,#6346);
#2908=EDGE_LOOP('',(#6347,#6348,#6349,#6350));
#2909=AXIS2_PLACEMENT_3D('',#6351,#6352,#6353);
#2910=EDGE_LOOP('',(#6354,#6355,#6356,#6357));
#2911=AXIS2_PLACEMENT_3D('',#6358,#6359,#6360);
#2912=EDGE_LOOP('',(#6361,#6362,#6363,#6364));
#2913=AXIS2_PLACEMENT_3D('',#6365,#6366,#6367);
#2914=EDGE_LOOP('',(#6368,#6369,#6370,#6371));
#2915=AXIS2_PLACEMENT_3D('',#6372,#6373,#6374);
#2916=EDGE_LOOP('',(#6375,#6376,#6377,#6378));
#2917=AXIS2_PLACEMENT_3D('',#6379,#6380,#6381);
#2918=EDGE_LOOP('',(#6382,#6383,#6384,#6385));
#2919=AXIS2_PLACEMENT_3D('',#6386,#6387,#6388);
#2920=EDGE_LOOP('',(#6389,#6390,#6391,#6392));
#2921=AXIS2_PLACEMENT_3D('',#6393,#6394,#6395);
#2922=EDGE_LOOP('',(#6396,#6397,#6398,#6399));
#2923=AXIS2_PLACEMENT_3D('',#6400,#6401,#6402);
#2924=EDGE_LOOP('',(#6403,#6404,#6405,#6406));
#2925=AXIS2_PLACEMENT_3D('',#6407,#6408,#6409);
#2926=EDGE_LOOP('',(#6410,#6411,#6412,#6413));
#2927=AXIS2_PLACEMENT_3D('',#6414,#6415,#6416);
#2928=EDGE_LOOP('',(#6417,#6418,#6419,#6420));
#2929=AXIS2_PLACEMENT_3D('',#6421,#6422,#6423);
#2930=EDGE_LOOP('',(#6424,#6425,#6426,#6427));
#2931=AXIS2_PLACEMENT_3D('',#6428,#6429,#6430);
#2932=EDGE_LOOP('',(#6431,#6432,#6433,#6434));
#2933=AXIS2_PLACEMENT_3D('',#6435,#6436,#6437);
#2934=EDGE_LOOP('',(#6438,#6439,#6440,#6441));
#2935=AXIS2_PLACEMENT_3D('',#6442,#6443,#6444);
#2936=EDGE_LOOP('',(#6445,#6446,#6447,#6448));
#2937=AXIS2_PLACEMENT_3D('',#6449,#6450,#6451);
#2938=EDGE_LOOP('',(#6452,#6453,#6454,#6455));
#2939=AXIS2_PLACEMENT_3D('',#6456,#6457,#6458);
#2940=EDGE_LOOP('',(#6459,#6460,#6461,#6462));
#2941=AXIS2_PLACEMENT_3D('',#6463,#6464,#6465);
#2942=EDGE_LOOP('',(#6466,#6467,#6468,#6469));
#2943=AXIS2_PLACEMENT_3D('',#6470,#6471,#6472);
#2944=EDGE_LOOP('',(#6473,#6474,#6475,#6476));
#2945=AXIS2_PLACEMENT_3D('',#6477,#6478,#6479);
#2946=EDGE_LOOP('',(#6480,#6481,#6482,#6483));
#2947=AXIS2_PLACEMENT_3D('',#6484,#6485,#6486);
#2948=EDGE_LOOP('',(#6487,#6488,#6489,#6490));
#2949=AXIS2_PLACEMENT_3D('',#6491,#6492,#6493);
#2950=EDGE_LOOP('',(#6494,#6495,#6496,#6497));
#2951=AXIS2_PLACEMENT_3D('',#6498,#6499,#6500);
#2952=EDGE_LOOP('',(#6501,#6502,#6503,#6504));
#2953=AXIS2_PLACEMENT_3D('',#6505,#6506,#6507);
#2954=EDGE_LOOP('',(#6508,#6509,#6510,#6511));
#2955=AXIS2_PLACEMENT_3D('',#6512,#6513,#6514);
#2956=EDGE_LOOP('',(#6515,#6516,#6517,#6518));
#2957=AXIS2_PLACEMENT_3D('',#6519,#6520,#6521);
#2958=EDGE_LOOP('',(#6522,#6523,#6524,#6525));
#2959=AXIS2_PLACEMENT_3D('',#6526,#6527,#6528);
#2960=EDGE_LOOP('',(#6529,#6530,#6531,#6532,#6533,#6534,#6535,#6536,#6537,#6538,#6539,#6540,#6541,#6542,#6543,#6544));
#2961=AXIS2_PLACEMENT_3D('',#6545,#6546,#6547);
#2962=EDGE_LOOP('',(#6548,#6549,#6550,#6551));
#2963=AXIS2_PLACEMENT_3D('',#6552,#6553,#6554);
#2964=EDGE_LOOP('',(#6555,#6556,#6557,#6558));
#2965=AXIS2_PLACEMENT_3D('',#6559,#6560,#6561);
#2966=EDGE_LOOP('',(#6562,#6563,#6564,#6565));
#2967=AXIS2_PLACEMENT_3D('',#6566,#6567,#6568);
#2968=EDGE_LOOP('',(#6569,#6570,#6571,#6572));
#2969=AXIS2_PLACEMENT_3D('',#6573,#6574,#6575);
#2970=EDGE_LOOP('',(#6576,#6577,#6578,#6579));
#2971=AXIS2_PLACEMENT_3D('',#6580,#6581,#6582);
#2972=EDGE_LOOP('',(#6583,#6584,#6585,#6586));
#2973=AXIS2_PLACEMENT_3D('',#6587,#6588,#6589);
#2974=EDGE_LOOP('',(#6590,#6591,#6592,#6593));
#2975=AXIS2_PLACEMENT_3D('',#6594,#6595,#6596);
#2976=EDGE_LOOP('',(#6597,#6598,#6599,#6600));
#2977=AXIS2_PLACEMENT_3D('',#6601,#6602,#6603);
#2978=EDGE_LOOP('',(#6604,#6605,#6606,#6607));
#2979=AXIS2_PLACEMENT_3D('',#6608,#6609,#6610);
#2980=EDGE_LOOP('',(#6611,#6612,#6613,#6614));
#2981=AXIS2_PLACEMENT_3D('',#6615,#6616,#6617);
#2982=EDGE_LOOP('',(#6618,#6619,#6620,#6621));
#2983=AXIS2_PLACEMENT_3D('',#6622,#6623,#6624);
#2984=EDGE_LOOP('',(#6625,#6626,#6627,#6628,#6629,#6630,#6631,#6632,#6633,#6634,#6635,#6636,#6637,#6638,#6639,#6640));
#2985=AXIS2_PLACEMENT_3D('',#6641,#6642,#6643);
#2986=EDGE_LOOP('',(#6644,#6645,#6646,#6647));
#2987=AXIS2_PLACEMENT_3D('',#6648,#6649,#6650);
#2988=EDGE_LOOP('',(#6651,#6652,#6653,#6654));
#2989=AXIS2_PLACEMENT_3D('',#6655,#6656,#6657);
#2990=EDGE_LOOP('',(#6658,#6659,#6660,#6661));
#2991=AXIS2_PLACEMENT_3D('',#6662,#6663,#6664);
#2992=EDGE_LOOP('',(#6665,#6666,#6667,#6668));
#2993=AXIS2_PLACEMENT_3D('',#6669,#6670,#6671);
#2994=EDGE_LOOP('',(#6672,#6673,#6674,#6675));
#2995=AXIS2_PLACEMENT_3D('',#6676,#6677,#6678);
#2996=EDGE_LOOP('',(#6679,#6680,#6681,#6682));
#2997=AXIS2_PLACEMENT_3D('',#6683,#6684,#6685);
#2998=EDGE_LOOP('',(#6686,#6687,#6688,#6689));
#2999=AXIS2_PLACEMENT_3D('',#6690,#6691,#6692);
#3000=EDGE_LOOP('',(#6693,#6694,#6695,#6696));
#3001=AXIS2_PLACEMENT_3D('',#6697,#6698,#6699);
#3002=EDGE_LOOP('',(#6700,#6701,#6702,#6703));
#3003=AXIS2_PLACEMENT_3D('',#6704,#6705,#6706);
#3004=EDGE_LOOP('',(#6707,#6708,#6709,#6710));
#3005=AXIS2_PLACEMENT_3D('',#6711,#6712,#6713);
#3006=EDGE_LOOP('',(#6714,#6715,#6716,#6717));
#3007=AXIS2_PLACEMENT_3D('',#6718,#6719,#6720);
#3008=EDGE_LOOP('',(#6721,#6722,#6723,#6724));
#3009=AXIS2_PLACEMENT_3D('',#6725,#6726,#6727);
#3010=EDGE_LOOP('',(#6728,#6729,#6730,#6731));
#3011=AXIS2_PLACEMENT_3D('',#6732,#6733,#6734);
#3012=EDGE_LOOP('',(#6735,#6736,#6737,#6738));
#3013=AXIS2_PLACEMENT_3D('',#6739,#6740,#6741);
#3014=EDGE_LOOP('',(#6742,#6743,#6744,#6745));
#3015=AXIS2_PLACEMENT_3D('',#6746,#6747,#6748);
#3016=EDGE_LOOP('',(#6749,#6750,#6751,#6752));
#3017=AXIS2_PLACEMENT_3D('',#6753,#6754,#6755);
#3018=EDGE_LOOP('',(#6756,#6757,#6758,#6759,#6760,#6761,#6762,#6763,#6764,#6765,#6766,#6767));
#3019=AXIS2_PLACEMENT_3D('',#6768,#6769,#6770);
#3020=EDGE_LOOP('',(#6771,#6772,#6773,#6774));
#3021=AXIS2_PLACEMENT_3D('',#6775,#6776,#6777);
#3022=EDGE_LOOP('',(#6778,#6779,#6780,#6781));
#3023=AXIS2_PLACEMENT_3D('',#6782,#6783,#6784);
#3024=EDGE_LOOP('',(#6785,#6786,#6787,#6788));
#3025=AXIS2_PLACEMENT_3D('',#6789,#6790,#6791);
#3026=EDGE_LOOP('',(#6792,#6793,#6794,#6795));
#3027=AXIS2_PLACEMENT_3D('',#6796,#6797,#6798);
#3028=EDGE_LOOP('',(#6799,#6800,#6801,#6802));
#3029=AXIS2_PLACEMENT_3D('',#6803,#6804,#6805);
#3030=EDGE_LOOP('',(#6806,#6807,#6808,#6809));
#3031=AXIS2_PLACEMENT_3D('',#6810,#6811,#6812);
#3032=EDGE_LOOP('',(#6813,#6814,#6815,#6816));
#3033=AXIS2_PLACEMENT_3D('',#6817,#6818,#6819);
#3034=EDGE_LOOP('',(#6820,#6821,#6822,#6823));
#3035=AXIS2_PLACEMENT_3D('',#6824,#6825,#6826);
#3036=EDGE_LOOP('',(#6827,#6828,#6829,#6830));
#3037=AXIS2_PLACEMENT_3D('',#6831,#6832,#6833);
#3038=EDGE_LOOP('',(#6834,#6835,#6836,#6837));
#3039=AXIS2_PLACEMENT_3D('',#6838,#6839,#6840);
#3040=EDGE_LOOP('',(#6841,#6842,#6843,#6844));
#3041=AXIS2_PLACEMENT_3D('',#6845,#6846,#6847);
#3042=EDGE_LOOP('',(#6848,#6849,#6850,#6851));
#3043=AXIS2_PLACEMENT_3D('',#6852,#6853,#6854);
#3044=EDGE_LOOP('',(#6855,#6856,#6857,#6858,#6859,#6860,#6861,#6862,#6863,#6864,#6865,#6866));
#3045=AXIS2_PLACEMENT_3D('',#6867,#6868,#6869);
#3046=EDGE_LOOP('',(#6870,#6871,#6872,#6873));
#3047=AXIS2_PLACEMENT_3D('',#6874,#6875,#6876);
#3048=EDGE_LOOP('',(#6877,#6878,#6879,#6880));
#3049=AXIS2_PLACEMENT_3D('',#6881,#6882,#6883);
#3050=EDGE_LOOP('',(#6884,#6885,#6886,#6887));
#3051=AXIS2_PLACEMENT_3D('',#6888,#6889,#6890);
#3052=EDGE_LOOP('',(#6891,#6892,#6893,#6894));
#3053=AXIS2_PLACEMENT_3D('',#6895,#6896,#6897);
#3054=EDGE_LOOP('',(#6898,#6899,#6900,#6901));
#3055=AXIS2_PLACEMENT_3D('',#6902,#6903,#6904);
#3056=EDGE_LOOP('',(#6905,#6906,#6907,#6908));
#3057=AXIS2_PLACEMENT_3D('',#6909,#6910,#6911);
#3058=EDGE_LOOP('',(#6912,#6913,#6914,#6915));
#3059=AXIS2_PLACEMENT_3D('',#6916,#6917,#6918);
#3060=EDGE_LOOP('',(#6919,#6920,#6921,#6922));
#3061=AXIS2_PLACEMENT_3D('',#6923,#6924,#6925);
#3062=EDGE_LOOP('',(#6926,#6927,#6928,#6929));
#3063=AXIS2_PLACEMENT_3D('',#6930,#6931,#6932);
#3064=EDGE_LOOP('',(#6933,#6934,#6935,#6936));
#3065=AXIS2_PLACEMENT_3D('',#6937,#6938,#6939);
#3066=EDGE_LOOP('',(#6940,#6941,#6942,#6943));
#3067=AXIS2_PLACEMENT_3D('',#6944,#6945,#6946);
#3068=EDGE_LOOP('',(#6947,#6948,#6949,#6950));
#3069=AXIS2_PLACEMENT_3D('',#6951,#6952,#6953);
#3070=EDGE_LOOP('',(#6954,#6955,#6956,#6957,#6958,#6959,#6960,#6961,#6962,#6963,#6964,#6965));
#3071=AXIS2_PLACEMENT_3D('',#6966,#6967,#6968);
#3072=EDGE_LOOP('',(#6969,#6970,#6971,#6972));
#3073=AXIS2_PLACEMENT_3D('',#6973,#6974,#6975);
#3074=EDGE_LOOP('',(#6976,#6977,#6978,#6979));
#3075=AXIS2_PLACEMENT_3D('',#6980,#6981,#6982);
#3076=EDGE_LOOP('',(#6983,#6984,#6985,#6986));
#3077=AXIS2_PLACEMENT_3D('',#6987,#6988,#6989);
#3078=EDGE_LOOP('',(#6990,#6991,#6992,#6993));
#3079=AXIS2_PLACEMENT_3D('',#6994,#6995,#6996);
#3080=EDGE_LOOP('',(#6997,#6998,#6999,#7000));
#3081=AXIS2_PLACEMENT_3D('',#7001,#7002,#7003);
#3082=EDGE_LOOP('',(#7004,#7005,#7006,#7007));
#3083=AXIS2_PLACEMENT_3D('',#7008,#7009,#7010);
#3084=EDGE_LOOP('',(#7011,#7012,#7013,#7014));
#3085=AXIS2_PLACEMENT_3D('',#7015,#7016,#7017);
#3086=EDGE_LOOP('',(#7018,#7019,#7020,#7021));
#3087=AXIS2_PLACEMENT_3D('',#7022,#7023,#7024);
#3088=EDGE_LOOP('',(#7025,#7026,#7027,#7028));
#3089=AXIS2_PLACEMENT_3D('',#7029,#7030,#7031);
#3090=EDGE_LOOP('',(#7032,#7033,#7034,#7035));
#3091=AXIS2_PLACEMENT_3D('',#7036,#7037,#7038);
#3092=EDGE_LOOP('',(#7039,#7040,#7041,#7042));
#3093=AXIS2_PLACEMENT_3D('',#7043,#7044,#7045);
#3094=EDGE_LOOP('',(#7046,#7047,#7048,#7049));
#3095=AXIS2_PLACEMENT_3D('',#7050,#7051,#7052);
#3096=EDGE_LOOP('',(#7053,#7054,#7055,#7056,#7057,#7058,#7059,#7060,#7061,#7062,#7063,#7064));
#3097=AXIS2_PLACEMENT_3D('',#7065,#7066,#7067);
#3098=EDGE_LOOP('',(#7068,#7069,#7070,#7071));
#3099=AXIS2_PLACEMENT_3D('',#7072,#7073,#7074);
#3100=EDGE_LOOP('',(#7075,#7076,#7077,#7078));
#3101=AXIS2_PLACEMENT_3D('',#7079,#7080,#7081);
#3102=EDGE_LOOP('',(#7082,#7083,#7084,#7085));
#3103=AXIS2_PLACEMENT_3D('',#7086,#7087,#7088);
#3104=EDGE_LOOP('',(#7089,#7090,#7091,#7092));
#3105=AXIS2_PLACEMENT_3D('',#7093,#7094,#7095);
#3106=EDGE_LOOP('',(#7096,#7097,#7098,#7099));
#3107=AXIS2_PLACEMENT_3D('',#7100,#7101,#7102);
#3108=EDGE_LOOP('',(#7103,#7104,#7105,#7106));
#3109=AXIS2_PLACEMENT_3D('',#7107,#7108,#7109);
#3110=EDGE_LOOP('',(#7110,#7111,#7112,#7113));
#3111=AXIS2_PLACEMENT_3D('',#7114,#7115,#7116);
#3112=EDGE_LOOP('',(#7117,#7118,#7119,#7120));
#3113=AXIS2_PLACEMENT_3D('',#7121,#7122,#7123);
#3114=EDGE_LOOP('',(#7124,#7125,#7126,#7127));
#3115=AXIS2_PLACEMENT_3D('',#7128,#7129,#7130);
#3116=EDGE_LOOP('',(#7131,#7132,#7133,#7134));
#3117=AXIS2_PLACEMENT_3D('',#7135,#7136,#7137);
#3118=EDGE_LOOP('',(#7138,#7139,#7140,#7141));
#3119=AXIS2_PLACEMENT_3D('',#7142,#7143,#7144);
#3120=EDGE_LOOP('',(#7145,#7146,#7147,#7148));
#3121=AXIS2_PLACEMENT_3D('',#7149,#7150,#7151);
#3122=EDGE_LOOP('',(#7152,#7153,#7154,#7155,#7156,#7157,#7158,#7159));
#3123=AXIS2_PLACEMENT_3D('',#7160,#7161,#7162);
#3124=EDGE_LOOP('',(#7163,#7164,#7165));
#3125=AXIS2_PLACEMENT_3D('',#7166,#7167,#7168);
#3126=EDGE_LOOP('',(#7169,#7170,#7171,#7172));
#3127=AXIS2_PLACEMENT_3D('',#7173,#7174,#7175);
#3128=EDGE_LOOP('',(#7176,#7177,#7178,#7179));
#3129=EDGE_LOOP('',(#7180,#7181));
#3130=AXIS2_PLACEMENT_3D('',#7182,#7183,#7184);
#3131=EDGE_LOOP('',(#7185,#7186,#7187,#7188));
#3132=AXIS2_PLACEMENT_3D('',#7189,#7190,#7191);
#3133=EDGE_LOOP('',(#7192,#7193,#7194,#7195));
#3134=AXIS2_PLACEMENT_3D('',#7196,#7197,#7198);
#3135=EDGE_LOOP('',(#7199,#7200));
#3136=AXIS2_PLACEMENT_3D('',#7201,#7202,#7203);
#3137=EDGE_LOOP('',(#7204,#7205,#7206));
#3138=AXIS2_PLACEMENT_3D('',#7207,#7208,#7209);
#3139=EDGE_LOOP('',(#7210,#7211,#7212,#7213));
#3140=AXIS2_PLACEMENT_3D('',#7214,#7215,#7216);
#3141=EDGE_LOOP('',(#7217,#7218,#7219,#7220,#7221,#7222,#7223,#7224));
#3142=AXIS2_PLACEMENT_3D('',#7225,#7226,#7227);
#3143=EDGE_LOOP('',(#7228,#7229,#7230));
#3144=AXIS2_PLACEMENT_3D('',#7231,#7232,#7233);
#3145=EDGE_LOOP('',(#7234,#7235,#7236,#7237));
#3146=AXIS2_PLACEMENT_3D('',#7238,#7239,#7240);
#3147=EDGE_LOOP('',(#7241,#7242,#7243,#7244));
#3148=EDGE_LOOP('',(#7245,#7246));
#3149=AXIS2_PLACEMENT_3D('',#7247,#7248,#7249);
#3150=EDGE_LOOP('',(#7250,#7251,#7252,#7253));
#3151=AXIS2_PLACEMENT_3D('',#7254,#7255,#7256);
#3152=EDGE_LOOP('',(#7257,#7258,#7259,#7260));
#3153=AXIS2_PLACEMENT_3D('',#7261,#7262,#7263);
#3154=EDGE_LOOP('',(#7264,#7265));
#3155=AXIS2_PLACEMENT_3D('',#7266,#7267,#7268);
#3156=EDGE_LOOP('',(#7269,#7270,#7271));
#3157=AXIS2_PLACEMENT_3D('',#7272,#7273,#7274);
#3158=EDGE_LOOP('',(#7275,#7276,#7277,#7278));
#3159=AXIS2_PLACEMENT_3D('',#7279,#7280,#7281);
#3160=EDGE_LOOP('',(#7282,#7283,#7284,#7285,#7286));
#3161=AXIS2_PLACEMENT_3D('',#7287,#7288,#7289);
#3162=EDGE_LOOP('',(#7290,#7291,#7292,#7293,#7294));
#3163=AXIS2_PLACEMENT_3D('',#7295,#7296,#7297);
#3164=EDGE_LOOP('',(#7298,#7299,#7300,#7301,#7302));
#3165=AXIS2_PLACEMENT_3D('',#7303,#7304,#7305);
#3166=EDGE_LOOP('',(#7306,#7307,#7308,#7309,#7310,#7311,#7312,#7313));
#3167=AXIS2_PLACEMENT_3D('',#7314,#7315,#7316);
#3168=EDGE_LOOP('',(#7317,#7318,#7319,#7320));
#3169=AXIS2_PLACEMENT_3D('',#7321,#7322,#7323);
#3170=EDGE_LOOP('',(#7324,#7325,#7326,#7327));
#3171=AXIS2_PLACEMENT_3D('',#7328,#7329,#7330);
#3172=EDGE_LOOP('',(#7331,#7332,#7333,#7334,#7335));
#3173=AXIS2_PLACEMENT_3D('',#7336,#7337,#7338);
#3174=EDGE_LOOP('',(#7339,#7340,#7341,#7342,#7343,#7344));
#3175=AXIS2_PLACEMENT_3D('',#7345,#7346,#7347);
#3176=EDGE_LOOP('',(#7348,#7349,#7350,#7351,#7352,#7353,#7354));
#3177=AXIS2_PLACEMENT_3D('',#7355,#7356,#7357);
#3178=EDGE_LOOP('',(#7358,#7359,#7360,#7361));
#3179=AXIS2_PLACEMENT_3D('',#7362,#7363,#7364);
#3180=EDGE_LOOP('',(#7365,#7366,#7367,#7368,#7369,#7370));
#3181=AXIS2_PLACEMENT_3D('',#7371,#7372,#7373);
#3182=EDGE_LOOP('',(#7374,#7375,#7376,#7377));
#3183=AXIS2_PLACEMENT_3D('',#7378,#7379,#7380);
#3184=EDGE_LOOP('',(#7381,#7382,#7383,#7384));
#3185=AXIS2_PLACEMENT_3D('',#7385,#7386,#7387);
#3186=EDGE_LOOP('',(#7388,#7389,#7390,#7391));
#3187=AXIS2_PLACEMENT_3D('',#7392,#7393,#7394);
#3188=EDGE_LOOP('',(#7395,#7396,#7397,#7398));
#3189=AXIS2_PLACEMENT_3D('',#7399,#7400,#7401);
#3190=EDGE_LOOP('',(#7402,#7403,#7404,#7405,#7406,#7407,#7408));
#3191=AXIS2_PLACEMENT_3D('',#7409,#7410,#7411);
#3192=EDGE_LOOP('',(#7412,#7413,#7414,#7415,#7416,#7417));
#3193=AXIS2_PLACEMENT_3D('',#7418,#7419,#7420);
#3194=EDGE_LOOP('',(#7421,#7422,#7423,#7424,#7425));
#3195=AXIS2_PLACEMENT_3D('',#7426,#7427,#7428);
#3196=EDGE_LOOP('',(#7429,#7430,#7431,#7432));
#3197=AXIS2_PLACEMENT_3D('',#7433,#7434,#7435);
#3198=EDGE_LOOP('',(#7436,#7437,#7438,#7439));
#3199=AXIS2_PLACEMENT_3D('',#7440,#7441,#7442);
#3200=EDGE_LOOP('',(#7443,#7444,#7445,#7446));
#3201=AXIS2_PLACEMENT_3D('',#7447,#7448,#7449);
#3202=EDGE_LOOP('',(#7450,#7451,#7452,#7453));
#3203=AXIS2_PLACEMENT_3D('',#7454,#7455,#7456);
#3204=EDGE_LOOP('',(#7457,#7458,#7459,#7460));
#3205=AXIS2_PLACEMENT_3D('',#7461,#7462,#7463);
#3206=EDGE_LOOP('',(#7464,#7465,#7466,#7467));
#3207=AXIS2_PLACEMENT_3D('',#7468,#7469,#7470);
#3208=EDGE_LOOP('',(#7471,#7472,#7473,#7474));
#3209=AXIS2_PLACEMENT_3D('',#7475,#7476,#7477);
#3210=EDGE_LOOP('',(#7478,#7479,#7480,#7481));
#3211=AXIS2_PLACEMENT_3D('',#7482,#7483,#7484);
#3212=EDGE_LOOP('',(#7485,#7486,#7487,#7488));
#3213=AXIS2_PLACEMENT_3D('',#7489,#7490,#7491);
#3214=EDGE_LOOP('',(#7492,#7493,#7494,#7495));
#3215=AXIS2_PLACEMENT_3D('',#7496,#7497,#7498);
#3216=EDGE_LOOP('',(#7499,#7500,#7501,#7502));
#3217=AXIS2_PLACEMENT_3D('',#7503,#7504,#7505);
#3218=EDGE_LOOP('',(#7506,#7507,#7508,#7509));
#3219=AXIS2_PLACEMENT_3D('',#7510,#7511,#7512);
#3220=EDGE_LOOP('',(#7513,#7514,#7515,#7516));
#3221=AXIS2_PLACEMENT_3D('',#7517,#7518,#7519);
#3222=EDGE_LOOP('',(#7520,#7521,#7522,#7523));
#3223=AXIS2_PLACEMENT_3D('',#7524,#7525,#7526);
#3224=EDGE_LOOP('',(#7527,#7528,#7529,#7530));
#3225=AXIS2_PLACEMENT_3D('',#7531,#7532,#7533);
#3226=EDGE_LOOP('',(#7534,#7535,#7536,#7537));
#3227=AXIS2_PLACEMENT_3D('',#7538,#7539,#7540);
#3228=EDGE_LOOP('',(#7541,#7542,#7543,#7544,#7545,#7546,#7547,#7548,#7549,#7550,#7551,#7552));
#3229=AXIS2_PLACEMENT_3D('',#7553,#7554,#7555);
#3230=EDGE_LOOP('',(#7556,#7557,#7558,#7559));
#3231=AXIS2_PLACEMENT_3D('',#7560,#7561,#7562);
#3232=EDGE_LOOP('',(#7563,#7564,#7565,#7566));
#3233=AXIS2_PLACEMENT_3D('',#7567,#7568,#7569);
#3234=EDGE_LOOP('',(#7570,#7571,#7572,#7573));
#3235=AXIS2_PLACEMENT_3D('',#7574,#7575,#7576);
#3236=EDGE_LOOP('',(#7577,#7578,#7579,#7580));
#3237=AXIS2_PLACEMENT_3D('',#7581,#7582,#7583);
#3238=EDGE_LOOP('',(#7584,#7585,#7586,#7587));
#3239=AXIS2_PLACEMENT_3D('',#7588,#7589,#7590);
#3240=EDGE_LOOP('',(#7591,#7592,#7593,#7594));
#3241=AXIS2_PLACEMENT_3D('',#7595,#7596,#7597);
#3242=EDGE_LOOP('',(#7598,#7599,#7600,#7601));
#3243=AXIS2_PLACEMENT_3D('',#7602,#7603,#7604);
#3244=EDGE_LOOP('',(#7605,#7606,#7607,#7608));
#3245=AXIS2_PLACEMENT_3D('',#7609,#7610,#7611);
#3246=EDGE_LOOP('',(#7612,#7613,#7614,#7615,#7616,#7617,#7618,#7619,#7620,#7621,#7622,#7623));
#3247=AXIS2_PLACEMENT_3D('',#7624,#7625,#7626);
#3248=EDGE_LOOP('',(#7627,#7628,#7629,#7630));
#3249=AXIS2_PLACEMENT_3D('',#7631,#7632,#7633);
#3250=EDGE_LOOP('',(#7634,#7635,#7636,#7637));
#3251=AXIS2_PLACEMENT_3D('',#7638,#7639,#7640);
#3252=EDGE_LOOP('',(#7641,#7642,#7643,#7644));
#3253=AXIS2_PLACEMENT_3D('',#7645,#7646,#7647);
#3254=EDGE_LOOP('',(#7648,#7649,#7650,#7651));
#3255=AXIS2_PLACEMENT_3D('',#7652,#7653,#7654);
#3256=EDGE_LOOP('',(#7655,#7656,#7657,#7658));
#3257=AXIS2_PLACEMENT_3D('',#7659,#7660,#7661);
#3258=EDGE_LOOP('',(#7662,#7663,#7664,#7665));
#3259=AXIS2_PLACEMENT_3D('',#7666,#7667,#7668);
#3260=EDGE_LOOP('',(#7669,#7670,#7671,#7672));
#3261=AXIS2_PLACEMENT_3D('',#7673,#7674,#7675);
#3262=EDGE_LOOP('',(#7676,#7677,#7678,#7679));
#3263=AXIS2_PLACEMENT_3D('',#7680,#7681,#7682);
#3264=EDGE_LOOP('',(#7683,#7684,#7685,#7686));
#3265=AXIS2_PLACEMENT_3D('',#7687,#7688,#7689);
#3266=EDGE_LOOP('',(#7690,#7691,#7692,#7693));
#3267=AXIS2_PLACEMENT_3D('',#7694,#7695,#7696);
#3268=EDGE_LOOP('',(#7697,#7698,#7699,#7700));
#3269=AXIS2_PLACEMENT_3D('',#7701,#7702,#7703);
#3270=EDGE_LOOP('',(#7704,#7705,#7706,#7707));
#3271=AXIS2_PLACEMENT_3D('',#7708,#7709,#7710);
#3272=EDGE_LOOP('',(#7711,#7712,#7713,#7714,#7715,#7716,#7717,#7718,#7719,#7720,#7721,#7722));
#3273=AXIS2_PLACEMENT_3D('',#7723,#7724,#7725);
#3274=EDGE_LOOP('',(#7726,#7727,#7728,#7729));
#3275=AXIS2_PLACEMENT_3D('',#7730,#7731,#7732);
#3276=EDGE_LOOP('',(#7733,#7734,#7735,#7736));
#3277=AXIS2_PLACEMENT_3D('',#7737,#7738,#7739);
#3278=EDGE_LOOP('',(#7740,#7741,#7742,#7743));
#3279=AXIS2_PLACEMENT_3D('',#7744,#7745,#7746);
#3280=EDGE_LOOP('',(#7747,#7748,#7749,#7750));
#3281=AXIS2_PLACEMENT_3D('',#7751,#7752,#7753);
#3282=EDGE_LOOP('',(#7754,#7755,#7756,#7757));
#3283=AXIS2_PLACEMENT_3D('',#7758,#7759,#7760);
#3284=EDGE_LOOP('',(#7761,#7762,#7763,#7764));
#3285=AXIS2_PLACEMENT_3D('',#7765,#7766,#7767);
#3286=EDGE_LOOP('',(#7768,#7769,#7770,#7771));
#3287=AXIS2_PLACEMENT_3D('',#7772,#7773,#7774);
#3288=EDGE_LOOP('',(#7775,#7776,#7777,#7778));
#3289=AXIS2_PLACEMENT_3D('',#7779,#7780,#7781);
#3290=EDGE_LOOP('',(#7782,#7783,#7784,#7785));
#3291=AXIS2_PLACEMENT_3D('',#7786,#7787,#7788);
#3292=EDGE_LOOP('',(#7789,#7790,#7791,#7792));
#3293=AXIS2_PLACEMENT_3D('',#7793,#7794,#7795);
#3294=EDGE_LOOP('',(#7796,#7797,#7798,#7799));
#3295=AXIS2_PLACEMENT_3D('',#7800,#7801,#7802);
#3296=EDGE_LOOP('',(#7803,#7804,#7805,#7806));
#3297=AXIS2_PLACEMENT_3D('',#7807,#7808,#7809);
#3298=EDGE_LOOP('',(#7810,#7811,#7812,#7813,#7814,#7815,#7816,#7817,#7818,#7819,#7820,#7821));
#3299=AXIS2_PLACEMENT_3D('',#7822,#7823,#7824);
#3300=EDGE_LOOP('',(#7825,#7826,#7827,#7828));
#3301=AXIS2_PLACEMENT_3D('',#7829,#7830,#7831);
#3302=EDGE_LOOP('',(#7832,#7833,#7834,#7835));
#3303=AXIS2_PLACEMENT_3D('',#7836,#7837,#7838);
#3304=EDGE_LOOP('',(#7839,#7840,#7841,#7842));
#3305=AXIS2_PLACEMENT_3D('',#7843,#7844,#7845);
#3306=EDGE_LOOP('',(#7846,#7847,#7848,#7849));
#3307=AXIS2_PLACEMENT_3D('',#7850,#7851,#7852);
#3308=EDGE_LOOP('',(#7853,#7854,#7855,#7856));
#3309=AXIS2_PLACEMENT_3D('',#7857,#7858,#7859);
#3310=EDGE_LOOP('',(#7860,#7861,#7862,#7863));
#3311=AXIS2_PLACEMENT_3D('',#7864,#7865,#7866);
#3312=EDGE_LOOP('',(#7867,#7868,#7869,#7870));
#3313=AXIS2_PLACEMENT_3D('',#7871,#7872,#7873);
#3314=EDGE_LOOP('',(#7874,#7875,#7876,#7877));
#3315=AXIS2_PLACEMENT_3D('',#7878,#7879,#7880);
#3316=EDGE_LOOP('',(#7881,#7882,#7883,#7884));
#3317=AXIS2_PLACEMENT_3D('',#7885,#7886,#7887);
#3318=EDGE_LOOP('',(#7888,#7889,#7890,#7891));
#3319=AXIS2_PLACEMENT_3D('',#7892,#7893,#7894);
#3320=EDGE_LOOP('',(#7895,#7896,#7897,#7898));
#3321=AXIS2_PLACEMENT_3D('',#7899,#7900,#7901);
#3322=EDGE_LOOP('',(#7902,#7903,#7904,#7905));
#3323=AXIS2_PLACEMENT_3D('',#7906,#7907,#7908);
#3324=EDGE_LOOP('',(#7909,#7910,#7911,#7912,#7913,#7914,#7915,#7916,#7917,#7918,#7919,#7920));
#3325=AXIS2_PLACEMENT_3D('',#7921,#7922,#7923);
#3326=EDGE_LOOP('',(#7924,#7925,#7926,#7927));
#3327=AXIS2_PLACEMENT_3D('',#7928,#7929,#7930);
#3328=EDGE_LOOP('',(#7931,#7932,#7933,#7934));
#3329=AXIS2_PLACEMENT_3D('',#7935,#7936,#7937);
#3330=EDGE_LOOP('',(#7938,#7939,#7940,#7941));
#3331=AXIS2_PLACEMENT_3D('',#7942,#7943,#7944);
#3332=EDGE_LOOP('',(#7945,#7946,#7947,#7948));
#3333=AXIS2_PLACEMENT_3D('',#7949,#7950,#7951);
#3334=EDGE_LOOP('',(#7952,#7953,#7954,#7955));
#3335=AXIS2_PLACEMENT_3D('',#7956,#7957,#7958);
#3336=EDGE_LOOP('',(#7959,#7960,#7961,#7962));
#3337=AXIS2_PLACEMENT_3D('',#7963,#7964,#7965);
#3338=EDGE_LOOP('',(#7966,#7967,#7968,#7969));
#3339=AXIS2_PLACEMENT_3D('',#7970,#7971,#7972);
#3340=EDGE_LOOP('',(#7973,#7974,#7975,#7976));
#3341=AXIS2_PLACEMENT_3D('',#7977,#7978,#7979);
#3342=EDGE_LOOP('',(#7980,#7981,#7982,#7983));
#3343=AXIS2_PLACEMENT_3D('',#7984,#7985,#7986);
#3344=EDGE_LOOP('',(#7987,#7988,#7989,#7990));
#3345=AXIS2_PLACEMENT_3D('',#7991,#7992,#7993);
#3346=EDGE_LOOP('',(#7994,#7995,#7996,#7997));
#3347=AXIS2_PLACEMENT_3D('',#7998,#7999,#8000);
#3348=EDGE_LOOP('',(#8001,#8002,#8003,#8004));
#3349=AXIS2_PLACEMENT_3D('',#8005,#8006,#8007);
#3350=EDGE_LOOP('',(#8008,#8009,#8010,#8011,#8012,#8013,#8014,#8015,#8016,#8017,#8018,#8019));
#3351=AXIS2_PLACEMENT_3D('',#8020,#8021,#8022);
#3352=EDGE_LOOP('',(#8023,#8024,#8025,#8026));
#3353=AXIS2_PLACEMENT_3D('',#8027,#8028,#8029);
#3354=EDGE_LOOP('',(#8030,#8031,#8032,#8033));
#3355=AXIS2_PLACEMENT_3D('',#8034,#8035,#8036);
#3356=EDGE_LOOP('',(#8037,#8038,#8039,#8040));
#3357=AXIS2_PLACEMENT_3D('',#8041,#8042,#8043);
#3358=EDGE_LOOP('',(#8044,#8045,#8046,#8047));
#3359=AXIS2_PLACEMENT_3D('',#8048,#8049,#8050);
#3360=EDGE_LOOP('',(#8051,#8052,#8053,#8054));
#3361=AXIS2_PLACEMENT_3D('',#8055,#8056,#8057);
#3362=EDGE_LOOP('',(#8058,#8059,#8060,#8061));
#3363=AXIS2_PLACEMENT_3D('',#8062,#8063,#8064);
#3364=EDGE_LOOP('',(#8065,#8066,#8067,#8068));
#3365=AXIS2_PLACEMENT_3D('',#8069,#8070,#8071);
#3366=EDGE_LOOP('',(#8072,#8073,#8074,#8075));
#3367=AXIS2_PLACEMENT_3D('',#8076,#8077,#8078);
#3368=EDGE_LOOP('',(#8079,#8080,#8081,#8082));
#3369=AXIS2_PLACEMENT_3D('',#8083,#8084,#8085);
#3370=EDGE_LOOP('',(#8086,#8087,#8088,#8089));
#3371=AXIS2_PLACEMENT_3D('',#8090,#8091,#8092);
#3372=EDGE_LOOP('',(#8093,#8094,#8095,#8096));
#3373=AXIS2_PLACEMENT_3D('',#8097,#8098,#8099);
#3374=EDGE_LOOP('',(#8100,#8101,#8102,#8103));
#3375=AXIS2_PLACEMENT_3D('',#8104,#8105,#8106);
#3376=EDGE_LOOP('',(#8107,#8108,#8109,#8110,#8111,#8112,#8113,#8114,#8115,#8116,#8117,#8118));
#3377=AXIS2_PLACEMENT_3D('',#8119,#8120,#8121);
#3378=EDGE_LOOP('',(#8122,#8123,#8124,#8125));
#3379=AXIS2_PLACEMENT_3D('',#8126,#8127,#8128);
#3380=EDGE_LOOP('',(#8129,#8130,#8131,#8132));
#3381=AXIS2_PLACEMENT_3D('',#8133,#8134,#8135);
#3382=EDGE_LOOP('',(#8136,#8137,#8138,#8139));
#3383=AXIS2_PLACEMENT_3D('',#8140,#8141,#8142);
#3384=EDGE_LOOP('',(#8143,#8144,#8145,#8146));
#3385=AXIS2_PLACEMENT_3D('',#8147,#8148,#8149);
#3386=EDGE_LOOP('',(#8150,#8151,#8152,#8153));
#3387=AXIS2_PLACEMENT_3D('',#8154,#8155,#8156);
#3388=EDGE_LOOP('',(#8157,#8158,#8159,#8160));
#3389=AXIS2_PLACEMENT_3D('',#8161,#8162,#8163);
#3390=EDGE_LOOP('',(#8164,#8165,#8166,#8167));
#3391=AXIS2_PLACEMENT_3D('',#8168,#8169,#8170);
#3392=EDGE_LOOP('',(#8171,#8172,#8173,#8174));
#3393=AXIS2_PLACEMENT_3D('',#8175,#8176,#8177);
#3394=EDGE_LOOP('',(#8178,#8179,#8180,#8181));
#3395=AXIS2_PLACEMENT_3D('',#8182,#8183,#8184);
#3396=EDGE_LOOP('',(#8185,#8186,#8187,#8188));
#3397=AXIS2_PLACEMENT_3D('',#8189,#8190,#8191);
#3398=EDGE_LOOP('',(#8192,#8193,#8194,#8195));
#3399=AXIS2_PLACEMENT_3D('',#8196,#8197,#8198);
#3400=EDGE_LOOP('',(#8199,#8200,#8201,#8202));
#3401=AXIS2_PLACEMENT_3D('',#8203,#8204,#8205);
#3402=EDGE_LOOP('',(#8206,#8207,#8208,#8209,#8210,#8211,#8212,#8213));
#3403=AXIS2_PLACEMENT_3D('',#8214,#8215,#8216);
#3404=EDGE_LOOP('',(#8217,#8218,#8219));
#3405=AXIS2_PLACEMENT_3D('',#8220,#8221,#8222);
#3406=EDGE_LOOP('',(#8223,#8224,#8225,#8226));
#3407=AXIS2_PLACEMENT_3D('',#8227,#8228,#8229);
#3408=EDGE_LOOP('',(#8230,#8231,#8232,#8233));
#3409=EDGE_LOOP('',(#8234,#8235));
#3410=AXIS2_PLACEMENT_3D('',#8236,#8237,#8238);
#3411=EDGE_LOOP('',(#8239,#8240,#8241,#8242));
#3412=AXIS2_PLACEMENT_3D('',#8243,#8244,#8245);
#3413=EDGE_LOOP('',(#8246,#8247,#8248,#8249));
#3414=AXIS2_PLACEMENT_3D('',#8250,#8251,#8252);
#3415=EDGE_LOOP('',(#8253,#8254));
#3416=AXIS2_PLACEMENT_3D('',#8255,#8256,#8257);
#3417=EDGE_LOOP('',(#8258,#8259,#8260,#8261));
#3418=AXIS2_PLACEMENT_3D('',#8262,#8263,#8264);
#3419=EDGE_LOOP('',(#8265,#8266,#8267));
#3420=AXIS2_PLACEMENT_3D('',#8268,#8269,#8270);
#3421=EDGE_LOOP('',(#8271,#8272,#8273,#8274,#8275,#8276,#8277,#8278));
#3422=AXIS2_PLACEMENT_3D('',#8279,#8280,#8281);
#3423=EDGE_LOOP('',(#8282,#8283,#8284));
#3424=AXIS2_PLACEMENT_3D('',#8285,#8286,#8287);
#3425=EDGE_LOOP('',(#8288,#8289,#8290,#8291));
#3426=AXIS2_PLACEMENT_3D('',#8292,#8293,#8294);
#3427=EDGE_LOOP('',(#8295,#8296,#8297,#8298));
#3428=EDGE_LOOP('',(#8299,#8300));
#3429=AXIS2_PLACEMENT_3D('',#8301,#8302,#8303);
#3430=EDGE_LOOP('',(#8304,#8305,#8306,#8307));
#3431=AXIS2_PLACEMENT_3D('',#8308,#8309,#8310);
#3432=EDGE_LOOP('',(#8311,#8312,#8313,#8314));
#3433=AXIS2_PLACEMENT_3D('',#8315,#8316,#8317);
#3434=EDGE_LOOP('',(#8318,#8319));
#3435=AXIS2_PLACEMENT_3D('',#8320,#8321,#8322);
#3436=EDGE_LOOP('',(#8323,#8324,#8325,#8326));
#3437=AXIS2_PLACEMENT_3D('',#8327,#8328,#8329);
#3438=EDGE_LOOP('',(#8330,#8331,#8332));
#3439=AXIS2_PLACEMENT_3D('',#8333,#8334,#8335);
#3440=EDGE_LOOP('',(#8336,#8337,#8338,#8339,#8340,#8341,#8342,#8343));
#3441=AXIS2_PLACEMENT_3D('',#8344,#8345,#8346);
#3442=EDGE_LOOP('',(#8347,#8348,#8349));
#3443=AXIS2_PLACEMENT_3D('',#8350,#8351,#8352);
#3444=EDGE_LOOP('',(#8353,#8354,#8355,#8356));
#3445=AXIS2_PLACEMENT_3D('',#8357,#8358,#8359);
#3446=EDGE_LOOP('',(#8360,#8361,#8362,#8363));
#3447=EDGE_LOOP('',(#8364,#8365));
#3448=AXIS2_PLACEMENT_3D('',#8366,#8367,#8368);
#3449=EDGE_LOOP('',(#8369,#8370,#8371,#8372));
#3450=AXIS2_PLACEMENT_3D('',#8373,#8374,#8375);
#3451=EDGE_LOOP('',(#8376,#8377,#8378,#8379));
#3452=AXIS2_PLACEMENT_3D('',#8380,#8381,#8382);
#3453=EDGE_LOOP('',(#8383,#8384));
#3454=AXIS2_PLACEMENT_3D('',#8385,#8386,#8387);
#3455=EDGE_LOOP('',(#8388,#8389,#8390,#8391));
#3456=AXIS2_PLACEMENT_3D('',#8392,#8393,#8394);
#3457=EDGE_LOOP('',(#8395,#8396,#8397));
#3458=AXIS2_PLACEMENT_3D('',#8398,#8399,#8400);
#3459=EDGE_LOOP('',(#8401,#8402,#8403,#8404,#8405,#8406,#8407,#8408));
#3460=AXIS2_PLACEMENT_3D('',#8409,#8410,#8411);
#3461=EDGE_LOOP('',(#8412,#8413,#8414));
#3462=AXIS2_PLACEMENT_3D('',#8415,#8416,#8417);
#3463=EDGE_LOOP('',(#8418,#8419,#8420,#8421));
#3464=AXIS2_PLACEMENT_3D('',#8422,#8423,#8424);
#3465=EDGE_LOOP('',(#8425,#8426,#8427,#8428));
#3466=EDGE_LOOP('',(#8429,#8430));
#3467=AXIS2_PLACEMENT_3D('',#8431,#8432,#8433);
#3468=EDGE_LOOP('',(#8434,#8435,#8436,#8437));
#3469=AXIS2_PLACEMENT_3D('',#8438,#8439,#8440);
#3470=EDGE_LOOP('',(#8441,#8442,#8443,#8444));
#3471=AXIS2_PLACEMENT_3D('',#8445,#8446,#8447);
#3472=EDGE_LOOP('',(#8448,#8449));
#3473=AXIS2_PLACEMENT_3D('',#8450,#8451,#8452);
#3474=EDGE_LOOP('',(#8453,#8454,#8455,#8456));
#3475=AXIS2_PLACEMENT_3D('',#8457,#8458,#8459);
#3476=EDGE_LOOP('',(#8460,#8461,#8462));
#3477=AXIS2_PLACEMENT_3D('',#8463,#8464,#8465);
#3478=EDGE_LOOP('',(#8466,#8467,#8468,#8469));
#3479=AXIS2_PLACEMENT_3D('',#8470,#8471,#8472);
#3480=EDGE_LOOP('',(#8473,#8474,#8475,#8476));
#3481=AXIS2_PLACEMENT_3D('',#8477,#8478,#8479);
#3482=EDGE_LOOP('',(#8480,#8481,#8482,#8483));
#3483=AXIS2_PLACEMENT_3D('',#8484,#8485,#8486);
#3484=EDGE_LOOP('',(#8487,#8488,#8489,#8490));
#3485=AXIS2_PLACEMENT_3D('',#8491,#8492,#8493);
#3486=EDGE_LOOP('',(#8494,#8495,#8496,#8497));
#3487=AXIS2_PLACEMENT_3D('',#8498,#8499,#8500);
#3488=EDGE_LOOP('',(#8501,#8502,#8503,#8504));
#3489=AXIS2_PLACEMENT_3D('',#8505,#8506,#8507);
#3490=EDGE_LOOP('',(#8508,#8509));
#3491=AXIS2_PLACEMENT_3D('',#8510,#8511,#8512);
#3492=EDGE_LOOP('',(#8513,#8514,#8515,#8516));
#3493=AXIS2_PLACEMENT_3D('',#8517,#8518,#8519);
#3494=EDGE_LOOP('',(#8520,#8521,#8522,#8523));
#3495=AXIS2_PLACEMENT_3D('',#8524,#8525,#8526);
#3496=EDGE_LOOP('',(#8527,#8528,#8529,#8530,#8531,#8532,#8533,#8534,#8535,#8536,#8537,#8538,#8539,#8540,#8541,#8542,#8543,#8544));
#3497=EDGE_LOOP('',(#8545,#8546,#8547,#8548));
#3498=EDGE_LOOP('',(#8549,#8550,#8551,#8552));
#3499=EDGE_LOOP('',(#8553,#8554,#8555,#8556));
#3500=EDGE_LOOP('',(#8557,#8558,#8559,#8560));
#3501=EDGE_LOOP('',(#8561,#8562,#8563,#8564));
#3502=EDGE_LOOP('',(#8565,#8566,#8567,#8568));
#3503=EDGE_LOOP('',(#8569,#8570));
#3504=EDGE_LOOP('',(#8571,#8572,#8573,#8574));
#3505=AXIS2_PLACEMENT_3D('',#8575,#8576,#8577);
#3506=EDGE_LOOP('',(#8578,#8579,#8580,#8581));
#3507=AXIS2_PLACEMENT_3D('',#8582,#8583,#8584);
#3508=EDGE_LOOP('',(#8585,#8586,#8587,#8588));
#3509=AXIS2_PLACEMENT_3D('',#8589,#8590,#8591);
#3510=EDGE_LOOP('',(#8592,#8593,#8594,#8595));
#3511=AXIS2_PLACEMENT_3D('',#8596,#8597,#8598);
#3512=EDGE_LOOP('',(#8599,#8600,#8601,#8602));
#3513=AXIS2_PLACEMENT_3D('',#8603,#8604,#8605);
#3514=EDGE_LOOP('',(#8606,#8607,#8608,#8609));
#3515=AXIS2_PLACEMENT_3D('',#8610,#8611,#8612);
#3516=EDGE_LOOP('',(#8613,#8614,#8615,#8616));
#3517=AXIS2_PLACEMENT_3D('',#8617,#8618,#8619);
#3518=EDGE_LOOP('',(#8620,#8621,#8622,#8623));
#3519=AXIS2_PLACEMENT_3D('',#8624,#8625,#8626);
#3520=EDGE_LOOP('',(#8627,#8628,#8629,#8630));
#3521=AXIS2_PLACEMENT_3D('',#8631,#8632,#8633);
#3522=EDGE_LOOP('',(#8634,#8635,#8636,#8637));
#3523=AXIS2_PLACEMENT_3D('',#8638,#8639,#8640);
#3524=EDGE_LOOP('',(#8641,#8642,#8643,#8644));
#3525=AXIS2_PLACEMENT_3D('',#8645,#8646,#8647);
#3526=EDGE_LOOP('',(#8648,#8649,#8650,#8651));
#3527=AXIS2_PLACEMENT_3D('',#8652,#8653,#8654);
#3528=EDGE_LOOP('',(#8655,#8656,#8657,#8658));
#3529=AXIS2_PLACEMENT_3D('',#8659,#8660,#8661);
#3530=EDGE_LOOP('',(#8662,#8663,#8664,#8665));
#3531=AXIS2_PLACEMENT_3D('',#8666,#8667,#8668);
#3532=EDGE_LOOP('',(#8669,#8670,#8671,#8672));
#3533=AXIS2_PLACEMENT_3D('',#8673,#8674,#8675);
#3534=EDGE_LOOP('',(#8676,#8677,#8678,#8679));
#3535=AXIS2_PLACEMENT_3D('',#8680,#8681,#8682);
#3536=EDGE_LOOP('',(#8683,#8684,#8685,#8686));
#3537=AXIS2_PLACEMENT_3D('',#8687,#8688,#8689);
#3538=EDGE_LOOP('',(#8690,#8691,#8692,#8693));
#3539=AXIS2_PLACEMENT_3D('',#8694,#8695,#8696);
#3540=EDGE_LOOP('',(#8697,#8698,#8699,#8700));
#3541=AXIS2_PLACEMENT_3D('',#8701,#8702,#8703);
#3542=EDGE_LOOP('',(#8704,#8705,#8706,#8707));
#3543=AXIS2_PLACEMENT_3D('',#8708,#8709,#8710);
#3544=EDGE_LOOP('',(#8711,#8712,#8713,#8714));
#3545=AXIS2_PLACEMENT_3D('',#8715,#8716,#8717);
#3546=EDGE_LOOP('',(#8718,#8719,#8720,#8721));
#3547=AXIS2_PLACEMENT_3D('',#8722,#8723,#8724);
#3548=EDGE_LOOP('',(#8725,#8726,#8727,#8728));
#3549=AXIS2_PLACEMENT_3D('',#8729,#8730,#8731);
#3550=EDGE_LOOP('',(#8732,#8733,#8734,#8735));
#3551=AXIS2_PLACEMENT_3D('',#8736,#8737,#8738);
#3552=EDGE_LOOP('',(#8739,#8740,#8741,#8742));
#3553=AXIS2_PLACEMENT_3D('',#8743,#8744,#8745);
#3554=EDGE_LOOP('',(#8746,#8747,#8748,#8749));
#3555=AXIS2_PLACEMENT_3D('',#8750,#8751,#8752);
#3556=EDGE_LOOP('',(#8753,#8754,#8755,#8756));
#3557=AXIS2_PLACEMENT_3D('',#8757,#8758,#8759);
#3558=EDGE_LOOP('',(#8760,#8761,#8762,#8763));
#3559=AXIS2_PLACEMENT_3D('',#8764,#8765,#8766);
#3560=EDGE_LOOP('',(#8767,#8768,#8769,#8770));
#3561=AXIS2_PLACEMENT_3D('',#8771,#8772,#8773);
#3562=EDGE_LOOP('',(#8774,#8775,#8776,#8777));
#3563=AXIS2_PLACEMENT_3D('',#8778,#8779,#8780);
#3564=EDGE_LOOP('',(#8781,#8782,#8783,#8784));
#3565=AXIS2_PLACEMENT_3D('',#8785,#8786,#8787);
#3566=EDGE_LOOP('',(#8788,#8789,#8790,#8791));
#3567=AXIS2_PLACEMENT_3D('',#8792,#8793,#8794);
#3568=EDGE_LOOP('',(#8795,#8796,#8797,#8798));
#3569=AXIS2_PLACEMENT_3D('',#8799,#8800,#8801);
#3570=EDGE_LOOP('',(#8802,#8803,#8804,#8805));
#3571=AXIS2_PLACEMENT_3D('',#8806,#8807,#8808);
#3572=EDGE_LOOP('',(#8809,#8810,#8811,#8812));
#3573=AXIS2_PLACEMENT_3D('',#8813,#8814,#8815);
#3574=EDGE_LOOP('',(#8816,#8817,#8818,#8819));
#3575=AXIS2_PLACEMENT_3D('',#8820,#8821,#8822);
#3576=EDGE_LOOP('',(#8823,#8824,#8825,#8826));
#3577=AXIS2_PLACEMENT_3D('',#8827,#8828,#8829);
#3578=EDGE_LOOP('',(#8830,#8831,#8832,#8833));
#3579=AXIS2_PLACEMENT_3D('',#8834,#8835,#8836);
#3580=EDGE_LOOP('',(#8837,#8838,#8839,#8840));
#3581=AXIS2_PLACEMENT_3D('',#8841,#8842,#8843);
#3582=EDGE_LOOP('',(#8844,#8845,#8846,#8847));
#3583=AXIS2_PLACEMENT_3D('',#8848,#8849,#8850);
#3584=EDGE_LOOP('',(#8851,#8852,#8853,#8854));
#3585=AXIS2_PLACEMENT_3D('',#8855,#8856,#8857);
#3586=EDGE_LOOP('',(#8858,#8859,#8860,#8861));
#3587=AXIS2_PLACEMENT_3D('',#8862,#8863,#8864);
#3588=EDGE_LOOP('',(#8865,#8866,#8867,#8868));
#3589=AXIS2_PLACEMENT_3D('',#8869,#8870,#8871);
#3590=EDGE_LOOP('',(#8872,#8873,#8874,#8875));
#3591=AXIS2_PLACEMENT_3D('',#8876,#8877,#8878);
#3592=EDGE_LOOP('',(#8879,#8880,#8881,#8882));
#3593=AXIS2_PLACEMENT_3D('',#8883,#8884,#8885);
#3594=EDGE_LOOP('',(#8886,#8887,#8888,#8889));
#3595=AXIS2_PLACEMENT_3D('',#8890,#8891,#8892);
#3596=EDGE_LOOP('',(#8893,#8894,#8895,#8896));
#3597=AXIS2_PLACEMENT_3D('',#8897,#8898,#8899);
#3598=EDGE_LOOP('',(#8900,#8901,#8902,#8903));
#3599=AXIS2_PLACEMENT_3D('',#8904,#8905,#8906);
#3600=EDGE_LOOP('',(#8907,#8908,#8909,#8910));
#3601=AXIS2_PLACEMENT_3D('',#8911,#8912,#8913);
#3602=EDGE_LOOP('',(#8914,#8915,#8916,#8917));
#3603=AXIS2_PLACEMENT_3D('',#8918,#8919,#8920);
#3604=EDGE_LOOP('',(#8921,#8922,#8923,#8924));
#3605=AXIS2_PLACEMENT_3D('',#8925,#8926,#8927);
#3606=EDGE_LOOP('',(#8928,#8929,#8930,#8931));
#3607=AXIS2_PLACEMENT_3D('',#8932,#8933,#8934);
#3608=EDGE_LOOP('',(#8935,#8936,#8937,#8938));
#3609=AXIS2_PLACEMENT_3D('',#8939,#8940,#8941);
#3610=EDGE_LOOP('',(#8942,#8943,#8944,#8945));
#3611=AXIS2_PLACEMENT_3D('',#8946,#8947,#8948);
#3612=EDGE_LOOP('',(#8949,#8950,#8951,#8952));
#3613=AXIS2_PLACEMENT_3D('',#8953,#8954,#8955);
#3614=EDGE_LOOP('',(#8956,#8957,#8958,#8959));
#3615=AXIS2_PLACEMENT_3D('',#8960,#8961,#8962);
#3616=EDGE_LOOP('',(#8963,#8964,#8965,#8966));
#3617=AXIS2_PLACEMENT_3D('',#8967,#8968,#8969);
#3618=EDGE_LOOP('',(#8970,#8971,#8972,#8973));
#3619=AXIS2_PLACEMENT_3D('',#8974,#8975,#8976);
#3620=EDGE_LOOP('',(#8977,#8978,#8979,#8980));
#3621=AXIS2_PLACEMENT_3D('',#8981,#8982,#8983);
#3622=EDGE_LOOP('',(#8984,#8985,#8986,#8987));
#3623=AXIS2_PLACEMENT_3D('',#8988,#8989,#8990);
#3624=EDGE_LOOP('',(#8991,#8992,#8993,#8994));
#3625=AXIS2_PLACEMENT_3D('',#8995,#8996,#8997);
#3626=EDGE_LOOP('',(#8998,#8999,#9000,#9001));
#3627=AXIS2_PLACEMENT_3D('',#9002,#9003,#9004);
#3628=EDGE_LOOP('',(#9005,#9006,#9007,#9008));
#3629=AXIS2_PLACEMENT_3D('',#9009,#9010,#9011);
#3630=EDGE_LOOP('',(#9012,#9013,#9014,#9015));
#3631=AXIS2_PLACEMENT_3D('',#9016,#9017,#9018);
#3632=EDGE_LOOP('',(#9019,#9020,#9021,#9022));
#3633=AXIS2_PLACEMENT_3D('',#9023,#9024,#9025);
#3634=EDGE_LOOP('',(#9026,#9027,#9028,#9029));
#3635=AXIS2_PLACEMENT_3D('',#9030,#9031,#9032);
#3636=EDGE_LOOP('',(#9033,#9034,#9035,#9036));
#3637=AXIS2_PLACEMENT_3D('',#9037,#9038,#9039);
#3638=EDGE_LOOP('',(#9040,#9041,#9042,#9043));
#3639=AXIS2_PLACEMENT_3D('',#9044,#9045,#9046);
#3640=EDGE_LOOP('',(#9047,#9048,#9049,#9050));
#3641=AXIS2_PLACEMENT_3D('',#9051,#9052,#9053);
#3642=EDGE_LOOP('',(#9054,#9055,#9056,#9057));
#3643=AXIS2_PLACEMENT_3D('',#9058,#9059,#9060);
#3644=EDGE_LOOP('',(#9061,#9062,#9063,#9064));
#3645=AXIS2_PLACEMENT_3D('',#9065,#9066,#9067);
#3646=EDGE_LOOP('',(#9068,#9069,#9070,#9071));
#3647=AXIS2_PLACEMENT_3D('',#9072,#9073,#9074);
#3648=EDGE_LOOP('',(#9075,#9076,#9077,#9078));
#3649=AXIS2_PLACEMENT_3D('',#9079,#9080,#9081);
#3650=EDGE_LOOP('',(#9082,#9083,#9084,#9085));
#3651=AXIS2_PLACEMENT_3D('',#9086,#9087,#9088);
#3652=EDGE_LOOP('',(#9089,#9090,#9091,#9092));
#3653=AXIS2_PLACEMENT_3D('',#9093,#9094,#9095);
#3654=EDGE_LOOP('',(#9096,#9097,#9098,#9099,#9100,#9101,#9102,#9103));
#3655=AXIS2_PLACEMENT_3D('',#9104,#9105,#9106);
#3656=EDGE_LOOP('',(#9107,#9108,#9109,#9110));
#3657=AXIS2_PLACEMENT_3D('',#9111,#9112,#9113);
#3658=EDGE_LOOP('',(#9114,#9115,#9116,#9117,#9118,#9119,#9120,#9121));
#3659=AXIS2_PLACEMENT_3D('',#9122,#9123,#9124);
#3660=EDGE_LOOP('',(#9125,#9126,#9127,#9128));
#3661=AXIS2_PLACEMENT_3D('',#9129,#9130,#9131);
#3662=EDGE_LOOP('',(#9132,#9133,#9134,#9135,#9136,#9137,#9138,#9139));
#3663=AXIS2_PLACEMENT_3D('',#9140,#9141,#9142);
#3664=EDGE_LOOP('',(#9143,#9144,#9145,#9146));
#3665=AXIS2_PLACEMENT_3D('',#9147,#9148,#9149);
#3666=EDGE_LOOP('',(#9150,#9151,#9152,#9153,#9154,#9155,#9156,#9157));
#3667=AXIS2_PLACEMENT_3D('',#9158,#9159,#9160);
#3668=EDGE_LOOP('',(#9161,#9162,#9163,#9164,#9165,#9166,#9167,#9168));
#3669=AXIS2_PLACEMENT_3D('',#9169,#9170,#9171);
#3670=EDGE_LOOP('',(#9172,#9173,#9174,#9175));
#3671=AXIS2_PLACEMENT_3D('',#9176,#9177,#9178);
#3672=EDGE_LOOP('',(#9179,#9180,#9181,#9182));
#3673=AXIS2_PLACEMENT_3D('',#9183,#9184,#9185);
#3674=EDGE_LOOP('',(#9186,#9187,#9188,#9189));
#3675=AXIS2_PLACEMENT_3D('',#9190,#9191,#9192);
#3676=EDGE_LOOP('',(#9193,#9194,#9195,#9196));
#3677=AXIS2_PLACEMENT_3D('',#9197,#9198,#9199);
#3678=EDGE_LOOP('',(#9200,#9201,#9202,#9203,#9204,#9205,#9206,#9207));
#3679=AXIS2_PLACEMENT_3D('',#9208,#9209,#9210);
#3680=EDGE_LOOP('',(#9211,#9212,#9213,#9214));
#3681=AXIS2_PLACEMENT_3D('',#9215,#9216,#9217);
#3682=EDGE_LOOP('',(#9218,#9219,#9220,#9221,#9222,#9223,#9224,#9225));
#3683=AXIS2_PLACEMENT_3D('',#9226,#9227,#9228);
#3684=EDGE_LOOP('',(#9229,#9230,#9231,#9232));
#3685=AXIS2_PLACEMENT_3D('',#9233,#9234,#9235);
#3686=EDGE_LOOP('',(#9236,#9237,#9238,#9239));
#3687=AXIS2_PLACEMENT_3D('',#9240,#9241,#9242);
#3688=EDGE_LOOP('',(#9243,#9244,#9245,#9246));
#3689=AXIS2_PLACEMENT_3D('',#9247,#9248,#9249);
#3690=EDGE_LOOP('',(#9250,#9251,#9252,#9253));
#3691=AXIS2_PLACEMENT_3D('',#9254,#9255,#9256);
#3692=EDGE_LOOP('',(#9257,#9258,#9259,#9260));
#3693=AXIS2_PLACEMENT_3D('',#9261,#9262,#9263);
#3694=EDGE_LOOP('',(#9264,#9265,#9266,#9267));
#3695=AXIS2_PLACEMENT_3D('',#9268,#9269,#9270);
#3696=EDGE_LOOP('',(#9271,#9272,#9273,#9274));
#3697=AXIS2_PLACEMENT_3D('',#9275,#9276,#9277);
#3698=EDGE_LOOP('',(#9278,#9279,#9280,#9281));
#3699=AXIS2_PLACEMENT_3D('',#9282,#9283,#9284);
#3700=EDGE_LOOP('',(#9285,#9286,#9287,#9288,#9289,#9290,#9291,#9292,#9293,#9294));
#3701=AXIS2_PLACEMENT_3D('',#9295,#9296,#9297);
#3702=EDGE_LOOP('',(#9298,#9299,#9300,#9301));
#3703=AXIS2_PLACEMENT_3D('',#9302,#9303,#9304);
#3704=EDGE_LOOP('',(#9305,#9306,#9307,#9308));
#3705=AXIS2_PLACEMENT_3D('',#9309,#9310,#9311);
#3706=EDGE_LOOP('',(#9312,#9313,#9314,#9315));
#3707=AXIS2_PLACEMENT_3D('',#9316,#9317,#9318);
#3708=EDGE_LOOP('',(#9319,#9320,#9321,#9322));
#3709=AXIS2_PLACEMENT_3D('',#9323,#9324,#9325);
#3710=EDGE_LOOP('',(#9326,#9327,#9328,#9329));
#3711=AXIS2_PLACEMENT_3D('',#9330,#9331,#9332);
#3712=EDGE_LOOP('',(#9333,#9334,#9335,#9336,#9337,#9338,#9339,#9340,#9341,#9342));
#3713=AXIS2_PLACEMENT_3D('',#9343,#9344,#9345);
#3714=EDGE_LOOP('',(#9346,#9347,#9348,#9349));
#3715=AXIS2_PLACEMENT_3D('',#9350,#9351,#9352);
#3716=EDGE_LOOP('',(#9353,#9354,#9355,#9356));
#3717=AXIS2_PLACEMENT_3D('',#9357,#9358,#9359);
#3718=EDGE_LOOP('',(#9360,#9361,#9362,#9363));
#3719=AXIS2_PLACEMENT_3D('',#9364,#9365,#9366);
#3720=EDGE_LOOP('',(#9367,#9368,#9369,#9370,#9371,#9372,#9373,#9374,#9375,#9376,#9377,#9378,#9379,#9380));
#3721=AXIS2_PLACEMENT_3D('',#9381,#9382,#9383);
#3722=EDGE_LOOP('',(#9384,#9385,#9386,#9387));
#3723=AXIS2_PLACEMENT_3D('',#9388,#9389,#9390);
#3724=EDGE_LOOP('',(#9391,#9392,#9393,#9394));
#3725=AXIS2_PLACEMENT_3D('',#9395,#9396,#9397);
#3726=EDGE_LOOP('',(#9398,#9399,#9400,#9401));
#3727=AXIS2_PLACEMENT_3D('',#9402,#9403,#9404);
#3728=EDGE_LOOP('',(#9405,#9406,#9407,#9408));
#3729=AXIS2_PLACEMENT_3D('',#9409,#9410,#9411);
#3730=EDGE_LOOP('',(#9412,#9413,#9414,#9415));
#3731=AXIS2_PLACEMENT_3D('',#9416,#9417,#9418);
#3732=EDGE_LOOP('',(#9419,#9420,#9421,#9422));
#3733=AXIS2_PLACEMENT_3D('',#9423,#9424,#9425);
#3734=EDGE_LOOP('',(#9426,#9427,#9428,#9429));
#3735=AXIS2_PLACEMENT_3D('',#9430,#9431,#9432);
#3736=EDGE_LOOP('',(#9433,#9434,#9435,#9436));
#3737=AXIS2_PLACEMENT_3D('',#9437,#9438,#9439);
#3738=EDGE_LOOP('',(#9440,#9441,#9442,#9443,#9444,#9445,#9446,#9447,#9448,#9449,#9450,#9451,#9452,#9453));
#3739=AXIS2_PLACEMENT_3D('',#9454,#9455,#9456);
#3740=EDGE_LOOP('',(#9457,#9458,#9459,#9460));
#3741=AXIS2_PLACEMENT_3D('',#9461,#9462,#9463);
#3742=EDGE_LOOP('',(#9464,#9465,#9466,#9467));
#3743=AXIS2_PLACEMENT_3D('',#9468,#9469,#9470);
#3744=EDGE_LOOP('',(#9471,#9472,#9473,#9474));
#3745=AXIS2_PLACEMENT_3D('',#9475,#9476,#9477);
#3746=EDGE_LOOP('',(#9478,#9479,#9480,#9481,#9482,#9483,#9484,#9485,#9486,#9487,#9488));
#3747=EDGE_LOOP('',(#9489,#9490));
#3748=EDGE_LOOP('',(#9491,#9492));
#3749=AXIS2_PLACEMENT_3D('',#9493,#9494,#9495);
#3750=EDGE_LOOP('',(#9496,#9497,#9498,#9499));
#3751=AXIS2_PLACEMENT_3D('',#9500,#9501,#9502);
#3752=EDGE_LOOP('',(#9503,#9504,#9505,#9506));
#3753=AXIS2_PLACEMENT_3D('',#9507,#9508,#9509);
#3754=EDGE_LOOP('',(#9510,#9511,#9512,#9513));
#3755=AXIS2_PLACEMENT_3D('',#9514,#9515,#9516);
#3756=EDGE_LOOP('',(#9517,#9518,#9519,#9520));
#3757=AXIS2_PLACEMENT_3D('',#9521,#9522,#9523);
#3758=EDGE_LOOP('',(#9524,#9525,#9526,#9527));
#3759=AXIS2_PLACEMENT_3D('',#9528,#9529,#9530);
#3760=EDGE_LOOP('',(#9531,#9532,#9533,#9534));
#3761=AXIS2_PLACEMENT_3D('',#9535,#9536,#9537);
#3762=EDGE_LOOP('',(#9538,#9539,#9540,#9541,#9542,#9543,#9544,#9545,#9546,#9547));
#3763=EDGE_LOOP('',(#9548,#9549));
#3764=EDGE_LOOP('',(#9550,#9551));
#3765=AXIS2_PLACEMENT_3D('',#9552,#9553,#9554);
#3766=EDGE_LOOP('',(#9555,#9556,#9557,#9558,#9559,#9560,#9561,#9562));
#3767=EDGE_LOOP('',(#9563,#9564));
#3768=EDGE_LOOP('',(#9565,#9566));
#3769=EDGE_LOOP('',(#9567,#9568));
#3770=EDGE_LOOP('',(#9569,#9570));
#3771=AXIS2_PLACEMENT_3D('',#9571,#9572,#9573);
#3772=EDGE_LOOP('',(#9574,#9575,#9576,#9577));
#3773=AXIS2_PLACEMENT_3D('',#9578,#9579,#9580);
#3774=EDGE_LOOP('',(#9581,#9582,#9583,#9584));
#3775=AXIS2_PLACEMENT_3D('',#9585,#9586,#9587);
#3776=EDGE_LOOP('',(#9588,#9589,#9590,#9591,#9592,#9593,#9594,#9595,#9596,#9597,#9598,#9599,#9600));
#3777=AXIS2_PLACEMENT_3D('',#9601,#9602,#9603);
#3778=EDGE_LOOP('',(#9604,#9605,#9606,#9607));
#3779=AXIS2_PLACEMENT_3D('',#9608,#9609,#9610);
#3780=EDGE_LOOP('',(#9611,#9612,#9613,#9614));
#3781=AXIS2_PLACEMENT_3D('',#9615,#9616,#9617);
#3782=EDGE_LOOP('',(#9618,#9619,#9620,#9621));
#3783=AXIS2_PLACEMENT_3D('',#9622,#9623,#9624);
#3784=EDGE_LOOP('',(#9625,#9626,#9627,#9628));
#3785=AXIS2_PLACEMENT_3D('',#9629,#9630,#9631);
#3786=EDGE_LOOP('',(#9632,#9633,#9634,#9635));
#3787=AXIS2_PLACEMENT_3D('',#9636,#9637,#9638);
#3788=EDGE_LOOP('',(#9639,#9640,#9641,#9642));
#3789=AXIS2_PLACEMENT_3D('',#9643,#9644,#9645);
#3790=EDGE_LOOP('',(#9646,#9647,#9648,#9649));
#3791=AXIS2_PLACEMENT_3D('',#9650,#9651,#9652);
#3792=EDGE_LOOP('',(#9653,#9654,#9655,#9656));
#3793=AXIS2_PLACEMENT_3D('',#9657,#9658,#9659);
#3794=ORIENTED_EDGE('',*,*,#9660,.T.);
#3795=ORIENTED_EDGE('',*,*,#9661,.F.);
#3796=ORIENTED_EDGE('',*,*,#9662,.F.);
#3797=ORIENTED_EDGE('',*,*,#9663,.T.);
#3798=CARTESIAN_POINT('',(58.4,180.8,0.0));
#3799=DIRECTION('',(0.0,-1.0,0.0));
#3800=DIRECTION('',(0.0,0.0,-1.0));
#3801=ORIENTED_EDGE('',*,*,#9662,.T.);
#3802=ORIENTED_EDGE('',*,*,#9664,.F.);
#3803=ORIENTED_EDGE('',*,*,#9665,.F.);
#3804=ORIENTED_EDGE('',*,*,#9666,.T.);
#3805=CARTESIAN_POINT('',(58.4,144.0,0.0));
#3806=DIRECTION('',(-1.0,0.0,0.0));
#3807=DIRECTION('',(0.0,0.0,1.0));
#3808=ORIENTED_EDGE('',*,*,#9665,.T.);
#3809=ORIENTED_EDGE('',*,*,#9667,.F.);
#3810=ORIENTED_EDGE('',*,*,#9668,.F.);
#3811=ORIENTED_EDGE('',*,*,#9669,.T.);
#3812=CARTESIAN_POINT('',(0.0,144.0,0.0));
#3813=DIRECTION('',(0.0,1.0,0.0));
#3814=DIRECTION('',(1.0,-0.0,0.0));
#3815=ORIENTED_EDGE('',*,*,#9668,.T.);
#3816=ORIENTED_EDGE('',*,*,#9670,.F.);
#3817=ORIENTED_EDGE('',*,*,#9660,.F.);
#3818=ORIENTED_EDGE('',*,*,#9671,.T.);
#3819=CARTESIAN_POINT('',(0.0,180.8,0.0));
#3820=DIRECTION('',(1.0,0.0,0.0));
#3821=DIRECTION('',(0.0,1.0,0.0));
#3822=ORIENTED_EDGE('',*,*,#9670,.T.);
#3823=ORIENTED_EDGE('',*,*,#9667,.T.);
#3824=ORIENTED_EDGE('',*,*,#9664,.T.);
#3825=ORIENTED_EDGE('',*,*,#9661,.T.);
#3826=CARTESIAN_POINT('',(29.2,156.4707699498,3.9));
#3827=DIRECTION('',(0.0,0.0,-1.0));
#3828=DIRECTION('',(0.0,-1.0,0.0));
#3829=ORIENTED_EDGE('',*,*,#9663,.F.);
#3830=ORIENTED_EDGE('',*,*,#9666,.F.);
#3831=ORIENTED_EDGE('',*,*,#9669,.F.);
#3832=ORIENTED_EDGE('',*,*,#9671,.F.);
#3833=CARTESIAN_POINT('',(29.2,156.4707699498,0.0));
#3834=DIRECTION('',(0.0,0.0,-1.0));
#3835=DIRECTION('',(0.0,-1.0,0.0));
#3836=ORIENTED_EDGE('',*,*,#9672,.F.);
#3837=ORIENTED_EDGE('',*,*,#9673,.T.);
#3838=ORIENTED_EDGE('',*,*,#9674,.T.);
#3839=ORIENTED_EDGE('',*,*,#9675,.F.);
#3840=CARTESIAN_POINT('',(28.2511811526411,180.20003,4.68));
#3841=DIRECTION('',(-0.0,0.0,-1.0));
#3842=DIRECTION('',(-1.0,0.0,0.0));
#3843=ORIENTED_EDGE('',*,*,#9676,.F.);
#3844=ORIENTED_EDGE('',*,*,#9677,.F.);
#3845=ORIENTED_EDGE('',*,*,#9678,.T.);
#3846=ORIENTED_EDGE('',*,*,#9679,.F.);
#3847=ORIENTED_EDGE('',*,*,#9680,.T.);
#3848=CARTESIAN_POINT('',(50.1488188473592,180.20003,4.68));
#3849=DIRECTION('',(0.0,0.0,-1.0));
#3850=DIRECTION('',(1.0,0.0,0.0));
#3851=ORIENTED_EDGE('',*,*,#9681,.F.);
#3852=ORIENTED_EDGE('',*,*,#9682,.T.);
#3853=ORIENTED_EDGE('',*,*,#9683,.F.);
#3854=ORIENTED_EDGE('',*,*,#9684,.F.);
#3855=CARTESIAN_POINT('',(44.757376138487,180.170411933664,2.9));
#3856=DIRECTION('',(0.0,0.0,-1.0));
#3857=DIRECTION('',(1.0,0.0,0.0));
#3858=ORIENTED_EDGE('',*,*,#9685,.F.);
#3859=ORIENTED_EDGE('',*,*,#9686,.F.);
#3860=ORIENTED_EDGE('',*,*,#9687,.F.);
#3861=ORIENTED_EDGE('',*,*,#9688,.T.);
#3862=CARTESIAN_POINT('',(33.6426238615133,180.170411933664,2.9));
#3863=DIRECTION('',(-0.0,0.0,-1.0));
#3864=DIRECTION('',(-1.0,0.0,0.0));
#3865=ORIENTED_EDGE('',*,*,#9689,.F.);
#3866=ORIENTED_EDGE('',*,*,#9690,.T.);
#3867=ORIENTED_EDGE('',*,*,#9691,.T.);
#3868=ORIENTED_EDGE('',*,*,#9692,.F.);
#3869=CARTESIAN_POINT('',(28.2511811526411,180.20003,4.68));
#3870=DIRECTION('',(-0.0,0.0,-1.0));
#3871=DIRECTION('',(-1.0,0.0,0.0));
#3872=ORIENTED_EDGE('',*,*,#9693,.F.);
#3873=ORIENTED_EDGE('',*,*,#9694,.F.);
#3874=ORIENTED_EDGE('',*,*,#9695,.T.);
#3875=ORIENTED_EDGE('',*,*,#9696,.T.);
#3876=CARTESIAN_POINT('',(50.1488188473592,180.20003,4.68));
#3877=DIRECTION('',(0.0,0.0,-1.0));
#3878=DIRECTION('',(1.0,0.0,0.0));
#3879=ORIENTED_EDGE('',*,*,#9697,.F.);
#3880=ORIENTED_EDGE('',*,*,#9698,.F.);
#3881=ORIENTED_EDGE('',*,*,#9699,.F.);
#3882=ORIENTED_EDGE('',*,*,#9700,.T.);
#3883=CARTESIAN_POINT('',(22.9283326145276,159.453827901962,1.9));
#3884=DIRECTION('',(0.0,-0.0,-1.0));
#3885=DIRECTION('',(-1.0,-5.3002047195605E-13,0.0));
#3886=ORIENTED_EDGE('',*,*,#9701,.F.);
#3887=ORIENTED_EDGE('',*,*,#9702,.F.);
#3888=ORIENTED_EDGE('',*,*,#9703,.F.);
#3889=ORIENTED_EDGE('',*,*,#9704,.T.);
#3890=CARTESIAN_POINT('',(21.9079752527121,152.579137301347,1.9));
#3891=DIRECTION('',(0.0,-0.0,-1.0));
#3892=DIRECTION('',(2.65010235978025E-13,-1.0,0.0));
#3893=ORIENTED_EDGE('',*,*,#9705,.F.);
#3894=ORIENTED_EDGE('',*,*,#9706,.T.);
#3895=ORIENTED_EDGE('',*,*,#9699,.T.);
#3896=ORIENTED_EDGE('',*,*,#9707,.F.);
#3897=CARTESIAN_POINT('',(21.9079752527085,166.328518502577,1.9));
#3898=DIRECTION('',(0.0,-0.0,-1.0));
#3899=DIRECTION('',(2.65010235978025E-13,-1.0,0.0));
#3900=ORIENTED_EDGE('',*,*,#9708,.F.);
#3901=ORIENTED_EDGE('',*,*,#9709,.T.);
#3902=ORIENTED_EDGE('',*,*,#9710,.F.);
#3903=ORIENTED_EDGE('',*,*,#9711,.F.);
#3904=CARTESIAN_POINT('',(21.8283326145261,152.579137301347,1.9));
#3905=DIRECTION('',(0.0,-0.0,-1.0));
#3906=DIRECTION('',(-2.65010235978025E-13,-1.0,0.0));
#3907=ORIENTED_EDGE('',*,*,#9712,.F.);
#3908=ORIENTED_EDGE('',*,*,#9713,.T.);
#3909=ORIENTED_EDGE('',*,*,#9714,.F.);
#3910=ORIENTED_EDGE('',*,*,#9715,.F.);
#3911=CARTESIAN_POINT('',(20.8079752527106,159.453827901962,1.9));
#3912=DIRECTION('',(0.0,-0.0,-1.0));
#3913=DIRECTION('',(1.0,-5.3002047195605E-13,0.0));
#3914=ORIENTED_EDGE('',*,*,#9716,.F.);
#3915=ORIENTED_EDGE('',*,*,#9717,.F.);
#3916=ORIENTED_EDGE('',*,*,#9718,.T.);
#3917=ORIENTED_EDGE('',*,*,#9719,.T.);
#3918=CARTESIAN_POINT('',(21.8283326145297,166.328518502577,1.9));
#3919=DIRECTION('',(0.0,-0.0,-1.0));
#3920=DIRECTION('',(-2.65010235978025E-13,-1.0,0.0));
#3921=ORIENTED_EDGE('',*,*,#9720,.T.);
#3922=ORIENTED_EDGE('',*,*,#9721,.T.);
#3923=ORIENTED_EDGE('',*,*,#9722,.T.);
#3924=ORIENTED_EDGE('',*,*,#9723,.F.);
#3925=CARTESIAN_POINT('',(0.199999999999999,144.2,3.9));
#3926=DIRECTION('',(-1.0,-9.70686797486476E-17,-0.0));
#3927=DIRECTION('',(-9.70686797486476E-17,1.0,0.0));
#3928=ORIENTED_EDGE('',*,*,#9724,.T.);
#3929=ORIENTED_EDGE('',*,*,#9725,.T.);
#3930=ORIENTED_EDGE('',*,*,#9726,.T.);
#3931=ORIENTED_EDGE('',*,*,#9721,.F.);
#3932=CARTESIAN_POINT('',(58.2,144.2,3.9));
#3933=DIRECTION('',(0.0,-1.0,0.0));
#3934=DIRECTION('',(0.0,0.0,-1.0));
#3935=ORIENTED_EDGE('',*,*,#9727,.T.);
#3936=ORIENTED_EDGE('',*,*,#9728,.T.);
#3937=ORIENTED_EDGE('',*,*,#9729,.T.);
#3938=ORIENTED_EDGE('',*,*,#9725,.F.);
#3939=CARTESIAN_POINT('',(58.2,180.8,3.9));
#3940=DIRECTION('',(1.0,9.70686797486476E-17,0.0));
#3941=DIRECTION('',(-9.70686797486476E-17,1.0,0.0));
#3942=ORIENTED_EDGE('',*,*,#9730,.T.);
#3943=ORIENTED_EDGE('',*,*,#9723,.T.);
#3944=ORIENTED_EDGE('',*,*,#9731,.T.);
#3945=ORIENTED_EDGE('',*,*,#9728,.F.);
#3946=CARTESIAN_POINT('',(0.199999999999996,180.8,3.9));
#3947=DIRECTION('',(0.0,1.0,0.0));
#3948=DIRECTION('',(1.0,0.0,-0.0));
#3949=ORIENTED_EDGE('',*,*,#9732,.T.);
#3950=ORIENTED_EDGE('',*,*,#9733,.F.);
#3951=ORIENTED_EDGE('',*,*,#9734,.T.);
#3952=ORIENTED_EDGE('',*,*,#9735,.T.);
#3953=CARTESIAN_POINT('',(29.329571140534,171.378361486782,1.6));
#3954=DIRECTION('',(-0.446131719708569,-0.894967311509127,0.0));
#3955=DIRECTION('',(-0.894967311509127,0.446131719708569,0.0));
#3956=ORIENTED_EDGE('',*,*,#9736,.T.);
#3957=ORIENTED_EDGE('',*,*,#9737,.F.);
#3958=ORIENTED_EDGE('',*,*,#9738,.F.);
#3959=ORIENTED_EDGE('',*,*,#9733,.T.);
#3960=CARTESIAN_POINT('',(28.7993304869076,170.748793436539,4.65));
#3961=DIRECTION('',(-0.0,0.0,1.0));
#3962=DIRECTION('',(1.0,5.3002047195605E-13,0.0));
#3963=ORIENTED_EDGE('',*,*,#9739,.T.);
#3964=ORIENTED_EDGE('',*,*,#9740,.T.);
#3965=ORIENTED_EDGE('',*,*,#9737,.T.);
#3966=ORIENTED_EDGE('',*,*,#9741,.T.);
#3967=CARTESIAN_POINT('',(29.9079752527082,169.747614540709,1.6));
#3968=DIRECTION('',(-0.963467034935229,-0.267826945233518,0.0));
#3969=DIRECTION('',(-0.267826945233518,0.963467034935229,0.0));
#3970=ORIENTED_EDGE('',*,*,#9739,.F.);
#3971=ORIENTED_EDGE('',*,*,#9742,.F.);
#3972=ORIENTED_EDGE('',*,*,#9743,.T.);
#3973=ORIENTED_EDGE('',*,*,#9744,.T.);
#3974=CARTESIAN_POINT('',(29.1079752527071,169.638490449309,4.65));
#3975=DIRECTION('',(0.0,-0.0,-1.0));
#3976=DIRECTION('',(-1.0,-5.3002047195605E-13,0.0));
#3977=ORIENTED_EDGE('',*,*,#9745,.F.);
#3978=ORIENTED_EDGE('',*,*,#9746,.F.);
#3979=ORIENTED_EDGE('',*,*,#9747,.T.);
#3980=ORIENTED_EDGE('',*,*,#9748,.F.);
#3981=ORIENTED_EDGE('',*,*,#9749,.T.);
#3982=ORIENTED_EDGE('',*,*,#9750,.F.);
#3983=ORIENTED_EDGE('',*,*,#9751,.F.);
#3984=ORIENTED_EDGE('',*,*,#9743,.F.);
#3985=CARTESIAN_POINT('',(29.9079752527071,170.111031220128,1.95));
#3986=DIRECTION('',(1.0,2.65010235978025E-13,-0.0));
#3987=DIRECTION('',(-2.65010235978025E-13,1.0,0.0));
#3988=ORIENTED_EDGE('',*,*,#9752,.F.);
#3989=ORIENTED_EDGE('',*,*,#9753,.F.);
#3990=ORIENTED_EDGE('',*,*,#9754,.T.);
#3991=ORIENTED_EDGE('',*,*,#9746,.T.);
#3992=CARTESIAN_POINT('',(29.1079752527135,146.700000000001,4.65));
#3993=DIRECTION('',(0.0,-0.0,-1.0));
#3994=DIRECTION('',(-1.0,-5.3002047195605E-13,0.0));
#3995=ORIENTED_EDGE('',*,*,#9755,.T.);
#3996=ORIENTED_EDGE('',*,*,#9756,.F.);
#3997=ORIENTED_EDGE('',*,*,#9757,.F.);
#3998=ORIENTED_EDGE('',*,*,#9758,.T.);
#3999=CARTESIAN_POINT('',(14.6283326145245,146.700000000001,4.65));
#4000=DIRECTION('',(0.0,-0.0,-1.0));
#4001=DIRECTION('',(1.0,-5.3002047195605E-13,0.0));
#4002=ORIENTED_EDGE('',*,*,#9759,.F.);
#4003=ORIENTED_EDGE('',*,*,#9760,.F.);
#4004=ORIENTED_EDGE('',*,*,#9761,.T.);
#4005=ORIENTED_EDGE('',*,*,#9762,.T.);
#4006=CARTESIAN_POINT('',(14.6283326145306,169.638490449309,4.65));
#4007=DIRECTION('',(0.0,-0.0,-1.0));
#4008=DIRECTION('',(1.0,-5.3002047195605E-13,0.0));
#4009=ORIENTED_EDGE('',*,*,#9763,.F.);
#4010=ORIENTED_EDGE('',*,*,#9764,.F.);
#4011=ORIENTED_EDGE('',*,*,#9765,.F.);
#4012=ORIENTED_EDGE('',*,*,#9762,.F.);
#4013=CARTESIAN_POINT('',(13.82833261453,169.747614540708,1.6));
#4014=DIRECTION('',(-0.963467034935229,0.267826945233518,0.0));
#4015=DIRECTION('',(0.0,0.0,1.0));
#4016=ORIENTED_EDGE('',*,*,#9766,.F.);
#4017=ORIENTED_EDGE('',*,*,#9767,.T.);
#4018=ORIENTED_EDGE('',*,*,#9734,.F.);
#4019=ORIENTED_EDGE('',*,*,#9738,.T.);
#4020=ORIENTED_EDGE('',*,*,#9740,.F.);
#4021=ORIENTED_EDGE('',*,*,#9744,.F.);
#4022=ORIENTED_EDGE('',*,*,#9751,.T.);
#4023=ORIENTED_EDGE('',*,*,#9768,.F.);
#4024=ORIENTED_EDGE('',*,*,#9769,.T.);
#4025=ORIENTED_EDGE('',*,*,#9770,.F.);
#4026=ORIENTED_EDGE('',*,*,#9771,.T.);
#4027=ORIENTED_EDGE('',*,*,#9772,.F.);
#4028=ORIENTED_EDGE('',*,*,#9759,.T.);
#4029=ORIENTED_EDGE('',*,*,#9765,.T.);
#4030=ORIENTED_EDGE('',*,*,#9773,.F.);
#4031=ORIENTED_EDGE('',*,*,#9774,.T.);
#4032=ORIENTED_EDGE('',*,*,#9775,.F.);
#4033=CARTESIAN_POINT('',(1895.15246869152,-1637.38499664023,1.6));
#4034=DIRECTION('',(0.0,0.0,1.0));
#4035=DIRECTION('',(1.0,0.0,0.0));
#4036=ORIENTED_EDGE('',*,*,#9776,.T.);
#4037=ORIENTED_EDGE('',*,*,#9735,.F.);
#4038=ORIENTED_EDGE('',*,*,#9767,.F.);
#4039=ORIENTED_EDGE('',*,*,#9777,.T.);
#4040=CARTESIAN_POINT('',(23.6135944285316,173.333827901962,4.65));
#4041=DIRECTION('',(-0.0,0.0,1.0));
#4042=DIRECTION('',(1.0,5.3002047195605E-13,0.0));
#4043=ORIENTED_EDGE('',*,*,#9778,.F.);
#4044=ORIENTED_EDGE('',*,*,#9777,.F.);
#4045=ORIENTED_EDGE('',*,*,#9766,.T.);
#4046=ORIENTED_EDGE('',*,*,#9779,.T.);
#4047=CARTESIAN_POINT('',(20.2829911172026,174.133827901961,1.6));
#4048=DIRECTION('',(-2.65010235978025E-13,1.0,0.0));
#4049=DIRECTION('',(1.0,2.65010235978025E-13,-0.0));
#4050=ORIENTED_EDGE('',*,*,#9774,.F.);
#4051=ORIENTED_EDGE('',*,*,#9780,.T.);
#4052=ORIENTED_EDGE('',*,*,#9781,.F.);
#4053=ORIENTED_EDGE('',*,*,#9782,.F.);
#4054=CARTESIAN_POINT('',(14.4067367267037,171.378361486782,1.6));
#4055=DIRECTION('',(-0.446131719708569,0.894967311509127,0.0));
#4056=DIRECTION('',(0.0,0.0,1.0));
#4057=ORIENTED_EDGE('',*,*,#9783,.F.);
#4058=ORIENTED_EDGE('',*,*,#9779,.F.);
#4059=ORIENTED_EDGE('',*,*,#9775,.T.);
#4060=ORIENTED_EDGE('',*,*,#9782,.T.);
#4061=CARTESIAN_POINT('',(20.1227134387064,173.333827901962,4.65));
#4062=DIRECTION('',(0.0,0.0,1.0));
#4063=DIRECTION('',(-1.0,5.3002047195605E-13,0.0));
#4064=ORIENTED_EDGE('',*,*,#9773,.T.);
#4065=ORIENTED_EDGE('',*,*,#9764,.T.);
#4066=ORIENTED_EDGE('',*,*,#9784,.F.);
#4067=ORIENTED_EDGE('',*,*,#9780,.F.);
#4068=CARTESIAN_POINT('',(14.9369773803303,170.748793436539,4.65));
#4069=DIRECTION('',(0.0,0.0,1.0));
#4070=DIRECTION('',(-1.0,5.3002047195605E-13,0.0));
#4071=ORIENTED_EDGE('',*,*,#9785,.T.);
#4072=ORIENTED_EDGE('',*,*,#9786,.F.);
#4073=ORIENTED_EDGE('',*,*,#9787,.T.);
#4074=ORIENTED_EDGE('',*,*,#9749,.F.);
#4075=ORIENTED_EDGE('',*,*,#9788,.F.);
#4076=ORIENTED_EDGE('',*,*,#9789,.T.);
#4077=ORIENTED_EDGE('',*,*,#9790,.F.);
#4078=ORIENTED_EDGE('',*,*,#9791,.T.);
#4079=ORIENTED_EDGE('',*,*,#9792,.T.);
#4080=ORIENTED_EDGE('',*,*,#9793,.F.);
#4081=ORIENTED_EDGE('',*,*,#9794,.F.);
#4082=ORIENTED_EDGE('',*,*,#9713,.F.);
#4083=ORIENTED_EDGE('',*,*,#9795,.F.);
#4084=ORIENTED_EDGE('',*,*,#9796,.F.);
#4085=ORIENTED_EDGE('',*,*,#9719,.F.);
#4086=ORIENTED_EDGE('',*,*,#9797,.T.);
#4087=ORIENTED_EDGE('',*,*,#9707,.T.);
#4088=ORIENTED_EDGE('',*,*,#9698,.T.);
#4089=ORIENTED_EDGE('',*,*,#9798,.T.);
#4090=ORIENTED_EDGE('',*,*,#9702,.T.);
#4091=ORIENTED_EDGE('',*,*,#9799,.T.);
#4092=ORIENTED_EDGE('',*,*,#9709,.F.);
#4093=CARTESIAN_POINT('',(22.1082487038982,150.298816172658,3.85));
#4094=DIRECTION('',(-0.0,0.0,1.0));
#4095=DIRECTION('',(1.0,-0.0,0.0));
#4096=ORIENTED_EDGE('',*,*,#9800,.F.);
#4097=ORIENTED_EDGE('',*,*,#9768,.T.);
#4098=ORIENTED_EDGE('',*,*,#9750,.T.);
#4099=ORIENTED_EDGE('',*,*,#9787,.F.);
#4100=CARTESIAN_POINT('',(29.1079752527076,169.312384731301,1.9));
#4101=DIRECTION('',(0.0,-0.0,-1.0));
#4102=DIRECTION('',(-1.0,-5.3002047195605E-13,0.0));
#4103=ORIENTED_EDGE('',*,*,#9801,.F.);
#4104=ORIENTED_EDGE('',*,*,#9802,.F.);
#4105=ORIENTED_EDGE('',*,*,#9790,.T.);
#4106=ORIENTED_EDGE('',*,*,#9803,.T.);
#4107=CARTESIAN_POINT('',(21.8283326145284,160.427610171666,1.9));
#4108=DIRECTION('',(-0.0,0.0,1.0));
#4109=DIRECTION('',(1.0,-2.65010235978025E-13,0.0));
#4110=ORIENTED_EDGE('',*,*,#9803,.F.);
#4111=ORIENTED_EDGE('',*,*,#9789,.F.);
#4112=ORIENTED_EDGE('',*,*,#9804,.T.);
#4113=ORIENTED_EDGE('',*,*,#9805,.T.);
#4114=CARTESIAN_POINT('',(21.9079752527096,160.427610171665,1.9));
#4115=DIRECTION('',(0.0,0.0,1.0));
#4116=DIRECTION('',(-1.0,-2.65010235978025E-13,0.0));
#4117=ORIENTED_EDGE('',*,*,#9805,.F.);
#4118=ORIENTED_EDGE('',*,*,#9806,.T.);
#4119=ORIENTED_EDGE('',*,*,#9747,.F.);
#4120=ORIENTED_EDGE('',*,*,#9754,.F.);
#4121=ORIENTED_EDGE('',*,*,#9807,.F.);
#4122=ORIENTED_EDGE('',*,*,#9757,.T.);
#4123=ORIENTED_EDGE('',*,*,#9808,.T.);
#4124=ORIENTED_EDGE('',*,*,#9809,.F.);
#4125=ORIENTED_EDGE('',*,*,#9801,.T.);
#4126=CARTESIAN_POINT('',(-1851.3365181861,1956.24203364538,1.6));
#4127=DIRECTION('',(-0.0,0.0,1.0));
#4128=DIRECTION('',(1.0,-0.0,0.0));
#4129=ORIENTED_EDGE('',*,*,#9804,.F.);
#4130=ORIENTED_EDGE('',*,*,#9788,.T.);
#4131=ORIENTED_EDGE('',*,*,#9748,.T.);
#4132=ORIENTED_EDGE('',*,*,#9806,.F.);
#4133=CARTESIAN_POINT('',(29.1079752527126,149.544652273857,1.9));
#4134=DIRECTION('',(-0.0,0.0,1.0));
#4135=DIRECTION('',(1.0,5.3002047195605E-13,0.0));
#4136=ORIENTED_EDGE('',*,*,#9809,.T.);
#4137=ORIENTED_EDGE('',*,*,#9810,.F.);
#4138=ORIENTED_EDGE('',*,*,#9791,.F.);
#4139=ORIENTED_EDGE('',*,*,#9802,.T.);
#4140=CARTESIAN_POINT('',(14.6283326145252,149.544652273857,1.9));
#4141=DIRECTION('',(0.0,0.0,1.0));
#4142=DIRECTION('',(-1.0,5.3002047195605E-13,0.0));
#4143=ORIENTED_EDGE('',*,*,#9793,.T.);
#4144=ORIENTED_EDGE('',*,*,#9811,.F.);
#4145=ORIENTED_EDGE('',*,*,#9771,.F.);
#4146=ORIENTED_EDGE('',*,*,#9812,.T.);
#4147=CARTESIAN_POINT('',(14.6283326145306,169.312384731301,1.9));
#4148=DIRECTION('',(0.0,-0.0,-1.0));
#4149=DIRECTION('',(1.0,-5.3002047195605E-13,0.0));
#4150=ORIENTED_EDGE('',*,*,#9716,.T.);
#4151=ORIENTED_EDGE('',*,*,#9796,.T.);
#4152=ORIENTED_EDGE('',*,*,#9813,.F.);
#4153=ORIENTED_EDGE('',*,*,#9814,.F.);
#4154=CARTESIAN_POINT('',(21.8283326145297,166.328518502577,1.9));
#4155=DIRECTION('',(0.0,-0.0,-1.0));
#4156=DIRECTION('',(-2.65010235978025E-13,-1.0,0.0));
#4157=ORIENTED_EDGE('',*,*,#9712,.T.);
#4158=ORIENTED_EDGE('',*,*,#9815,.F.);
#4159=ORIENTED_EDGE('',*,*,#9813,.T.);
#4160=ORIENTED_EDGE('',*,*,#9795,.T.);
#4161=CARTESIAN_POINT('',(20.8079752527106,159.453827901962,1.9));
#4162=DIRECTION('',(0.0,-0.0,-1.0));
#4163=DIRECTION('',(1.0,-5.3002047195605E-13,0.0));
#4164=ORIENTED_EDGE('',*,*,#9708,.T.);
#4165=ORIENTED_EDGE('',*,*,#9816,.F.);
#4166=ORIENTED_EDGE('',*,*,#9714,.T.);
#4167=ORIENTED_EDGE('',*,*,#9794,.T.);
#4168=CARTESIAN_POINT('',(21.8283326145261,152.579137301347,1.9));
#4169=DIRECTION('',(0.0,-0.0,-1.0));
#4170=DIRECTION('',(-2.65010235978025E-13,-1.0,0.0));
#4171=ORIENTED_EDGE('',*,*,#9705,.T.);
#4172=ORIENTED_EDGE('',*,*,#9797,.F.);
#4173=ORIENTED_EDGE('',*,*,#9718,.F.);
#4174=ORIENTED_EDGE('',*,*,#9817,.T.);
#4175=CARTESIAN_POINT('',(21.9079752527085,166.328518502577,1.9));
#4176=DIRECTION('',(0.0,-0.0,-1.0));
#4177=DIRECTION('',(2.65010235978025E-13,-1.0,0.0));
#4178=ORIENTED_EDGE('',*,*,#9700,.F.);
#4179=ORIENTED_EDGE('',*,*,#9706,.F.);
#4180=ORIENTED_EDGE('',*,*,#9817,.F.);
#4181=ORIENTED_EDGE('',*,*,#9717,.T.);
#4182=ORIENTED_EDGE('',*,*,#9814,.T.);
#4183=ORIENTED_EDGE('',*,*,#9815,.T.);
#4184=ORIENTED_EDGE('',*,*,#9715,.T.);
#4185=ORIENTED_EDGE('',*,*,#9816,.T.);
#4186=ORIENTED_EDGE('',*,*,#9711,.T.);
#4187=ORIENTED_EDGE('',*,*,#9818,.F.);
#4188=ORIENTED_EDGE('',*,*,#9704,.F.);
#4189=ORIENTED_EDGE('',*,*,#9819,.F.);
#4190=CARTESIAN_POINT('',(26.2867340163235,159.428518502579,1.6));
#4191=DIRECTION('',(-0.0,0.0,1.0));
#4192=DIRECTION('',(1.0,-0.0,0.0));
#4193=ORIENTED_EDGE('',*,*,#9701,.T.);
#4194=ORIENTED_EDGE('',*,*,#9818,.T.);
#4195=ORIENTED_EDGE('',*,*,#9710,.T.);
#4196=ORIENTED_EDGE('',*,*,#9799,.F.);
#4197=CARTESIAN_POINT('',(21.9079752527121,152.579137301347,1.9));
#4198=DIRECTION('',(0.0,-0.0,-1.0));
#4199=DIRECTION('',(2.65010235978025E-13,-1.0,0.0));
#4200=ORIENTED_EDGE('',*,*,#9697,.T.);
#4201=ORIENTED_EDGE('',*,*,#9819,.T.);
#4202=ORIENTED_EDGE('',*,*,#9703,.T.);
#4203=ORIENTED_EDGE('',*,*,#9798,.F.);
#4204=CARTESIAN_POINT('',(22.9283326145276,159.453827901962,1.9));
#4205=DIRECTION('',(0.0,-0.0,-1.0));
#4206=DIRECTION('',(-1.0,-5.3002047195605E-13,0.0));
#4207=ORIENTED_EDGE('',*,*,#9770,.T.);
#4208=ORIENTED_EDGE('',*,*,#9820,.T.);
#4209=ORIENTED_EDGE('',*,*,#9785,.F.);
#4210=ORIENTED_EDGE('',*,*,#9812,.F.);
#4211=CARTESIAN_POINT('',(21.8283326145277,158.429426833487,1.9));
#4212=DIRECTION('',(0.0,-0.0,-1.0));
#4213=DIRECTION('',(1.0,-2.65010235978025E-13,0.0));
#4214=ORIENTED_EDGE('',*,*,#9800,.T.);
#4215=ORIENTED_EDGE('',*,*,#9786,.T.);
#4216=ORIENTED_EDGE('',*,*,#9820,.F.);
#4217=ORIENTED_EDGE('',*,*,#9769,.F.);
#4218=CARTESIAN_POINT('',(21.9079752527103,158.429426833487,1.9));
#4219=DIRECTION('',(0.0,-0.0,-1.0));
#4220=DIRECTION('',(-1.0,-2.65010235978025E-13,0.0));
#4221=ORIENTED_EDGE('',*,*,#9821,.T.);
#4222=ORIENTED_EDGE('',*,*,#9760,.T.);
#4223=ORIENTED_EDGE('',*,*,#9772,.T.);
#4224=ORIENTED_EDGE('',*,*,#9811,.T.);
#4225=ORIENTED_EDGE('',*,*,#9792,.F.);
#4226=ORIENTED_EDGE('',*,*,#9810,.T.);
#4227=ORIENTED_EDGE('',*,*,#9808,.F.);
#4228=ORIENTED_EDGE('',*,*,#9756,.T.);
#4229=CARTESIAN_POINT('',(13.8283326145307,170.111031220128,1.95));
#4230=DIRECTION('',(1.0,-2.65010235978025E-13,0.0));
#4231=DIRECTION('',(-2.65010235978025E-13,-1.0,0.0));
#4232=ORIENTED_EDGE('',*,*,#9807,.T.);
#4233=ORIENTED_EDGE('',*,*,#9753,.T.);
#4234=ORIENTED_EDGE('',*,*,#9822,.T.);
#4235=ORIENTED_EDGE('',*,*,#9758,.F.);
#4236=CARTESIAN_POINT('',(14.1579752527137,145.899999999998,2.9));
#4237=DIRECTION('',(-2.64512708598225E-13,1.0,0.0));
#4238=DIRECTION('',(1.0,2.64512708598225E-13,-0.0));
#4239=ORIENTED_EDGE('',*,*,#9823,.F.);
#4240=ORIENTED_EDGE('',*,*,#9695,.F.);
#4241=ORIENTED_EDGE('',*,*,#9824,.T.);
#4242=ORIENTED_EDGE('',*,*,#9683,.T.);
#4243=ORIENTED_EDGE('',*,*,#9825,.T.);
#4244=ORIENTED_EDGE('',*,*,#9826,.F.);
#4245=ORIENTED_EDGE('',*,*,#9827,.F.);
#4246=ORIENTED_EDGE('',*,*,#9828,.T.);
#4247=CARTESIAN_POINT('',(44.2124025880997,180.70003,2.41));
#4248=DIRECTION('',(0.0,1.0,0.0));
#4249=DIRECTION('',(1.0,0.0,-0.0));
#4250=ORIENTED_EDGE('',*,*,#9693,.T.);
#4251=ORIENTED_EDGE('',*,*,#9829,.T.);
#4252=ORIENTED_EDGE('',*,*,#9830,.F.);
#4253=ORIENTED_EDGE('',*,*,#9831,.F.);
#4254=CARTESIAN_POINT('',(50.1488188473592,180.20003,4.68));
#4255=DIRECTION('',(0.0,0.0,-1.0));
#4256=DIRECTION('',(1.0,0.0,0.0));
#4257=ORIENTED_EDGE('',*,*,#9832,.T.);
#4258=ORIENTED_EDGE('',*,*,#9833,.F.);
#4259=ORIENTED_EDGE('',*,*,#9830,.T.);
#4260=ORIENTED_EDGE('',*,*,#9834,.T.);
#4261=CARTESIAN_POINT('',(50.6379666356769,180.096422851675,4.36));
#4262=DIRECTION('',(-0.999132204838988,0.04165137757124,0.0));
#4263=DIRECTION('',(0.0,0.0,1.0));
#4264=ORIENTED_EDGE('',*,*,#9835,.T.);
#4265=ORIENTED_EDGE('',*,*,#9836,.F.);
#4266=ORIENTED_EDGE('',*,*,#9837,.T.);
#4267=ORIENTED_EDGE('',*,*,#9838,.T.);
#4268=ORIENTED_EDGE('',*,*,#9832,.F.);
#4269=ORIENTED_EDGE('',*,*,#9839,.F.);
#4270=CARTESIAN_POINT('',(49.5034791699792,173.770030344872,2.26));
#4271=DIRECTION('',(0.0,0.0,1.0));
#4272=DIRECTION('',(-1.0,0.0,0.0));
#4273=ORIENTED_EDGE('',*,*,#9840,.F.);
#4274=ORIENTED_EDGE('',*,*,#9841,.F.);
#4275=ORIENTED_EDGE('',*,*,#9837,.F.);
#4276=ORIENTED_EDGE('',*,*,#9842,.T.);
#4277=CARTESIAN_POINT('',(48.7136876270403,172.900030344872,4.36));
#4278=DIRECTION('',(-1.23532535885457E-15,1.0,0.0));
#4279=DIRECTION('',(1.0,1.23532535885457E-15,-0.0));
#4280=ORIENTED_EDGE('',*,*,#9843,.F.);
#4281=ORIENTED_EDGE('',*,*,#9690,.F.);
#4282=ORIENTED_EDGE('',*,*,#9844,.F.);
#4283=ORIENTED_EDGE('',*,*,#9827,.T.);
#4284=ORIENTED_EDGE('',*,*,#9845,.F.);
#4285=ORIENTED_EDGE('',*,*,#9688,.F.);
#4286=ORIENTED_EDGE('',*,*,#9846,.T.);
#4287=ORIENTED_EDGE('',*,*,#9847,.F.);
#4288=ORIENTED_EDGE('',*,*,#9848,.F.);
#4289=ORIENTED_EDGE('',*,*,#9849,.T.);
#4290=CARTESIAN_POINT('',(29.7777664032909,178.778758508573,1.6));
#4291=DIRECTION('',(0.0,-0.0,1.0));
#4292=DIRECTION('',(1.0,0.0,-0.0));
#4293=ORIENTED_EDGE('',*,*,#9850,.F.);
#4294=ORIENTED_EDGE('',*,*,#9846,.F.);
#4295=ORIENTED_EDGE('',*,*,#9687,.T.);
#4296=ORIENTED_EDGE('',*,*,#9851,.T.);
#4297=CARTESIAN_POINT('',(41.9176817853294,170.589930587954,2.9));
#4298=DIRECTION('',(-0.0,0.0,-1.0));
#4299=DIRECTION('',(-1.0,0.0,0.0));
#4300=ORIENTED_EDGE('',*,*,#9825,.F.);
#4301=ORIENTED_EDGE('',*,*,#9682,.F.);
#4302=ORIENTED_EDGE('',*,*,#9852,.F.);
#4303=ORIENTED_EDGE('',*,*,#9853,.T.);
#4304=ORIENTED_EDGE('',*,*,#9854,.F.);
#4305=ORIENTED_EDGE('',*,*,#9842,.F.);
#4306=ORIENTED_EDGE('',*,*,#9836,.T.);
#4307=ORIENTED_EDGE('',*,*,#9855,.T.);
#4308=ORIENTED_EDGE('',*,*,#9856,.F.);
#4309=ORIENTED_EDGE('',*,*,#9857,.F.);
#4310=ORIENTED_EDGE('',*,*,#9858,.F.);
#4311=ORIENTED_EDGE('',*,*,#9859,.F.);
#4312=ORIENTED_EDGE('',*,*,#9860,.F.);
#4313=ORIENTED_EDGE('',*,*,#9861,.T.);
#4314=ORIENTED_EDGE('',*,*,#9862,.T.);
#4315=ORIENTED_EDGE('',*,*,#9851,.F.);
#4316=ORIENTED_EDGE('',*,*,#9686,.T.);
#4317=ORIENTED_EDGE('',*,*,#9863,.T.);
#4318=CARTESIAN_POINT('',(39.9334033507318,175.471045341131,3.85));
#4319=DIRECTION('',(0.0,0.0,-1.0));
#4320=DIRECTION('',(0.0,-1.0,0.0));
#4321=ORIENTED_EDGE('',*,*,#9838,.F.);
#4322=ORIENTED_EDGE('',*,*,#9841,.T.);
#4323=ORIENTED_EDGE('',*,*,#9864,.T.);
#4324=ORIENTED_EDGE('',*,*,#9865,.F.);
#4325=ORIENTED_EDGE('',*,*,#9866,.T.);
#4326=ORIENTED_EDGE('',*,*,#9684,.T.);
#4327=ORIENTED_EDGE('',*,*,#9824,.F.);
#4328=ORIENTED_EDGE('',*,*,#9694,.T.);
#4329=ORIENTED_EDGE('',*,*,#9831,.T.);
#4330=ORIENTED_EDGE('',*,*,#9833,.T.);
#4331=CARTESIAN_POINT('',(48.6222335967094,178.778758508573,1.6));
#4332=DIRECTION('',(0.0,0.0,-1.0));
#4333=DIRECTION('',(0.0,-1.0,0.0));
#4334=ORIENTED_EDGE('',*,*,#9853,.F.);
#4335=ORIENTED_EDGE('',*,*,#9867,.F.);
#4336=ORIENTED_EDGE('',*,*,#9865,.T.);
#4337=ORIENTED_EDGE('',*,*,#9868,.T.);
#4338=CARTESIAN_POINT('',(36.4823182146709,170.589930587954,2.9));
#4339=DIRECTION('',(0.0,0.0,-1.0));
#4340=DIRECTION('',(1.0,0.0,0.0));
#4341=ORIENTED_EDGE('',*,*,#9840,.T.);
#4342=ORIENTED_EDGE('',*,*,#9854,.T.);
#4343=ORIENTED_EDGE('',*,*,#9868,.F.);
#4344=ORIENTED_EDGE('',*,*,#9864,.F.);
#4345=CARTESIAN_POINT('',(49.0791751765032,173.770030344872,2.9));
#4346=DIRECTION('',(0.0,0.0,-1.0));
#4347=DIRECTION('',(1.0,0.0,0.0));
#4348=ORIENTED_EDGE('',*,*,#9869,.F.);
#4349=ORIENTED_EDGE('',*,*,#9870,.T.);
#4350=ORIENTED_EDGE('',*,*,#9855,.F.);
#4351=ORIENTED_EDGE('',*,*,#9835,.F.);
#4352=CARTESIAN_POINT('',(49.8471587115264,172.970790473043,4.4));
#4353=DIRECTION('',(0.446131719708568,-0.894967311509127,0.0));
#4354=DIRECTION('',(0.0,0.0,-1.0));
#4355=ORIENTED_EDGE('',*,*,#9871,.T.);
#4356=ORIENTED_EDGE('',*,*,#9872,.T.);
#4357=ORIENTED_EDGE('',*,*,#9858,.T.);
#4358=ORIENTED_EDGE('',*,*,#9873,.T.);
#4359=ORIENTED_EDGE('',*,*,#9874,.F.);
#4360=ORIENTED_EDGE('',*,*,#9875,.F.);
#4361=ORIENTED_EDGE('',*,*,#9856,.T.);
#4362=ORIENTED_EDGE('',*,*,#9870,.F.);
#4363=CARTESIAN_POINT('',(39.2000000000002,172.300030344872,2.9));
#4364=DIRECTION('',(0.0,0.0,1.0));
#4365=DIRECTION('',(-1.0,0.0,0.0));
#4366=ORIENTED_EDGE('',*,*,#9847,.T.);
#4367=ORIENTED_EDGE('',*,*,#9850,.T.);
#4368=ORIENTED_EDGE('',*,*,#9862,.F.);
#4369=ORIENTED_EDGE('',*,*,#9876,.F.);
#4370=CARTESIAN_POINT('',(29.3208248234972,173.770030344872,2.9));
#4371=DIRECTION('',(-0.0,0.0,-1.0));
#4372=DIRECTION('',(-1.0,0.0,0.0));
#4373=ORIENTED_EDGE('',*,*,#9861,.F.);
#4374=ORIENTED_EDGE('',*,*,#9877,.T.);
#4375=ORIENTED_EDGE('',*,*,#9848,.T.);
#4376=ORIENTED_EDGE('',*,*,#9876,.T.);
#4377=CARTESIAN_POINT('',(29.68631237296,172.900030344872,4.36));
#4378=DIRECTION('',(-1.23532535885457E-15,-1.0,0.0));
#4379=DIRECTION('',(-1.0,1.23532535885457E-15,0.0));
#4380=ORIENTED_EDGE('',*,*,#9878,.T.);
#4381=ORIENTED_EDGE('',*,*,#9879,.T.);
#4382=ORIENTED_EDGE('',*,*,#9849,.F.);
#4383=ORIENTED_EDGE('',*,*,#9877,.F.);
#4384=ORIENTED_EDGE('',*,*,#9860,.T.);
#4385=ORIENTED_EDGE('',*,*,#9880,.F.);
#4386=CARTESIAN_POINT('',(28.8965208300211,173.770030344872,2.26));
#4387=DIRECTION('',(-0.0,0.0,1.0));
#4388=DIRECTION('',(1.0,0.0,0.0));
#4389=ORIENTED_EDGE('',*,*,#9881,.F.);
#4390=ORIENTED_EDGE('',*,*,#9691,.F.);
#4391=ORIENTED_EDGE('',*,*,#9843,.T.);
#4392=ORIENTED_EDGE('',*,*,#9879,.F.);
#4393=CARTESIAN_POINT('',(27.7620333643234,180.096422851675,4.36));
#4394=DIRECTION('',(-0.999132204838988,-0.04165137757124,0.0));
#4395=DIRECTION('',(-0.04165137757124,0.999132204838988,0.0));
#4396=ORIENTED_EDGE('',*,*,#9689,.T.);
#4397=ORIENTED_EDGE('',*,*,#9882,.F.);
#4398=ORIENTED_EDGE('',*,*,#9828,.F.);
#4399=ORIENTED_EDGE('',*,*,#9844,.T.);
#4400=CARTESIAN_POINT('',(28.2511811526411,180.20003,4.68));
#4401=DIRECTION('',(-0.0,0.0,-1.0));
#4402=DIRECTION('',(-1.0,0.0,0.0));
#4403=ORIENTED_EDGE('',*,*,#9883,.T.);
#4404=ORIENTED_EDGE('',*,*,#9880,.T.);
#4405=ORIENTED_EDGE('',*,*,#9859,.T.);
#4406=ORIENTED_EDGE('',*,*,#9872,.F.);
#4407=CARTESIAN_POINT('',(28.5528412884739,172.970790473043,4.4));
#4408=DIRECTION('',(0.446131719708568,0.894967311509127,0.0));
#4409=DIRECTION('',(-0.0,0.0,-1.0));
#4410=ORIENTED_EDGE('',*,*,#9874,.T.);
#4411=ORIENTED_EDGE('',*,*,#9884,.T.);
#4412=CARTESIAN_POINT('',(36.8250000000002,172.900030344872,1.6));
#4413=DIRECTION('',(0.0,0.0,-1.0));
#4414=DIRECTION('',(0.0,-1.0,0.0));
#4415=ORIENTED_EDGE('',*,*,#9685,.T.);
#4416=ORIENTED_EDGE('',*,*,#9845,.T.);
#4417=ORIENTED_EDGE('',*,*,#9826,.T.);
#4418=ORIENTED_EDGE('',*,*,#9863,.F.);
#4419=CARTESIAN_POINT('',(33.6426238615133,180.170411933664,2.9));
#4420=DIRECTION('',(-0.0,0.0,-1.0));
#4421=DIRECTION('',(-1.0,0.0,0.0));
#4422=ORIENTED_EDGE('',*,*,#9681,.T.);
#4423=ORIENTED_EDGE('',*,*,#9866,.F.);
#4424=ORIENTED_EDGE('',*,*,#9867,.T.);
#4425=ORIENTED_EDGE('',*,*,#9852,.T.);
#4426=CARTESIAN_POINT('',(44.757376138487,180.170411933664,2.9));
#4427=DIRECTION('',(0.0,0.0,-1.0));
#4428=DIRECTION('',(1.0,0.0,0.0));
#4429=ORIENTED_EDGE('',*,*,#9873,.F.);
#4430=ORIENTED_EDGE('',*,*,#9857,.T.);
#4431=ORIENTED_EDGE('',*,*,#9875,.T.);
#4432=ORIENTED_EDGE('',*,*,#9884,.F.);
#4433=CARTESIAN_POINT('',(39.2000000000002,172.300030344872,2.9));
#4434=DIRECTION('',(0.0,0.0,1.0));
#4435=DIRECTION('',(-1.0,0.0,0.0));
#4436=ORIENTED_EDGE('',*,*,#9722,.F.);
#4437=ORIENTED_EDGE('',*,*,#9726,.F.);
#4438=ORIENTED_EDGE('',*,*,#9729,.F.);
#4439=ORIENTED_EDGE('',*,*,#9731,.F.);
#4440=ORIENTED_EDGE('',*,*,#9885,.F.);
#4441=ORIENTED_EDGE('',*,*,#9886,.F.);
#4442=ORIENTED_EDGE('',*,*,#9887,.F.);
#4443=ORIENTED_EDGE('',*,*,#9888,.F.);
#4444=ORIENTED_EDGE('',*,*,#9889,.F.);
#4445=ORIENTED_EDGE('',*,*,#9890,.F.);
#4446=ORIENTED_EDGE('',*,*,#9891,.F.);
#4447=ORIENTED_EDGE('',*,*,#9892,.F.);
#4448=ORIENTED_EDGE('',*,*,#9893,.F.);
#4449=ORIENTED_EDGE('',*,*,#9894,.F.);
#4450=ORIENTED_EDGE('',*,*,#9895,.F.);
#4451=ORIENTED_EDGE('',*,*,#9896,.F.);
#4452=ORIENTED_EDGE('',*,*,#9897,.F.);
#4453=ORIENTED_EDGE('',*,*,#9898,.F.);
#4454=ORIENTED_EDGE('',*,*,#9899,.F.);
#4455=ORIENTED_EDGE('',*,*,#9900,.F.);
#4456=ORIENTED_EDGE('',*,*,#9901,.F.);
#4457=ORIENTED_EDGE('',*,*,#9902,.F.);
#4458=ORIENTED_EDGE('',*,*,#9903,.F.);
#4459=ORIENTED_EDGE('',*,*,#9904,.F.);
#4460=ORIENTED_EDGE('',*,*,#9905,.T.);
#4461=ORIENTED_EDGE('',*,*,#9906,.T.);
#4462=ORIENTED_EDGE('',*,*,#9907,.T.);
#4463=ORIENTED_EDGE('',*,*,#9908,.T.);
#4464=ORIENTED_EDGE('',*,*,#9909,.F.);
#4465=ORIENTED_EDGE('',*,*,#9910,.F.);
#4466=ORIENTED_EDGE('',*,*,#9911,.F.);
#4467=ORIENTED_EDGE('',*,*,#9912,.T.);
#4468=ORIENTED_EDGE('',*,*,#9913,.T.);
#4469=ORIENTED_EDGE('',*,*,#9914,.T.);
#4470=ORIENTED_EDGE('',*,*,#9915,.T.);
#4471=ORIENTED_EDGE('',*,*,#9916,.F.);
#4472=ORIENTED_EDGE('',*,*,#9917,.F.);
#4473=ORIENTED_EDGE('',*,*,#9918,.F.);
#4474=ORIENTED_EDGE('',*,*,#9919,.F.);
#4475=ORIENTED_EDGE('',*,*,#9920,.F.);
#4476=ORIENTED_EDGE('',*,*,#9677,.T.);
#4477=ORIENTED_EDGE('',*,*,#9921,.T.);
#4478=ORIENTED_EDGE('',*,*,#9922,.T.);
#4479=ORIENTED_EDGE('',*,*,#9923,.F.);
#4480=ORIENTED_EDGE('',*,*,#9924,.F.);
#4481=ORIENTED_EDGE('',*,*,#9925,.T.);
#4482=ORIENTED_EDGE('',*,*,#9926,.T.);
#4483=ORIENTED_EDGE('',*,*,#9927,.T.);
#4484=ORIENTED_EDGE('',*,*,#9928,.F.);
#4485=ORIENTED_EDGE('',*,*,#9673,.F.);
#4486=ORIENTED_EDGE('',*,*,#9929,.F.);
#4487=ORIENTED_EDGE('',*,*,#9930,.F.);
#4488=ORIENTED_EDGE('',*,*,#9931,.F.);
#4489=ORIENTED_EDGE('',*,*,#9932,.F.);
#4490=ORIENTED_EDGE('',*,*,#9933,.F.);
#4491=ORIENTED_EDGE('',*,*,#9934,.F.);
#4492=ORIENTED_EDGE('',*,*,#9935,.F.);
#4493=ORIENTED_EDGE('',*,*,#9936,.F.);
#4494=ORIENTED_EDGE('',*,*,#9937,.F.);
#4495=ORIENTED_EDGE('',*,*,#9938,.F.);
#4496=ORIENTED_EDGE('',*,*,#9939,.F.);
#4497=ORIENTED_EDGE('',*,*,#9940,.F.);
#4498=ORIENTED_EDGE('',*,*,#9941,.F.);
#4499=ORIENTED_EDGE('',*,*,#9942,.F.);
#4500=ORIENTED_EDGE('',*,*,#9943,.F.);
#4501=ORIENTED_EDGE('',*,*,#9944,.F.);
#4502=ORIENTED_EDGE('',*,*,#9945,.F.);
#4503=ORIENTED_EDGE('',*,*,#9946,.F.);
#4504=ORIENTED_EDGE('',*,*,#9947,.F.);
#4505=ORIENTED_EDGE('',*,*,#9948,.F.);
#4506=ORIENTED_EDGE('',*,*,#9949,.F.);
#4507=ORIENTED_EDGE('',*,*,#9950,.F.);
#4508=ORIENTED_EDGE('',*,*,#9951,.F.);
#4509=ORIENTED_EDGE('',*,*,#9952,.F.);
#4510=ORIENTED_EDGE('',*,*,#9953,.F.);
#4511=ORIENTED_EDGE('',*,*,#9954,.F.);
#4512=ORIENTED_EDGE('',*,*,#9955,.F.);
#4513=ORIENTED_EDGE('',*,*,#9956,.F.);
#4514=ORIENTED_EDGE('',*,*,#9957,.F.);
#4515=ORIENTED_EDGE('',*,*,#9958,.F.);
#4516=ORIENTED_EDGE('',*,*,#9959,.F.);
#4517=ORIENTED_EDGE('',*,*,#9960,.F.);
#4518=ORIENTED_EDGE('',*,*,#9961,.F.);
#4519=ORIENTED_EDGE('',*,*,#9962,.F.);
#4520=ORIENTED_EDGE('',*,*,#9963,.F.);
#4521=ORIENTED_EDGE('',*,*,#9964,.F.);
#4522=ORIENTED_EDGE('',*,*,#9965,.F.);
#4523=ORIENTED_EDGE('',*,*,#9966,.F.);
#4524=ORIENTED_EDGE('',*,*,#9967,.F.);
#4525=ORIENTED_EDGE('',*,*,#9968,.F.);
#4526=ORIENTED_EDGE('',*,*,#9969,.F.);
#4527=ORIENTED_EDGE('',*,*,#9970,.F.);
#4528=ORIENTED_EDGE('',*,*,#9971,.F.);
#4529=ORIENTED_EDGE('',*,*,#9972,.F.);
#4530=ORIENTED_EDGE('',*,*,#9973,.F.);
#4531=ORIENTED_EDGE('',*,*,#9974,.F.);
#4532=ORIENTED_EDGE('',*,*,#9975,.F.);
#4533=ORIENTED_EDGE('',*,*,#9976,.F.);
#4534=ORIENTED_EDGE('',*,*,#9977,.F.);
#4535=ORIENTED_EDGE('',*,*,#9978,.F.);
#4536=ORIENTED_EDGE('',*,*,#9979,.F.);
#4537=ORIENTED_EDGE('',*,*,#9980,.F.);
#4538=ORIENTED_EDGE('',*,*,#9981,.F.);
#4539=ORIENTED_EDGE('',*,*,#9982,.F.);
#4540=ORIENTED_EDGE('',*,*,#9983,.F.);
#4541=ORIENTED_EDGE('',*,*,#9984,.F.);
#4542=ORIENTED_EDGE('',*,*,#9985,.F.);
#4543=ORIENTED_EDGE('',*,*,#9986,.F.);
#4544=ORIENTED_EDGE('',*,*,#9987,.F.);
#4545=ORIENTED_EDGE('',*,*,#9988,.F.);
#4546=ORIENTED_EDGE('',*,*,#9989,.F.);
#4547=ORIENTED_EDGE('',*,*,#9990,.F.);
#4548=ORIENTED_EDGE('',*,*,#9991,.F.);
#4549=ORIENTED_EDGE('',*,*,#9992,.F.);
#4550=ORIENTED_EDGE('',*,*,#9993,.F.);
#4551=ORIENTED_EDGE('',*,*,#9994,.F.);
#4552=ORIENTED_EDGE('',*,*,#9995,.F.);
#4553=ORIENTED_EDGE('',*,*,#9996,.F.);
#4554=ORIENTED_EDGE('',*,*,#9997,.F.);
#4555=ORIENTED_EDGE('',*,*,#9998,.F.);
#4556=ORIENTED_EDGE('',*,*,#9999,.F.);
#4557=ORIENTED_EDGE('',*,*,#10000,.F.);
#4558=ORIENTED_EDGE('',*,*,#10001,.F.);
#4559=ORIENTED_EDGE('',*,*,#10002,.F.);
#4560=ORIENTED_EDGE('',*,*,#10003,.F.);
#4561=ORIENTED_EDGE('',*,*,#10004,.F.);
#4562=ORIENTED_EDGE('',*,*,#10005,.F.);
#4563=ORIENTED_EDGE('',*,*,#10006,.F.);
#4564=ORIENTED_EDGE('',*,*,#10007,.F.);
#4565=ORIENTED_EDGE('',*,*,#10008,.F.);
#4566=ORIENTED_EDGE('',*,*,#10009,.F.);
#4567=ORIENTED_EDGE('',*,*,#10010,.F.);
#4568=ORIENTED_EDGE('',*,*,#10011,.F.);
#4569=ORIENTED_EDGE('',*,*,#10012,.F.);
#4570=ORIENTED_EDGE('',*,*,#10013,.F.);
#4571=ORIENTED_EDGE('',*,*,#10014,.F.);
#4572=ORIENTED_EDGE('',*,*,#10015,.F.);
#4573=ORIENTED_EDGE('',*,*,#10016,.F.);
#4574=ORIENTED_EDGE('',*,*,#10017,.F.);
#4575=ORIENTED_EDGE('',*,*,#10018,.F.);
#4576=ORIENTED_EDGE('',*,*,#10019,.F.);
#4577=ORIENTED_EDGE('',*,*,#10020,.F.);
#4578=ORIENTED_EDGE('',*,*,#10021,.F.);
#4579=ORIENTED_EDGE('',*,*,#10022,.F.);
#4580=ORIENTED_EDGE('',*,*,#10023,.F.);
#4581=ORIENTED_EDGE('',*,*,#10024,.F.);
#4582=ORIENTED_EDGE('',*,*,#10025,.F.);
#4583=ORIENTED_EDGE('',*,*,#10026,.F.);
#4584=ORIENTED_EDGE('',*,*,#10027,.F.);
#4585=CARTESIAN_POINT('',(8.3,162.45,5.02));
#4586=DIRECTION('',(-0.0,0.0,1.0));
#4587=DIRECTION('',(1.0,-0.0,0.0));
#4588=ORIENTED_EDGE('',*,*,#9886,.T.);
#4589=ORIENTED_EDGE('',*,*,#10028,.T.);
#4590=ORIENTED_EDGE('',*,*,#10029,.T.);
#4591=ORIENTED_EDGE('',*,*,#10030,.F.);
#4592=CARTESIAN_POINT('',(2.69,177.825,3.9));
#4593=DIRECTION('',(0.0,1.0,0.0));
#4594=DIRECTION('',(1.0,-0.0,0.0));
#4595=ORIENTED_EDGE('',*,*,#9888,.T.);
#4596=ORIENTED_EDGE('',*,*,#10031,.T.);
#4597=ORIENTED_EDGE('',*,*,#10032,.T.);
#4598=ORIENTED_EDGE('',*,*,#10033,.F.);
#4599=CARTESIAN_POINT('',(2.69,175.575,3.9));
#4600=DIRECTION('',(0.0,-1.0,0.0));
#4601=DIRECTION('',(0.0,0.0,-1.0));
#4602=ORIENTED_EDGE('',*,*,#9892,.T.);
#4603=ORIENTED_EDGE('',*,*,#10034,.T.);
#4604=ORIENTED_EDGE('',*,*,#10035,.T.);
#4605=ORIENTED_EDGE('',*,*,#10036,.F.);
#4606=CARTESIAN_POINT('',(1.39,175.575,3.9));
#4607=DIRECTION('',(0.0,-1.0,0.0));
#4608=DIRECTION('',(0.0,0.0,-1.0));
#4609=ORIENTED_EDGE('',*,*,#9894,.T.);
#4610=ORIENTED_EDGE('',*,*,#10037,.T.);
#4611=ORIENTED_EDGE('',*,*,#10038,.T.);
#4612=ORIENTED_EDGE('',*,*,#10039,.F.);
#4613=CARTESIAN_POINT('',(1.39,177.825,3.9));
#4614=DIRECTION('',(0.0,1.0,0.0));
#4615=DIRECTION('',(1.0,-0.0,0.0));
#4616=ORIENTED_EDGE('',*,*,#10029,.F.);
#4617=ORIENTED_EDGE('',*,*,#10040,.F.);
#4618=ORIENTED_EDGE('',*,*,#10041,.F.);
#4619=ORIENTED_EDGE('',*,*,#10042,.F.);
#4620=ORIENTED_EDGE('',*,*,#10038,.F.);
#4621=ORIENTED_EDGE('',*,*,#10043,.F.);
#4622=ORIENTED_EDGE('',*,*,#10035,.F.);
#4623=ORIENTED_EDGE('',*,*,#10044,.F.);
#4624=ORIENTED_EDGE('',*,*,#10045,.F.);
#4625=ORIENTED_EDGE('',*,*,#10046,.F.);
#4626=ORIENTED_EDGE('',*,*,#10032,.F.);
#4627=ORIENTED_EDGE('',*,*,#10047,.F.);
#4628=CARTESIAN_POINT('',(2.04,176.7,5.35));
#4629=DIRECTION('',(0.0,0.0,1.0));
#4630=DIRECTION('',(1.0,0.0,0.0));
#4631=ORIENTED_EDGE('',*,*,#9896,.T.);
#4632=ORIENTED_EDGE('',*,*,#10048,.T.);
#4633=ORIENTED_EDGE('',*,*,#10041,.T.);
#4634=ORIENTED_EDGE('',*,*,#10049,.F.);
#4635=CARTESIAN_POINT('',(1.49,178.05,3.9));
#4636=DIRECTION('',(0.0,1.0,0.0));
#4637=DIRECTION('',(1.0,-0.0,0.0));
#4638=ORIENTED_EDGE('',*,*,#9895,.T.);
#4639=ORIENTED_EDGE('',*,*,#10039,.T.);
#4640=ORIENTED_EDGE('',*,*,#10042,.T.);
#4641=ORIENTED_EDGE('',*,*,#10048,.F.);
#4642=CARTESIAN_POINT('',(1.49,177.825,3.9));
#4643=DIRECTION('',(-1.0,0.0,0.0));
#4644=DIRECTION('',(0.0,0.0,1.0));
#4645=ORIENTED_EDGE('',*,*,#9893,.T.);
#4646=ORIENTED_EDGE('',*,*,#10036,.T.);
#4647=ORIENTED_EDGE('',*,*,#10043,.T.);
#4648=ORIENTED_EDGE('',*,*,#10037,.F.);
#4649=CARTESIAN_POINT('',(1.315,175.575,3.9));
#4650=DIRECTION('',(-1.0,0.0,0.0));
#4651=DIRECTION('',(0.0,0.0,1.0));
#4652=ORIENTED_EDGE('',*,*,#9891,.T.);
#4653=ORIENTED_EDGE('',*,*,#10050,.T.);
#4654=ORIENTED_EDGE('',*,*,#10044,.T.);
#4655=ORIENTED_EDGE('',*,*,#10034,.F.);
#4656=CARTESIAN_POINT('',(1.49,175.35,3.9));
#4657=DIRECTION('',(-1.0,0.0,0.0));
#4658=DIRECTION('',(0.0,0.0,1.0));
#4659=ORIENTED_EDGE('',*,*,#9890,.T.);
#4660=ORIENTED_EDGE('',*,*,#10051,.T.);
#4661=ORIENTED_EDGE('',*,*,#10045,.T.);
#4662=ORIENTED_EDGE('',*,*,#10050,.F.);
#4663=CARTESIAN_POINT('',(2.59,175.35,3.9));
#4664=DIRECTION('',(0.0,-1.0,0.0));
#4665=DIRECTION('',(0.0,0.0,-1.0));
#4666=ORIENTED_EDGE('',*,*,#9889,.T.);
#4667=ORIENTED_EDGE('',*,*,#10033,.T.);
#4668=ORIENTED_EDGE('',*,*,#10046,.T.);
#4669=ORIENTED_EDGE('',*,*,#10051,.F.);
#4670=CARTESIAN_POINT('',(2.59,175.575,3.9));
#4671=DIRECTION('',(1.0,0.0,0.0));
#4672=DIRECTION('',(0.0,1.0,0.0));
#4673=ORIENTED_EDGE('',*,*,#9887,.T.);
#4674=ORIENTED_EDGE('',*,*,#10030,.T.);
#4675=ORIENTED_EDGE('',*,*,#10047,.T.);
#4676=ORIENTED_EDGE('',*,*,#10031,.F.);
#4677=CARTESIAN_POINT('',(2.765,177.825,3.9));
#4678=DIRECTION('',(1.0,0.0,0.0));
#4679=DIRECTION('',(0.0,1.0,0.0));
#4680=ORIENTED_EDGE('',*,*,#9885,.T.);
#4681=ORIENTED_EDGE('',*,*,#10049,.T.);
#4682=ORIENTED_EDGE('',*,*,#10040,.T.);
#4683=ORIENTED_EDGE('',*,*,#10028,.F.);
#4684=CARTESIAN_POINT('',(2.59,178.05,3.9));
#4685=DIRECTION('',(1.0,0.0,0.0));
#4686=DIRECTION('',(0.0,1.0,0.0));
#4687=ORIENTED_EDGE('',*,*,#10052,.F.);
#4688=ORIENTED_EDGE('',*,*,#10053,.F.);
#4689=ORIENTED_EDGE('',*,*,#10054,.F.);
#4690=ORIENTED_EDGE('',*,*,#10055,.F.);
#4691=CARTESIAN_POINT('',(17.5,178.45,5.35));
#4692=DIRECTION('',(0.0,0.0,1.0));
#4693=DIRECTION('',(1.0,0.0,0.0));
#4694=ORIENTED_EDGE('',*,*,#9900,.T.);
#4695=ORIENTED_EDGE('',*,*,#10056,.T.);
#4696=ORIENTED_EDGE('',*,*,#10054,.T.);
#4697=ORIENTED_EDGE('',*,*,#10057,.F.);
#4698=CARTESIAN_POINT('',(18.225,176.95,3.9));
#4699=DIRECTION('',(0.0,-1.0,0.0));
#4700=DIRECTION('',(0.0,0.0,-1.0));
#4701=ORIENTED_EDGE('',*,*,#9899,.T.);
#4702=ORIENTED_EDGE('',*,*,#10058,.T.);
#4703=ORIENTED_EDGE('',*,*,#10055,.T.);
#4704=ORIENTED_EDGE('',*,*,#10056,.F.);
#4705=CARTESIAN_POINT('',(18.225,179.95,3.9));
#4706=DIRECTION('',(1.0,0.0,0.0));
#4707=DIRECTION('',(0.0,1.0,0.0));
#4708=ORIENTED_EDGE('',*,*,#9898,.T.);
#4709=ORIENTED_EDGE('',*,*,#10059,.T.);
#4710=ORIENTED_EDGE('',*,*,#10052,.T.);
#4711=ORIENTED_EDGE('',*,*,#10058,.F.);
#4712=CARTESIAN_POINT('',(16.775,179.95,3.9));
#4713=DIRECTION('',(0.0,1.0,0.0));
#4714=DIRECTION('',(1.0,-0.0,0.0));
#4715=ORIENTED_EDGE('',*,*,#9897,.T.);
#4716=ORIENTED_EDGE('',*,*,#10057,.T.);
#4717=ORIENTED_EDGE('',*,*,#10053,.T.);
#4718=ORIENTED_EDGE('',*,*,#10059,.F.);
#4719=CARTESIAN_POINT('',(16.775,176.95,3.9));
#4720=DIRECTION('',(-1.0,0.0,0.0));
#4721=DIRECTION('',(0.0,0.0,1.0));
#4722=ORIENTED_EDGE('',*,*,#10060,.F.);
#4723=ORIENTED_EDGE('',*,*,#10061,.F.);
#4724=ORIENTED_EDGE('',*,*,#10062,.F.);
#4725=ORIENTED_EDGE('',*,*,#10063,.F.);
#4726=CARTESIAN_POINT('',(24.55,178.3,5.35));
#4727=DIRECTION('',(0.0,0.0,1.0));
#4728=DIRECTION('',(1.0,0.0,0.0));
#4729=ORIENTED_EDGE('',*,*,#9904,.T.);
#4730=ORIENTED_EDGE('',*,*,#10064,.T.);
#4731=ORIENTED_EDGE('',*,*,#10061,.T.);
#4732=ORIENTED_EDGE('',*,*,#10065,.F.);
#4733=CARTESIAN_POINT('',(23.825,176.8,3.9));
#4734=DIRECTION('',(-1.0,0.0,0.0));
#4735=DIRECTION('',(0.0,0.0,1.0));
#4736=ORIENTED_EDGE('',*,*,#9903,.T.);
#4737=ORIENTED_EDGE('',*,*,#10066,.T.);
#4738=ORIENTED_EDGE('',*,*,#10062,.T.);
#4739=ORIENTED_EDGE('',*,*,#10064,.F.);
#4740=CARTESIAN_POINT('',(25.275,176.8,3.9));
#4741=DIRECTION('',(0.0,-1.0,0.0));
#4742=DIRECTION('',(0.0,0.0,-1.0));
#4743=ORIENTED_EDGE('',*,*,#9902,.T.);
#4744=ORIENTED_EDGE('',*,*,#10067,.T.);
#4745=ORIENTED_EDGE('',*,*,#10063,.T.);
#4746=ORIENTED_EDGE('',*,*,#10066,.F.);
#4747=CARTESIAN_POINT('',(25.275,179.8,3.9));
#4748=DIRECTION('',(1.0,0.0,0.0));
#4749=DIRECTION('',(0.0,1.0,0.0));
#4750=ORIENTED_EDGE('',*,*,#9901,.T.);
#4751=ORIENTED_EDGE('',*,*,#10065,.T.);
#4752=ORIENTED_EDGE('',*,*,#10060,.T.);
#4753=ORIENTED_EDGE('',*,*,#10067,.F.);
#4754=CARTESIAN_POINT('',(23.825,179.8,3.9));
#4755=DIRECTION('',(0.0,1.0,0.0));
#4756=DIRECTION('',(1.0,-0.0,0.0));
#4757=ORIENTED_EDGE('',*,*,#10068,.T.);
#4758=ORIENTED_EDGE('',*,*,#10069,.T.);
#4759=ORIENTED_EDGE('',*,*,#10070,.F.);
#4760=ORIENTED_EDGE('',*,*,#9906,.F.);
#4761=CARTESIAN_POINT('',(29.329571140534,171.378361486782,1.6));
#4762=DIRECTION('',(-0.446131719708569,-0.894967311509127,0.0));
#4763=DIRECTION('',(-0.894967311509127,0.446131719708569,0.0));
#4764=ORIENTED_EDGE('',*,*,#10070,.T.);
#4765=ORIENTED_EDGE('',*,*,#10071,.T.);
#4766=ORIENTED_EDGE('',*,*,#10072,.F.);
#4767=ORIENTED_EDGE('',*,*,#9907,.F.);
#4768=CARTESIAN_POINT('',(28.7993304869076,170.748793436539,4.65));
#4769=DIRECTION('',(-0.0,0.0,1.0));
#4770=DIRECTION('',(1.0,5.3002047195605E-13,0.0));
#4771=ORIENTED_EDGE('',*,*,#9908,.F.);
#4772=ORIENTED_EDGE('',*,*,#10072,.T.);
#4773=ORIENTED_EDGE('',*,*,#10073,.T.);
#4774=ORIENTED_EDGE('',*,*,#10074,.T.);
#4775=CARTESIAN_POINT('',(29.9079752527082,169.747614540709,1.6));
#4776=DIRECTION('',(-0.963467034935229,-0.267826945233518,0.0));
#4777=DIRECTION('',(-0.267826945233518,0.963467034935229,0.0));
#4778=ORIENTED_EDGE('',*,*,#9909,.T.);
#4779=ORIENTED_EDGE('',*,*,#10074,.F.);
#4780=ORIENTED_EDGE('',*,*,#10075,.F.);
#4781=ORIENTED_EDGE('',*,*,#10076,.T.);
#4782=CARTESIAN_POINT('',(29.1079752527071,169.638490449309,4.65));
#4783=DIRECTION('',(0.0,-0.0,-1.0));
#4784=DIRECTION('',(-1.0,-5.3002047195605E-13,0.0));
#4785=ORIENTED_EDGE('',*,*,#10077,.F.);
#4786=ORIENTED_EDGE('',*,*,#9910,.T.);
#4787=ORIENTED_EDGE('',*,*,#10076,.F.);
#4788=ORIENTED_EDGE('',*,*,#10078,.T.);
#4789=CARTESIAN_POINT('',(29.9079752527071,170.111031220128,1.95));
#4790=DIRECTION('',(1.0,2.65010235978025E-13,-0.0));
#4791=DIRECTION('',(-2.65010235978025E-13,1.0,0.0));
#4792=ORIENTED_EDGE('',*,*,#10079,.F.);
#4793=ORIENTED_EDGE('',*,*,#10080,.T.);
#4794=ORIENTED_EDGE('',*,*,#10081,.T.);
#4795=ORIENTED_EDGE('',*,*,#10082,.T.);
#4796=ORIENTED_EDGE('',*,*,#10083,.T.);
#4797=ORIENTED_EDGE('',*,*,#10084,.F.);
#4798=ORIENTED_EDGE('',*,*,#10085,.T.);
#4799=ORIENTED_EDGE('',*,*,#10086,.F.);
#4800=ORIENTED_EDGE('',*,*,#10087,.T.);
#4801=ORIENTED_EDGE('',*,*,#10088,.T.);
#4802=ORIENTED_EDGE('',*,*,#10078,.F.);
#4803=ORIENTED_EDGE('',*,*,#10075,.T.);
#4804=ORIENTED_EDGE('',*,*,#10073,.F.);
#4805=ORIENTED_EDGE('',*,*,#10071,.F.);
#4806=ORIENTED_EDGE('',*,*,#10069,.F.);
#4807=ORIENTED_EDGE('',*,*,#10089,.F.);
#4808=CARTESIAN_POINT('',(8.72853295819782,141.150638192712,6.9));
#4809=DIRECTION('',(-0.0,-0.0,-1.0));
#4810=DIRECTION('',(0.0,-1.0,0.0));
#4811=ORIENTED_EDGE('',*,*,#10080,.F.);
#4812=ORIENTED_EDGE('',*,*,#10090,.F.);
#4813=ORIENTED_EDGE('',*,*,#9919,.T.);
#4814=ORIENTED_EDGE('',*,*,#10091,.T.);
#4815=CARTESIAN_POINT('',(20.1227134387064,173.333827901962,4.65));
#4816=DIRECTION('',(0.0,0.0,1.0));
#4817=DIRECTION('',(-1.0,5.3002047195605E-13,0.0));
#4818=ORIENTED_EDGE('',*,*,#9918,.T.);
#4819=ORIENTED_EDGE('',*,*,#10092,.T.);
#4820=ORIENTED_EDGE('',*,*,#10081,.F.);
#4821=ORIENTED_EDGE('',*,*,#10091,.F.);
#4822=CARTESIAN_POINT('',(14.4067367267037,171.378361486782,1.6));
#4823=DIRECTION('',(-0.446131719708569,0.894967311509127,0.0));
#4824=DIRECTION('',(0.0,0.0,1.0));
#4825=ORIENTED_EDGE('',*,*,#9917,.T.);
#4826=ORIENTED_EDGE('',*,*,#10093,.T.);
#4827=ORIENTED_EDGE('',*,*,#10082,.F.);
#4828=ORIENTED_EDGE('',*,*,#10092,.F.);
#4829=CARTESIAN_POINT('',(14.9369773803303,170.748793436539,4.65));
#4830=DIRECTION('',(0.0,0.0,1.0));
#4831=DIRECTION('',(-1.0,5.3002047195605E-13,0.0));
#4832=ORIENTED_EDGE('',*,*,#10083,.F.);
#4833=ORIENTED_EDGE('',*,*,#10093,.F.);
#4834=ORIENTED_EDGE('',*,*,#9916,.T.);
#4835=ORIENTED_EDGE('',*,*,#10094,.F.);
#4836=CARTESIAN_POINT('',(13.82833261453,169.747614540708,1.6));
#4837=DIRECTION('',(-0.963467034935229,0.267826945233518,0.0));
#4838=DIRECTION('',(0.0,0.0,1.0));
#4839=ORIENTED_EDGE('',*,*,#9915,.F.);
#4840=ORIENTED_EDGE('',*,*,#10095,.F.);
#4841=ORIENTED_EDGE('',*,*,#10084,.T.);
#4842=ORIENTED_EDGE('',*,*,#10094,.T.);
#4843=CARTESIAN_POINT('',(14.6283326145306,169.638490449309,4.65));
#4844=DIRECTION('',(0.0,-0.0,-1.0));
#4845=DIRECTION('',(1.0,-5.3002047195605E-13,0.0));
#4846=ORIENTED_EDGE('',*,*,#10096,.F.);
#4847=ORIENTED_EDGE('',*,*,#9913,.F.);
#4848=ORIENTED_EDGE('',*,*,#10097,.T.);
#4849=ORIENTED_EDGE('',*,*,#10086,.T.);
#4850=CARTESIAN_POINT('',(14.6283326145245,146.700000000001,4.65));
#4851=DIRECTION('',(0.0,-0.0,-1.0));
#4852=DIRECTION('',(1.0,-5.3002047195605E-13,0.0));
#4853=ORIENTED_EDGE('',*,*,#10085,.F.);
#4854=ORIENTED_EDGE('',*,*,#10095,.T.);
#4855=ORIENTED_EDGE('',*,*,#9914,.F.);
#4856=ORIENTED_EDGE('',*,*,#10096,.T.);
#4857=CARTESIAN_POINT('',(13.8283326145307,170.111031220128,1.95));
#4858=DIRECTION('',(1.0,-2.65010235978025E-13,0.0));
#4859=DIRECTION('',(-2.65010235978025E-13,-1.0,0.0));
#4860=ORIENTED_EDGE('',*,*,#9912,.F.);
#4861=ORIENTED_EDGE('',*,*,#10098,.T.);
#4862=ORIENTED_EDGE('',*,*,#10087,.F.);
#4863=ORIENTED_EDGE('',*,*,#10097,.F.);
#4864=CARTESIAN_POINT('',(14.1579752527137,145.899999999998,2.9));
#4865=DIRECTION('',(-2.64512708598225E-13,1.0,0.0));
#4866=DIRECTION('',(1.0,2.64512708598225E-13,-0.0));
#4867=ORIENTED_EDGE('',*,*,#10088,.F.);
#4868=ORIENTED_EDGE('',*,*,#10098,.F.);
#4869=ORIENTED_EDGE('',*,*,#9911,.T.);
#4870=ORIENTED_EDGE('',*,*,#10077,.T.);
#4871=CARTESIAN_POINT('',(29.1079752527135,146.700000000001,4.65));
#4872=DIRECTION('',(0.0,-0.0,-1.0));
#4873=DIRECTION('',(-1.0,-5.3002047195605E-13,0.0));
#4874=ORIENTED_EDGE('',*,*,#10079,.T.);
#4875=ORIENTED_EDGE('',*,*,#10099,.F.);
#4876=ORIENTED_EDGE('',*,*,#9920,.T.);
#4877=ORIENTED_EDGE('',*,*,#10090,.T.);
#4878=CARTESIAN_POINT('',(20.2829911172026,174.133827901961,1.6));
#4879=DIRECTION('',(-2.65010235978025E-13,1.0,0.0));
#4880=DIRECTION('',(1.0,2.65010235978025E-13,-0.0));
#4881=ORIENTED_EDGE('',*,*,#10068,.F.);
#4882=ORIENTED_EDGE('',*,*,#9905,.F.);
#4883=ORIENTED_EDGE('',*,*,#10099,.T.);
#4884=ORIENTED_EDGE('',*,*,#10089,.T.);
#4885=CARTESIAN_POINT('',(23.6135944285316,173.333827901962,4.65));
#4886=DIRECTION('',(-0.0,0.0,1.0));
#4887=DIRECTION('',(1.0,5.3002047195605E-13,0.0));
#4888=ORIENTED_EDGE('',*,*,#10100,.T.);
#4889=ORIENTED_EDGE('',*,*,#10101,.T.);
#4890=ORIENTED_EDGE('',*,*,#10102,.T.);
#4891=ORIENTED_EDGE('',*,*,#10103,.F.);
#4892=ORIENTED_EDGE('',*,*,#9680,.F.);
#4893=CARTESIAN_POINT('',(39.2000000000002,174.275030172436,5.26));
#4894=DIRECTION('',(0.0,0.0,1.0));
#4895=DIRECTION('',(1.0,0.0,0.0));
#4896=ORIENTED_EDGE('',*,*,#9922,.F.);
#4897=ORIENTED_EDGE('',*,*,#10104,.T.);
#4898=ORIENTED_EDGE('',*,*,#10102,.F.);
#4899=ORIENTED_EDGE('',*,*,#10105,.T.);
#4900=CARTESIAN_POINT('',(50.6379666356769,180.096422851675,4.36));
#4901=DIRECTION('',(-0.999132204838988,0.04165137757124,0.0));
#4902=DIRECTION('',(0.0,0.0,1.0));
#4903=ORIENTED_EDGE('',*,*,#9923,.T.);
#4904=ORIENTED_EDGE('',*,*,#10105,.F.);
#4905=ORIENTED_EDGE('',*,*,#10101,.F.);
#4906=ORIENTED_EDGE('',*,*,#10106,.F.);
#4907=ORIENTED_EDGE('',*,*,#10107,.T.);
#4908=CARTESIAN_POINT('',(49.5034791699792,173.770030344872,2.26));
#4909=DIRECTION('',(0.0,0.0,1.0));
#4910=DIRECTION('',(-1.0,0.0,0.0));
#4911=ORIENTED_EDGE('',*,*,#10108,.T.);
#4912=ORIENTED_EDGE('',*,*,#10109,.T.);
#4913=ORIENTED_EDGE('',*,*,#10110,.T.);
#4914=ORIENTED_EDGE('',*,*,#10111,.T.);
#4915=ORIENTED_EDGE('',*,*,#9924,.T.);
#4916=ORIENTED_EDGE('',*,*,#10107,.F.);
#4917=ORIENTED_EDGE('',*,*,#10112,.F.);
#4918=CARTESIAN_POINT('',(49.8471587115264,172.970790473043,4.4));
#4919=DIRECTION('',(0.446131719708568,-0.894967311509127,0.0));
#4920=DIRECTION('',(0.0,0.0,-1.0));
#4921=ORIENTED_EDGE('',*,*,#10113,.T.);
#4922=ORIENTED_EDGE('',*,*,#10114,.T.);
#4923=ORIENTED_EDGE('',*,*,#9925,.F.);
#4924=ORIENTED_EDGE('',*,*,#10111,.F.);
#4925=CARTESIAN_POINT('',(39.2000000000002,172.300030344872,2.9));
#4926=DIRECTION('',(0.0,0.0,1.0));
#4927=DIRECTION('',(-1.0,0.0,0.0));
#4928=ORIENTED_EDGE('',*,*,#10115,.T.);
#4929=ORIENTED_EDGE('',*,*,#10116,.T.);
#4930=ORIENTED_EDGE('',*,*,#10117,.T.);
#4931=ORIENTED_EDGE('',*,*,#10113,.F.);
#4932=ORIENTED_EDGE('',*,*,#10110,.F.);
#4933=ORIENTED_EDGE('',*,*,#10118,.F.);
#4934=CARTESIAN_POINT('',(41.5319202700185,177.973360342742,6.9));
#4935=DIRECTION('',(0.0,0.0,1.0));
#4936=DIRECTION('',(1.0,0.0,0.0));
#4937=ORIENTED_EDGE('',*,*,#10118,.T.);
#4938=ORIENTED_EDGE('',*,*,#10109,.F.);
#4939=ORIENTED_EDGE('',*,*,#10119,.F.);
#4940=ORIENTED_EDGE('',*,*,#10120,.T.);
#4941=CARTESIAN_POINT('',(49.5973667866997,176.810537628068,6.75));
#4942=DIRECTION('',(-0.707106781186551,0.0,-0.707106781186544));
#4943=DIRECTION('',(-0.707106781186544,0.0,0.707106781186551));
#4944=ORIENTED_EDGE('',*,*,#10115,.F.);
#4945=ORIENTED_EDGE('',*,*,#10120,.F.);
#4946=ORIENTED_EDGE('',*,*,#10121,.T.);
#4947=ORIENTED_EDGE('',*,*,#10122,.T.);
#4948=CARTESIAN_POINT('',(39.04999989335,180.55003,6.75));
#4949=DIRECTION('',(0.0,0.707106781186547,0.707106781186548));
#4950=DIRECTION('',(1.0,-0.0,0.0));
#4951=ORIENTED_EDGE('',*,*,#10123,.F.);
#4952=ORIENTED_EDGE('',*,*,#10124,.F.);
#4953=ORIENTED_EDGE('',*,*,#10125,.T.);
#4954=ORIENTED_EDGE('',*,*,#10126,.T.);
#4955=CARTESIAN_POINT('',(28.6526330000003,180.70003,6.9));
#4956=DIRECTION('',(1.0,0.0,-0.0));
#4957=DIRECTION('',(-0.0,1.0,0.0));
#4958=ORIENTED_EDGE('',*,*,#10123,.T.);
#4959=ORIENTED_EDGE('',*,*,#10127,.T.);
#4960=ORIENTED_EDGE('',*,*,#10116,.F.);
#4961=ORIENTED_EDGE('',*,*,#10122,.F.);
#4962=CARTESIAN_POINT('',(28.8026330000003,176.660537681232,6.75));
#4963=DIRECTION('',(0.707106781186551,0.0,-0.707106781186544));
#4964=DIRECTION('',(0.0,-1.0,0.0));
#4965=ORIENTED_EDGE('',*,*,#10126,.F.);
#4966=ORIENTED_EDGE('',*,*,#10128,.T.);
#4967=ORIENTED_EDGE('',*,*,#10129,.T.);
#4968=ORIENTED_EDGE('',*,*,#9926,.F.);
#4969=ORIENTED_EDGE('',*,*,#10114,.F.);
#4970=ORIENTED_EDGE('',*,*,#10117,.F.);
#4971=ORIENTED_EDGE('',*,*,#10127,.F.);
#4972=CARTESIAN_POINT('',(28.5528412884739,172.970790473043,4.4));
#4973=DIRECTION('',(0.446131719708568,0.894967311509127,0.0));
#4974=DIRECTION('',(-0.0,0.0,-1.0));
#4975=ORIENTED_EDGE('',*,*,#10130,.T.);
#4976=ORIENTED_EDGE('',*,*,#10131,.T.);
#4977=ORIENTED_EDGE('',*,*,#9927,.F.);
#4978=ORIENTED_EDGE('',*,*,#10129,.F.);
#4979=ORIENTED_EDGE('',*,*,#10132,.T.);
#4980=CARTESIAN_POINT('',(28.8965208300211,173.770030344872,2.26));
#4981=DIRECTION('',(-0.0,0.0,1.0));
#4982=DIRECTION('',(1.0,0.0,0.0));
#4983=ORIENTED_EDGE('',*,*,#10133,.F.);
#4984=ORIENTED_EDGE('',*,*,#9674,.F.);
#4985=ORIENTED_EDGE('',*,*,#9928,.T.);
#4986=ORIENTED_EDGE('',*,*,#10131,.F.);
#4987=CARTESIAN_POINT('',(27.7620333643234,180.096422851675,4.36));
#4988=DIRECTION('',(-0.999132204838988,-0.04165137757124,0.0));
#4989=DIRECTION('',(-0.04165137757124,0.999132204838988,0.0));
#4990=ORIENTED_EDGE('',*,*,#10125,.F.);
#4991=ORIENTED_EDGE('',*,*,#10134,.T.);
#4992=ORIENTED_EDGE('',*,*,#10135,.F.);
#4993=ORIENTED_EDGE('',*,*,#10136,.T.);
#4994=ORIENTED_EDGE('',*,*,#10132,.F.);
#4995=ORIENTED_EDGE('',*,*,#10128,.F.);
#4996=CARTESIAN_POINT('',(28.1526330000003,181.701076761172,5.76));
#4997=DIRECTION('',(0.0,-1.0,0.0));
#4998=DIRECTION('',(1.0,0.0,0.0));
#4999=ORIENTED_EDGE('',*,*,#10121,.F.);
#5000=ORIENTED_EDGE('',*,*,#10137,.T.);
#5001=ORIENTED_EDGE('',*,*,#10138,.F.);
#5002=ORIENTED_EDGE('',*,*,#9678,.F.);
#5003=ORIENTED_EDGE('',*,*,#9930,.T.);
#5004=ORIENTED_EDGE('',*,*,#10139,.T.);
#5005=ORIENTED_EDGE('',*,*,#10134,.F.);
#5006=ORIENTED_EDGE('',*,*,#10124,.T.);
#5007=CARTESIAN_POINT('',(44.2124025880997,180.70003,2.41));
#5008=DIRECTION('',(0.0,1.0,0.0));
#5009=DIRECTION('',(1.0,0.0,-0.0));
#5010=ORIENTED_EDGE('',*,*,#10140,.T.);
#5011=ORIENTED_EDGE('',*,*,#10112,.T.);
#5012=ORIENTED_EDGE('',*,*,#10106,.T.);
#5013=ORIENTED_EDGE('',*,*,#10100,.F.);
#5014=ORIENTED_EDGE('',*,*,#9679,.T.);
#5015=ORIENTED_EDGE('',*,*,#10138,.T.);
#5016=CARTESIAN_POINT('',(50.2473667866997,181.701076761172,5.76));
#5017=DIRECTION('',(0.0,-1.0,0.0));
#5018=DIRECTION('',(1.0,0.0,0.0));
#5019=ORIENTED_EDGE('',*,*,#9676,.T.);
#5020=ORIENTED_EDGE('',*,*,#10103,.T.);
#5021=ORIENTED_EDGE('',*,*,#10104,.F.);
#5022=ORIENTED_EDGE('',*,*,#9921,.F.);
#5023=CARTESIAN_POINT('',(50.1488188473592,180.20003,4.68));
#5024=DIRECTION('',(0.0,0.0,-1.0));
#5025=DIRECTION('',(1.0,0.0,0.0));
#5026=ORIENTED_EDGE('',*,*,#9672,.T.);
#5027=ORIENTED_EDGE('',*,*,#10141,.F.);
#5028=ORIENTED_EDGE('',*,*,#10135,.T.);
#5029=ORIENTED_EDGE('',*,*,#10139,.F.);
#5030=ORIENTED_EDGE('',*,*,#9929,.T.);
#5031=CARTESIAN_POINT('',(28.2511811526411,180.20003,4.68));
#5032=DIRECTION('',(-0.0,0.0,-1.0));
#5033=DIRECTION('',(-1.0,0.0,0.0));
#5034=ORIENTED_EDGE('',*,*,#10130,.F.);
#5035=ORIENTED_EDGE('',*,*,#10136,.F.);
#5036=ORIENTED_EDGE('',*,*,#10141,.T.);
#5037=ORIENTED_EDGE('',*,*,#9675,.T.);
#5038=ORIENTED_EDGE('',*,*,#10133,.T.);
#5039=CARTESIAN_POINT('',(39.2000000000002,174.275030172436,5.26));
#5040=DIRECTION('',(0.0,0.0,-1.0));
#5041=DIRECTION('',(0.0,-1.0,0.0));
#5042=ORIENTED_EDGE('',*,*,#10140,.F.);
#5043=ORIENTED_EDGE('',*,*,#10137,.F.);
#5044=ORIENTED_EDGE('',*,*,#10119,.T.);
#5045=ORIENTED_EDGE('',*,*,#10108,.F.);
#5046=CARTESIAN_POINT('',(49.7473667866997,180.70003,5.26));
#5047=DIRECTION('',(-1.0,0.0,0.0));
#5048=DIRECTION('',(0.0,0.0,1.0));
#5049=ORIENTED_EDGE('',*,*,#10142,.F.);
#5050=ORIENTED_EDGE('',*,*,#10143,.F.);
#5051=ORIENTED_EDGE('',*,*,#10144,.F.);
#5052=ORIENTED_EDGE('',*,*,#10145,.F.);
#5053=ORIENTED_EDGE('',*,*,#10146,.F.);
#5054=ORIENTED_EDGE('',*,*,#10147,.F.);
#5055=ORIENTED_EDGE('',*,*,#10148,.F.);
#5056=ORIENTED_EDGE('',*,*,#10149,.F.);
#5057=ORIENTED_EDGE('',*,*,#10150,.F.);
#5058=ORIENTED_EDGE('',*,*,#10151,.F.);
#5059=ORIENTED_EDGE('',*,*,#10152,.F.);
#5060=ORIENTED_EDGE('',*,*,#10153,.F.);
#5061=CARTESIAN_POINT('',(50.4,170.025,5.9));
#5062=DIRECTION('',(0.0,0.0,1.0));
#5063=DIRECTION('',(1.0,0.0,0.0));
#5064=ORIENTED_EDGE('',*,*,#9942,.T.);
#5065=ORIENTED_EDGE('',*,*,#10154,.T.);
#5066=ORIENTED_EDGE('',*,*,#10147,.T.);
#5067=ORIENTED_EDGE('',*,*,#10155,.F.);
#5068=CARTESIAN_POINT('',(51.325,168.3,3.9));
#5069=DIRECTION('',(0.0,-1.0,0.0));
#5070=DIRECTION('',(0.0,0.0,-1.0));
#5071=ORIENTED_EDGE('',*,*,#9941,.T.);
#5072=ORIENTED_EDGE('',*,*,#10156,.T.);
#5073=ORIENTED_EDGE('',*,*,#10148,.T.);
#5074=ORIENTED_EDGE('',*,*,#10154,.F.);
#5075=CARTESIAN_POINT('',(51.325,171.75,3.9));
#5076=DIRECTION('',(1.0,0.0,0.0));
#5077=DIRECTION('',(0.0,1.0,0.0));
#5078=ORIENTED_EDGE('',*,*,#9940,.T.);
#5079=ORIENTED_EDGE('',*,*,#10157,.T.);
#5080=ORIENTED_EDGE('',*,*,#10149,.T.);
#5081=ORIENTED_EDGE('',*,*,#10156,.F.);
#5082=CARTESIAN_POINT('',(51.25,171.75,3.9));
#5083=DIRECTION('',(0.0,1.0,0.0));
#5084=DIRECTION('',(1.0,-0.0,0.0));
#5085=ORIENTED_EDGE('',*,*,#9939,.T.);
#5086=ORIENTED_EDGE('',*,*,#10158,.T.);
#5087=ORIENTED_EDGE('',*,*,#10150,.T.);
#5088=ORIENTED_EDGE('',*,*,#10157,.F.);
#5089=CARTESIAN_POINT('',(51.25,171.975,3.9));
#5090=DIRECTION('',(1.0,0.0,0.0));
#5091=DIRECTION('',(0.0,1.0,0.0));
#5092=ORIENTED_EDGE('',*,*,#9938,.T.);
#5093=ORIENTED_EDGE('',*,*,#10159,.T.);
#5094=ORIENTED_EDGE('',*,*,#10151,.T.);
#5095=ORIENTED_EDGE('',*,*,#10158,.F.);
#5096=CARTESIAN_POINT('',(49.55,171.975,3.9));
#5097=DIRECTION('',(0.0,1.0,0.0));
#5098=DIRECTION('',(1.0,-0.0,0.0));
#5099=ORIENTED_EDGE('',*,*,#9937,.T.);
#5100=ORIENTED_EDGE('',*,*,#10160,.T.);
#5101=ORIENTED_EDGE('',*,*,#10152,.T.);
#5102=ORIENTED_EDGE('',*,*,#10159,.F.);
#5103=CARTESIAN_POINT('',(49.55,171.75,3.9));
#5104=DIRECTION('',(-1.0,0.0,0.0));
#5105=DIRECTION('',(0.0,0.0,1.0));
#5106=ORIENTED_EDGE('',*,*,#9936,.T.);
#5107=ORIENTED_EDGE('',*,*,#10161,.T.);
#5108=ORIENTED_EDGE('',*,*,#10153,.T.);
#5109=ORIENTED_EDGE('',*,*,#10160,.F.);
#5110=CARTESIAN_POINT('',(49.475,171.75,3.9));
#5111=DIRECTION('',(0.0,1.0,0.0));
#5112=DIRECTION('',(1.0,-0.0,0.0));
#5113=ORIENTED_EDGE('',*,*,#9935,.T.);
#5114=ORIENTED_EDGE('',*,*,#10162,.T.);
#5115=ORIENTED_EDGE('',*,*,#10142,.T.);
#5116=ORIENTED_EDGE('',*,*,#10161,.F.);
#5117=CARTESIAN_POINT('',(49.475,168.3,3.9));
#5118=DIRECTION('',(-1.0,0.0,0.0));
#5119=DIRECTION('',(0.0,0.0,1.0));
#5120=ORIENTED_EDGE('',*,*,#9934,.T.);
#5121=ORIENTED_EDGE('',*,*,#10163,.T.);
#5122=ORIENTED_EDGE('',*,*,#10143,.T.);
#5123=ORIENTED_EDGE('',*,*,#10162,.F.);
#5124=CARTESIAN_POINT('',(49.55,168.3,3.9));
#5125=DIRECTION('',(0.0,-1.0,0.0));
#5126=DIRECTION('',(0.0,0.0,-1.0));
#5127=ORIENTED_EDGE('',*,*,#9933,.T.);
#5128=ORIENTED_EDGE('',*,*,#10164,.T.);
#5129=ORIENTED_EDGE('',*,*,#10144,.T.);
#5130=ORIENTED_EDGE('',*,*,#10163,.F.);
#5131=CARTESIAN_POINT('',(49.55,168.075,3.9));
#5132=DIRECTION('',(-1.0,0.0,0.0));
#5133=DIRECTION('',(0.0,0.0,1.0));
#5134=ORIENTED_EDGE('',*,*,#9932,.T.);
#5135=ORIENTED_EDGE('',*,*,#10165,.T.);
#5136=ORIENTED_EDGE('',*,*,#10145,.T.);
#5137=ORIENTED_EDGE('',*,*,#10164,.F.);
#5138=CARTESIAN_POINT('',(51.25,168.075,3.9));
#5139=DIRECTION('',(0.0,-1.0,0.0));
#5140=DIRECTION('',(0.0,0.0,-1.0));
#5141=ORIENTED_EDGE('',*,*,#9931,.T.);
#5142=ORIENTED_EDGE('',*,*,#10155,.T.);
#5143=ORIENTED_EDGE('',*,*,#10146,.T.);
#5144=ORIENTED_EDGE('',*,*,#10165,.F.);
#5145=CARTESIAN_POINT('',(51.25,168.3,3.9));
#5146=DIRECTION('',(1.0,0.0,0.0));
#5147=DIRECTION('',(0.0,1.0,0.0));
#5148=ORIENTED_EDGE('',*,*,#10166,.F.);
#5149=ORIENTED_EDGE('',*,*,#10167,.F.);
#5150=ORIENTED_EDGE('',*,*,#10168,.F.);
#5151=ORIENTED_EDGE('',*,*,#10169,.F.);
#5152=ORIENTED_EDGE('',*,*,#10170,.F.);
#5153=ORIENTED_EDGE('',*,*,#10171,.F.);
#5154=ORIENTED_EDGE('',*,*,#10172,.F.);
#5155=ORIENTED_EDGE('',*,*,#10173,.F.);
#5156=ORIENTED_EDGE('',*,*,#10174,.F.);
#5157=ORIENTED_EDGE('',*,*,#10175,.F.);
#5158=ORIENTED_EDGE('',*,*,#10176,.F.);
#5159=ORIENTED_EDGE('',*,*,#10177,.F.);
#5160=CARTESIAN_POINT('',(53.65,167.2,5.9));
#5161=DIRECTION('',(0.0,-0.0,1.0));
#5162=DIRECTION('',(1.0,0.0,-0.0));
#5163=ORIENTED_EDGE('',*,*,#9954,.T.);
#5164=ORIENTED_EDGE('',*,*,#10178,.T.);
#5165=ORIENTED_EDGE('',*,*,#10176,.T.);
#5166=ORIENTED_EDGE('',*,*,#10179,.F.);
#5167=CARTESIAN_POINT('',(55.375,168.05,3.9));
#5168=DIRECTION('',(0.0,1.0,0.0));
#5169=DIRECTION('',(1.0,0.0,-0.0));
#5170=ORIENTED_EDGE('',*,*,#9953,.T.);
#5171=ORIENTED_EDGE('',*,*,#10180,.T.);
#5172=ORIENTED_EDGE('',*,*,#10177,.T.);
#5173=ORIENTED_EDGE('',*,*,#10178,.F.);
#5174=CARTESIAN_POINT('',(55.375,168.125,3.9));
#5175=DIRECTION('',(1.0,0.0,0.0));
#5176=DIRECTION('',(0.0,1.0,0.0));
#5177=ORIENTED_EDGE('',*,*,#9952,.T.);
#5178=ORIENTED_EDGE('',*,*,#10181,.T.);
#5179=ORIENTED_EDGE('',*,*,#10166,.T.);
#5180=ORIENTED_EDGE('',*,*,#10180,.F.);
#5181=CARTESIAN_POINT('',(51.925,168.125,3.9));
#5182=DIRECTION('',(0.0,1.0,0.0));
#5183=DIRECTION('',(1.0,0.0,-0.0));
#5184=ORIENTED_EDGE('',*,*,#9951,.T.);
#5185=ORIENTED_EDGE('',*,*,#10182,.T.);
#5186=ORIENTED_EDGE('',*,*,#10167,.T.);
#5187=ORIENTED_EDGE('',*,*,#10181,.F.);
#5188=CARTESIAN_POINT('',(51.925,168.05,3.9));
#5189=DIRECTION('',(-1.0,0.0,0.0));
#5190=DIRECTION('',(0.0,0.0,1.0));
#5191=ORIENTED_EDGE('',*,*,#9950,.T.);
#5192=ORIENTED_EDGE('',*,*,#10183,.T.);
#5193=ORIENTED_EDGE('',*,*,#10168,.T.);
#5194=ORIENTED_EDGE('',*,*,#10182,.F.);
#5195=CARTESIAN_POINT('',(51.7,168.05,3.9));
#5196=DIRECTION('',(0.0,1.0,0.0));
#5197=DIRECTION('',(1.0,0.0,-0.0));
#5198=ORIENTED_EDGE('',*,*,#9949,.T.);
#5199=ORIENTED_EDGE('',*,*,#10184,.T.);
#5200=ORIENTED_EDGE('',*,*,#10169,.T.);
#5201=ORIENTED_EDGE('',*,*,#10183,.F.);
#5202=CARTESIAN_POINT('',(51.7,166.35,3.9));
#5203=DIRECTION('',(-1.0,0.0,0.0));
#5204=DIRECTION('',(0.0,0.0,1.0));
#5205=ORIENTED_EDGE('',*,*,#9948,.T.);
#5206=ORIENTED_EDGE('',*,*,#10185,.T.);
#5207=ORIENTED_EDGE('',*,*,#10170,.T.);
#5208=ORIENTED_EDGE('',*,*,#10184,.F.);
#5209=CARTESIAN_POINT('',(51.925,166.35,3.9));
#5210=DIRECTION('',(0.0,-1.0,0.0));
#5211=DIRECTION('',(0.0,0.0,-1.0));
#5212=ORIENTED_EDGE('',*,*,#9947,.T.);
#5213=ORIENTED_EDGE('',*,*,#10186,.T.);
#5214=ORIENTED_EDGE('',*,*,#10171,.T.);
#5215=ORIENTED_EDGE('',*,*,#10185,.F.);
#5216=CARTESIAN_POINT('',(51.925,166.275,3.9));
#5217=DIRECTION('',(-1.0,0.0,0.0));
#5218=DIRECTION('',(0.0,0.0,1.0));
#5219=ORIENTED_EDGE('',*,*,#9946,.T.);
#5220=ORIENTED_EDGE('',*,*,#10187,.T.);
#5221=ORIENTED_EDGE('',*,*,#10172,.T.);
#5222=ORIENTED_EDGE('',*,*,#10186,.F.);
#5223=CARTESIAN_POINT('',(55.375,166.275,3.9));
#5224=DIRECTION('',(0.0,-1.0,0.0));
#5225=DIRECTION('',(0.0,0.0,-1.0));
#5226=ORIENTED_EDGE('',*,*,#9945,.T.);
#5227=ORIENTED_EDGE('',*,*,#10188,.T.);
#5228=ORIENTED_EDGE('',*,*,#10173,.T.);
#5229=ORIENTED_EDGE('',*,*,#10187,.F.);
#5230=CARTESIAN_POINT('',(55.375,166.35,3.9));
#5231=DIRECTION('',(1.0,0.0,0.0));
#5232=DIRECTION('',(0.0,1.0,0.0));
#5233=ORIENTED_EDGE('',*,*,#9944,.T.);
#5234=ORIENTED_EDGE('',*,*,#10189,.T.);
#5235=ORIENTED_EDGE('',*,*,#10174,.T.);
#5236=ORIENTED_EDGE('',*,*,#10188,.F.);
#5237=CARTESIAN_POINT('',(55.6,166.35,3.9));
#5238=DIRECTION('',(0.0,-1.0,0.0));
#5239=DIRECTION('',(0.0,0.0,-1.0));
#5240=ORIENTED_EDGE('',*,*,#9943,.T.);
#5241=ORIENTED_EDGE('',*,*,#10179,.T.);
#5242=ORIENTED_EDGE('',*,*,#10175,.T.);
#5243=ORIENTED_EDGE('',*,*,#10189,.F.);
#5244=CARTESIAN_POINT('',(55.6,168.05,3.9));
#5245=DIRECTION('',(1.0,0.0,0.0));
#5246=DIRECTION('',(0.0,1.0,0.0));
#5247=ORIENTED_EDGE('',*,*,#10190,.F.);
#5248=ORIENTED_EDGE('',*,*,#10191,.F.);
#5249=ORIENTED_EDGE('',*,*,#10192,.F.);
#5250=ORIENTED_EDGE('',*,*,#10193,.F.);
#5251=ORIENTED_EDGE('',*,*,#10194,.F.);
#5252=ORIENTED_EDGE('',*,*,#10195,.F.);
#5253=ORIENTED_EDGE('',*,*,#10196,.F.);
#5254=ORIENTED_EDGE('',*,*,#10197,.F.);
#5255=ORIENTED_EDGE('',*,*,#10198,.F.);
#5256=ORIENTED_EDGE('',*,*,#10199,.F.);
#5257=ORIENTED_EDGE('',*,*,#10200,.F.);
#5258=ORIENTED_EDGE('',*,*,#10201,.F.);
#5259=CARTESIAN_POINT('',(53.65,164.9,5.9));
#5260=DIRECTION('',(0.0,-0.0,1.0));
#5261=DIRECTION('',(1.0,0.0,-0.0));
#5262=ORIENTED_EDGE('',*,*,#9966,.T.);
#5263=ORIENTED_EDGE('',*,*,#10202,.T.);
#5264=ORIENTED_EDGE('',*,*,#10195,.T.);
#5265=ORIENTED_EDGE('',*,*,#10203,.F.);
#5266=CARTESIAN_POINT('',(51.925,163.975,3.9));
#5267=DIRECTION('',(-1.0,0.0,0.0));
#5268=DIRECTION('',(0.0,0.0,1.0));
#5269=ORIENTED_EDGE('',*,*,#9965,.T.);
#5270=ORIENTED_EDGE('',*,*,#10204,.T.);
#5271=ORIENTED_EDGE('',*,*,#10196,.T.);
#5272=ORIENTED_EDGE('',*,*,#10202,.F.);
#5273=CARTESIAN_POINT('',(55.375,163.975,3.9));
#5274=DIRECTION('',(0.0,-1.0,0.0));
#5275=DIRECTION('',(0.0,0.0,-1.0));
#5276=ORIENTED_EDGE('',*,*,#9964,.T.);
#5277=ORIENTED_EDGE('',*,*,#10205,.T.);
#5278=ORIENTED_EDGE('',*,*,#10197,.T.);
#5279=ORIENTED_EDGE('',*,*,#10204,.F.);
#5280=CARTESIAN_POINT('',(55.375,164.05,3.9));
#5281=DIRECTION('',(1.0,0.0,0.0));
#5282=DIRECTION('',(0.0,1.0,0.0));
#5283=ORIENTED_EDGE('',*,*,#9963,.T.);
#5284=ORIENTED_EDGE('',*,*,#10206,.T.);
#5285=ORIENTED_EDGE('',*,*,#10198,.T.);
#5286=ORIENTED_EDGE('',*,*,#10205,.F.);
#5287=CARTESIAN_POINT('',(55.6,164.05,3.9));
#5288=DIRECTION('',(0.0,-1.0,0.0));
#5289=DIRECTION('',(0.0,0.0,-1.0));
#5290=ORIENTED_EDGE('',*,*,#9962,.T.);
#5291=ORIENTED_EDGE('',*,*,#10207,.T.);
#5292=ORIENTED_EDGE('',*,*,#10199,.T.);
#5293=ORIENTED_EDGE('',*,*,#10206,.F.);
#5294=CARTESIAN_POINT('',(55.6,165.75,3.9));
#5295=DIRECTION('',(1.0,0.0,0.0));
#5296=DIRECTION('',(0.0,1.0,0.0));
#5297=ORIENTED_EDGE('',*,*,#9961,.T.);
#5298=ORIENTED_EDGE('',*,*,#10208,.T.);
#5299=ORIENTED_EDGE('',*,*,#10200,.T.);
#5300=ORIENTED_EDGE('',*,*,#10207,.F.);
#5301=CARTESIAN_POINT('',(55.375,165.75,3.9));
#5302=DIRECTION('',(0.0,1.0,0.0));
#5303=DIRECTION('',(1.0,0.0,-0.0));
#5304=ORIENTED_EDGE('',*,*,#9960,.T.);
#5305=ORIENTED_EDGE('',*,*,#10209,.T.);
#5306=ORIENTED_EDGE('',*,*,#10201,.T.);
#5307=ORIENTED_EDGE('',*,*,#10208,.F.);
#5308=CARTESIAN_POINT('',(55.375,165.825,3.9));
#5309=DIRECTION('',(1.0,0.0,0.0));
#5310=DIRECTION('',(0.0,1.0,0.0));
#5311=ORIENTED_EDGE('',*,*,#9959,.T.);
#5312=ORIENTED_EDGE('',*,*,#10210,.T.);
#5313=ORIENTED_EDGE('',*,*,#10190,.T.);
#5314=ORIENTED_EDGE('',*,*,#10209,.F.);
#5315=CARTESIAN_POINT('',(51.925,165.825,3.9));
#5316=DIRECTION('',(0.0,1.0,0.0));
#5317=DIRECTION('',(1.0,0.0,-0.0));
#5318=ORIENTED_EDGE('',*,*,#9958,.T.);
#5319=ORIENTED_EDGE('',*,*,#10211,.T.);
#5320=ORIENTED_EDGE('',*,*,#10191,.T.);
#5321=ORIENTED_EDGE('',*,*,#10210,.F.);
#5322=CARTESIAN_POINT('',(51.925,165.75,3.9));
#5323=DIRECTION('',(-1.0,0.0,0.0));
#5324=DIRECTION('',(0.0,0.0,1.0));
#5325=ORIENTED_EDGE('',*,*,#9957,.T.);
#5326=ORIENTED_EDGE('',*,*,#10212,.T.);
#5327=ORIENTED_EDGE('',*,*,#10192,.T.);
#5328=ORIENTED_EDGE('',*,*,#10211,.F.);
#5329=CARTESIAN_POINT('',(51.7,165.75,3.9));
#5330=DIRECTION('',(0.0,1.0,0.0));
#5331=DIRECTION('',(1.0,0.0,-0.0));
#5332=ORIENTED_EDGE('',*,*,#9956,.T.);
#5333=ORIENTED_EDGE('',*,*,#10213,.T.);
#5334=ORIENTED_EDGE('',*,*,#10193,.T.);
#5335=ORIENTED_EDGE('',*,*,#10212,.F.);
#5336=CARTESIAN_POINT('',(51.7,164.05,3.9));
#5337=DIRECTION('',(-1.0,0.0,0.0));
#5338=DIRECTION('',(0.0,0.0,1.0));
#5339=ORIENTED_EDGE('',*,*,#9955,.T.);
#5340=ORIENTED_EDGE('',*,*,#10203,.T.);
#5341=ORIENTED_EDGE('',*,*,#10194,.T.);
#5342=ORIENTED_EDGE('',*,*,#10213,.F.);
#5343=CARTESIAN_POINT('',(51.925,164.05,3.9));
#5344=DIRECTION('',(0.0,-1.0,0.0));
#5345=DIRECTION('',(0.0,0.0,-1.0));
#5346=ORIENTED_EDGE('',*,*,#10214,.F.);
#5347=ORIENTED_EDGE('',*,*,#10215,.F.);
#5348=ORIENTED_EDGE('',*,*,#10216,.F.);
#5349=ORIENTED_EDGE('',*,*,#10217,.F.);
#5350=CARTESIAN_POINT('',(44.8,165.2,5.2));
#5351=DIRECTION('',(-0.0,0.0,1.0));
#5352=DIRECTION('',(1.0,-0.0,0.0));
#5353=ORIENTED_EDGE('',*,*,#9970,.T.);
#5354=ORIENTED_EDGE('',*,*,#10218,.T.);
#5355=ORIENTED_EDGE('',*,*,#10217,.T.);
#5356=ORIENTED_EDGE('',*,*,#10219,.F.);
#5357=CARTESIAN_POINT('',(43.75,165.7,3.9));
#5358=DIRECTION('',(0.0,1.0,0.0));
#5359=DIRECTION('',(1.0,0.0,-0.0));
#5360=ORIENTED_EDGE('',*,*,#9969,.T.);
#5361=ORIENTED_EDGE('',*,*,#10220,.T.);
#5362=ORIENTED_EDGE('',*,*,#10214,.T.);
#5363=ORIENTED_EDGE('',*,*,#10218,.F.);
#5364=CARTESIAN_POINT('',(43.75,164.7,3.9));
#5365=DIRECTION('',(-1.0,0.0,0.0));
#5366=DIRECTION('',(0.0,0.0,1.0));
#5367=ORIENTED_EDGE('',*,*,#9968,.T.);
#5368=ORIENTED_EDGE('',*,*,#10221,.T.);
#5369=ORIENTED_EDGE('',*,*,#10215,.T.);
#5370=ORIENTED_EDGE('',*,*,#10220,.F.);
#5371=CARTESIAN_POINT('',(45.85,164.7,3.9));
#5372=DIRECTION('',(0.0,-1.0,0.0));
#5373=DIRECTION('',(0.0,0.0,-1.0));
#5374=ORIENTED_EDGE('',*,*,#9967,.T.);
#5375=ORIENTED_EDGE('',*,*,#10219,.T.);
#5376=ORIENTED_EDGE('',*,*,#10216,.T.);
#5377=ORIENTED_EDGE('',*,*,#10221,.F.);
#5378=CARTESIAN_POINT('',(45.85,165.7,3.9));
#5379=DIRECTION('',(1.0,0.0,0.0));
#5380=DIRECTION('',(0.0,1.0,0.0));
#5381=ORIENTED_EDGE('',*,*,#10222,.F.);
#5382=ORIENTED_EDGE('',*,*,#10223,.F.);
#5383=ORIENTED_EDGE('',*,*,#10224,.F.);
#5384=ORIENTED_EDGE('',*,*,#10225,.F.);
#5385=ORIENTED_EDGE('',*,*,#10226,.F.);
#5386=ORIENTED_EDGE('',*,*,#10227,.F.);
#5387=ORIENTED_EDGE('',*,*,#10228,.F.);
#5388=ORIENTED_EDGE('',*,*,#10229,.F.);
#5389=ORIENTED_EDGE('',*,*,#10230,.F.);
#5390=ORIENTED_EDGE('',*,*,#10231,.F.);
#5391=ORIENTED_EDGE('',*,*,#10232,.F.);
#5392=ORIENTED_EDGE('',*,*,#10233,.F.);
#5393=CARTESIAN_POINT('',(53.75,159.9,5.9));
#5394=DIRECTION('',(0.0,-0.0,1.0));
#5395=DIRECTION('',(1.0,0.0,-0.0));
#5396=ORIENTED_EDGE('',*,*,#9982,.T.);
#5397=ORIENTED_EDGE('',*,*,#10234,.T.);
#5398=ORIENTED_EDGE('',*,*,#10225,.T.);
#5399=ORIENTED_EDGE('',*,*,#10235,.F.);
#5400=CARTESIAN_POINT('',(51.8,159.05,3.9));
#5401=DIRECTION('',(-1.0,0.0,0.0));
#5402=DIRECTION('',(0.0,0.0,1.0));
#5403=ORIENTED_EDGE('',*,*,#9981,.T.);
#5404=ORIENTED_EDGE('',*,*,#10236,.T.);
#5405=ORIENTED_EDGE('',*,*,#10226,.T.);
#5406=ORIENTED_EDGE('',*,*,#10234,.F.);
#5407=CARTESIAN_POINT('',(52.025,159.05,3.9));
#5408=DIRECTION('',(0.0,-1.0,0.0));
#5409=DIRECTION('',(0.0,0.0,-1.0));
#5410=ORIENTED_EDGE('',*,*,#9980,.T.);
#5411=ORIENTED_EDGE('',*,*,#10237,.T.);
#5412=ORIENTED_EDGE('',*,*,#10227,.T.);
#5413=ORIENTED_EDGE('',*,*,#10236,.F.);
#5414=CARTESIAN_POINT('',(52.025,158.975,3.9));
#5415=DIRECTION('',(-1.0,0.0,0.0));
#5416=DIRECTION('',(0.0,0.0,1.0));
#5417=ORIENTED_EDGE('',*,*,#9979,.T.);
#5418=ORIENTED_EDGE('',*,*,#10238,.T.);
#5419=ORIENTED_EDGE('',*,*,#10228,.T.);
#5420=ORIENTED_EDGE('',*,*,#10237,.F.);
#5421=CARTESIAN_POINT('',(55.475,158.975,3.9));
#5422=DIRECTION('',(0.0,-1.0,0.0));
#5423=DIRECTION('',(0.0,0.0,-1.0));
#5424=ORIENTED_EDGE('',*,*,#9978,.T.);
#5425=ORIENTED_EDGE('',*,*,#10239,.T.);
#5426=ORIENTED_EDGE('',*,*,#10229,.T.);
#5427=ORIENTED_EDGE('',*,*,#10238,.F.);
#5428=CARTESIAN_POINT('',(55.475,159.05,3.9));
#5429=DIRECTION('',(1.0,0.0,0.0));
#5430=DIRECTION('',(0.0,1.0,0.0));
#5431=ORIENTED_EDGE('',*,*,#9977,.T.);
#5432=ORIENTED_EDGE('',*,*,#10240,.T.);
#5433=ORIENTED_EDGE('',*,*,#10230,.T.);
#5434=ORIENTED_EDGE('',*,*,#10239,.F.);
#5435=CARTESIAN_POINT('',(55.7,159.05,3.9));
#5436=DIRECTION('',(0.0,-1.0,0.0));
#5437=DIRECTION('',(0.0,0.0,-1.0));
#5438=ORIENTED_EDGE('',*,*,#9976,.T.);
#5439=ORIENTED_EDGE('',*,*,#10241,.T.);
#5440=ORIENTED_EDGE('',*,*,#10231,.T.);
#5441=ORIENTED_EDGE('',*,*,#10240,.F.);
#5442=CARTESIAN_POINT('',(55.7,160.75,3.9));
#5443=DIRECTION('',(1.0,0.0,0.0));
#5444=DIRECTION('',(0.0,1.0,0.0));
#5445=ORIENTED_EDGE('',*,*,#9975,.T.);
#5446=ORIENTED_EDGE('',*,*,#10242,.T.);
#5447=ORIENTED_EDGE('',*,*,#10232,.T.);
#5448=ORIENTED_EDGE('',*,*,#10241,.F.);
#5449=CARTESIAN_POINT('',(55.475,160.75,3.9));
#5450=DIRECTION('',(0.0,1.0,0.0));
#5451=DIRECTION('',(1.0,0.0,-0.0));
#5452=ORIENTED_EDGE('',*,*,#9974,.T.);
#5453=ORIENTED_EDGE('',*,*,#10243,.T.);
#5454=ORIENTED_EDGE('',*,*,#10233,.T.);
#5455=ORIENTED_EDGE('',*,*,#10242,.F.);
#5456=CARTESIAN_POINT('',(55.475,160.825,3.9));
#5457=DIRECTION('',(1.0,0.0,0.0));
#5458=DIRECTION('',(0.0,1.0,0.0));
#5459=ORIENTED_EDGE('',*,*,#9973,.T.);
#5460=ORIENTED_EDGE('',*,*,#10244,.T.);
#5461=ORIENTED_EDGE('',*,*,#10222,.T.);
#5462=ORIENTED_EDGE('',*,*,#10243,.F.);
#5463=CARTESIAN_POINT('',(52.025,160.825,3.9));
#5464=DIRECTION('',(0.0,1.0,0.0));
#5465=DIRECTION('',(1.0,0.0,-0.0));
#5466=ORIENTED_EDGE('',*,*,#9972,.T.);
#5467=ORIENTED_EDGE('',*,*,#10245,.T.);
#5468=ORIENTED_EDGE('',*,*,#10223,.T.);
#5469=ORIENTED_EDGE('',*,*,#10244,.F.);
#5470=CARTESIAN_POINT('',(52.025,160.75,3.9));
#5471=DIRECTION('',(-1.0,0.0,0.0));
#5472=DIRECTION('',(0.0,0.0,1.0));
#5473=ORIENTED_EDGE('',*,*,#9971,.T.);
#5474=ORIENTED_EDGE('',*,*,#10235,.T.);
#5475=ORIENTED_EDGE('',*,*,#10224,.T.);
#5476=ORIENTED_EDGE('',*,*,#10245,.F.);
#5477=CARTESIAN_POINT('',(51.8,160.75,3.9));
#5478=DIRECTION('',(0.0,1.0,0.0));
#5479=DIRECTION('',(1.0,0.0,-0.0));
#5480=ORIENTED_EDGE('',*,*,#10246,.F.);
#5481=ORIENTED_EDGE('',*,*,#10247,.F.);
#5482=ORIENTED_EDGE('',*,*,#10248,.F.);
#5483=ORIENTED_EDGE('',*,*,#10249,.F.);
#5484=ORIENTED_EDGE('',*,*,#10250,.F.);
#5485=ORIENTED_EDGE('',*,*,#10251,.F.);
#5486=ORIENTED_EDGE('',*,*,#10252,.F.);
#5487=ORIENTED_EDGE('',*,*,#10253,.F.);
#5488=ORIENTED_EDGE('',*,*,#10254,.F.);
#5489=ORIENTED_EDGE('',*,*,#10255,.F.);
#5490=ORIENTED_EDGE('',*,*,#10256,.F.);
#5491=ORIENTED_EDGE('',*,*,#10257,.F.);
#5492=CARTESIAN_POINT('',(53.75,157.6,5.9));
#5493=DIRECTION('',(0.0,-0.0,1.0));
#5494=DIRECTION('',(1.0,0.0,-0.0));
#5495=ORIENTED_EDGE('',*,*,#9994,.T.);
#5496=ORIENTED_EDGE('',*,*,#10258,.T.);
#5497=ORIENTED_EDGE('',*,*,#10248,.T.);
#5498=ORIENTED_EDGE('',*,*,#10259,.F.);
#5499=CARTESIAN_POINT('',(51.8,158.45,3.9));
#5500=DIRECTION('',(0.0,1.0,0.0));
#5501=DIRECTION('',(1.0,0.0,-0.0));
#5502=ORIENTED_EDGE('',*,*,#9993,.T.);
#5503=ORIENTED_EDGE('',*,*,#10260,.T.);
#5504=ORIENTED_EDGE('',*,*,#10249,.T.);
#5505=ORIENTED_EDGE('',*,*,#10258,.F.);
#5506=CARTESIAN_POINT('',(51.8,156.75,3.9));
#5507=DIRECTION('',(-1.0,0.0,0.0));
#5508=DIRECTION('',(0.0,0.0,1.0));
#5509=ORIENTED_EDGE('',*,*,#9992,.T.);
#5510=ORIENTED_EDGE('',*,*,#10261,.T.);
#5511=ORIENTED_EDGE('',*,*,#10250,.T.);
#5512=ORIENTED_EDGE('',*,*,#10260,.F.);
#5513=CARTESIAN_POINT('',(52.025,156.75,3.9));
#5514=DIRECTION('',(0.0,-1.0,0.0));
#5515=DIRECTION('',(0.0,0.0,-1.0));
#5516=ORIENTED_EDGE('',*,*,#9991,.T.);
#5517=ORIENTED_EDGE('',*,*,#10262,.T.);
#5518=ORIENTED_EDGE('',*,*,#10251,.T.);
#5519=ORIENTED_EDGE('',*,*,#10261,.F.);
#5520=CARTESIAN_POINT('',(52.025,156.675,3.9));
#5521=DIRECTION('',(-1.0,0.0,0.0));
#5522=DIRECTION('',(0.0,0.0,1.0));
#5523=ORIENTED_EDGE('',*,*,#9990,.T.);
#5524=ORIENTED_EDGE('',*,*,#10263,.T.);
#5525=ORIENTED_EDGE('',*,*,#10252,.T.);
#5526=ORIENTED_EDGE('',*,*,#10262,.F.);
#5527=CARTESIAN_POINT('',(55.475,156.675,3.9));
#5528=DIRECTION('',(0.0,-1.0,0.0));
#5529=DIRECTION('',(0.0,0.0,-1.0));
#5530=ORIENTED_EDGE('',*,*,#9989,.T.);
#5531=ORIENTED_EDGE('',*,*,#10264,.T.);
#5532=ORIENTED_EDGE('',*,*,#10253,.T.);
#5533=ORIENTED_EDGE('',*,*,#10263,.F.);
#5534=CARTESIAN_POINT('',(55.475,156.75,3.9));
#5535=DIRECTION('',(1.0,0.0,0.0));
#5536=DIRECTION('',(0.0,1.0,0.0));
#5537=ORIENTED_EDGE('',*,*,#9988,.T.);
#5538=ORIENTED_EDGE('',*,*,#10265,.T.);
#5539=ORIENTED_EDGE('',*,*,#10254,.T.);
#5540=ORIENTED_EDGE('',*,*,#10264,.F.);
#5541=CARTESIAN_POINT('',(55.7,156.75,3.9));
#5542=DIRECTION('',(0.0,-1.0,0.0));
#5543=DIRECTION('',(0.0,0.0,-1.0));
#5544=ORIENTED_EDGE('',*,*,#9987,.T.);
#5545=ORIENTED_EDGE('',*,*,#10266,.T.);
#5546=ORIENTED_EDGE('',*,*,#10255,.T.);
#5547=ORIENTED_EDGE('',*,*,#10265,.F.);
#5548=CARTESIAN_POINT('',(55.7,158.45,3.9));
#5549=DIRECTION('',(1.0,0.0,0.0));
#5550=DIRECTION('',(0.0,1.0,0.0));
#5551=ORIENTED_EDGE('',*,*,#9986,.T.);
#5552=ORIENTED_EDGE('',*,*,#10267,.T.);
#5553=ORIENTED_EDGE('',*,*,#10256,.T.);
#5554=ORIENTED_EDGE('',*,*,#10266,.F.);
#5555=CARTESIAN_POINT('',(55.475,158.45,3.9));
#5556=DIRECTION('',(0.0,1.0,0.0));
#5557=DIRECTION('',(1.0,0.0,-0.0));
#5558=ORIENTED_EDGE('',*,*,#9985,.T.);
#5559=ORIENTED_EDGE('',*,*,#10268,.T.);
#5560=ORIENTED_EDGE('',*,*,#10257,.T.);
#5561=ORIENTED_EDGE('',*,*,#10267,.F.);
#5562=CARTESIAN_POINT('',(55.475,158.525,3.9));
#5563=DIRECTION('',(1.0,0.0,0.0));
#5564=DIRECTION('',(0.0,1.0,0.0));
#5565=ORIENTED_EDGE('',*,*,#9984,.T.);
#5566=ORIENTED_EDGE('',*,*,#10269,.T.);
#5567=ORIENTED_EDGE('',*,*,#10246,.T.);
#5568=ORIENTED_EDGE('',*,*,#10268,.F.);
#5569=CARTESIAN_POINT('',(52.025,158.525,3.9));
#5570=DIRECTION('',(0.0,1.0,0.0));
#5571=DIRECTION('',(1.0,0.0,-0.0));
#5572=ORIENTED_EDGE('',*,*,#9983,.T.);
#5573=ORIENTED_EDGE('',*,*,#10259,.T.);
#5574=ORIENTED_EDGE('',*,*,#10247,.T.);
#5575=ORIENTED_EDGE('',*,*,#10269,.F.);
#5576=CARTESIAN_POINT('',(52.025,158.45,3.9));
#5577=DIRECTION('',(-1.0,0.0,0.0));
#5578=DIRECTION('',(0.0,0.0,1.0));
#5579=ORIENTED_EDGE('',*,*,#9996,.T.);
#5580=ORIENTED_EDGE('',*,*,#10270,.T.);
#5581=ORIENTED_EDGE('',*,*,#10271,.T.);
#5582=ORIENTED_EDGE('',*,*,#10272,.F.);
#5583=CARTESIAN_POINT('',(54.8,148.9,3.9));
#5584=DIRECTION('',(1.0,0.0,0.0));
#5585=DIRECTION('',(0.0,1.0,0.0));
#5586=ORIENTED_EDGE('',*,*,#10000,.T.);
#5587=ORIENTED_EDGE('',*,*,#10273,.T.);
#5588=ORIENTED_EDGE('',*,*,#10274,.T.);
#5589=ORIENTED_EDGE('',*,*,#10275,.F.);
#5590=CARTESIAN_POINT('',(54.8,145.9,3.9));
#5591=DIRECTION('',(1.0,0.0,0.0));
#5592=DIRECTION('',(0.0,1.0,0.0));
#5593=ORIENTED_EDGE('',*,*,#10003,.T.);
#5594=ORIENTED_EDGE('',*,*,#10276,.T.);
#5595=ORIENTED_EDGE('',*,*,#10277,.T.);
#5596=ORIENTED_EDGE('',*,*,#10278,.F.);
#5597=CARTESIAN_POINT('',(52.29,146.6,3.9));
#5598=DIRECTION('',(0.0,-1.0,0.0));
#5599=DIRECTION('',(0.0,0.0,-1.0));
#5600=ORIENTED_EDGE('',*,*,#10006,.T.);
#5601=ORIENTED_EDGE('',*,*,#10279,.T.);
#5602=ORIENTED_EDGE('',*,*,#10280,.T.);
#5603=ORIENTED_EDGE('',*,*,#10281,.F.);
#5604=CARTESIAN_POINT('',(52.3,148.9,3.9));
#5605=DIRECTION('',(-1.0,0.0,0.0));
#5606=DIRECTION('',(0.0,0.0,1.0));
#5607=ORIENTED_EDGE('',*,*,#10277,.F.);
#5608=ORIENTED_EDGE('',*,*,#10282,.F.);
#5609=ORIENTED_EDGE('',*,*,#10283,.F.);
#5610=ORIENTED_EDGE('',*,*,#10274,.F.);
#5611=ORIENTED_EDGE('',*,*,#10284,.F.);
#5612=ORIENTED_EDGE('',*,*,#10285,.F.);
#5613=ORIENTED_EDGE('',*,*,#10286,.F.);
#5614=ORIENTED_EDGE('',*,*,#10271,.F.);
#5615=ORIENTED_EDGE('',*,*,#10287,.F.);
#5616=ORIENTED_EDGE('',*,*,#10288,.F.);
#5617=ORIENTED_EDGE('',*,*,#10280,.F.);
#5618=ORIENTED_EDGE('',*,*,#10289,.F.);
#5619=ORIENTED_EDGE('',*,*,#10290,.F.);
#5620=CARTESIAN_POINT('',(53.55,147.4,5.3));
#5621=DIRECTION('',(0.0,0.0,1.0));
#5622=DIRECTION('',(1.0,0.0,0.0));
#5623=ORIENTED_EDGE('',*,*,#10007,.T.);
#5624=ORIENTED_EDGE('',*,*,#10281,.T.);
#5625=ORIENTED_EDGE('',*,*,#10288,.T.);
#5626=ORIENTED_EDGE('',*,*,#10291,.F.);
#5627=CARTESIAN_POINT('',(52.3,148.995,3.9));
#5628=DIRECTION('',(-0.707106781186563,0.707106781186532,0.0));
#5629=DIRECTION('',(0.0,0.0,1.0));
#5630=ORIENTED_EDGE('',*,*,#10005,.T.);
#5631=ORIENTED_EDGE('',*,*,#10292,.T.);
#5632=ORIENTED_EDGE('',*,*,#10289,.T.);
#5633=ORIENTED_EDGE('',*,*,#10279,.F.);
#5634=CARTESIAN_POINT('',(52.045,148.2,3.9));
#5635=DIRECTION('',(0.0,1.0,0.0));
#5636=DIRECTION('',(1.0,0.0,-0.0));
#5637=ORIENTED_EDGE('',*,*,#10004,.T.);
#5638=ORIENTED_EDGE('',*,*,#10278,.T.);
#5639=ORIENTED_EDGE('',*,*,#10290,.T.);
#5640=ORIENTED_EDGE('',*,*,#10292,.F.);
#5641=CARTESIAN_POINT('',(52.045,146.6,3.9));
#5642=DIRECTION('',(-1.0,0.0,0.0));
#5643=DIRECTION('',(0.0,0.0,1.0));
#5644=ORIENTED_EDGE('',*,*,#10002,.T.);
#5645=ORIENTED_EDGE('',*,*,#10293,.T.);
#5646=ORIENTED_EDGE('',*,*,#10282,.T.);
#5647=ORIENTED_EDGE('',*,*,#10276,.F.);
#5648=CARTESIAN_POINT('',(52.3,145.8,3.9));
#5649=DIRECTION('',(-1.0,0.0,0.0));
#5650=DIRECTION('',(0.0,0.0,1.0));
#5651=ORIENTED_EDGE('',*,*,#10001,.T.);
#5652=ORIENTED_EDGE('',*,*,#10275,.T.);
#5653=ORIENTED_EDGE('',*,*,#10283,.T.);
#5654=ORIENTED_EDGE('',*,*,#10293,.F.);
#5655=CARTESIAN_POINT('',(54.8,145.8,3.9));
#5656=DIRECTION('',(0.0,-1.0,0.0));
#5657=DIRECTION('',(0.0,0.0,-1.0));
#5658=ORIENTED_EDGE('',*,*,#9999,.T.);
#5659=ORIENTED_EDGE('',*,*,#10294,.T.);
#5660=ORIENTED_EDGE('',*,*,#10284,.T.);
#5661=ORIENTED_EDGE('',*,*,#10273,.F.);
#5662=CARTESIAN_POINT('',(55.055,146.6,3.9));
#5663=DIRECTION('',(0.0,-1.0,0.0));
#5664=DIRECTION('',(0.0,0.0,-1.0));
#5665=ORIENTED_EDGE('',*,*,#9998,.T.);
#5666=ORIENTED_EDGE('',*,*,#10295,.T.);
#5667=ORIENTED_EDGE('',*,*,#10285,.T.);
#5668=ORIENTED_EDGE('',*,*,#10294,.F.);
#5669=CARTESIAN_POINT('',(55.055,148.2,3.9));
#5670=DIRECTION('',(1.0,0.0,0.0));
#5671=DIRECTION('',(0.0,1.0,0.0));
#5672=ORIENTED_EDGE('',*,*,#9997,.T.);
#5673=ORIENTED_EDGE('',*,*,#10272,.T.);
#5674=ORIENTED_EDGE('',*,*,#10286,.T.);
#5675=ORIENTED_EDGE('',*,*,#10295,.F.);
#5676=CARTESIAN_POINT('',(54.8,148.2,3.9));
#5677=DIRECTION('',(0.0,1.0,0.0));
#5678=DIRECTION('',(1.0,0.0,-0.0));
#5679=ORIENTED_EDGE('',*,*,#9995,.T.);
#5680=ORIENTED_EDGE('',*,*,#10291,.T.);
#5681=ORIENTED_EDGE('',*,*,#10287,.T.);
#5682=ORIENTED_EDGE('',*,*,#10270,.F.);
#5683=CARTESIAN_POINT('',(52.305,149.0,3.9));
#5684=DIRECTION('',(0.0,1.0,0.0));
#5685=DIRECTION('',(1.0,0.0,-0.0));
#5686=ORIENTED_EDGE('',*,*,#10296,.F.);
#5687=ORIENTED_EDGE('',*,*,#10297,.F.);
#5688=ORIENTED_EDGE('',*,*,#10298,.F.);
#5689=ORIENTED_EDGE('',*,*,#10299,.F.);
#5690=CARTESIAN_POINT('',(42.2,152.4,5.2));
#5691=DIRECTION('',(-0.0,0.0,1.0));
#5692=DIRECTION('',(1.0,-0.0,0.0));
#5693=ORIENTED_EDGE('',*,*,#10011,.T.);
#5694=ORIENTED_EDGE('',*,*,#10300,.T.);
#5695=ORIENTED_EDGE('',*,*,#10297,.T.);
#5696=ORIENTED_EDGE('',*,*,#10301,.F.);
#5697=CARTESIAN_POINT('',(43.25,151.9,3.9));
#5698=DIRECTION('',(0.0,-1.0,0.0));
#5699=DIRECTION('',(0.0,0.0,-1.0));
#5700=ORIENTED_EDGE('',*,*,#10010,.T.);
#5701=ORIENTED_EDGE('',*,*,#10302,.T.);
#5702=ORIENTED_EDGE('',*,*,#10298,.T.);
#5703=ORIENTED_EDGE('',*,*,#10300,.F.);
#5704=CARTESIAN_POINT('',(43.25,152.9,3.9));
#5705=DIRECTION('',(1.0,0.0,0.0));
#5706=DIRECTION('',(0.0,1.0,0.0));
#5707=ORIENTED_EDGE('',*,*,#10009,.T.);
#5708=ORIENTED_EDGE('',*,*,#10303,.T.);
#5709=ORIENTED_EDGE('',*,*,#10299,.T.);
#5710=ORIENTED_EDGE('',*,*,#10302,.F.);
#5711=CARTESIAN_POINT('',(41.15,152.9,3.9));
#5712=DIRECTION('',(0.0,1.0,0.0));
#5713=DIRECTION('',(1.0,0.0,-0.0));
#5714=ORIENTED_EDGE('',*,*,#10008,.T.);
#5715=ORIENTED_EDGE('',*,*,#10301,.T.);
#5716=ORIENTED_EDGE('',*,*,#10296,.T.);
#5717=ORIENTED_EDGE('',*,*,#10303,.F.);
#5718=CARTESIAN_POINT('',(41.15,151.9,3.9));
#5719=DIRECTION('',(-1.0,0.0,0.0));
#5720=DIRECTION('',(0.0,0.0,1.0));
#5721=ORIENTED_EDGE('',*,*,#10304,.F.);
#5722=ORIENTED_EDGE('',*,*,#10305,.F.);
#5723=ORIENTED_EDGE('',*,*,#10306,.F.);
#5724=ORIENTED_EDGE('',*,*,#10307,.F.);
#5725=CARTESIAN_POINT('',(33.75,148.2,5.2));
#5726=DIRECTION('',(0.0,0.0,1.0));
#5727=DIRECTION('',(1.0,0.0,0.0));
#5728=ORIENTED_EDGE('',*,*,#10015,.T.);
#5729=ORIENTED_EDGE('',*,*,#10308,.T.);
#5730=ORIENTED_EDGE('',*,*,#10305,.T.);
#5731=ORIENTED_EDGE('',*,*,#10309,.F.);
#5732=CARTESIAN_POINT('',(34.25,149.25,3.9));
#5733=DIRECTION('',(1.0,0.0,0.0));
#5734=DIRECTION('',(0.0,1.0,0.0));
#5735=ORIENTED_EDGE('',*,*,#10014,.T.);
#5736=ORIENTED_EDGE('',*,*,#10310,.T.);
#5737=ORIENTED_EDGE('',*,*,#10306,.T.);
#5738=ORIENTED_EDGE('',*,*,#10308,.F.);
#5739=CARTESIAN_POINT('',(33.25,149.25,3.9));
#5740=DIRECTION('',(0.0,1.0,0.0));
#5741=DIRECTION('',(1.0,0.0,-0.0));
#5742=ORIENTED_EDGE('',*,*,#10013,.T.);
#5743=ORIENTED_EDGE('',*,*,#10311,.T.);
#5744=ORIENTED_EDGE('',*,*,#10307,.T.);
#5745=ORIENTED_EDGE('',*,*,#10310,.F.);
#5746=CARTESIAN_POINT('',(33.25,147.15,3.9));
#5747=DIRECTION('',(-1.0,0.0,0.0));
#5748=DIRECTION('',(0.0,0.0,1.0));
#5749=ORIENTED_EDGE('',*,*,#10012,.T.);
#5750=ORIENTED_EDGE('',*,*,#10309,.T.);
#5751=ORIENTED_EDGE('',*,*,#10304,.T.);
#5752=ORIENTED_EDGE('',*,*,#10311,.F.);
#5753=CARTESIAN_POINT('',(34.25,147.15,3.9));
#5754=DIRECTION('',(0.0,-1.0,0.0));
#5755=DIRECTION('',(0.0,0.0,-1.0));
#5756=ORIENTED_EDGE('',*,*,#10312,.F.);
#5757=ORIENTED_EDGE('',*,*,#10313,.F.);
#5758=ORIENTED_EDGE('',*,*,#10314,.F.);
#5759=ORIENTED_EDGE('',*,*,#10315,.F.);
#5760=CARTESIAN_POINT('',(2.4,152.4,5.35));
#5761=DIRECTION('',(-0.0,0.0,1.0));
#5762=DIRECTION('',(1.0,-0.0,0.0));
#5763=ORIENTED_EDGE('',*,*,#10019,.T.);
#5764=ORIENTED_EDGE('',*,*,#10316,.T.);
#5765=ORIENTED_EDGE('',*,*,#10313,.T.);
#5766=ORIENTED_EDGE('',*,*,#10317,.F.);
#5767=CARTESIAN_POINT('',(3.9,151.675,3.9));
#5768=DIRECTION('',(0.0,-1.0,0.0));
#5769=DIRECTION('',(0.0,0.0,-1.0));
#5770=ORIENTED_EDGE('',*,*,#10018,.T.);
#5771=ORIENTED_EDGE('',*,*,#10318,.T.);
#5772=ORIENTED_EDGE('',*,*,#10314,.T.);
#5773=ORIENTED_EDGE('',*,*,#10316,.F.);
#5774=CARTESIAN_POINT('',(3.9,153.125,3.9));
#5775=DIRECTION('',(1.0,0.0,0.0));
#5776=DIRECTION('',(0.0,1.0,0.0));
#5777=ORIENTED_EDGE('',*,*,#10017,.T.);
#5778=ORIENTED_EDGE('',*,*,#10319,.T.);
#5779=ORIENTED_EDGE('',*,*,#10315,.T.);
#5780=ORIENTED_EDGE('',*,*,#10318,.F.);
#5781=CARTESIAN_POINT('',(0.9,153.125,3.9));
#5782=DIRECTION('',(0.0,1.0,0.0));
#5783=DIRECTION('',(1.0,0.0,-0.0));
#5784=ORIENTED_EDGE('',*,*,#10016,.T.);
#5785=ORIENTED_EDGE('',*,*,#10317,.T.);
#5786=ORIENTED_EDGE('',*,*,#10312,.T.);
#5787=ORIENTED_EDGE('',*,*,#10319,.F.);
#5788=CARTESIAN_POINT('',(0.9,151.675,3.9));
#5789=DIRECTION('',(-1.0,0.0,0.0));
#5790=DIRECTION('',(0.0,0.0,1.0));
#5791=ORIENTED_EDGE('',*,*,#10320,.F.);
#5792=ORIENTED_EDGE('',*,*,#10321,.F.);
#5793=ORIENTED_EDGE('',*,*,#10322,.F.);
#5794=ORIENTED_EDGE('',*,*,#10323,.F.);
#5795=CARTESIAN_POINT('',(2.75,157.2,5.35));
#5796=DIRECTION('',(0.0,-0.0,1.0));
#5797=DIRECTION('',(1.0,0.0,-0.0));
#5798=ORIENTED_EDGE('',*,*,#10023,.T.);
#5799=ORIENTED_EDGE('',*,*,#10324,.T.);
#5800=ORIENTED_EDGE('',*,*,#10321,.T.);
#5801=ORIENTED_EDGE('',*,*,#10325,.F.);
#5802=CARTESIAN_POINT('',(1.25,157.925,3.9));
#5803=DIRECTION('',(0.0,1.0,0.0));
#5804=DIRECTION('',(1.0,0.0,-0.0));
#5805=ORIENTED_EDGE('',*,*,#10022,.T.);
#5806=ORIENTED_EDGE('',*,*,#10326,.T.);
#5807=ORIENTED_EDGE('',*,*,#10322,.T.);
#5808=ORIENTED_EDGE('',*,*,#10324,.F.);
#5809=CARTESIAN_POINT('',(1.25,156.475,3.9));
#5810=DIRECTION('',(-1.0,0.0,0.0));
#5811=DIRECTION('',(0.0,0.0,1.0));
#5812=ORIENTED_EDGE('',*,*,#10021,.T.);
#5813=ORIENTED_EDGE('',*,*,#10327,.T.);
#5814=ORIENTED_EDGE('',*,*,#10323,.T.);
#5815=ORIENTED_EDGE('',*,*,#10326,.F.);
#5816=CARTESIAN_POINT('',(4.25,156.475,3.9));
#5817=DIRECTION('',(0.0,-1.0,0.0));
#5818=DIRECTION('',(0.0,0.0,-1.0));
#5819=ORIENTED_EDGE('',*,*,#10020,.T.);
#5820=ORIENTED_EDGE('',*,*,#10325,.T.);
#5821=ORIENTED_EDGE('',*,*,#10320,.T.);
#5822=ORIENTED_EDGE('',*,*,#10327,.F.);
#5823=CARTESIAN_POINT('',(4.25,157.925,3.9));
#5824=DIRECTION('',(1.0,0.0,0.0));
#5825=DIRECTION('',(0.0,1.0,0.0));
#5826=ORIENTED_EDGE('',*,*,#10328,.F.);
#5827=ORIENTED_EDGE('',*,*,#10329,.F.);
#5828=ORIENTED_EDGE('',*,*,#10330,.F.);
#5829=ORIENTED_EDGE('',*,*,#10331,.F.);
#5830=CARTESIAN_POINT('',(2.75,159.85,5.35));
#5831=DIRECTION('',(0.0,-0.0,1.0));
#5832=DIRECTION('',(1.0,0.0,-0.0));
#5833=ORIENTED_EDGE('',*,*,#10027,.T.);
#5834=ORIENTED_EDGE('',*,*,#10332,.T.);
#5835=ORIENTED_EDGE('',*,*,#10331,.T.);
#5836=ORIENTED_EDGE('',*,*,#10333,.F.);
#5837=CARTESIAN_POINT('',(4.25,159.125,3.9));
#5838=DIRECTION('',(0.0,-1.0,0.0));
#5839=DIRECTION('',(0.0,0.0,-1.0));
#5840=ORIENTED_EDGE('',*,*,#10026,.T.);
#5841=ORIENTED_EDGE('',*,*,#10334,.T.);
#5842=ORIENTED_EDGE('',*,*,#10328,.T.);
#5843=ORIENTED_EDGE('',*,*,#10332,.F.);
#5844=CARTESIAN_POINT('',(4.25,160.575,3.9));
#5845=DIRECTION('',(1.0,0.0,0.0));
#5846=DIRECTION('',(0.0,1.0,0.0));
#5847=ORIENTED_EDGE('',*,*,#10025,.T.);
#5848=ORIENTED_EDGE('',*,*,#10335,.T.);
#5849=ORIENTED_EDGE('',*,*,#10329,.T.);
#5850=ORIENTED_EDGE('',*,*,#10334,.F.);
#5851=CARTESIAN_POINT('',(1.25,160.575,3.9));
#5852=DIRECTION('',(0.0,1.0,0.0));
#5853=DIRECTION('',(1.0,0.0,-0.0));
#5854=ORIENTED_EDGE('',*,*,#10024,.T.);
#5855=ORIENTED_EDGE('',*,*,#10333,.T.);
#5856=ORIENTED_EDGE('',*,*,#10330,.T.);
#5857=ORIENTED_EDGE('',*,*,#10335,.F.);
#5858=CARTESIAN_POINT('',(1.25,159.125,3.9));
#5859=DIRECTION('',(-1.0,0.0,0.0));
#5860=DIRECTION('',(0.0,0.0,1.0));
#5861=ORIENTED_EDGE('',*,*,#9730,.F.);
#5862=ORIENTED_EDGE('',*,*,#9727,.F.);
#5863=ORIENTED_EDGE('',*,*,#9724,.F.);
#5864=ORIENTED_EDGE('',*,*,#9720,.F.);
#5865=ORIENTED_EDGE('',*,*,#9776,.F.);
#5866=ORIENTED_EDGE('',*,*,#9778,.T.);
#5867=ORIENTED_EDGE('',*,*,#9783,.T.);
#5868=ORIENTED_EDGE('',*,*,#9781,.T.);
#5869=ORIENTED_EDGE('',*,*,#9784,.T.);
#5870=ORIENTED_EDGE('',*,*,#9763,.T.);
#5871=ORIENTED_EDGE('',*,*,#9761,.F.);
#5872=ORIENTED_EDGE('',*,*,#9821,.F.);
#5873=ORIENTED_EDGE('',*,*,#9755,.F.);
#5874=ORIENTED_EDGE('',*,*,#9822,.F.);
#5875=ORIENTED_EDGE('',*,*,#9752,.T.);
#5876=ORIENTED_EDGE('',*,*,#9745,.T.);
#5877=ORIENTED_EDGE('',*,*,#9742,.T.);
#5878=ORIENTED_EDGE('',*,*,#9741,.F.);
#5879=ORIENTED_EDGE('',*,*,#9736,.F.);
#5880=ORIENTED_EDGE('',*,*,#9732,.F.);
#5881=ORIENTED_EDGE('',*,*,#9869,.T.);
#5882=ORIENTED_EDGE('',*,*,#9839,.T.);
#5883=ORIENTED_EDGE('',*,*,#9834,.F.);
#5884=ORIENTED_EDGE('',*,*,#9829,.F.);
#5885=ORIENTED_EDGE('',*,*,#9696,.F.);
#5886=ORIENTED_EDGE('',*,*,#9823,.T.);
#5887=ORIENTED_EDGE('',*,*,#9882,.T.);
#5888=ORIENTED_EDGE('',*,*,#9692,.T.);
#5889=ORIENTED_EDGE('',*,*,#9881,.T.);
#5890=ORIENTED_EDGE('',*,*,#9878,.F.);
#5891=ORIENTED_EDGE('',*,*,#9883,.F.);
#5892=ORIENTED_EDGE('',*,*,#9871,.F.);
#5893=CARTESIAN_POINT('',(29.2,162.4,3.9));
#5894=DIRECTION('',(0.0,0.0,1.0));
#5895=DIRECTION('',(1.0,0.0,0.0));
#5896=ORIENTED_EDGE('',*,*,#10336,.F.);
#5897=ORIENTED_EDGE('',*,*,#10337,.F.);
#5898=ORIENTED_EDGE('',*,*,#10338,.T.);
#5899=ORIENTED_EDGE('',*,*,#10339,.F.);
#5900=ORIENTED_EDGE('',*,*,#10340,.T.);
#5901=CARTESIAN_POINT('',(28.2511811526411,180.20003,-1.48));
#5902=DIRECTION('',(0.0,0.0,1.0));
#5903=DIRECTION('',(-1.0,0.0,0.0));
#5904=ORIENTED_EDGE('',*,*,#10341,.F.);
#5905=ORIENTED_EDGE('',*,*,#10342,.T.);
#5906=ORIENTED_EDGE('',*,*,#10343,.T.);
#5907=ORIENTED_EDGE('',*,*,#10344,.F.);
#5908=CARTESIAN_POINT('',(50.1488188473592,180.20003,-1.48));
#5909=DIRECTION('',(-0.0,0.0,1.0));
#5910=DIRECTION('',(1.0,0.0,0.0));
#5911=ORIENTED_EDGE('',*,*,#10345,.F.);
#5912=ORIENTED_EDGE('',*,*,#10346,.T.);
#5913=ORIENTED_EDGE('',*,*,#10347,.T.);
#5914=ORIENTED_EDGE('',*,*,#10348,.F.);
#5915=CARTESIAN_POINT('',(58.2,144.2,0.0));
#5916=DIRECTION('',(1.0,9.70686797486476E-17,-0.0));
#5917=DIRECTION('',(-9.70686797486476E-17,1.0,0.0));
#5918=ORIENTED_EDGE('',*,*,#10349,.F.);
#5919=ORIENTED_EDGE('',*,*,#10350,.T.);
#5920=ORIENTED_EDGE('',*,*,#10351,.T.);
#5921=ORIENTED_EDGE('',*,*,#10346,.F.);
#5922=CARTESIAN_POINT('',(0.199999999999999,144.2,0.0));
#5923=DIRECTION('',(0.0,-1.0,0.0));
#5924=DIRECTION('',(0.0,0.0,-1.0));
#5925=ORIENTED_EDGE('',*,*,#10352,.F.);
#5926=ORIENTED_EDGE('',*,*,#10353,.T.);
#5927=ORIENTED_EDGE('',*,*,#10354,.T.);
#5928=ORIENTED_EDGE('',*,*,#10350,.F.);
#5929=CARTESIAN_POINT('',(0.199999999999996,180.8,0.0));
#5930=DIRECTION('',(-1.0,-9.70686797486476E-17,0.0));
#5931=DIRECTION('',(-9.70686797486476E-17,1.0,0.0));
#5932=ORIENTED_EDGE('',*,*,#10355,.F.);
#5933=ORIENTED_EDGE('',*,*,#10348,.T.);
#5934=ORIENTED_EDGE('',*,*,#10356,.T.);
#5935=ORIENTED_EDGE('',*,*,#10353,.F.);
#5936=CARTESIAN_POINT('',(58.2,180.8,0.0));
#5937=DIRECTION('',(0.0,1.0,0.0));
#5938=DIRECTION('',(1.0,-0.0,0.0));
#5939=ORIENTED_EDGE('',*,*,#10347,.F.);
#5940=ORIENTED_EDGE('',*,*,#10351,.F.);
#5941=ORIENTED_EDGE('',*,*,#10354,.F.);
#5942=ORIENTED_EDGE('',*,*,#10356,.F.);
#5943=ORIENTED_EDGE('',*,*,#10357,.F.);
#5944=ORIENTED_EDGE('',*,*,#10358,.F.);
#5945=ORIENTED_EDGE('',*,*,#10359,.F.);
#5946=ORIENTED_EDGE('',*,*,#10360,.F.);
#5947=ORIENTED_EDGE('',*,*,#10361,.F.);
#5948=ORIENTED_EDGE('',*,*,#10362,.F.);
#5949=ORIENTED_EDGE('',*,*,#10363,.F.);
#5950=ORIENTED_EDGE('',*,*,#10364,.F.);
#5951=ORIENTED_EDGE('',*,*,#10365,.T.);
#5952=ORIENTED_EDGE('',*,*,#10366,.T.);
#5953=ORIENTED_EDGE('',*,*,#10367,.F.);
#5954=ORIENTED_EDGE('',*,*,#10368,.F.);
#5955=ORIENTED_EDGE('',*,*,#10369,.F.);
#5956=ORIENTED_EDGE('',*,*,#10370,.F.);
#5957=ORIENTED_EDGE('',*,*,#10371,.F.);
#5958=ORIENTED_EDGE('',*,*,#10372,.F.);
#5959=ORIENTED_EDGE('',*,*,#10373,.F.);
#5960=ORIENTED_EDGE('',*,*,#10374,.F.);
#5961=ORIENTED_EDGE('',*,*,#10375,.F.);
#5962=ORIENTED_EDGE('',*,*,#10376,.F.);
#5963=ORIENTED_EDGE('',*,*,#10377,.F.);
#5964=ORIENTED_EDGE('',*,*,#10378,.F.);
#5965=ORIENTED_EDGE('',*,*,#10379,.F.);
#5966=ORIENTED_EDGE('',*,*,#10380,.F.);
#5967=ORIENTED_EDGE('',*,*,#10381,.F.);
#5968=ORIENTED_EDGE('',*,*,#10382,.F.);
#5969=ORIENTED_EDGE('',*,*,#10383,.F.);
#5970=ORIENTED_EDGE('',*,*,#10384,.F.);
#5971=ORIENTED_EDGE('',*,*,#10385,.F.);
#5972=ORIENTED_EDGE('',*,*,#10386,.F.);
#5973=ORIENTED_EDGE('',*,*,#10387,.F.);
#5974=ORIENTED_EDGE('',*,*,#10388,.F.);
#5975=ORIENTED_EDGE('',*,*,#10389,.F.);
#5976=ORIENTED_EDGE('',*,*,#10390,.F.);
#5977=ORIENTED_EDGE('',*,*,#10391,.T.);
#5978=ORIENTED_EDGE('',*,*,#10392,.T.);
#5979=ORIENTED_EDGE('',*,*,#10393,.T.);
#5980=ORIENTED_EDGE('',*,*,#10394,.T.);
#5981=ORIENTED_EDGE('',*,*,#10395,.F.);
#5982=ORIENTED_EDGE('',*,*,#10396,.F.);
#5983=ORIENTED_EDGE('',*,*,#10397,.F.);
#5984=ORIENTED_EDGE('',*,*,#10398,.T.);
#5985=ORIENTED_EDGE('',*,*,#10399,.T.);
#5986=ORIENTED_EDGE('',*,*,#10400,.T.);
#5987=ORIENTED_EDGE('',*,*,#10401,.T.);
#5988=ORIENTED_EDGE('',*,*,#10402,.F.);
#5989=ORIENTED_EDGE('',*,*,#10403,.F.);
#5990=ORIENTED_EDGE('',*,*,#10404,.F.);
#5991=ORIENTED_EDGE('',*,*,#10405,.F.);
#5992=ORIENTED_EDGE('',*,*,#10406,.F.);
#5993=ORIENTED_EDGE('',*,*,#10407,.F.);
#5994=ORIENTED_EDGE('',*,*,#10408,.F.);
#5995=ORIENTED_EDGE('',*,*,#10409,.F.);
#5996=ORIENTED_EDGE('',*,*,#10410,.F.);
#5997=ORIENTED_EDGE('',*,*,#10411,.F.);
#5998=ORIENTED_EDGE('',*,*,#10412,.F.);
#5999=ORIENTED_EDGE('',*,*,#10413,.F.);
#6000=ORIENTED_EDGE('',*,*,#10414,.F.);
#6001=ORIENTED_EDGE('',*,*,#10415,.F.);
#6002=ORIENTED_EDGE('',*,*,#10416,.F.);
#6003=ORIENTED_EDGE('',*,*,#10417,.F.);
#6004=ORIENTED_EDGE('',*,*,#10418,.F.);
#6005=ORIENTED_EDGE('',*,*,#10419,.F.);
#6006=ORIENTED_EDGE('',*,*,#10420,.F.);
#6007=ORIENTED_EDGE('',*,*,#10421,.F.);
#6008=ORIENTED_EDGE('',*,*,#10422,.F.);
#6009=ORIENTED_EDGE('',*,*,#10423,.F.);
#6010=ORIENTED_EDGE('',*,*,#10424,.F.);
#6011=ORIENTED_EDGE('',*,*,#10425,.F.);
#6012=ORIENTED_EDGE('',*,*,#10426,.F.);
#6013=ORIENTED_EDGE('',*,*,#10427,.F.);
#6014=ORIENTED_EDGE('',*,*,#10428,.F.);
#6015=ORIENTED_EDGE('',*,*,#10429,.F.);
#6016=ORIENTED_EDGE('',*,*,#10430,.F.);
#6017=ORIENTED_EDGE('',*,*,#10431,.F.);
#6018=ORIENTED_EDGE('',*,*,#10432,.F.);
#6019=ORIENTED_EDGE('',*,*,#10433,.F.);
#6020=ORIENTED_EDGE('',*,*,#10434,.F.);
#6021=ORIENTED_EDGE('',*,*,#10435,.F.);
#6022=ORIENTED_EDGE('',*,*,#10436,.F.);
#6023=ORIENTED_EDGE('',*,*,#10437,.F.);
#6024=ORIENTED_EDGE('',*,*,#10438,.F.);
#6025=ORIENTED_EDGE('',*,*,#10439,.F.);
#6026=ORIENTED_EDGE('',*,*,#10440,.F.);
#6027=ORIENTED_EDGE('',*,*,#10441,.F.);
#6028=ORIENTED_EDGE('',*,*,#10442,.F.);
#6029=ORIENTED_EDGE('',*,*,#10443,.F.);
#6030=ORIENTED_EDGE('',*,*,#10444,.F.);
#6031=ORIENTED_EDGE('',*,*,#10445,.F.);
#6032=ORIENTED_EDGE('',*,*,#10446,.F.);
#6033=ORIENTED_EDGE('',*,*,#10447,.F.);
#6034=ORIENTED_EDGE('',*,*,#10448,.F.);
#6035=ORIENTED_EDGE('',*,*,#10449,.F.);
#6036=ORIENTED_EDGE('',*,*,#10450,.F.);
#6037=ORIENTED_EDGE('',*,*,#10451,.F.);
#6038=ORIENTED_EDGE('',*,*,#10452,.F.);
#6039=ORIENTED_EDGE('',*,*,#10453,.F.);
#6040=ORIENTED_EDGE('',*,*,#10454,.F.);
#6041=ORIENTED_EDGE('',*,*,#10455,.F.);
#6042=ORIENTED_EDGE('',*,*,#10456,.F.);
#6043=ORIENTED_EDGE('',*,*,#10457,.F.);
#6044=ORIENTED_EDGE('',*,*,#10458,.F.);
#6045=ORIENTED_EDGE('',*,*,#10459,.F.);
#6046=ORIENTED_EDGE('',*,*,#10460,.F.);
#6047=ORIENTED_EDGE('',*,*,#10461,.F.);
#6048=ORIENTED_EDGE('',*,*,#10462,.F.);
#6049=ORIENTED_EDGE('',*,*,#10463,.F.);
#6050=ORIENTED_EDGE('',*,*,#10464,.F.);
#6051=ORIENTED_EDGE('',*,*,#10465,.F.);
#6052=ORIENTED_EDGE('',*,*,#10466,.F.);
#6053=ORIENTED_EDGE('',*,*,#10467,.T.);
#6054=ORIENTED_EDGE('',*,*,#10468,.T.);
#6055=ORIENTED_EDGE('',*,*,#10469,.T.);
#6056=ORIENTED_EDGE('',*,*,#10470,.T.);
#6057=ORIENTED_EDGE('',*,*,#10471,.F.);
#6058=ORIENTED_EDGE('',*,*,#10472,.F.);
#6059=ORIENTED_EDGE('',*,*,#10337,.T.);
#6060=ORIENTED_EDGE('',*,*,#10473,.T.);
#6061=ORIENTED_EDGE('',*,*,#10474,.T.);
#6062=ORIENTED_EDGE('',*,*,#10475,.F.);
#6063=ORIENTED_EDGE('',*,*,#10476,.F.);
#6064=ORIENTED_EDGE('',*,*,#10477,.T.);
#6065=ORIENTED_EDGE('',*,*,#10478,.T.);
#6066=ORIENTED_EDGE('',*,*,#10479,.T.);
#6067=ORIENTED_EDGE('',*,*,#10480,.F.);
#6068=ORIENTED_EDGE('',*,*,#10342,.F.);
#6069=ORIENTED_EDGE('',*,*,#10481,.F.);
#6070=ORIENTED_EDGE('',*,*,#10482,.F.);
#6071=ORIENTED_EDGE('',*,*,#10483,.F.);
#6072=ORIENTED_EDGE('',*,*,#10484,.F.);
#6073=ORIENTED_EDGE('',*,*,#10485,.F.);
#6074=ORIENTED_EDGE('',*,*,#10486,.F.);
#6075=ORIENTED_EDGE('',*,*,#10487,.F.);
#6076=ORIENTED_EDGE('',*,*,#10488,.F.);
#6077=ORIENTED_EDGE('',*,*,#10489,.F.);
#6078=ORIENTED_EDGE('',*,*,#10490,.F.);
#6079=ORIENTED_EDGE('',*,*,#10491,.F.);
#6080=ORIENTED_EDGE('',*,*,#10492,.F.);
#6081=ORIENTED_EDGE('',*,*,#10493,.F.);
#6082=ORIENTED_EDGE('',*,*,#10494,.F.);
#6083=ORIENTED_EDGE('',*,*,#10495,.F.);
#6084=ORIENTED_EDGE('',*,*,#10496,.F.);
#6085=ORIENTED_EDGE('',*,*,#10497,.F.);
#6086=ORIENTED_EDGE('',*,*,#10498,.F.);
#6087=ORIENTED_EDGE('',*,*,#10499,.F.);
#6088=ORIENTED_EDGE('',*,*,#10500,.F.);
#6089=ORIENTED_EDGE('',*,*,#10501,.F.);
#6090=ORIENTED_EDGE('',*,*,#10502,.F.);
#6091=ORIENTED_EDGE('',*,*,#10503,.F.);
#6092=ORIENTED_EDGE('',*,*,#10504,.F.);
#6093=ORIENTED_EDGE('',*,*,#10505,.F.);
#6094=ORIENTED_EDGE('',*,*,#10506,.F.);
#6095=ORIENTED_EDGE('',*,*,#10507,.F.);
#6096=ORIENTED_EDGE('',*,*,#10508,.F.);
#6097=ORIENTED_EDGE('',*,*,#10509,.F.);
#6098=ORIENTED_EDGE('',*,*,#10510,.F.);
#6099=ORIENTED_EDGE('',*,*,#10511,.F.);
#6100=ORIENTED_EDGE('',*,*,#10512,.F.);
#6101=ORIENTED_EDGE('',*,*,#10513,.F.);
#6102=ORIENTED_EDGE('',*,*,#10514,.F.);
#6103=ORIENTED_EDGE('',*,*,#10515,.F.);
#6104=ORIENTED_EDGE('',*,*,#10516,.F.);
#6105=ORIENTED_EDGE('',*,*,#10517,.F.);
#6106=ORIENTED_EDGE('',*,*,#10518,.F.);
#6107=ORIENTED_EDGE('',*,*,#10519,.F.);
#6108=ORIENTED_EDGE('',*,*,#10520,.F.);
#6109=ORIENTED_EDGE('',*,*,#10521,.F.);
#6110=ORIENTED_EDGE('',*,*,#10522,.F.);
#6111=ORIENTED_EDGE('',*,*,#10523,.F.);
#6112=ORIENTED_EDGE('',*,*,#10524,.F.);
#6113=ORIENTED_EDGE('',*,*,#10525,.F.);
#6114=ORIENTED_EDGE('',*,*,#10526,.F.);
#6115=ORIENTED_EDGE('',*,*,#10527,.F.);
#6116=ORIENTED_EDGE('',*,*,#10528,.F.);
#6117=ORIENTED_EDGE('',*,*,#10529,.F.);
#6118=ORIENTED_EDGE('',*,*,#10530,.F.);
#6119=ORIENTED_EDGE('',*,*,#10531,.F.);
#6120=ORIENTED_EDGE('',*,*,#10532,.F.);
#6121=ORIENTED_EDGE('',*,*,#10533,.F.);
#6122=ORIENTED_EDGE('',*,*,#10534,.F.);
#6123=ORIENTED_EDGE('',*,*,#10535,.F.);
#6124=ORIENTED_EDGE('',*,*,#10536,.F.);
#6125=ORIENTED_EDGE('',*,*,#10537,.F.);
#6126=ORIENTED_EDGE('',*,*,#10538,.F.);
#6127=ORIENTED_EDGE('',*,*,#10539,.F.);
#6128=ORIENTED_EDGE('',*,*,#10540,.F.);
#6129=ORIENTED_EDGE('',*,*,#10541,.F.);
#6130=ORIENTED_EDGE('',*,*,#10542,.F.);
#6131=ORIENTED_EDGE('',*,*,#10543,.F.);
#6132=ORIENTED_EDGE('',*,*,#10544,.F.);
#6133=ORIENTED_EDGE('',*,*,#10545,.F.);
#6134=ORIENTED_EDGE('',*,*,#10546,.F.);
#6135=ORIENTED_EDGE('',*,*,#10547,.F.);
#6136=ORIENTED_EDGE('',*,*,#10548,.F.);
#6137=ORIENTED_EDGE('',*,*,#10549,.F.);
#6138=ORIENTED_EDGE('',*,*,#10550,.F.);
#6139=ORIENTED_EDGE('',*,*,#10551,.F.);
#6140=ORIENTED_EDGE('',*,*,#10552,.F.);
#6141=ORIENTED_EDGE('',*,*,#10553,.F.);
#6142=ORIENTED_EDGE('',*,*,#10554,.F.);
#6143=ORIENTED_EDGE('',*,*,#10555,.F.);
#6144=ORIENTED_EDGE('',*,*,#10556,.F.);
#6145=ORIENTED_EDGE('',*,*,#10557,.F.);
#6146=ORIENTED_EDGE('',*,*,#10558,.F.);
#6147=ORIENTED_EDGE('',*,*,#10559,.F.);
#6148=ORIENTED_EDGE('',*,*,#10560,.F.);
#6149=ORIENTED_EDGE('',*,*,#10561,.F.);
#6150=ORIENTED_EDGE('',*,*,#10562,.F.);
#6151=ORIENTED_EDGE('',*,*,#10563,.F.);
#6152=ORIENTED_EDGE('',*,*,#10564,.F.);
#6153=ORIENTED_EDGE('',*,*,#10565,.F.);
#6154=ORIENTED_EDGE('',*,*,#10566,.F.);
#6155=ORIENTED_EDGE('',*,*,#10567,.F.);
#6156=ORIENTED_EDGE('',*,*,#10568,.F.);
#6157=ORIENTED_EDGE('',*,*,#10569,.F.);
#6158=ORIENTED_EDGE('',*,*,#10570,.F.);
#6159=ORIENTED_EDGE('',*,*,#10571,.F.);
#6160=ORIENTED_EDGE('',*,*,#10572,.F.);
#6161=ORIENTED_EDGE('',*,*,#10573,.T.);
#6162=ORIENTED_EDGE('',*,*,#10574,.T.);
#6163=ORIENTED_EDGE('',*,*,#10575,.T.);
#6164=ORIENTED_EDGE('',*,*,#10576,.T.);
#6165=ORIENTED_EDGE('',*,*,#10577,.T.);
#6166=ORIENTED_EDGE('',*,*,#10578,.T.);
#6167=ORIENTED_EDGE('',*,*,#10579,.T.);
#6168=ORIENTED_EDGE('',*,*,#10580,.T.);
#6169=ORIENTED_EDGE('',*,*,#10581,.F.);
#6170=ORIENTED_EDGE('',*,*,#10582,.T.);
#6171=ORIENTED_EDGE('',*,*,#10583,.F.);
#6172=ORIENTED_EDGE('',*,*,#10584,.T.);
#6173=ORIENTED_EDGE('',*,*,#10585,.T.);
#6174=ORIENTED_EDGE('',*,*,#10586,.F.);
#6175=ORIENTED_EDGE('',*,*,#10587,.T.);
#6176=ORIENTED_EDGE('',*,*,#10588,.F.);
#6177=ORIENTED_EDGE('',*,*,#10589,.T.);
#6178=ORIENTED_EDGE('',*,*,#10590,.F.);
#6179=ORIENTED_EDGE('',*,*,#10591,.T.);
#6180=ORIENTED_EDGE('',*,*,#10592,.T.);
#6181=ORIENTED_EDGE('',*,*,#10593,.F.);
#6182=ORIENTED_EDGE('',*,*,#10594,.F.);
#6183=ORIENTED_EDGE('',*,*,#10595,.F.);
#6184=ORIENTED_EDGE('',*,*,#10596,.F.);
#6185=ORIENTED_EDGE('',*,*,#10597,.F.);
#6186=ORIENTED_EDGE('',*,*,#10598,.F.);
#6187=CARTESIAN_POINT('',(8.7,152.05,-1.3));
#6188=DIRECTION('',(-0.0,-0.0,-1.0));
#6189=DIRECTION('',(0.0,-1.0,0.0));
#6190=ORIENTED_EDGE('',*,*,#10599,.F.);
#6191=ORIENTED_EDGE('',*,*,#10600,.F.);
#6192=ORIENTED_EDGE('',*,*,#10601,.F.);
#6193=ORIENTED_EDGE('',*,*,#10602,.F.);
#6194=CARTESIAN_POINT('',(4.0,177.05,-1.45));
#6195=DIRECTION('',(0.0,0.0,-1.0));
#6196=DIRECTION('',(0.0,-1.0,0.0));
#6197=ORIENTED_EDGE('',*,*,#10360,.T.);
#6198=ORIENTED_EDGE('',*,*,#10603,.T.);
#6199=ORIENTED_EDGE('',*,*,#10602,.T.);
#6200=ORIENTED_EDGE('',*,*,#10604,.F.);
#6201=CARTESIAN_POINT('',(3.275,178.55,0.0));
#6202=DIRECTION('',(-1.0,-0.0,0.0));
#6203=DIRECTION('',(0.0,0.0,1.0));
#6204=ORIENTED_EDGE('',*,*,#10359,.T.);
#6205=ORIENTED_EDGE('',*,*,#10605,.T.);
#6206=ORIENTED_EDGE('',*,*,#10599,.T.);
#6207=ORIENTED_EDGE('',*,*,#10603,.F.);
#6208=CARTESIAN_POINT('',(4.725,178.55,0.0));
#6209=DIRECTION('',(0.0,1.0,0.0));
#6210=DIRECTION('',(1.0,-0.0,0.0));
#6211=ORIENTED_EDGE('',*,*,#10358,.T.);
#6212=ORIENTED_EDGE('',*,*,#10606,.T.);
#6213=ORIENTED_EDGE('',*,*,#10600,.T.);
#6214=ORIENTED_EDGE('',*,*,#10605,.F.);
#6215=CARTESIAN_POINT('',(4.725,175.55,0.0));
#6216=DIRECTION('',(1.0,0.0,0.0));
#6217=DIRECTION('',(0.0,1.0,0.0));
#6218=ORIENTED_EDGE('',*,*,#10357,.T.);
#6219=ORIENTED_EDGE('',*,*,#10604,.T.);
#6220=ORIENTED_EDGE('',*,*,#10601,.T.);
#6221=ORIENTED_EDGE('',*,*,#10606,.F.);
#6222=CARTESIAN_POINT('',(3.275,175.55,0.0));
#6223=DIRECTION('',(0.0,-1.0,0.0));
#6224=DIRECTION('',(0.0,0.0,-1.0));
#6225=ORIENTED_EDGE('',*,*,#10607,.F.);
#6226=ORIENTED_EDGE('',*,*,#10608,.F.);
#6227=ORIENTED_EDGE('',*,*,#10609,.F.);
#6228=ORIENTED_EDGE('',*,*,#10610,.F.);
#6229=CARTESIAN_POINT('',(3.1,172.6,-1.45));
#6230=DIRECTION('',(0.0,0.0,-1.0));
#6231=DIRECTION('',(0.0,-1.0,0.0));
#6232=ORIENTED_EDGE('',*,*,#10364,.T.);
#6233=ORIENTED_EDGE('',*,*,#10611,.T.);
#6234=ORIENTED_EDGE('',*,*,#10610,.T.);
#6235=ORIENTED_EDGE('',*,*,#10612,.F.);
#6236=CARTESIAN_POINT('',(4.6,173.325,0.0));
#6237=DIRECTION('',(0.0,1.0,0.0));
#6238=DIRECTION('',(1.0,-0.0,0.0));
#6239=ORIENTED_EDGE('',*,*,#10363,.T.);
#6240=ORIENTED_EDGE('',*,*,#10613,.T.);
#6241=ORIENTED_EDGE('',*,*,#10607,.T.);
#6242=ORIENTED_EDGE('',*,*,#10611,.F.);
#6243=CARTESIAN_POINT('',(4.6,171.875,0.0));
#6244=DIRECTION('',(1.0,0.0,0.0));
#6245=DIRECTION('',(0.0,1.0,0.0));
#6246=ORIENTED_EDGE('',*,*,#10362,.T.);
#6247=ORIENTED_EDGE('',*,*,#10614,.T.);
#6248=ORIENTED_EDGE('',*,*,#10608,.T.);
#6249=ORIENTED_EDGE('',*,*,#10613,.F.);
#6250=CARTESIAN_POINT('',(1.6,171.875,0.0));
#6251=DIRECTION('',(0.0,-1.0,0.0));
#6252=DIRECTION('',(0.0,0.0,-1.0));
#6253=ORIENTED_EDGE('',*,*,#10361,.T.);
#6254=ORIENTED_EDGE('',*,*,#10612,.T.);
#6255=ORIENTED_EDGE('',*,*,#10609,.T.);
#6256=ORIENTED_EDGE('',*,*,#10614,.F.);
#6257=CARTESIAN_POINT('',(1.6,173.325,0.0));
#6258=DIRECTION('',(-1.0,-0.0,0.0));
#6259=DIRECTION('',(0.0,0.0,1.0));
#6260=ORIENTED_EDGE('',*,*,#10615,.T.);
#6261=ORIENTED_EDGE('',*,*,#10616,.T.);
#6262=ORIENTED_EDGE('',*,*,#10617,.T.);
#6263=ORIENTED_EDGE('',*,*,#10618,.T.);
#6264=ORIENTED_EDGE('',*,*,#10365,.F.);
#6265=ORIENTED_EDGE('',*,*,#10619,.F.);
#6266=ORIENTED_EDGE('',*,*,#10620,.T.);
#6267=ORIENTED_EDGE('',*,*,#10621,.F.);
#6268=CARTESIAN_POINT('',(3.56,170.035,-2.0));
#6269=DIRECTION('',(0.0,0.0,-1.0));
#6270=DIRECTION('',(1.0,0.0,0.0));
#6271=ORIENTED_EDGE('',*,*,#10620,.F.);
#6272=ORIENTED_EDGE('',*,*,#10622,.F.);
#6273=ORIENTED_EDGE('',*,*,#10623,.F.);
#6274=CARTESIAN_POINT('',(2.96,168.5349976,-4.17));
#6275=DIRECTION('',(0.0,0.0,1.0));
#6276=DIRECTION('',(1.0,0.0,0.0));
#6277=ORIENTED_EDGE('',*,*,#10621,.T.);
#6278=ORIENTED_EDGE('',*,*,#10623,.T.);
#6279=ORIENTED_EDGE('',*,*,#10624,.F.);
#6280=ORIENTED_EDGE('',*,*,#10625,.F.);
#6281=CARTESIAN_POINT('',(2.96,168.5349976,-4.67));
#6282=DIRECTION('',(1.0,0.0,-0.0));
#6283=DIRECTION('',(-0.0,1.0,0.0));
#6284=ORIENTED_EDGE('',*,*,#10615,.F.);
#6285=ORIENTED_EDGE('',*,*,#10625,.T.);
#6286=ORIENTED_EDGE('',*,*,#10626,.F.);
#6287=ORIENTED_EDGE('',*,*,#10627,.T.);
#6288=ORIENTED_EDGE('',*,*,#10628,.F.);
#6289=ORIENTED_EDGE('',*,*,#10629,.F.);
#6290=CARTESIAN_POINT('',(2.87257580436686,169.906702759037,-4.67));
#6291=DIRECTION('',(0.0,0.0,1.0));
#6292=DIRECTION('',(1.0,0.0,0.0));
#6293=ORIENTED_EDGE('',*,*,#10628,.T.);
#6294=ORIENTED_EDGE('',*,*,#10630,.T.);
#6295=ORIENTED_EDGE('',*,*,#10631,.F.);
#6296=ORIENTED_EDGE('',*,*,#10632,.F.);
#6297=CARTESIAN_POINT('',(3.56,170.035,-2.728));
#6298=DIRECTION('',(-0.0,0.0,1.0));
#6299=DIRECTION('',(1.0,0.0,0.0));
#6300=ORIENTED_EDGE('',*,*,#10633,.F.);
#6301=ORIENTED_EDGE('',*,*,#10634,.T.);
#6302=ORIENTED_EDGE('',*,*,#10631,.T.);
#6303=ORIENTED_EDGE('',*,*,#10635,.F.);
#6304=CARTESIAN_POINT('',(3.56,170.035,-9.5));
#6305=DIRECTION('',(0.0,0.0,-1.0));
#6306=DIRECTION('',(1.0,0.0,0.0));
#6307=ORIENTED_EDGE('',*,*,#10633,.T.);
#6308=ORIENTED_EDGE('',*,*,#10636,.T.);
#6309=CARTESIAN_POINT('',(3.63557657365936,170.099133206131,-10.0));
#6310=DIRECTION('',(0.0,0.0,-1.0));
#6311=DIRECTION('',(0.0,-1.0,0.0));
#6312=ORIENTED_EDGE('',*,*,#10637,.F.);
#6313=ORIENTED_EDGE('',*,*,#10617,.F.);
#6314=ORIENTED_EDGE('',*,*,#10638,.T.);
#6315=CARTESIAN_POINT('',(4.66,168.5349976,-4.17));
#6316=DIRECTION('',(0.0,0.0,1.0));
#6317=DIRECTION('',(1.0,0.0,0.0));
#6318=ORIENTED_EDGE('',*,*,#10616,.F.);
#6319=ORIENTED_EDGE('',*,*,#10627,.F.);
#6320=ORIENTED_EDGE('',*,*,#10639,.T.);
#6321=ORIENTED_EDGE('',*,*,#10638,.F.);
#6322=CARTESIAN_POINT('',(4.16,168.5349976,-4.17));
#6323=DIRECTION('',(-1.0,0.0,0.0));
#6324=DIRECTION('',(0.0,0.0,1.0));
#6325=ORIENTED_EDGE('',*,*,#10640,.F.);
#6326=ORIENTED_EDGE('',*,*,#10641,.F.);
#6327=ORIENTED_EDGE('',*,*,#10642,.F.);
#6328=ORIENTED_EDGE('',*,*,#10643,.F.);
#6329=ORIENTED_EDGE('',*,*,#10644,.F.);
#6330=ORIENTED_EDGE('',*,*,#10645,.F.);
#6331=ORIENTED_EDGE('',*,*,#10646,.F.);
#6332=ORIENTED_EDGE('',*,*,#10647,.F.);
#6333=ORIENTED_EDGE('',*,*,#10648,.F.);
#6334=ORIENTED_EDGE('',*,*,#10649,.F.);
#6335=ORIENTED_EDGE('',*,*,#10650,.F.);
#6336=ORIENTED_EDGE('',*,*,#10651,.F.);
#6337=CARTESIAN_POINT('',(3.3,166.3,-2.8));
#6338=DIRECTION('',(0.0,0.0,-1.0));
#6339=DIRECTION('',(0.0,-1.0,0.0));
#6340=ORIENTED_EDGE('',*,*,#10378,.T.);
#6341=ORIENTED_EDGE('',*,*,#10652,.T.);
#6342=ORIENTED_EDGE('',*,*,#10648,.T.);
#6343=ORIENTED_EDGE('',*,*,#10653,.F.);
#6344=CARTESIAN_POINT('',(2.6,164.4,0.0));
#6345=DIRECTION('',(0.0,-1.0,0.0));
#6346=DIRECTION('',(0.0,0.0,-1.0));
#6347=ORIENTED_EDGE('',*,*,#10377,.T.);
#6348=ORIENTED_EDGE('',*,*,#10654,.T.);
#6349=ORIENTED_EDGE('',*,*,#10649,.T.);
#6350=ORIENTED_EDGE('',*,*,#10652,.F.);
#6351=CARTESIAN_POINT('',(2.6,164.55,0.0));
#6352=DIRECTION('',(-1.0,-0.0,0.0));
#6353=DIRECTION('',(0.0,0.0,1.0));
#6354=ORIENTED_EDGE('',*,*,#10376,.T.);
#6355=ORIENTED_EDGE('',*,*,#10655,.T.);
#6356=ORIENTED_EDGE('',*,*,#10650,.T.);
#6357=ORIENTED_EDGE('',*,*,#10654,.F.);
#6358=CARTESIAN_POINT('',(1.925,164.55,0.0));
#6359=DIRECTION('',(0.0,-1.0,0.0));
#6360=DIRECTION('',(0.0,0.0,-1.0));
#6361=ORIENTED_EDGE('',*,*,#10375,.T.);
#6362=ORIENTED_EDGE('',*,*,#10656,.T.);
#6363=ORIENTED_EDGE('',*,*,#10651,.T.);
#6364=ORIENTED_EDGE('',*,*,#10655,.F.);
#6365=CARTESIAN_POINT('',(1.925,168.05,0.0));
#6366=DIRECTION('',(-1.0,-0.0,0.0));
#6367=DIRECTION('',(0.0,0.0,1.0));
#6368=ORIENTED_EDGE('',*,*,#10374,.T.);
#6369=ORIENTED_EDGE('',*,*,#10657,.T.);
#6370=ORIENTED_EDGE('',*,*,#10640,.T.);
#6371=ORIENTED_EDGE('',*,*,#10656,.F.);
#6372=CARTESIAN_POINT('',(2.6,168.05,0.0));
#6373=DIRECTION('',(0.0,1.0,0.0));
#6374=DIRECTION('',(1.0,-0.0,0.0));
#6375=ORIENTED_EDGE('',*,*,#10373,.T.);
#6376=ORIENTED_EDGE('',*,*,#10658,.T.);
#6377=ORIENTED_EDGE('',*,*,#10641,.T.);
#6378=ORIENTED_EDGE('',*,*,#10657,.F.);
#6379=CARTESIAN_POINT('',(2.6,168.2,0.0));
#6380=DIRECTION('',(-1.0,-0.0,0.0));
#6381=DIRECTION('',(0.0,0.0,1.0));
#6382=ORIENTED_EDGE('',*,*,#10372,.T.);
#6383=ORIENTED_EDGE('',*,*,#10659,.T.);
#6384=ORIENTED_EDGE('',*,*,#10642,.T.);
#6385=ORIENTED_EDGE('',*,*,#10658,.F.);
#6386=CARTESIAN_POINT('',(4.0,168.2,0.0));
#6387=DIRECTION('',(0.0,1.0,0.0));
#6388=DIRECTION('',(1.0,-0.0,0.0));
#6389=ORIENTED_EDGE('',*,*,#10371,.T.);
#6390=ORIENTED_EDGE('',*,*,#10660,.T.);
#6391=ORIENTED_EDGE('',*,*,#10643,.T.);
#6392=ORIENTED_EDGE('',*,*,#10659,.F.);
#6393=CARTESIAN_POINT('',(4.0,168.05,0.0));
#6394=DIRECTION('',(1.0,0.0,0.0));
#6395=DIRECTION('',(0.0,1.0,0.0));
#6396=ORIENTED_EDGE('',*,*,#10370,.T.);
#6397=ORIENTED_EDGE('',*,*,#10661,.T.);
#6398=ORIENTED_EDGE('',*,*,#10644,.T.);
#6399=ORIENTED_EDGE('',*,*,#10660,.F.);
#6400=CARTESIAN_POINT('',(4.675,168.05,0.0));
#6401=DIRECTION('',(0.0,1.0,0.0));
#6402=DIRECTION('',(1.0,-0.0,0.0));
#6403=ORIENTED_EDGE('',*,*,#10369,.T.);
#6404=ORIENTED_EDGE('',*,*,#10662,.T.);
#6405=ORIENTED_EDGE('',*,*,#10645,.T.);
#6406=ORIENTED_EDGE('',*,*,#10661,.F.);
#6407=CARTESIAN_POINT('',(4.675,164.55,0.0));
#6408=DIRECTION('',(1.0,0.0,0.0));
#6409=DIRECTION('',(0.0,1.0,0.0));
#6410=ORIENTED_EDGE('',*,*,#10368,.T.);
#6411=ORIENTED_EDGE('',*,*,#10663,.T.);
#6412=ORIENTED_EDGE('',*,*,#10646,.T.);
#6413=ORIENTED_EDGE('',*,*,#10662,.F.);
#6414=CARTESIAN_POINT('',(4.0,164.55,0.0));
#6415=DIRECTION('',(0.0,-1.0,0.0));
#6416=DIRECTION('',(0.0,0.0,-1.0));
#6417=ORIENTED_EDGE('',*,*,#10367,.T.);
#6418=ORIENTED_EDGE('',*,*,#10653,.T.);
#6419=ORIENTED_EDGE('',*,*,#10647,.T.);
#6420=ORIENTED_EDGE('',*,*,#10663,.F.);
#6421=CARTESIAN_POINT('',(4.0,164.4,0.0));
#6422=DIRECTION('',(1.0,0.0,0.0));
#6423=DIRECTION('',(0.0,1.0,0.0));
#6424=ORIENTED_EDGE('',*,*,#10664,.F.);
#6425=ORIENTED_EDGE('',*,*,#10665,.F.);
#6426=ORIENTED_EDGE('',*,*,#10666,.F.);
#6427=ORIENTED_EDGE('',*,*,#10667,.F.);
#6428=CARTESIAN_POINT('',(8.65,177.3,-2.8));
#6429=DIRECTION('',(0.0,0.0,-1.0));
#6430=DIRECTION('',(0.0,-1.0,0.0));
#6431=ORIENTED_EDGE('',*,*,#10382,.T.);
#6432=ORIENTED_EDGE('',*,*,#10668,.T.);
#6433=ORIENTED_EDGE('',*,*,#10667,.T.);
#6434=ORIENTED_EDGE('',*,*,#10669,.F.);
#6435=CARTESIAN_POINT('',(5.925,180.025,0.0));
#6436=DIRECTION('',(-1.0,-0.0,0.0));
#6437=DIRECTION('',(0.0,0.0,1.0));
#6438=ORIENTED_EDGE('',*,*,#10381,.T.);
#6439=ORIENTED_EDGE('',*,*,#10670,.T.);
#6440=ORIENTED_EDGE('',*,*,#10664,.T.);
#6441=ORIENTED_EDGE('',*,*,#10668,.F.);
#6442=CARTESIAN_POINT('',(11.375,180.025,0.0));
#6443=DIRECTION('',(0.0,1.0,0.0));
#6444=DIRECTION('',(1.0,-0.0,0.0));
#6445=ORIENTED_EDGE('',*,*,#10380,.T.);
#6446=ORIENTED_EDGE('',*,*,#10671,.T.);
#6447=ORIENTED_EDGE('',*,*,#10665,.T.);
#6448=ORIENTED_EDGE('',*,*,#10670,.F.);
#6449=CARTESIAN_POINT('',(11.375,174.575,0.0));
#6450=DIRECTION('',(1.0,0.0,0.0));
#6451=DIRECTION('',(0.0,1.0,0.0));
#6452=ORIENTED_EDGE('',*,*,#10379,.T.);
#6453=ORIENTED_EDGE('',*,*,#10669,.T.);
#6454=ORIENTED_EDGE('',*,*,#10666,.T.);
#6455=ORIENTED_EDGE('',*,*,#10671,.F.);
#6456=CARTESIAN_POINT('',(5.925,174.575,0.0));
#6457=DIRECTION('',(0.0,-1.0,0.0));
#6458=DIRECTION('',(0.0,0.0,-1.0));
#6459=ORIENTED_EDGE('',*,*,#10672,.F.);
#6460=ORIENTED_EDGE('',*,*,#10673,.F.);
#6461=ORIENTED_EDGE('',*,*,#10674,.F.);
#6462=ORIENTED_EDGE('',*,*,#10675,.F.);
#6463=CARTESIAN_POINT('',(14.05,178.3,-1.45));
#6464=DIRECTION('',(0.0,0.0,-1.0));
#6465=DIRECTION('',(0.0,-1.0,0.0));
#6466=ORIENTED_EDGE('',*,*,#10386,.T.);
#6467=ORIENTED_EDGE('',*,*,#10676,.T.);
#6468=ORIENTED_EDGE('',*,*,#10673,.T.);
#6469=ORIENTED_EDGE('',*,*,#10677,.F.);
#6470=CARTESIAN_POINT('',(14.775,176.8,0.0));
#6471=DIRECTION('',(1.0,0.0,0.0));
#6472=DIRECTION('',(0.0,1.0,0.0));
#6473=ORIENTED_EDGE('',*,*,#10385,.T.);
#6474=ORIENTED_EDGE('',*,*,#10678,.T.);
#6475=ORIENTED_EDGE('',*,*,#10674,.T.);
#6476=ORIENTED_EDGE('',*,*,#10676,.F.);
#6477=CARTESIAN_POINT('',(13.325,176.8,0.0));
#6478=DIRECTION('',(0.0,-1.0,0.0));
#6479=DIRECTION('',(0.0,0.0,-1.0));
#6480=ORIENTED_EDGE('',*,*,#10384,.T.);
#6481=ORIENTED_EDGE('',*,*,#10679,.T.);
#6482=ORIENTED_EDGE('',*,*,#10675,.T.);
#6483=ORIENTED_EDGE('',*,*,#10678,.F.);
#6484=CARTESIAN_POINT('',(13.325,179.8,0.0));
#6485=DIRECTION('',(-1.0,-0.0,0.0));
#6486=DIRECTION('',(0.0,0.0,1.0));
#6487=ORIENTED_EDGE('',*,*,#10383,.T.);
#6488=ORIENTED_EDGE('',*,*,#10677,.T.);
#6489=ORIENTED_EDGE('',*,*,#10672,.T.);
#6490=ORIENTED_EDGE('',*,*,#10679,.F.);
#6491=CARTESIAN_POINT('',(14.775,179.8,0.0));
#6492=DIRECTION('',(0.0,1.0,0.0));
#6493=DIRECTION('',(1.0,-0.0,0.0));
#6494=ORIENTED_EDGE('',*,*,#10680,.F.);
#6495=ORIENTED_EDGE('',*,*,#10681,.F.);
#6496=ORIENTED_EDGE('',*,*,#10402,.T.);
#6497=ORIENTED_EDGE('',*,*,#10682,.F.);
#6498=CARTESIAN_POINT('',(29.9079752526977,169.747614540713,1.6));
#6499=DIRECTION('',(0.963467034935087,0.267826945234028,0.0));
#6500=DIRECTION('',(0.0,0.0,-1.0));
#6501=ORIENTED_EDGE('',*,*,#10401,.F.);
#6502=ORIENTED_EDGE('',*,*,#10683,.F.);
#6503=ORIENTED_EDGE('',*,*,#10684,.T.);
#6504=ORIENTED_EDGE('',*,*,#10682,.T.);
#6505=CARTESIAN_POINT('',(29.1079752526971,169.638490449313,-1.45));
#6506=DIRECTION('',(0.0,0.0,1.0));
#6507=DIRECTION('',(-1.0,-1.0590458891525E-12,0.0));
#6508=ORIENTED_EDGE('',*,*,#10685,.F.);
#6509=ORIENTED_EDGE('',*,*,#10399,.F.);
#6510=ORIENTED_EDGE('',*,*,#10686,.T.);
#6511=ORIENTED_EDGE('',*,*,#10687,.T.);
#6512=CARTESIAN_POINT('',(29.1079752527153,146.700000000005,-1.45));
#6513=DIRECTION('',(0.0,0.0,1.0));
#6514=DIRECTION('',(-1.0,-1.0590458891525E-12,0.0));
#6515=ORIENTED_EDGE('',*,*,#10688,.F.);
#6516=ORIENTED_EDGE('',*,*,#10683,.T.);
#6517=ORIENTED_EDGE('',*,*,#10400,.F.);
#6518=ORIENTED_EDGE('',*,*,#10685,.T.);
#6519=CARTESIAN_POINT('',(29.9079752526966,170.111031220132,1.25));
#6520=DIRECTION('',(-1.0,-7.94035653174475E-13,-0.0));
#6521=DIRECTION('',(-7.94035653174475E-13,1.0,0.0));
#6522=ORIENTED_EDGE('',*,*,#10398,.F.);
#6523=ORIENTED_EDGE('',*,*,#10689,.T.);
#6524=ORIENTED_EDGE('',*,*,#10690,.F.);
#6525=ORIENTED_EDGE('',*,*,#10686,.F.);
#6526=CARTESIAN_POINT('',(29.5783326145265,145.900000000002,0.300000000000002));
#6527=DIRECTION('',(-2.64512708598225E-13,1.0,0.0));
#6528=DIRECTION('',(1.0,2.64512708598225E-13,-0.0));
#6529=ORIENTED_EDGE('',*,*,#10691,.F.);
#6530=ORIENTED_EDGE('',*,*,#10692,.T.);
#6531=ORIENTED_EDGE('',*,*,#10693,.T.);
#6532=ORIENTED_EDGE('',*,*,#10694,.T.);
#6533=ORIENTED_EDGE('',*,*,#10680,.T.);
#6534=ORIENTED_EDGE('',*,*,#10684,.F.);
#6535=ORIENTED_EDGE('',*,*,#10688,.T.);
#6536=ORIENTED_EDGE('',*,*,#10687,.F.);
#6537=ORIENTED_EDGE('',*,*,#10690,.T.);
#6538=ORIENTED_EDGE('',*,*,#10695,.T.);
#6539=ORIENTED_EDGE('',*,*,#10696,.F.);
#6540=ORIENTED_EDGE('',*,*,#10697,.T.);
#6541=ORIENTED_EDGE('',*,*,#10698,.F.);
#6542=ORIENTED_EDGE('',*,*,#10699,.F.);
#6543=ORIENTED_EDGE('',*,*,#10700,.F.);
#6544=ORIENTED_EDGE('',*,*,#10701,.F.);
#6545=CARTESIAN_POINT('',(35.0077749090449,141.150638192719,-3.7));
#6546=DIRECTION('',(0.0,-0.0,1.0));
#6547=DIRECTION('',(1.0,0.0,-0.0));
#6548=ORIENTED_EDGE('',*,*,#10692,.F.);
#6549=ORIENTED_EDGE('',*,*,#10702,.F.);
#6550=ORIENTED_EDGE('',*,*,#10389,.T.);
#6551=ORIENTED_EDGE('',*,*,#10703,.T.);
#6552=CARTESIAN_POINT('',(23.6135944285193,173.333827901963,-1.45));
#6553=DIRECTION('',(0.0,0.0,-1.0));
#6554=DIRECTION('',(1.0,1.0590458891525E-12,0.0));
#6555=ORIENTED_EDGE('',*,*,#10388,.T.);
#6556=ORIENTED_EDGE('',*,*,#10704,.T.);
#6557=ORIENTED_EDGE('',*,*,#10693,.F.);
#6558=ORIENTED_EDGE('',*,*,#10703,.F.);
#6559=CARTESIAN_POINT('',(29.3295711405228,171.378361486786,1.6));
#6560=DIRECTION('',(0.446131719708095,0.894967311509363,0.0));
#6561=DIRECTION('',(0.0,0.0,-1.0));
#6562=ORIENTED_EDGE('',*,*,#10387,.T.);
#6563=ORIENTED_EDGE('',*,*,#10681,.T.);
#6564=ORIENTED_EDGE('',*,*,#10694,.F.);
#6565=ORIENTED_EDGE('',*,*,#10704,.F.);
#6566=CARTESIAN_POINT('',(28.7993304868967,170.748793436543,-1.45));
#6567=DIRECTION('',(0.0,0.0,-1.0));
#6568=DIRECTION('',(1.0,1.0590458891525E-12,0.0));
#6569=ORIENTED_EDGE('',*,*,#10691,.T.);
#6570=ORIENTED_EDGE('',*,*,#10705,.F.);
#6571=ORIENTED_EDGE('',*,*,#10390,.T.);
#6572=ORIENTED_EDGE('',*,*,#10702,.T.);
#6573=CARTESIAN_POINT('',(23.4533167500229,174.133827901962,1.6));
#6574=DIRECTION('',(-2.64015181218426E-13,1.0,0.0));
#6575=DIRECTION('',(1.0,2.64015181218426E-13,-0.0));
#6576=ORIENTED_EDGE('',*,*,#10706,.T.);
#6577=ORIENTED_EDGE('',*,*,#10700,.T.);
#6578=ORIENTED_EDGE('',*,*,#10707,.F.);
#6579=ORIENTED_EDGE('',*,*,#10392,.F.);
#6580=CARTESIAN_POINT('',(14.4067367266925,171.378361486778,1.6));
#6581=DIRECTION('',(0.446131719709042,-0.894967311508891,0.0));
#6582=DIRECTION('',(0.0,0.0,-1.0));
#6583=ORIENTED_EDGE('',*,*,#10707,.T.);
#6584=ORIENTED_EDGE('',*,*,#10699,.T.);
#6585=ORIENTED_EDGE('',*,*,#10708,.F.);
#6586=ORIENTED_EDGE('',*,*,#10393,.F.);
#6587=CARTESIAN_POINT('',(14.9369773803194,170.748793436536,-1.45));
#6588=DIRECTION('',(0.0,0.0,-1.0));
#6589=DIRECTION('',(-1.0,9.95054759599331E-16,0.0));
#6590=ORIENTED_EDGE('',*,*,#10394,.F.);
#6591=ORIENTED_EDGE('',*,*,#10708,.T.);
#6592=ORIENTED_EDGE('',*,*,#10698,.T.);
#6593=ORIENTED_EDGE('',*,*,#10709,.T.);
#6594=CARTESIAN_POINT('',(13.8283326145195,169.747614540704,1.6));
#6595=DIRECTION('',(0.963467034935371,-0.267826945233008,0.0));
#6596=DIRECTION('',(0.0,0.0,-1.0));
#6597=ORIENTED_EDGE('',*,*,#10395,.T.);
#6598=ORIENTED_EDGE('',*,*,#10709,.F.);
#6599=ORIENTED_EDGE('',*,*,#10697,.F.);
#6600=ORIENTED_EDGE('',*,*,#10710,.T.);
#6601=CARTESIAN_POINT('',(14.6283326145206,169.638490449305,-1.45));
#6602=DIRECTION('',(0.0,-0.0,1.0));
#6603=DIRECTION('',(1.0,-9.95054759599331E-16,-0.0));
#6604=ORIENTED_EDGE('',*,*,#10711,.F.);
#6605=ORIENTED_EDGE('',*,*,#10396,.T.);
#6606=ORIENTED_EDGE('',*,*,#10710,.F.);
#6607=ORIENTED_EDGE('',*,*,#10696,.T.);
#6608=CARTESIAN_POINT('',(13.8283326145201,170.111031220124,1.25));
#6609=DIRECTION('',(-1.0,-2.64015181218425E-13,-0.0));
#6610=DIRECTION('',(-2.64015181218425E-13,1.0,0.0));
#6611=ORIENTED_EDGE('',*,*,#10695,.F.);
#6612=ORIENTED_EDGE('',*,*,#10689,.F.);
#6613=ORIENTED_EDGE('',*,*,#10397,.T.);
#6614=ORIENTED_EDGE('',*,*,#10711,.T.);
#6615=CARTESIAN_POINT('',(14.6283326145262,146.699999999998,-1.45));
#6616=DIRECTION('',(0.0,-0.0,1.0));
#6617=DIRECTION('',(1.0,-9.95054759599331E-16,-0.0));
#6618=ORIENTED_EDGE('',*,*,#10706,.F.);
#6619=ORIENTED_EDGE('',*,*,#10391,.F.);
#6620=ORIENTED_EDGE('',*,*,#10705,.T.);
#6621=ORIENTED_EDGE('',*,*,#10701,.T.);
#6622=CARTESIAN_POINT('',(20.1227134386941,173.333827901961,-1.45));
#6623=DIRECTION('',(0.0,0.0,-1.0));
#6624=DIRECTION('',(-1.0,9.95054759599331E-16,0.0));
#6625=ORIENTED_EDGE('',*,*,#10712,.T.);
#6626=ORIENTED_EDGE('',*,*,#10713,.T.);
#6627=ORIENTED_EDGE('',*,*,#10714,.T.);
#6628=ORIENTED_EDGE('',*,*,#10715,.T.);
#6629=ORIENTED_EDGE('',*,*,#10716,.T.);
#6630=ORIENTED_EDGE('',*,*,#10717,.T.);
#6631=ORIENTED_EDGE('',*,*,#10718,.T.);
#6632=ORIENTED_EDGE('',*,*,#10719,.T.);
#6633=ORIENTED_EDGE('',*,*,#10720,.T.);
#6634=ORIENTED_EDGE('',*,*,#10721,.T.);
#6635=ORIENTED_EDGE('',*,*,#10722,.T.);
#6636=ORIENTED_EDGE('',*,*,#10723,.T.);
#6637=ORIENTED_EDGE('',*,*,#10724,.T.);
#6638=ORIENTED_EDGE('',*,*,#10725,.T.);
#6639=ORIENTED_EDGE('',*,*,#10726,.T.);
#6640=ORIENTED_EDGE('',*,*,#10727,.T.);
#6641=CARTESIAN_POINT('',(8.8,168.94,-3.0));
#6642=DIRECTION('',(0.0,0.0,-1.0));
#6643=DIRECTION('',(0.0,-1.0,0.0));
#6644=ORIENTED_EDGE('',*,*,#10418,.T.);
#6645=ORIENTED_EDGE('',*,*,#10728,.T.);
#6646=ORIENTED_EDGE('',*,*,#10724,.F.);
#6647=ORIENTED_EDGE('',*,*,#10729,.F.);
#6648=CARTESIAN_POINT('',(6.85,165.44,0.0));
#6649=DIRECTION('',(-1.0,-0.0,0.0));
#6650=DIRECTION('',(0.0,0.0,1.0));
#6651=ORIENTED_EDGE('',*,*,#10417,.T.);
#6652=ORIENTED_EDGE('',*,*,#10730,.T.);
#6653=ORIENTED_EDGE('',*,*,#10725,.F.);
#6654=ORIENTED_EDGE('',*,*,#10728,.F.);
#6655=CARTESIAN_POINT('',(5.6,165.44,0.0));
#6656=DIRECTION('',(0.0,-1.0,0.0));
#6657=DIRECTION('',(0.0,0.0,-1.0));
#6658=ORIENTED_EDGE('',*,*,#10416,.T.);
#6659=ORIENTED_EDGE('',*,*,#10731,.T.);
#6660=ORIENTED_EDGE('',*,*,#10726,.F.);
#6661=ORIENTED_EDGE('',*,*,#10730,.F.);
#6662=CARTESIAN_POINT('',(5.6,165.49,0.0));
#6663=DIRECTION('',(-0.0,0.0,1.0));
#6664=DIRECTION('',(1.0,0.0,0.0));
#6665=ORIENTED_EDGE('',*,*,#10415,.T.);
#6666=ORIENTED_EDGE('',*,*,#10732,.T.);
#6667=ORIENTED_EDGE('',*,*,#10727,.F.);
#6668=ORIENTED_EDGE('',*,*,#10731,.F.);
#6669=CARTESIAN_POINT('',(5.55,172.39,0.0));
#6670=DIRECTION('',(-1.0,-0.0,0.0));
#6671=DIRECTION('',(0.0,0.0,1.0));
#6672=ORIENTED_EDGE('',*,*,#10414,.T.);
#6673=ORIENTED_EDGE('',*,*,#10733,.T.);
#6674=ORIENTED_EDGE('',*,*,#10712,.F.);
#6675=ORIENTED_EDGE('',*,*,#10732,.F.);
#6676=CARTESIAN_POINT('',(5.6,172.39,0.0));
#6677=DIRECTION('',(-0.0,0.0,1.0));
#6678=DIRECTION('',(1.0,0.0,0.0));
#6679=ORIENTED_EDGE('',*,*,#10413,.T.);
#6680=ORIENTED_EDGE('',*,*,#10734,.T.);
#6681=ORIENTED_EDGE('',*,*,#10713,.F.);
#6682=ORIENTED_EDGE('',*,*,#10733,.F.);
#6683=CARTESIAN_POINT('',(6.85,172.44,0.0));
#6684=DIRECTION('',(0.0,1.0,0.0));
#6685=DIRECTION('',(1.0,-0.0,0.0));
#6686=ORIENTED_EDGE('',*,*,#10412,.T.);
#6687=ORIENTED_EDGE('',*,*,#10735,.T.);
#6688=ORIENTED_EDGE('',*,*,#10714,.F.);
#6689=ORIENTED_EDGE('',*,*,#10734,.F.);
#6690=CARTESIAN_POINT('',(6.85,172.89,0.0));
#6691=DIRECTION('',(-1.0,-0.0,0.0));
#6692=DIRECTION('',(0.0,0.0,1.0));
#6693=ORIENTED_EDGE('',*,*,#10411,.T.);
#6694=ORIENTED_EDGE('',*,*,#10736,.T.);
#6695=ORIENTED_EDGE('',*,*,#10715,.F.);
#6696=ORIENTED_EDGE('',*,*,#10735,.F.);
#6697=CARTESIAN_POINT('',(10.75,172.89,0.0));
#6698=DIRECTION('',(0.0,1.0,0.0));
#6699=DIRECTION('',(1.0,-0.0,0.0));
#6700=ORIENTED_EDGE('',*,*,#10410,.T.);
#6701=ORIENTED_EDGE('',*,*,#10737,.T.);
#6702=ORIENTED_EDGE('',*,*,#10716,.F.);
#6703=ORIENTED_EDGE('',*,*,#10736,.F.);
#6704=CARTESIAN_POINT('',(10.75,172.44,0.0));
#6705=DIRECTION('',(1.0,0.0,0.0));
#6706=DIRECTION('',(0.0,1.0,0.0));
#6707=ORIENTED_EDGE('',*,*,#10409,.T.);
#6708=ORIENTED_EDGE('',*,*,#10738,.T.);
#6709=ORIENTED_EDGE('',*,*,#10717,.F.);
#6710=ORIENTED_EDGE('',*,*,#10737,.F.);
#6711=CARTESIAN_POINT('',(12.2,172.44,0.0));
#6712=DIRECTION('',(0.0,1.0,0.0));
#6713=DIRECTION('',(1.0,-0.0,0.0));
#6714=ORIENTED_EDGE('',*,*,#10408,.T.);
#6715=ORIENTED_EDGE('',*,*,#10739,.T.);
#6716=ORIENTED_EDGE('',*,*,#10718,.F.);
#6717=ORIENTED_EDGE('',*,*,#10738,.F.);
#6718=CARTESIAN_POINT('',(12.2,172.39,0.0));
#6719=DIRECTION('',(-0.0,0.0,1.0));
#6720=DIRECTION('',(1.0,0.0,0.0));
#6721=ORIENTED_EDGE('',*,*,#10407,.T.);
#6722=ORIENTED_EDGE('',*,*,#10740,.T.);
#6723=ORIENTED_EDGE('',*,*,#10719,.F.);
#6724=ORIENTED_EDGE('',*,*,#10739,.F.);
#6725=CARTESIAN_POINT('',(12.25,165.49,0.0));
#6726=DIRECTION('',(1.0,0.0,0.0));
#6727=DIRECTION('',(0.0,1.0,0.0));
#6728=ORIENTED_EDGE('',*,*,#10406,.T.);
#6729=ORIENTED_EDGE('',*,*,#10741,.T.);
#6730=ORIENTED_EDGE('',*,*,#10720,.F.);
#6731=ORIENTED_EDGE('',*,*,#10740,.F.);
#6732=CARTESIAN_POINT('',(12.2,165.49,0.0));
#6733=DIRECTION('',(-0.0,0.0,1.0));
#6734=DIRECTION('',(1.0,0.0,0.0));
#6735=ORIENTED_EDGE('',*,*,#10405,.T.);
#6736=ORIENTED_EDGE('',*,*,#10742,.T.);
#6737=ORIENTED_EDGE('',*,*,#10721,.F.);
#6738=ORIENTED_EDGE('',*,*,#10741,.F.);
#6739=CARTESIAN_POINT('',(10.75,165.44,0.0));
#6740=DIRECTION('',(0.0,-1.0,0.0));
#6741=DIRECTION('',(0.0,0.0,-1.0));
#6742=ORIENTED_EDGE('',*,*,#10404,.T.);
#6743=ORIENTED_EDGE('',*,*,#10743,.T.);
#6744=ORIENTED_EDGE('',*,*,#10722,.F.);
#6745=ORIENTED_EDGE('',*,*,#10742,.F.);
#6746=CARTESIAN_POINT('',(10.75,164.99,0.0));
#6747=DIRECTION('',(1.0,0.0,0.0));
#6748=DIRECTION('',(0.0,1.0,0.0));
#6749=ORIENTED_EDGE('',*,*,#10403,.T.);
#6750=ORIENTED_EDGE('',*,*,#10729,.T.);
#6751=ORIENTED_EDGE('',*,*,#10723,.F.);
#6752=ORIENTED_EDGE('',*,*,#10743,.F.);
#6753=CARTESIAN_POINT('',(6.85,164.99,0.0));
#6754=DIRECTION('',(0.0,-1.0,0.0));
#6755=DIRECTION('',(0.0,0.0,-1.0));
#6756=ORIENTED_EDGE('',*,*,#10744,.F.);
#6757=ORIENTED_EDGE('',*,*,#10745,.F.);
#6758=ORIENTED_EDGE('',*,*,#10746,.F.);
#6759=ORIENTED_EDGE('',*,*,#10747,.F.);
#6760=ORIENTED_EDGE('',*,*,#10748,.F.);
#6761=ORIENTED_EDGE('',*,*,#10749,.F.);
#6762=ORIENTED_EDGE('',*,*,#10750,.F.);
#6763=ORIENTED_EDGE('',*,*,#10751,.F.);
#6764=ORIENTED_EDGE('',*,*,#10752,.F.);
#6765=ORIENTED_EDGE('',*,*,#10753,.F.);
#6766=ORIENTED_EDGE('',*,*,#10754,.F.);
#6767=ORIENTED_EDGE('',*,*,#10755,.F.);
#6768=CARTESIAN_POINT('',(7.6,163.2,-2.8));
#6769=DIRECTION('',(0.0,0.0,-1.0));
#6770=DIRECTION('',(0.0,-1.0,0.0));
#6771=ORIENTED_EDGE('',*,*,#10430,.T.);
#6772=ORIENTED_EDGE('',*,*,#10756,.T.);
#6773=ORIENTED_EDGE('',*,*,#10753,.T.);
#6774=ORIENTED_EDGE('',*,*,#10757,.F.);
#6775=CARTESIAN_POINT('',(5.85,163.9,0.0));
#6776=DIRECTION('',(0.0,1.0,0.0));
#6777=DIRECTION('',(1.0,-0.0,0.0));
#6778=ORIENTED_EDGE('',*,*,#10429,.T.);
#6779=ORIENTED_EDGE('',*,*,#10758,.T.);
#6780=ORIENTED_EDGE('',*,*,#10754,.T.);
#6781=ORIENTED_EDGE('',*,*,#10756,.F.);
#6782=CARTESIAN_POINT('',(5.85,164.575,0.0));
#6783=DIRECTION('',(-1.0,-0.0,0.0));
#6784=DIRECTION('',(0.0,0.0,1.0));
#6785=ORIENTED_EDGE('',*,*,#10428,.T.);
#6786=ORIENTED_EDGE('',*,*,#10759,.T.);
#6787=ORIENTED_EDGE('',*,*,#10755,.T.);
#6788=ORIENTED_EDGE('',*,*,#10758,.F.);
#6789=CARTESIAN_POINT('',(9.35,164.575,0.0));
#6790=DIRECTION('',(0.0,1.0,0.0));
#6791=DIRECTION('',(1.0,-0.0,0.0));
#6792=ORIENTED_EDGE('',*,*,#10427,.T.);
#6793=ORIENTED_EDGE('',*,*,#10760,.T.);
#6794=ORIENTED_EDGE('',*,*,#10744,.T.);
#6795=ORIENTED_EDGE('',*,*,#10759,.F.);
#6796=CARTESIAN_POINT('',(9.35,163.9,0.0));
#6797=DIRECTION('',(1.0,0.0,0.0));
#6798=DIRECTION('',(0.0,1.0,0.0));
#6799=ORIENTED_EDGE('',*,*,#10426,.T.);
#6800=ORIENTED_EDGE('',*,*,#10761,.T.);
#6801=ORIENTED_EDGE('',*,*,#10745,.T.);
#6802=ORIENTED_EDGE('',*,*,#10760,.F.);
#6803=CARTESIAN_POINT('',(9.5,163.9,0.0));
#6804=DIRECTION('',(0.0,1.0,0.0));
#6805=DIRECTION('',(1.0,-0.0,0.0));
#6806=ORIENTED_EDGE('',*,*,#10425,.T.);
#6807=ORIENTED_EDGE('',*,*,#10762,.T.);
#6808=ORIENTED_EDGE('',*,*,#10746,.T.);
#6809=ORIENTED_EDGE('',*,*,#10761,.F.);
#6810=CARTESIAN_POINT('',(9.5,162.5,0.0));
#6811=DIRECTION('',(1.0,0.0,0.0));
#6812=DIRECTION('',(0.0,1.0,0.0));
#6813=ORIENTED_EDGE('',*,*,#10424,.T.);
#6814=ORIENTED_EDGE('',*,*,#10763,.T.);
#6815=ORIENTED_EDGE('',*,*,#10747,.T.);
#6816=ORIENTED_EDGE('',*,*,#10762,.F.);
#6817=CARTESIAN_POINT('',(9.35,162.5,0.0));
#6818=DIRECTION('',(0.0,-1.0,0.0));
#6819=DIRECTION('',(0.0,0.0,-1.0));
#6820=ORIENTED_EDGE('',*,*,#10423,.T.);
#6821=ORIENTED_EDGE('',*,*,#10764,.T.);
#6822=ORIENTED_EDGE('',*,*,#10748,.T.);
#6823=ORIENTED_EDGE('',*,*,#10763,.F.);
#6824=CARTESIAN_POINT('',(9.35,161.825,0.0));
#6825=DIRECTION('',(1.0,0.0,0.0));
#6826=DIRECTION('',(0.0,1.0,0.0));
#6827=ORIENTED_EDGE('',*,*,#10422,.T.);
#6828=ORIENTED_EDGE('',*,*,#10765,.T.);
#6829=ORIENTED_EDGE('',*,*,#10749,.T.);
#6830=ORIENTED_EDGE('',*,*,#10764,.F.);
#6831=CARTESIAN_POINT('',(5.85,161.825,0.0));
#6832=DIRECTION('',(0.0,-1.0,0.0));
#6833=DIRECTION('',(0.0,0.0,-1.0));
#6834=ORIENTED_EDGE('',*,*,#10421,.T.);
#6835=ORIENTED_EDGE('',*,*,#10766,.T.);
#6836=ORIENTED_EDGE('',*,*,#10750,.T.);
#6837=ORIENTED_EDGE('',*,*,#10765,.F.);
#6838=CARTESIAN_POINT('',(5.85,162.5,0.0));
#6839=DIRECTION('',(-1.0,-0.0,0.0));
#6840=DIRECTION('',(0.0,0.0,1.0));
#6841=ORIENTED_EDGE('',*,*,#10420,.T.);
#6842=ORIENTED_EDGE('',*,*,#10767,.T.);
#6843=ORIENTED_EDGE('',*,*,#10751,.T.);
#6844=ORIENTED_EDGE('',*,*,#10766,.F.);
#6845=CARTESIAN_POINT('',(5.7,162.5,0.0));
#6846=DIRECTION('',(0.0,-1.0,0.0));
#6847=DIRECTION('',(0.0,0.0,-1.0));
#6848=ORIENTED_EDGE('',*,*,#10419,.T.);
#6849=ORIENTED_EDGE('',*,*,#10757,.T.);
#6850=ORIENTED_EDGE('',*,*,#10752,.T.);
#6851=ORIENTED_EDGE('',*,*,#10767,.F.);
#6852=CARTESIAN_POINT('',(5.7,163.9,0.0));
#6853=DIRECTION('',(-1.0,-0.0,0.0));
#6854=DIRECTION('',(0.0,0.0,1.0));
#6855=ORIENTED_EDGE('',*,*,#10768,.F.);
#6856=ORIENTED_EDGE('',*,*,#10769,.F.);
#6857=ORIENTED_EDGE('',*,*,#10770,.F.);
#6858=ORIENTED_EDGE('',*,*,#10771,.F.);
#6859=ORIENTED_EDGE('',*,*,#10772,.F.);
#6860=ORIENTED_EDGE('',*,*,#10773,.F.);
#6861=ORIENTED_EDGE('',*,*,#10774,.F.);
#6862=ORIENTED_EDGE('',*,*,#10775,.F.);
#6863=ORIENTED_EDGE('',*,*,#10776,.F.);
#6864=ORIENTED_EDGE('',*,*,#10777,.F.);
#6865=ORIENTED_EDGE('',*,*,#10778,.F.);
#6866=ORIENTED_EDGE('',*,*,#10779,.F.);
#6867=CARTESIAN_POINT('',(7.6,159.9,-2.8));
#6868=DIRECTION('',(0.0,0.0,-1.0));
#6869=DIRECTION('',(0.0,-1.0,0.0));
#6870=ORIENTED_EDGE('',*,*,#10442,.T.);
#6871=ORIENTED_EDGE('',*,*,#10780,.T.);
#6872=ORIENTED_EDGE('',*,*,#10777,.T.);
#6873=ORIENTED_EDGE('',*,*,#10781,.F.);
#6874=CARTESIAN_POINT('',(5.85,160.6,0.0));
#6875=DIRECTION('',(0.0,1.0,0.0));
#6876=DIRECTION('',(1.0,-0.0,0.0));
#6877=ORIENTED_EDGE('',*,*,#10441,.T.);
#6878=ORIENTED_EDGE('',*,*,#10782,.T.);
#6879=ORIENTED_EDGE('',*,*,#10778,.T.);
#6880=ORIENTED_EDGE('',*,*,#10780,.F.);
#6881=CARTESIAN_POINT('',(5.85,161.275,0.0));
#6882=DIRECTION('',(-1.0,-0.0,0.0));
#6883=DIRECTION('',(0.0,0.0,1.0));
#6884=ORIENTED_EDGE('',*,*,#10440,.T.);
#6885=ORIENTED_EDGE('',*,*,#10783,.T.);
#6886=ORIENTED_EDGE('',*,*,#10779,.T.);
#6887=ORIENTED_EDGE('',*,*,#10782,.F.);
#6888=CARTESIAN_POINT('',(9.35,161.275,0.0));
#6889=DIRECTION('',(0.0,1.0,0.0));
#6890=DIRECTION('',(1.0,-0.0,0.0));
#6891=ORIENTED_EDGE('',*,*,#10439,.T.);
#6892=ORIENTED_EDGE('',*,*,#10784,.T.);
#6893=ORIENTED_EDGE('',*,*,#10768,.T.);
#6894=ORIENTED_EDGE('',*,*,#10783,.F.);
#6895=CARTESIAN_POINT('',(9.35,160.6,0.0));
#6896=DIRECTION('',(1.0,0.0,0.0));
#6897=DIRECTION('',(0.0,1.0,0.0));
#6898=ORIENTED_EDGE('',*,*,#10438,.T.);
#6899=ORIENTED_EDGE('',*,*,#10785,.T.);
#6900=ORIENTED_EDGE('',*,*,#10769,.T.);
#6901=ORIENTED_EDGE('',*,*,#10784,.F.);
#6902=CARTESIAN_POINT('',(9.5,160.6,0.0));
#6903=DIRECTION('',(0.0,1.0,0.0));
#6904=DIRECTION('',(1.0,-0.0,0.0));
#6905=ORIENTED_EDGE('',*,*,#10437,.T.);
#6906=ORIENTED_EDGE('',*,*,#10786,.T.);
#6907=ORIENTED_EDGE('',*,*,#10770,.T.);
#6908=ORIENTED_EDGE('',*,*,#10785,.F.);
#6909=CARTESIAN_POINT('',(9.5,159.2,0.0));
#6910=DIRECTION('',(1.0,0.0,0.0));
#6911=DIRECTION('',(0.0,1.0,0.0));
#6912=ORIENTED_EDGE('',*,*,#10436,.T.);
#6913=ORIENTED_EDGE('',*,*,#10787,.T.);
#6914=ORIENTED_EDGE('',*,*,#10771,.T.);
#6915=ORIENTED_EDGE('',*,*,#10786,.F.);
#6916=CARTESIAN_POINT('',(9.35,159.2,0.0));
#6917=DIRECTION('',(0.0,-1.0,0.0));
#6918=DIRECTION('',(0.0,0.0,-1.0));
#6919=ORIENTED_EDGE('',*,*,#10435,.T.);
#6920=ORIENTED_EDGE('',*,*,#10788,.T.);
#6921=ORIENTED_EDGE('',*,*,#10772,.T.);
#6922=ORIENTED_EDGE('',*,*,#10787,.F.);
#6923=CARTESIAN_POINT('',(9.35,158.525,0.0));
#6924=DIRECTION('',(1.0,0.0,0.0));
#6925=DIRECTION('',(0.0,1.0,0.0));
#6926=ORIENTED_EDGE('',*,*,#10434,.T.);
#6927=ORIENTED_EDGE('',*,*,#10789,.T.);
#6928=ORIENTED_EDGE('',*,*,#10773,.T.);
#6929=ORIENTED_EDGE('',*,*,#10788,.F.);
#6930=CARTESIAN_POINT('',(5.85,158.525,0.0));
#6931=DIRECTION('',(0.0,-1.0,0.0));
#6932=DIRECTION('',(0.0,0.0,-1.0));
#6933=ORIENTED_EDGE('',*,*,#10433,.T.);
#6934=ORIENTED_EDGE('',*,*,#10790,.T.);
#6935=ORIENTED_EDGE('',*,*,#10774,.T.);
#6936=ORIENTED_EDGE('',*,*,#10789,.F.);
#6937=CARTESIAN_POINT('',(5.85,159.2,0.0));
#6938=DIRECTION('',(-1.0,-0.0,0.0));
#6939=DIRECTION('',(0.0,0.0,1.0));
#6940=ORIENTED_EDGE('',*,*,#10432,.T.);
#6941=ORIENTED_EDGE('',*,*,#10791,.T.);
#6942=ORIENTED_EDGE('',*,*,#10775,.T.);
#6943=ORIENTED_EDGE('',*,*,#10790,.F.);
#6944=CARTESIAN_POINT('',(5.7,159.2,0.0));
#6945=DIRECTION('',(0.0,-1.0,0.0));
#6946=DIRECTION('',(0.0,0.0,-1.0));
#6947=ORIENTED_EDGE('',*,*,#10431,.T.);
#6948=ORIENTED_EDGE('',*,*,#10781,.T.);
#6949=ORIENTED_EDGE('',*,*,#10776,.T.);
#6950=ORIENTED_EDGE('',*,*,#10791,.F.);
#6951=CARTESIAN_POINT('',(5.7,160.6,0.0));
#6952=DIRECTION('',(-1.0,-0.0,0.0));
#6953=DIRECTION('',(0.0,0.0,1.0));
#6954=ORIENTED_EDGE('',*,*,#10792,.F.);
#6955=ORIENTED_EDGE('',*,*,#10793,.F.);
#6956=ORIENTED_EDGE('',*,*,#10794,.F.);
#6957=ORIENTED_EDGE('',*,*,#10795,.F.);
#6958=ORIENTED_EDGE('',*,*,#10796,.F.);
#6959=ORIENTED_EDGE('',*,*,#10797,.F.);
#6960=ORIENTED_EDGE('',*,*,#10798,.F.);
#6961=ORIENTED_EDGE('',*,*,#10799,.F.);
#6962=ORIENTED_EDGE('',*,*,#10800,.F.);
#6963=ORIENTED_EDGE('',*,*,#10801,.F.);
#6964=ORIENTED_EDGE('',*,*,#10802,.F.);
#6965=ORIENTED_EDGE('',*,*,#10803,.F.);
#6966=CARTESIAN_POINT('',(7.6,156.7,-2.8));
#6967=DIRECTION('',(0.0,0.0,-1.0));
#6968=DIRECTION('',(0.0,-1.0,0.0));
#6969=ORIENTED_EDGE('',*,*,#10454,.T.);
#6970=ORIENTED_EDGE('',*,*,#10804,.T.);
#6971=ORIENTED_EDGE('',*,*,#10800,.T.);
#6972=ORIENTED_EDGE('',*,*,#10805,.F.);
#6973=CARTESIAN_POINT('',(5.7,157.4,0.0));
#6974=DIRECTION('',(-1.0,-0.0,0.0));
#6975=DIRECTION('',(0.0,0.0,1.0));
#6976=ORIENTED_EDGE('',*,*,#10453,.T.);
#6977=ORIENTED_EDGE('',*,*,#10806,.T.);
#6978=ORIENTED_EDGE('',*,*,#10801,.T.);
#6979=ORIENTED_EDGE('',*,*,#10804,.F.);
#6980=CARTESIAN_POINT('',(5.85,157.4,0.0));
#6981=DIRECTION('',(0.0,1.0,0.0));
#6982=DIRECTION('',(1.0,-0.0,0.0));
#6983=ORIENTED_EDGE('',*,*,#10452,.T.);
#6984=ORIENTED_EDGE('',*,*,#10807,.T.);
#6985=ORIENTED_EDGE('',*,*,#10802,.T.);
#6986=ORIENTED_EDGE('',*,*,#10806,.F.);
#6987=CARTESIAN_POINT('',(5.85,158.075,0.0));
#6988=DIRECTION('',(-1.0,-0.0,0.0));
#6989=DIRECTION('',(0.0,0.0,1.0));
#6990=ORIENTED_EDGE('',*,*,#10451,.T.);
#6991=ORIENTED_EDGE('',*,*,#10808,.T.);
#6992=ORIENTED_EDGE('',*,*,#10803,.T.);
#6993=ORIENTED_EDGE('',*,*,#10807,.F.);
#6994=CARTESIAN_POINT('',(9.35,158.075,0.0));
#6995=DIRECTION('',(0.0,1.0,0.0));
#6996=DIRECTION('',(1.0,-0.0,0.0));
#6997=ORIENTED_EDGE('',*,*,#10450,.T.);
#6998=ORIENTED_EDGE('',*,*,#10809,.T.);
#6999=ORIENTED_EDGE('',*,*,#10792,.T.);
#7000=ORIENTED_EDGE('',*,*,#10808,.F.);
#7001=CARTESIAN_POINT('',(9.35,157.4,0.0));
#7002=DIRECTION('',(1.0,0.0,0.0));
#7003=DIRECTION('',(0.0,1.0,0.0));
#7004=ORIENTED_EDGE('',*,*,#10449,.T.);
#7005=ORIENTED_EDGE('',*,*,#10810,.T.);
#7006=ORIENTED_EDGE('',*,*,#10793,.T.);
#7007=ORIENTED_EDGE('',*,*,#10809,.F.);
#7008=CARTESIAN_POINT('',(9.5,157.4,0.0));
#7009=DIRECTION('',(0.0,1.0,0.0));
#7010=DIRECTION('',(1.0,-0.0,0.0));
#7011=ORIENTED_EDGE('',*,*,#10448,.T.);
#7012=ORIENTED_EDGE('',*,*,#10811,.T.);
#7013=ORIENTED_EDGE('',*,*,#10794,.T.);
#7014=ORIENTED_EDGE('',*,*,#10810,.F.);
#7015=CARTESIAN_POINT('',(9.5,156.0,0.0));
#7016=DIRECTION('',(1.0,0.0,0.0));
#7017=DIRECTION('',(0.0,1.0,0.0));
#7018=ORIENTED_EDGE('',*,*,#10447,.T.);
#7019=ORIENTED_EDGE('',*,*,#10812,.T.);
#7020=ORIENTED_EDGE('',*,*,#10795,.T.);
#7021=ORIENTED_EDGE('',*,*,#10811,.F.);
#7022=CARTESIAN_POINT('',(9.35,156.0,0.0));
#7023=DIRECTION('',(0.0,-1.0,0.0));
#7024=DIRECTION('',(0.0,0.0,-1.0));
#7025=ORIENTED_EDGE('',*,*,#10446,.T.);
#7026=ORIENTED_EDGE('',*,*,#10813,.T.);
#7027=ORIENTED_EDGE('',*,*,#10796,.T.);
#7028=ORIENTED_EDGE('',*,*,#10812,.F.);
#7029=CARTESIAN_POINT('',(9.35,155.325,0.0));
#7030=DIRECTION('',(1.0,0.0,0.0));
#7031=DIRECTION('',(0.0,1.0,0.0));
#7032=ORIENTED_EDGE('',*,*,#10445,.T.);
#7033=ORIENTED_EDGE('',*,*,#10814,.T.);
#7034=ORIENTED_EDGE('',*,*,#10797,.T.);
#7035=ORIENTED_EDGE('',*,*,#10813,.F.);
#7036=CARTESIAN_POINT('',(5.85,155.325,0.0));
#7037=DIRECTION('',(0.0,-1.0,0.0));
#7038=DIRECTION('',(0.0,0.0,-1.0));
#7039=ORIENTED_EDGE('',*,*,#10444,.T.);
#7040=ORIENTED_EDGE('',*,*,#10815,.T.);
#7041=ORIENTED_EDGE('',*,*,#10798,.T.);
#7042=ORIENTED_EDGE('',*,*,#10814,.F.);
#7043=CARTESIAN_POINT('',(5.85,156.0,0.0));
#7044=DIRECTION('',(-1.0,-0.0,0.0));
#7045=DIRECTION('',(0.0,0.0,1.0));
#7046=ORIENTED_EDGE('',*,*,#10443,.T.);
#7047=ORIENTED_EDGE('',*,*,#10805,.T.);
#7048=ORIENTED_EDGE('',*,*,#10799,.T.);
#7049=ORIENTED_EDGE('',*,*,#10815,.F.);
#7050=CARTESIAN_POINT('',(5.7,156.0,0.0));
#7051=DIRECTION('',(0.0,-1.0,0.0));
#7052=DIRECTION('',(0.0,0.0,-1.0));
#7053=ORIENTED_EDGE('',*,*,#10816,.F.);
#7054=ORIENTED_EDGE('',*,*,#10817,.F.);
#7055=ORIENTED_EDGE('',*,*,#10818,.F.);
#7056=ORIENTED_EDGE('',*,*,#10819,.F.);
#7057=ORIENTED_EDGE('',*,*,#10820,.F.);
#7058=ORIENTED_EDGE('',*,*,#10821,.F.);
#7059=ORIENTED_EDGE('',*,*,#10822,.F.);
#7060=ORIENTED_EDGE('',*,*,#10823,.F.);
#7061=ORIENTED_EDGE('',*,*,#10824,.F.);
#7062=ORIENTED_EDGE('',*,*,#10825,.F.);
#7063=ORIENTED_EDGE('',*,*,#10826,.F.);
#7064=ORIENTED_EDGE('',*,*,#10827,.F.);
#7065=CARTESIAN_POINT('',(3.325,158.175,-2.8));
#7066=DIRECTION('',(-0.0,-0.0,-1.0));
#7067=DIRECTION('',(0.0,-1.0,0.0));
#7068=ORIENTED_EDGE('',*,*,#10466,.T.);
#7069=ORIENTED_EDGE('',*,*,#10828,.T.);
#7070=ORIENTED_EDGE('',*,*,#10817,.T.);
#7071=ORIENTED_EDGE('',*,*,#10829,.F.);
#7072=CARTESIAN_POINT('',(1.425,157.475,0.0));
#7073=DIRECTION('',(0.0,-1.0,0.0));
#7074=DIRECTION('',(0.0,0.0,-1.0));
#7075=ORIENTED_EDGE('',*,*,#10465,.T.);
#7076=ORIENTED_EDGE('',*,*,#10830,.T.);
#7077=ORIENTED_EDGE('',*,*,#10818,.T.);
#7078=ORIENTED_EDGE('',*,*,#10828,.F.);
#7079=CARTESIAN_POINT('',(1.425,158.875,0.0));
#7080=DIRECTION('',(-1.0,0.0,0.0));
#7081=DIRECTION('',(0.0,0.0,1.0));
#7082=ORIENTED_EDGE('',*,*,#10464,.T.);
#7083=ORIENTED_EDGE('',*,*,#10831,.T.);
#7084=ORIENTED_EDGE('',*,*,#10819,.T.);
#7085=ORIENTED_EDGE('',*,*,#10830,.F.);
#7086=CARTESIAN_POINT('',(1.575,158.875,0.0));
#7087=DIRECTION('',(0.0,1.0,0.0));
#7088=DIRECTION('',(1.0,-0.0,0.0));
#7089=ORIENTED_EDGE('',*,*,#10463,.T.);
#7090=ORIENTED_EDGE('',*,*,#10832,.T.);
#7091=ORIENTED_EDGE('',*,*,#10820,.T.);
#7092=ORIENTED_EDGE('',*,*,#10831,.F.);
#7093=CARTESIAN_POINT('',(1.575,159.55,0.0));
#7094=DIRECTION('',(-1.0,0.0,0.0));
#7095=DIRECTION('',(0.0,0.0,1.0));
#7096=ORIENTED_EDGE('',*,*,#10462,.T.);
#7097=ORIENTED_EDGE('',*,*,#10833,.T.);
#7098=ORIENTED_EDGE('',*,*,#10821,.T.);
#7099=ORIENTED_EDGE('',*,*,#10832,.F.);
#7100=CARTESIAN_POINT('',(5.075,159.55,0.0));
#7101=DIRECTION('',(0.0,1.0,0.0));
#7102=DIRECTION('',(1.0,-0.0,0.0));
#7103=ORIENTED_EDGE('',*,*,#10461,.T.);
#7104=ORIENTED_EDGE('',*,*,#10834,.T.);
#7105=ORIENTED_EDGE('',*,*,#10822,.T.);
#7106=ORIENTED_EDGE('',*,*,#10833,.F.);
#7107=CARTESIAN_POINT('',(5.075,158.875,0.0));
#7108=DIRECTION('',(1.0,0.0,0.0));
#7109=DIRECTION('',(0.0,1.0,0.0));
#7110=ORIENTED_EDGE('',*,*,#10460,.T.);
#7111=ORIENTED_EDGE('',*,*,#10835,.T.);
#7112=ORIENTED_EDGE('',*,*,#10823,.T.);
#7113=ORIENTED_EDGE('',*,*,#10834,.F.);
#7114=CARTESIAN_POINT('',(5.225,158.875,0.0));
#7115=DIRECTION('',(0.0,1.0,0.0));
#7116=DIRECTION('',(1.0,-0.0,0.0));
#7117=ORIENTED_EDGE('',*,*,#10459,.T.);
#7118=ORIENTED_EDGE('',*,*,#10836,.T.);
#7119=ORIENTED_EDGE('',*,*,#10824,.T.);
#7120=ORIENTED_EDGE('',*,*,#10835,.F.);
#7121=CARTESIAN_POINT('',(5.225,157.475,0.0));
#7122=DIRECTION('',(1.0,0.0,0.0));
#7123=DIRECTION('',(0.0,1.0,0.0));
#7124=ORIENTED_EDGE('',*,*,#10458,.T.);
#7125=ORIENTED_EDGE('',*,*,#10837,.T.);
#7126=ORIENTED_EDGE('',*,*,#10825,.T.);
#7127=ORIENTED_EDGE('',*,*,#10836,.F.);
#7128=CARTESIAN_POINT('',(5.075,157.475,0.0));
#7129=DIRECTION('',(0.0,-1.0,0.0));
#7130=DIRECTION('',(0.0,0.0,-1.0));
#7131=ORIENTED_EDGE('',*,*,#10457,.T.);
#7132=ORIENTED_EDGE('',*,*,#10838,.T.);
#7133=ORIENTED_EDGE('',*,*,#10826,.T.);
#7134=ORIENTED_EDGE('',*,*,#10837,.F.);
#7135=CARTESIAN_POINT('',(5.075,156.8,0.0));
#7136=DIRECTION('',(1.0,0.0,0.0));
#7137=DIRECTION('',(0.0,1.0,0.0));
#7138=ORIENTED_EDGE('',*,*,#10456,.T.);
#7139=ORIENTED_EDGE('',*,*,#10839,.T.);
#7140=ORIENTED_EDGE('',*,*,#10827,.T.);
#7141=ORIENTED_EDGE('',*,*,#10838,.F.);
#7142=CARTESIAN_POINT('',(1.575,156.8,0.0));
#7143=DIRECTION('',(0.0,-1.0,0.0));
#7144=DIRECTION('',(0.0,0.0,-1.0));
#7145=ORIENTED_EDGE('',*,*,#10455,.T.);
#7146=ORIENTED_EDGE('',*,*,#10829,.T.);
#7147=ORIENTED_EDGE('',*,*,#10816,.T.);
#7148=ORIENTED_EDGE('',*,*,#10839,.F.);
#7149=CARTESIAN_POINT('',(1.575,157.475,0.0));
#7150=DIRECTION('',(-1.0,0.0,0.0));
#7151=DIRECTION('',(0.0,0.0,1.0));
#7152=ORIENTED_EDGE('',*,*,#10840,.T.);
#7153=ORIENTED_EDGE('',*,*,#10841,.T.);
#7154=ORIENTED_EDGE('',*,*,#10842,.T.);
#7155=ORIENTED_EDGE('',*,*,#10843,.T.);
#7156=ORIENTED_EDGE('',*,*,#10467,.F.);
#7157=ORIENTED_EDGE('',*,*,#10844,.F.);
#7158=ORIENTED_EDGE('',*,*,#10845,.T.);
#7159=ORIENTED_EDGE('',*,*,#10846,.F.);
#7160=CARTESIAN_POINT('',(3.56,154.795,-2.0));
#7161=DIRECTION('',(0.0,0.0,-1.0));
#7162=DIRECTION('',(1.0,0.0,0.0));
#7163=ORIENTED_EDGE('',*,*,#10845,.F.);
#7164=ORIENTED_EDGE('',*,*,#10847,.F.);
#7165=ORIENTED_EDGE('',*,*,#10848,.F.);
#7166=CARTESIAN_POINT('',(2.96,153.2949976,-4.17));
#7167=DIRECTION('',(0.0,0.0,1.0));
#7168=DIRECTION('',(1.0,0.0,0.0));
#7169=ORIENTED_EDGE('',*,*,#10846,.T.);
#7170=ORIENTED_EDGE('',*,*,#10848,.T.);
#7171=ORIENTED_EDGE('',*,*,#10849,.F.);
#7172=ORIENTED_EDGE('',*,*,#10850,.F.);
#7173=CARTESIAN_POINT('',(2.96,153.2949976,-4.67));
#7174=DIRECTION('',(1.0,0.0,-0.0));
#7175=DIRECTION('',(-0.0,1.0,0.0));
#7176=ORIENTED_EDGE('',*,*,#10840,.F.);
#7177=ORIENTED_EDGE('',*,*,#10850,.T.);
#7178=ORIENTED_EDGE('',*,*,#10851,.F.);
#7179=ORIENTED_EDGE('',*,*,#10852,.T.);
#7180=ORIENTED_EDGE('',*,*,#10853,.F.);
#7181=ORIENTED_EDGE('',*,*,#10854,.F.);
#7182=CARTESIAN_POINT('',(2.87257580436686,154.666702759037,-4.67));
#7183=DIRECTION('',(0.0,0.0,1.0));
#7184=DIRECTION('',(1.0,0.0,0.0));
#7185=ORIENTED_EDGE('',*,*,#10853,.T.);
#7186=ORIENTED_EDGE('',*,*,#10855,.T.);
#7187=ORIENTED_EDGE('',*,*,#10856,.F.);
#7188=ORIENTED_EDGE('',*,*,#10857,.F.);
#7189=CARTESIAN_POINT('',(3.56,154.795,-2.728));
#7190=DIRECTION('',(-0.0,0.0,1.0));
#7191=DIRECTION('',(1.0,0.0,0.0));
#7192=ORIENTED_EDGE('',*,*,#10858,.F.);
#7193=ORIENTED_EDGE('',*,*,#10859,.T.);
#7194=ORIENTED_EDGE('',*,*,#10856,.T.);
#7195=ORIENTED_EDGE('',*,*,#10860,.F.);
#7196=CARTESIAN_POINT('',(3.56,154.795,-9.5));
#7197=DIRECTION('',(0.0,0.0,-1.0));
#7198=DIRECTION('',(1.0,0.0,0.0));
#7199=ORIENTED_EDGE('',*,*,#10858,.T.);
#7200=ORIENTED_EDGE('',*,*,#10861,.T.);
#7201=CARTESIAN_POINT('',(3.63557657365936,154.859133206131,-10.0));
#7202=DIRECTION('',(0.0,0.0,-1.0));
#7203=DIRECTION('',(0.0,-1.0,0.0));
#7204=ORIENTED_EDGE('',*,*,#10862,.F.);
#7205=ORIENTED_EDGE('',*,*,#10842,.F.);
#7206=ORIENTED_EDGE('',*,*,#10863,.T.);
#7207=CARTESIAN_POINT('',(4.66,153.2949976,-4.17));
#7208=DIRECTION('',(0.0,0.0,1.0));
#7209=DIRECTION('',(1.0,0.0,0.0));
#7210=ORIENTED_EDGE('',*,*,#10841,.F.);
#7211=ORIENTED_EDGE('',*,*,#10852,.F.);
#7212=ORIENTED_EDGE('',*,*,#10864,.T.);
#7213=ORIENTED_EDGE('',*,*,#10863,.F.);
#7214=CARTESIAN_POINT('',(4.16,153.2949976,-4.17));
#7215=DIRECTION('',(-1.0,0.0,0.0));
#7216=DIRECTION('',(0.0,0.0,1.0));
#7217=ORIENTED_EDGE('',*,*,#10865,.T.);
#7218=ORIENTED_EDGE('',*,*,#10866,.T.);
#7219=ORIENTED_EDGE('',*,*,#10867,.T.);
#7220=ORIENTED_EDGE('',*,*,#10868,.T.);
#7221=ORIENTED_EDGE('',*,*,#10469,.F.);
#7222=ORIENTED_EDGE('',*,*,#10869,.F.);
#7223=ORIENTED_EDGE('',*,*,#10870,.T.);
#7224=ORIENTED_EDGE('',*,*,#10871,.F.);
#7225=CARTESIAN_POINT('',(3.56,162.415,-2.0));
#7226=DIRECTION('',(0.0,0.0,-1.0));
#7227=DIRECTION('',(1.0,0.0,0.0));
#7228=ORIENTED_EDGE('',*,*,#10870,.F.);
#7229=ORIENTED_EDGE('',*,*,#10872,.F.);
#7230=ORIENTED_EDGE('',*,*,#10873,.F.);
#7231=CARTESIAN_POINT('',(2.96,160.9149976,-4.17));
#7232=DIRECTION('',(0.0,0.0,1.0));
#7233=DIRECTION('',(1.0,0.0,0.0));
#7234=ORIENTED_EDGE('',*,*,#10871,.T.);
#7235=ORIENTED_EDGE('',*,*,#10873,.T.);
#7236=ORIENTED_EDGE('',*,*,#10874,.F.);
#7237=ORIENTED_EDGE('',*,*,#10875,.F.);
#7238=CARTESIAN_POINT('',(2.96,160.9149976,-4.67));
#7239=DIRECTION('',(1.0,0.0,-0.0));
#7240=DIRECTION('',(-0.0,1.0,0.0));
#7241=ORIENTED_EDGE('',*,*,#10865,.F.);
#7242=ORIENTED_EDGE('',*,*,#10875,.T.);
#7243=ORIENTED_EDGE('',*,*,#10876,.F.);
#7244=ORIENTED_EDGE('',*,*,#10877,.T.);
#7245=ORIENTED_EDGE('',*,*,#10878,.F.);
#7246=ORIENTED_EDGE('',*,*,#10879,.F.);
#7247=CARTESIAN_POINT('',(2.87257580436686,162.286702759037,-4.67));
#7248=DIRECTION('',(0.0,0.0,1.0));
#7249=DIRECTION('',(1.0,0.0,0.0));
#7250=ORIENTED_EDGE('',*,*,#10878,.T.);
#7251=ORIENTED_EDGE('',*,*,#10880,.T.);
#7252=ORIENTED_EDGE('',*,*,#10881,.F.);
#7253=ORIENTED_EDGE('',*,*,#10882,.F.);
#7254=CARTESIAN_POINT('',(3.56,162.415,-2.728));
#7255=DIRECTION('',(-0.0,0.0,1.0));
#7256=DIRECTION('',(1.0,0.0,0.0));
#7257=ORIENTED_EDGE('',*,*,#10883,.F.);
#7258=ORIENTED_EDGE('',*,*,#10884,.T.);
#7259=ORIENTED_EDGE('',*,*,#10881,.T.);
#7260=ORIENTED_EDGE('',*,*,#10885,.F.);
#7261=CARTESIAN_POINT('',(3.56,162.415,-9.5));
#7262=DIRECTION('',(0.0,0.0,-1.0));
#7263=DIRECTION('',(1.0,0.0,0.0));
#7264=ORIENTED_EDGE('',*,*,#10883,.T.);
#7265=ORIENTED_EDGE('',*,*,#10886,.T.);
#7266=CARTESIAN_POINT('',(3.63557657365936,162.479133206131,-10.0));
#7267=DIRECTION('',(0.0,0.0,-1.0));
#7268=DIRECTION('',(0.0,-1.0,0.0));
#7269=ORIENTED_EDGE('',*,*,#10887,.F.);
#7270=ORIENTED_EDGE('',*,*,#10867,.F.);
#7271=ORIENTED_EDGE('',*,*,#10888,.T.);
#7272=CARTESIAN_POINT('',(4.66,160.9149976,-4.17));
#7273=DIRECTION('',(0.0,0.0,1.0));
#7274=DIRECTION('',(1.0,0.0,0.0));
#7275=ORIENTED_EDGE('',*,*,#10866,.F.);
#7276=ORIENTED_EDGE('',*,*,#10877,.F.);
#7277=ORIENTED_EDGE('',*,*,#10889,.T.);
#7278=ORIENTED_EDGE('',*,*,#10888,.F.);
#7279=CARTESIAN_POINT('',(4.16,160.9149976,-4.17));
#7280=DIRECTION('',(-1.0,0.0,0.0));
#7281=DIRECTION('',(0.0,0.0,1.0));
#7282=ORIENTED_EDGE('',*,*,#10890,.T.);
#7283=ORIENTED_EDGE('',*,*,#10891,.T.);
#7284=ORIENTED_EDGE('',*,*,#10479,.F.);
#7285=ORIENTED_EDGE('',*,*,#10892,.F.);
#7286=ORIENTED_EDGE('',*,*,#10893,.T.);
#7287=CARTESIAN_POINT('',(49.5034791699792,173.770030344872,0.94));
#7288=DIRECTION('',(-0.0,0.0,-1.0));
#7289=DIRECTION('',(-1.0,0.0,0.0));
#7290=ORIENTED_EDGE('',*,*,#10890,.F.);
#7291=ORIENTED_EDGE('',*,*,#10894,.F.);
#7292=ORIENTED_EDGE('',*,*,#10895,.T.);
#7293=ORIENTED_EDGE('',*,*,#10344,.T.);
#7294=ORIENTED_EDGE('',*,*,#10896,.T.);
#7295=CARTESIAN_POINT('',(39.2000000000001,174.275030172436,-2.06));
#7296=DIRECTION('',(0.0,0.0,1.0));
#7297=DIRECTION('',(1.0,0.0,0.0));
#7298=ORIENTED_EDGE('',*,*,#10341,.T.);
#7299=ORIENTED_EDGE('',*,*,#10895,.F.);
#7300=ORIENTED_EDGE('',*,*,#10897,.T.);
#7301=ORIENTED_EDGE('',*,*,#10898,.F.);
#7302=ORIENTED_EDGE('',*,*,#10471,.T.);
#7303=CARTESIAN_POINT('',(50.1488188473592,180.20003,-1.48));
#7304=DIRECTION('',(-0.0,0.0,1.0));
#7305=DIRECTION('',(1.0,0.0,0.0));
#7306=ORIENTED_EDGE('',*,*,#10899,.F.);
#7307=ORIENTED_EDGE('',*,*,#10900,.T.);
#7308=ORIENTED_EDGE('',*,*,#10901,.F.);
#7309=ORIENTED_EDGE('',*,*,#10338,.F.);
#7310=ORIENTED_EDGE('',*,*,#10472,.T.);
#7311=ORIENTED_EDGE('',*,*,#10898,.T.);
#7312=ORIENTED_EDGE('',*,*,#10902,.F.);
#7313=ORIENTED_EDGE('',*,*,#10903,.T.);
#7314=CARTESIAN_POINT('',(34.1875974119006,180.70003,0.79));
#7315=DIRECTION('',(0.0,1.0,0.0));
#7316=DIRECTION('',(1.0,-0.0,0.0));
#7317=ORIENTED_EDGE('',*,*,#10904,.F.);
#7318=ORIENTED_EDGE('',*,*,#10900,.F.);
#7319=ORIENTED_EDGE('',*,*,#10905,.T.);
#7320=ORIENTED_EDGE('',*,*,#10906,.F.);
#7321=CARTESIAN_POINT('',(28.6526332133006,180.70003,-2.06));
#7322=DIRECTION('',(1.0,0.0,-0.0));
#7323=DIRECTION('',(-0.0,1.0,0.0));
#7324=ORIENTED_EDGE('',*,*,#10474,.F.);
#7325=ORIENTED_EDGE('',*,*,#10907,.T.);
#7326=ORIENTED_EDGE('',*,*,#10908,.F.);
#7327=ORIENTED_EDGE('',*,*,#10909,.T.);
#7328=CARTESIAN_POINT('',(27.7620333643234,180.096422851675,-1.16));
#7329=DIRECTION('',(0.999132204838988,0.04165137757124,0.0));
#7330=DIRECTION('',(0.0,0.0,-1.0));
#7331=ORIENTED_EDGE('',*,*,#10475,.T.);
#7332=ORIENTED_EDGE('',*,*,#10909,.F.);
#7333=ORIENTED_EDGE('',*,*,#10910,.F.);
#7334=ORIENTED_EDGE('',*,*,#10911,.F.);
#7335=ORIENTED_EDGE('',*,*,#10912,.T.);
#7336=CARTESIAN_POINT('',(28.8965208300211,173.770030344872,0.94));
#7337=DIRECTION('',(0.0,0.0,-1.0));
#7338=DIRECTION('',(1.0,0.0,0.0));
#7339=ORIENTED_EDGE('',*,*,#10904,.T.);
#7340=ORIENTED_EDGE('',*,*,#10913,.T.);
#7341=ORIENTED_EDGE('',*,*,#10911,.T.);
#7342=ORIENTED_EDGE('',*,*,#10914,.F.);
#7343=ORIENTED_EDGE('',*,*,#10339,.T.);
#7344=ORIENTED_EDGE('',*,*,#10901,.T.);
#7345=CARTESIAN_POINT('',(28.1526332133006,181.701076761172,-2.56));
#7346=DIRECTION('',(-0.0,-1.0,0.0));
#7347=DIRECTION('',(-1.0,0.0,0.0));
#7348=ORIENTED_EDGE('',*,*,#10906,.T.);
#7349=ORIENTED_EDGE('',*,*,#10915,.T.);
#7350=ORIENTED_EDGE('',*,*,#10916,.T.);
#7351=ORIENTED_EDGE('',*,*,#10917,.T.);
#7352=ORIENTED_EDGE('',*,*,#10476,.T.);
#7353=ORIENTED_EDGE('',*,*,#10912,.F.);
#7354=ORIENTED_EDGE('',*,*,#10913,.F.);
#7355=CARTESIAN_POINT('',(28.5528412884739,172.970790473043,-1.2));
#7356=DIRECTION('',(-0.446131719708568,-0.894967311509127,-0.0));
#7357=DIRECTION('',(-0.894967311509127,0.446131719708568,0.0));
#7358=ORIENTED_EDGE('',*,*,#10918,.T.);
#7359=ORIENTED_EDGE('',*,*,#10919,.T.);
#7360=ORIENTED_EDGE('',*,*,#10477,.F.);
#7361=ORIENTED_EDGE('',*,*,#10917,.F.);
#7362=CARTESIAN_POINT('',(39.2000000000001,172.300030344872,0.3));
#7363=DIRECTION('',(0.0,0.0,-1.0));
#7364=DIRECTION('',(1.0,0.0,0.0));
#7365=ORIENTED_EDGE('',*,*,#10920,.T.);
#7366=ORIENTED_EDGE('',*,*,#10921,.T.);
#7367=ORIENTED_EDGE('',*,*,#10922,.T.);
#7368=ORIENTED_EDGE('',*,*,#10918,.F.);
#7369=ORIENTED_EDGE('',*,*,#10916,.F.);
#7370=ORIENTED_EDGE('',*,*,#10923,.F.);
#7371=CARTESIAN_POINT('',(36.8680797299818,177.973360342742,-3.7));
#7372=DIRECTION('',(0.0,0.0,-1.0));
#7373=DIRECTION('',(0.0,-1.0,0.0));
#7374=ORIENTED_EDGE('',*,*,#10923,.T.);
#7375=ORIENTED_EDGE('',*,*,#10915,.F.);
#7376=ORIENTED_EDGE('',*,*,#10905,.F.);
#7377=ORIENTED_EDGE('',*,*,#10924,.T.);
#7378=CARTESIAN_POINT('',(28.8026332133006,176.810537628068,-3.55));
#7379=DIRECTION('',(0.707106781186551,0.0,0.707106781186544));
#7380=DIRECTION('',(0.0,-1.0,0.0));
#7381=ORIENTED_EDGE('',*,*,#10920,.F.);
#7382=ORIENTED_EDGE('',*,*,#10924,.F.);
#7383=ORIENTED_EDGE('',*,*,#10899,.T.);
#7384=ORIENTED_EDGE('',*,*,#10925,.T.);
#7385=CARTESIAN_POINT('',(39.3500001066503,180.55003,-3.55));
#7386=DIRECTION('',(0.0,0.707106781186547,-0.707106781186548));
#7387=DIRECTION('',(-1.0,0.0,0.0));
#7388=ORIENTED_EDGE('',*,*,#10926,.F.);
#7389=ORIENTED_EDGE('',*,*,#10903,.F.);
#7390=ORIENTED_EDGE('',*,*,#10927,.T.);
#7391=ORIENTED_EDGE('',*,*,#10928,.T.);
#7392=CARTESIAN_POINT('',(49.747367,180.70003,-3.7));
#7393=DIRECTION('',(-1.0,0.0,0.0));
#7394=DIRECTION('',(0.0,0.0,1.0));
#7395=ORIENTED_EDGE('',*,*,#10926,.T.);
#7396=ORIENTED_EDGE('',*,*,#10929,.T.);
#7397=ORIENTED_EDGE('',*,*,#10921,.F.);
#7398=ORIENTED_EDGE('',*,*,#10925,.F.);
#7399=CARTESIAN_POINT('',(49.597367,176.660537681232,-3.55));
#7400=DIRECTION('',(-0.707106781186551,0.0,0.707106781186544));
#7401=DIRECTION('',(0.0,1.0,0.0));
#7402=ORIENTED_EDGE('',*,*,#10928,.F.);
#7403=ORIENTED_EDGE('',*,*,#10930,.T.);
#7404=ORIENTED_EDGE('',*,*,#10892,.T.);
#7405=ORIENTED_EDGE('',*,*,#10478,.F.);
#7406=ORIENTED_EDGE('',*,*,#10919,.F.);
#7407=ORIENTED_EDGE('',*,*,#10922,.F.);
#7408=ORIENTED_EDGE('',*,*,#10929,.F.);
#7409=CARTESIAN_POINT('',(49.8471587115264,172.970790473043,-1.2));
#7410=DIRECTION('',(-0.446131719708568,0.894967311509127,0.0));
#7411=DIRECTION('',(0.0,0.0,1.0));
#7412=ORIENTED_EDGE('',*,*,#10927,.F.);
#7413=ORIENTED_EDGE('',*,*,#10902,.T.);
#7414=ORIENTED_EDGE('',*,*,#10897,.F.);
#7415=ORIENTED_EDGE('',*,*,#10894,.T.);
#7416=ORIENTED_EDGE('',*,*,#10893,.F.);
#7417=ORIENTED_EDGE('',*,*,#10930,.F.);
#7418=CARTESIAN_POINT('',(50.247367,181.701076761172,-2.56));
#7419=DIRECTION('',(-0.0,-1.0,0.0));
#7420=DIRECTION('',(-1.0,0.0,0.0));
#7421=ORIENTED_EDGE('',*,*,#10914,.T.);
#7422=ORIENTED_EDGE('',*,*,#10910,.T.);
#7423=ORIENTED_EDGE('',*,*,#10908,.T.);
#7424=ORIENTED_EDGE('',*,*,#10931,.F.);
#7425=ORIENTED_EDGE('',*,*,#10340,.F.);
#7426=CARTESIAN_POINT('',(39.2000000000001,174.275030172436,-2.06));
#7427=DIRECTION('',(0.0,0.0,-1.0));
#7428=DIRECTION('',(0.0,-1.0,0.0));
#7429=ORIENTED_EDGE('',*,*,#10336,.T.);
#7430=ORIENTED_EDGE('',*,*,#10931,.T.);
#7431=ORIENTED_EDGE('',*,*,#10907,.F.);
#7432=ORIENTED_EDGE('',*,*,#10473,.F.);
#7433=CARTESIAN_POINT('',(28.2511811526411,180.20003,-1.48));
#7434=DIRECTION('',(0.0,0.0,1.0));
#7435=DIRECTION('',(-1.0,0.0,0.0));
#7436=ORIENTED_EDGE('',*,*,#10896,.F.);
#7437=ORIENTED_EDGE('',*,*,#10343,.F.);
#7438=ORIENTED_EDGE('',*,*,#10480,.T.);
#7439=ORIENTED_EDGE('',*,*,#10891,.F.);
#7440=CARTESIAN_POINT('',(50.6379666356769,180.096422851675,-1.16));
#7441=DIRECTION('',(0.999132204838988,-0.04165137757124,0.0));
#7442=DIRECTION('',(0.0,0.0,-1.0));
#7443=ORIENTED_EDGE('',*,*,#10932,.F.);
#7444=ORIENTED_EDGE('',*,*,#10933,.F.);
#7445=ORIENTED_EDGE('',*,*,#10934,.F.);
#7446=ORIENTED_EDGE('',*,*,#10935,.F.);
#7447=CARTESIAN_POINT('',(32.825,147.2,-2.8));
#7448=DIRECTION('',(0.0,0.0,-1.0));
#7449=DIRECTION('',(0.0,-1.0,0.0));
#7450=ORIENTED_EDGE('',*,*,#10484,.T.);
#7451=ORIENTED_EDGE('',*,*,#10936,.T.);
#7452=ORIENTED_EDGE('',*,*,#10935,.T.);
#7453=ORIENTED_EDGE('',*,*,#10937,.F.);
#7454=CARTESIAN_POINT('',(34.225,145.1,0.0));
#7455=DIRECTION('',(1.0,0.0,0.0));
#7456=DIRECTION('',(0.0,1.0,0.0));
#7457=ORIENTED_EDGE('',*,*,#10483,.T.);
#7458=ORIENTED_EDGE('',*,*,#10938,.T.);
#7459=ORIENTED_EDGE('',*,*,#10932,.T.);
#7460=ORIENTED_EDGE('',*,*,#10936,.F.);
#7461=CARTESIAN_POINT('',(31.425,145.1,0.0));
#7462=DIRECTION('',(0.0,-1.0,0.0));
#7463=DIRECTION('',(0.0,0.0,-1.0));
#7464=ORIENTED_EDGE('',*,*,#10482,.T.);
#7465=ORIENTED_EDGE('',*,*,#10939,.T.);
#7466=ORIENTED_EDGE('',*,*,#10933,.T.);
#7467=ORIENTED_EDGE('',*,*,#10938,.F.);
#7468=CARTESIAN_POINT('',(31.425,149.3,0.0));
#7469=DIRECTION('',(-1.0,-0.0,0.0));
#7470=DIRECTION('',(0.0,0.0,1.0));
#7471=ORIENTED_EDGE('',*,*,#10481,.T.);
#7472=ORIENTED_EDGE('',*,*,#10937,.T.);
#7473=ORIENTED_EDGE('',*,*,#10934,.T.);
#7474=ORIENTED_EDGE('',*,*,#10939,.F.);
#7475=CARTESIAN_POINT('',(34.225,149.3,0.0));
#7476=DIRECTION('',(0.0,1.0,0.0));
#7477=DIRECTION('',(1.0,-0.0,0.0));
#7478=ORIENTED_EDGE('',*,*,#10940,.F.);
#7479=ORIENTED_EDGE('',*,*,#10941,.F.);
#7480=ORIENTED_EDGE('',*,*,#10942,.F.);
#7481=ORIENTED_EDGE('',*,*,#10943,.F.);
#7482=CARTESIAN_POINT('',(37.05,147.2,-2.8));
#7483=DIRECTION('',(0.0,0.0,-1.0));
#7484=DIRECTION('',(0.0,-1.0,0.0));
#7485=ORIENTED_EDGE('',*,*,#10488,.T.);
#7486=ORIENTED_EDGE('',*,*,#10944,.T.);
#7487=ORIENTED_EDGE('',*,*,#10941,.T.);
#7488=ORIENTED_EDGE('',*,*,#10945,.F.);
#7489=CARTESIAN_POINT('',(35.65,149.3,0.0));
#7490=DIRECTION('',(-1.0,-0.0,0.0));
#7491=DIRECTION('',(0.0,0.0,1.0));
#7492=ORIENTED_EDGE('',*,*,#10487,.T.);
#7493=ORIENTED_EDGE('',*,*,#10946,.T.);
#7494=ORIENTED_EDGE('',*,*,#10942,.T.);
#7495=ORIENTED_EDGE('',*,*,#10944,.F.);
#7496=CARTESIAN_POINT('',(38.45,149.3,0.0));
#7497=DIRECTION('',(0.0,1.0,0.0));
#7498=DIRECTION('',(1.0,-0.0,0.0));
#7499=ORIENTED_EDGE('',*,*,#10486,.T.);
#7500=ORIENTED_EDGE('',*,*,#10947,.T.);
#7501=ORIENTED_EDGE('',*,*,#10943,.T.);
#7502=ORIENTED_EDGE('',*,*,#10946,.F.);
#7503=CARTESIAN_POINT('',(38.45,145.1,0.0));
#7504=DIRECTION('',(1.0,0.0,0.0));
#7505=DIRECTION('',(0.0,1.0,0.0));
#7506=ORIENTED_EDGE('',*,*,#10485,.T.);
#7507=ORIENTED_EDGE('',*,*,#10945,.T.);
#7508=ORIENTED_EDGE('',*,*,#10940,.T.);
#7509=ORIENTED_EDGE('',*,*,#10947,.F.);
#7510=CARTESIAN_POINT('',(35.65,145.1,0.0));
#7511=DIRECTION('',(0.0,-1.0,0.0));
#7512=DIRECTION('',(0.0,0.0,-1.0));
#7513=ORIENTED_EDGE('',*,*,#10492,.T.);
#7514=ORIENTED_EDGE('',*,*,#10948,.T.);
#7515=ORIENTED_EDGE('',*,*,#10949,.T.);
#7516=ORIENTED_EDGE('',*,*,#10950,.F.);
#7517=CARTESIAN_POINT('',(52.3,153.8,0.0));
#7518=DIRECTION('',(0.0,-1.0,0.0));
#7519=DIRECTION('',(0.0,0.0,-1.0));
#7520=ORIENTED_EDGE('',*,*,#10494,.T.);
#7521=ORIENTED_EDGE('',*,*,#10951,.T.);
#7522=ORIENTED_EDGE('',*,*,#10952,.T.);
#7523=ORIENTED_EDGE('',*,*,#10953,.F.);
#7524=CARTESIAN_POINT('',(52.3,156.05,0.0));
#7525=DIRECTION('',(0.0,1.0,0.0));
#7526=DIRECTION('',(1.0,-0.0,0.0));
#7527=ORIENTED_EDGE('',*,*,#10498,.T.);
#7528=ORIENTED_EDGE('',*,*,#10954,.T.);
#7529=ORIENTED_EDGE('',*,*,#10955,.T.);
#7530=ORIENTED_EDGE('',*,*,#10956,.F.);
#7531=CARTESIAN_POINT('',(51.0,156.05,0.0));
#7532=DIRECTION('',(0.0,1.0,0.0));
#7533=DIRECTION('',(1.0,-0.0,0.0));
#7534=ORIENTED_EDGE('',*,*,#10500,.T.);
#7535=ORIENTED_EDGE('',*,*,#10957,.T.);
#7536=ORIENTED_EDGE('',*,*,#10958,.T.);
#7537=ORIENTED_EDGE('',*,*,#10959,.F.);
#7538=CARTESIAN_POINT('',(51.0,153.8,0.0));
#7539=DIRECTION('',(0.0,-1.0,0.0));
#7540=DIRECTION('',(0.0,0.0,-1.0));
#7541=ORIENTED_EDGE('',*,*,#10949,.F.);
#7542=ORIENTED_EDGE('',*,*,#10960,.F.);
#7543=ORIENTED_EDGE('',*,*,#10961,.F.);
#7544=ORIENTED_EDGE('',*,*,#10962,.F.);
#7545=ORIENTED_EDGE('',*,*,#10958,.F.);
#7546=ORIENTED_EDGE('',*,*,#10963,.F.);
#7547=ORIENTED_EDGE('',*,*,#10955,.F.);
#7548=ORIENTED_EDGE('',*,*,#10964,.F.);
#7549=ORIENTED_EDGE('',*,*,#10965,.F.);
#7550=ORIENTED_EDGE('',*,*,#10966,.F.);
#7551=ORIENTED_EDGE('',*,*,#10952,.F.);
#7552=ORIENTED_EDGE('',*,*,#10967,.F.);
#7553=CARTESIAN_POINT('',(51.65,154.925,-1.45));
#7554=DIRECTION('',(0.0,0.0,-1.0));
#7555=DIRECTION('',(0.0,-1.0,0.0));
#7556=ORIENTED_EDGE('',*,*,#10499,.T.);
#7557=ORIENTED_EDGE('',*,*,#10956,.T.);
#7558=ORIENTED_EDGE('',*,*,#10963,.T.);
#7559=ORIENTED_EDGE('',*,*,#10957,.F.);
#7560=CARTESIAN_POINT('',(50.925,156.05,0.0));
#7561=DIRECTION('',(-1.0,-0.0,0.0));
#7562=DIRECTION('',(0.0,0.0,1.0));
#7563=ORIENTED_EDGE('',*,*,#10497,.T.);
#7564=ORIENTED_EDGE('',*,*,#10968,.T.);
#7565=ORIENTED_EDGE('',*,*,#10964,.T.);
#7566=ORIENTED_EDGE('',*,*,#10954,.F.);
#7567=CARTESIAN_POINT('',(51.1,156.275,0.0));
#7568=DIRECTION('',(-1.0,-0.0,0.0));
#7569=DIRECTION('',(0.0,0.0,1.0));
#7570=ORIENTED_EDGE('',*,*,#10496,.T.);
#7571=ORIENTED_EDGE('',*,*,#10969,.T.);
#7572=ORIENTED_EDGE('',*,*,#10965,.T.);
#7573=ORIENTED_EDGE('',*,*,#10968,.F.);
#7574=CARTESIAN_POINT('',(52.2,156.275,0.0));
#7575=DIRECTION('',(0.0,1.0,0.0));
#7576=DIRECTION('',(1.0,-0.0,0.0));
#7577=ORIENTED_EDGE('',*,*,#10495,.T.);
#7578=ORIENTED_EDGE('',*,*,#10953,.T.);
#7579=ORIENTED_EDGE('',*,*,#10966,.T.);
#7580=ORIENTED_EDGE('',*,*,#10969,.F.);
#7581=CARTESIAN_POINT('',(52.2,156.05,0.0));
#7582=DIRECTION('',(1.0,0.0,0.0));
#7583=DIRECTION('',(0.0,1.0,0.0));
#7584=ORIENTED_EDGE('',*,*,#10493,.T.);
#7585=ORIENTED_EDGE('',*,*,#10950,.T.);
#7586=ORIENTED_EDGE('',*,*,#10967,.T.);
#7587=ORIENTED_EDGE('',*,*,#10951,.F.);
#7588=CARTESIAN_POINT('',(52.375,153.8,0.0));
#7589=DIRECTION('',(1.0,0.0,0.0));
#7590=DIRECTION('',(0.0,1.0,0.0));
#7591=ORIENTED_EDGE('',*,*,#10491,.T.);
#7592=ORIENTED_EDGE('',*,*,#10970,.T.);
#7593=ORIENTED_EDGE('',*,*,#10960,.T.);
#7594=ORIENTED_EDGE('',*,*,#10948,.F.);
#7595=CARTESIAN_POINT('',(52.2,153.575,0.0));
#7596=DIRECTION('',(1.0,0.0,0.0));
#7597=DIRECTION('',(0.0,1.0,0.0));
#7598=ORIENTED_EDGE('',*,*,#10490,.T.);
#7599=ORIENTED_EDGE('',*,*,#10971,.T.);
#7600=ORIENTED_EDGE('',*,*,#10961,.T.);
#7601=ORIENTED_EDGE('',*,*,#10970,.F.);
#7602=CARTESIAN_POINT('',(51.1,153.575,0.0));
#7603=DIRECTION('',(0.0,-1.0,0.0));
#7604=DIRECTION('',(0.0,0.0,-1.0));
#7605=ORIENTED_EDGE('',*,*,#10489,.T.);
#7606=ORIENTED_EDGE('',*,*,#10959,.T.);
#7607=ORIENTED_EDGE('',*,*,#10962,.T.);
#7608=ORIENTED_EDGE('',*,*,#10971,.F.);
#7609=CARTESIAN_POINT('',(51.1,153.8,0.0));
#7610=DIRECTION('',(-1.0,-0.0,0.0));
#7611=DIRECTION('',(0.0,0.0,1.0));
#7612=ORIENTED_EDGE('',*,*,#10972,.F.);
#7613=ORIENTED_EDGE('',*,*,#10973,.F.);
#7614=ORIENTED_EDGE('',*,*,#10974,.F.);
#7615=ORIENTED_EDGE('',*,*,#10975,.F.);
#7616=ORIENTED_EDGE('',*,*,#10976,.F.);
#7617=ORIENTED_EDGE('',*,*,#10977,.F.);
#7618=ORIENTED_EDGE('',*,*,#10978,.F.);
#7619=ORIENTED_EDGE('',*,*,#10979,.F.);
#7620=ORIENTED_EDGE('',*,*,#10980,.F.);
#7621=ORIENTED_EDGE('',*,*,#10981,.F.);
#7622=ORIENTED_EDGE('',*,*,#10982,.F.);
#7623=ORIENTED_EDGE('',*,*,#10983,.F.);
#7624=CARTESIAN_POINT('',(53.57,157.65,-2.0));
#7625=DIRECTION('',(0.0,0.0,-1.0));
#7626=DIRECTION('',(0.0,-1.0,0.0));
#7627=ORIENTED_EDGE('',*,*,#10512,.T.);
#7628=ORIENTED_EDGE('',*,*,#10984,.T.);
#7629=ORIENTED_EDGE('',*,*,#10975,.T.);
#7630=ORIENTED_EDGE('',*,*,#10985,.F.);
#7631=CARTESIAN_POINT('',(51.62,158.5,0.0));
#7632=DIRECTION('',(-1.0,-0.0,0.0));
#7633=DIRECTION('',(0.0,0.0,1.0));
#7634=ORIENTED_EDGE('',*,*,#10511,.T.);
#7635=ORIENTED_EDGE('',*,*,#10986,.T.);
#7636=ORIENTED_EDGE('',*,*,#10976,.T.);
#7637=ORIENTED_EDGE('',*,*,#10984,.F.);
#7638=CARTESIAN_POINT('',(51.845,158.5,0.0));
#7639=DIRECTION('',(0.0,1.0,0.0));
#7640=DIRECTION('',(1.0,-0.0,0.0));
#7641=ORIENTED_EDGE('',*,*,#10510,.T.);
#7642=ORIENTED_EDGE('',*,*,#10987,.T.);
#7643=ORIENTED_EDGE('',*,*,#10977,.T.);
#7644=ORIENTED_EDGE('',*,*,#10986,.F.);
#7645=CARTESIAN_POINT('',(51.845,158.575,0.0));
#7646=DIRECTION('',(-1.0,-0.0,0.0));
#7647=DIRECTION('',(0.0,0.0,1.0));
#7648=ORIENTED_EDGE('',*,*,#10509,.T.);
#7649=ORIENTED_EDGE('',*,*,#10988,.T.);
#7650=ORIENTED_EDGE('',*,*,#10978,.T.);
#7651=ORIENTED_EDGE('',*,*,#10987,.F.);
#7652=CARTESIAN_POINT('',(55.295,158.575,0.0));
#7653=DIRECTION('',(0.0,1.0,0.0));
#7654=DIRECTION('',(1.0,-0.0,0.0));
#7655=ORIENTED_EDGE('',*,*,#10508,.T.);
#7656=ORIENTED_EDGE('',*,*,#10989,.T.);
#7657=ORIENTED_EDGE('',*,*,#10979,.T.);
#7658=ORIENTED_EDGE('',*,*,#10988,.F.);
#7659=CARTESIAN_POINT('',(55.295,158.5,0.0));
#7660=DIRECTION('',(1.0,0.0,0.0));
#7661=DIRECTION('',(0.0,1.0,0.0));
#7662=ORIENTED_EDGE('',*,*,#10507,.T.);
#7663=ORIENTED_EDGE('',*,*,#10990,.T.);
#7664=ORIENTED_EDGE('',*,*,#10980,.T.);
#7665=ORIENTED_EDGE('',*,*,#10989,.F.);
#7666=CARTESIAN_POINT('',(55.52,158.5,0.0));
#7667=DIRECTION('',(0.0,1.0,0.0));
#7668=DIRECTION('',(1.0,-0.0,0.0));
#7669=ORIENTED_EDGE('',*,*,#10506,.T.);
#7670=ORIENTED_EDGE('',*,*,#10991,.T.);
#7671=ORIENTED_EDGE('',*,*,#10981,.T.);
#7672=ORIENTED_EDGE('',*,*,#10990,.F.);
#7673=CARTESIAN_POINT('',(55.52,156.8,0.0));
#7674=DIRECTION('',(1.0,0.0,0.0));
#7675=DIRECTION('',(0.0,1.0,0.0));
#7676=ORIENTED_EDGE('',*,*,#10505,.T.);
#7677=ORIENTED_EDGE('',*,*,#10992,.T.);
#7678=ORIENTED_EDGE('',*,*,#10982,.T.);
#7679=ORIENTED_EDGE('',*,*,#10991,.F.);
#7680=CARTESIAN_POINT('',(55.295,156.8,0.0));
#7681=DIRECTION('',(0.0,-1.0,0.0));
#7682=DIRECTION('',(0.0,0.0,-1.0));
#7683=ORIENTED_EDGE('',*,*,#10504,.T.);
#7684=ORIENTED_EDGE('',*,*,#10993,.T.);
#7685=ORIENTED_EDGE('',*,*,#10983,.T.);
#7686=ORIENTED_EDGE('',*,*,#10992,.F.);
#7687=CARTESIAN_POINT('',(55.295,156.725,0.0));
#7688=DIRECTION('',(1.0,0.0,0.0));
#7689=DIRECTION('',(0.0,1.0,0.0));
#7690=ORIENTED_EDGE('',*,*,#10503,.T.);
#7691=ORIENTED_EDGE('',*,*,#10994,.T.);
#7692=ORIENTED_EDGE('',*,*,#10972,.T.);
#7693=ORIENTED_EDGE('',*,*,#10993,.F.);
#7694=CARTESIAN_POINT('',(51.845,156.725,0.0));
#7695=DIRECTION('',(0.0,-1.0,0.0));
#7696=DIRECTION('',(0.0,0.0,-1.0));
#7697=ORIENTED_EDGE('',*,*,#10502,.T.);
#7698=ORIENTED_EDGE('',*,*,#10995,.T.);
#7699=ORIENTED_EDGE('',*,*,#10973,.T.);
#7700=ORIENTED_EDGE('',*,*,#10994,.F.);
#7701=CARTESIAN_POINT('',(51.845,156.8,0.0));
#7702=DIRECTION('',(-1.0,-0.0,0.0));
#7703=DIRECTION('',(0.0,0.0,1.0));
#7704=ORIENTED_EDGE('',*,*,#10501,.T.);
#7705=ORIENTED_EDGE('',*,*,#10985,.T.);
#7706=ORIENTED_EDGE('',*,*,#10974,.T.);
#7707=ORIENTED_EDGE('',*,*,#10995,.F.);
#7708=CARTESIAN_POINT('',(51.62,156.8,0.0));
#7709=DIRECTION('',(0.0,-1.0,0.0));
#7710=DIRECTION('',(0.0,0.0,-1.0));
#7711=ORIENTED_EDGE('',*,*,#10996,.F.);
#7712=ORIENTED_EDGE('',*,*,#10997,.F.);
#7713=ORIENTED_EDGE('',*,*,#10998,.F.);
#7714=ORIENTED_EDGE('',*,*,#10999,.F.);
#7715=ORIENTED_EDGE('',*,*,#11000,.F.);
#7716=ORIENTED_EDGE('',*,*,#11001,.F.);
#7717=ORIENTED_EDGE('',*,*,#11002,.F.);
#7718=ORIENTED_EDGE('',*,*,#11003,.F.);
#7719=ORIENTED_EDGE('',*,*,#11004,.F.);
#7720=ORIENTED_EDGE('',*,*,#11005,.F.);
#7721=ORIENTED_EDGE('',*,*,#11006,.F.);
#7722=ORIENTED_EDGE('',*,*,#11007,.F.);
#7723=CARTESIAN_POINT('',(53.57,159.9,-2.0));
#7724=DIRECTION('',(0.0,0.0,-1.0));
#7725=DIRECTION('',(0.0,-1.0,0.0));
#7726=ORIENTED_EDGE('',*,*,#10524,.T.);
#7727=ORIENTED_EDGE('',*,*,#11008,.T.);
#7728=ORIENTED_EDGE('',*,*,#11002,.T.);
#7729=ORIENTED_EDGE('',*,*,#11009,.F.);
#7730=CARTESIAN_POINT('',(55.295,160.825,0.0));
#7731=DIRECTION('',(0.0,1.0,0.0));
#7732=DIRECTION('',(1.0,-0.0,0.0));
#7733=ORIENTED_EDGE('',*,*,#10523,.T.);
#7734=ORIENTED_EDGE('',*,*,#11010,.T.);
#7735=ORIENTED_EDGE('',*,*,#11003,.T.);
#7736=ORIENTED_EDGE('',*,*,#11008,.F.);
#7737=CARTESIAN_POINT('',(55.295,160.75,0.0));
#7738=DIRECTION('',(1.0,0.0,0.0));
#7739=DIRECTION('',(0.0,1.0,0.0));
#7740=ORIENTED_EDGE('',*,*,#10522,.T.);
#7741=ORIENTED_EDGE('',*,*,#11011,.T.);
#7742=ORIENTED_EDGE('',*,*,#11004,.T.);
#7743=ORIENTED_EDGE('',*,*,#11010,.F.);
#7744=CARTESIAN_POINT('',(55.52,160.75,0.0));
#7745=DIRECTION('',(0.0,1.0,0.0));
#7746=DIRECTION('',(1.0,-0.0,0.0));
#7747=ORIENTED_EDGE('',*,*,#10521,.T.);
#7748=ORIENTED_EDGE('',*,*,#11012,.T.);
#7749=ORIENTED_EDGE('',*,*,#11005,.T.);
#7750=ORIENTED_EDGE('',*,*,#11011,.F.);
#7751=CARTESIAN_POINT('',(55.52,159.05,0.0));
#7752=DIRECTION('',(1.0,0.0,0.0));
#7753=DIRECTION('',(0.0,1.0,0.0));
#7754=ORIENTED_EDGE('',*,*,#10520,.T.);
#7755=ORIENTED_EDGE('',*,*,#11013,.T.);
#7756=ORIENTED_EDGE('',*,*,#11006,.T.);
#7757=ORIENTED_EDGE('',*,*,#11012,.F.);
#7758=CARTESIAN_POINT('',(55.295,159.05,0.0));
#7759=DIRECTION('',(0.0,-1.0,0.0));
#7760=DIRECTION('',(0.0,0.0,-1.0));
#7761=ORIENTED_EDGE('',*,*,#10519,.T.);
#7762=ORIENTED_EDGE('',*,*,#11014,.T.);
#7763=ORIENTED_EDGE('',*,*,#11007,.T.);
#7764=ORIENTED_EDGE('',*,*,#11013,.F.);
#7765=CARTESIAN_POINT('',(55.295,158.975,0.0));
#7766=DIRECTION('',(1.0,0.0,0.0));
#7767=DIRECTION('',(0.0,1.0,0.0));
#7768=ORIENTED_EDGE('',*,*,#10518,.T.);
#7769=ORIENTED_EDGE('',*,*,#11015,.T.);
#7770=ORIENTED_EDGE('',*,*,#10996,.T.);
#7771=ORIENTED_EDGE('',*,*,#11014,.F.);
#7772=CARTESIAN_POINT('',(51.845,158.975,0.0));
#7773=DIRECTION('',(0.0,-1.0,0.0));
#7774=DIRECTION('',(0.0,0.0,-1.0));
#7775=ORIENTED_EDGE('',*,*,#10517,.T.);
#7776=ORIENTED_EDGE('',*,*,#11016,.T.);
#7777=ORIENTED_EDGE('',*,*,#10997,.T.);
#7778=ORIENTED_EDGE('',*,*,#11015,.F.);
#7779=CARTESIAN_POINT('',(51.845,159.05,0.0));
#7780=DIRECTION('',(-1.0,-0.0,0.0));
#7781=DIRECTION('',(0.0,0.0,1.0));
#7782=ORIENTED_EDGE('',*,*,#10516,.T.);
#7783=ORIENTED_EDGE('',*,*,#11017,.T.);
#7784=ORIENTED_EDGE('',*,*,#10998,.T.);
#7785=ORIENTED_EDGE('',*,*,#11016,.F.);
#7786=CARTESIAN_POINT('',(51.62,159.05,0.0));
#7787=DIRECTION('',(0.0,-1.0,0.0));
#7788=DIRECTION('',(0.0,0.0,-1.0));
#7789=ORIENTED_EDGE('',*,*,#10515,.T.);
#7790=ORIENTED_EDGE('',*,*,#11018,.T.);
#7791=ORIENTED_EDGE('',*,*,#10999,.T.);
#7792=ORIENTED_EDGE('',*,*,#11017,.F.);
#7793=CARTESIAN_POINT('',(51.62,160.75,0.0));
#7794=DIRECTION('',(-1.0,-0.0,0.0));
#7795=DIRECTION('',(0.0,0.0,1.0));
#7796=ORIENTED_EDGE('',*,*,#10514,.T.);
#7797=ORIENTED_EDGE('',*,*,#11019,.T.);
#7798=ORIENTED_EDGE('',*,*,#11000,.T.);
#7799=ORIENTED_EDGE('',*,*,#11018,.F.);
#7800=CARTESIAN_POINT('',(51.845,160.75,0.0));
#7801=DIRECTION('',(0.0,1.0,0.0));
#7802=DIRECTION('',(1.0,-0.0,0.0));
#7803=ORIENTED_EDGE('',*,*,#10513,.T.);
#7804=ORIENTED_EDGE('',*,*,#11009,.T.);
#7805=ORIENTED_EDGE('',*,*,#11001,.T.);
#7806=ORIENTED_EDGE('',*,*,#11019,.F.);
#7807=CARTESIAN_POINT('',(51.845,160.825,0.0));
#7808=DIRECTION('',(-1.0,-0.0,0.0));
#7809=DIRECTION('',(0.0,0.0,1.0));
#7810=ORIENTED_EDGE('',*,*,#11020,.F.);
#7811=ORIENTED_EDGE('',*,*,#11021,.F.);
#7812=ORIENTED_EDGE('',*,*,#11022,.F.);
#7813=ORIENTED_EDGE('',*,*,#11023,.F.);
#7814=ORIENTED_EDGE('',*,*,#11024,.F.);
#7815=ORIENTED_EDGE('',*,*,#11025,.F.);
#7816=ORIENTED_EDGE('',*,*,#11026,.F.);
#7817=ORIENTED_EDGE('',*,*,#11027,.F.);
#7818=ORIENTED_EDGE('',*,*,#11028,.F.);
#7819=ORIENTED_EDGE('',*,*,#11029,.F.);
#7820=ORIENTED_EDGE('',*,*,#11030,.F.);
#7821=ORIENTED_EDGE('',*,*,#11031,.F.);
#7822=CARTESIAN_POINT('',(53.57,164.9,-2.0));
#7823=DIRECTION('',(0.0,0.0,-1.0));
#7824=DIRECTION('',(0.0,-1.0,0.0));
#7825=ORIENTED_EDGE('',*,*,#10536,.T.);
#7826=ORIENTED_EDGE('',*,*,#11032,.T.);
#7827=ORIENTED_EDGE('',*,*,#11027,.T.);
#7828=ORIENTED_EDGE('',*,*,#11033,.F.);
#7829=CARTESIAN_POINT('',(55.295,165.75,0.0));
#7830=DIRECTION('',(1.0,0.0,0.0));
#7831=DIRECTION('',(0.0,1.0,0.0));
#7832=ORIENTED_EDGE('',*,*,#10535,.T.);
#7833=ORIENTED_EDGE('',*,*,#11034,.T.);
#7834=ORIENTED_EDGE('',*,*,#11028,.T.);
#7835=ORIENTED_EDGE('',*,*,#11032,.F.);
#7836=CARTESIAN_POINT('',(55.52,165.75,0.0));
#7837=DIRECTION('',(0.0,1.0,0.0));
#7838=DIRECTION('',(1.0,-0.0,0.0));
#7839=ORIENTED_EDGE('',*,*,#10534,.T.);
#7840=ORIENTED_EDGE('',*,*,#11035,.T.);
#7841=ORIENTED_EDGE('',*,*,#11029,.T.);
#7842=ORIENTED_EDGE('',*,*,#11034,.F.);
#7843=CARTESIAN_POINT('',(55.52,164.05,0.0));
#7844=DIRECTION('',(1.0,0.0,0.0));
#7845=DIRECTION('',(0.0,1.0,0.0));
#7846=ORIENTED_EDGE('',*,*,#10533,.T.);
#7847=ORIENTED_EDGE('',*,*,#11036,.T.);
#7848=ORIENTED_EDGE('',*,*,#11030,.T.);
#7849=ORIENTED_EDGE('',*,*,#11035,.F.);
#7850=CARTESIAN_POINT('',(55.295,164.05,0.0));
#7851=DIRECTION('',(0.0,-1.0,0.0));
#7852=DIRECTION('',(0.0,0.0,-1.0));
#7853=ORIENTED_EDGE('',*,*,#10532,.T.);
#7854=ORIENTED_EDGE('',*,*,#11037,.T.);
#7855=ORIENTED_EDGE('',*,*,#11031,.T.);
#7856=ORIENTED_EDGE('',*,*,#11036,.F.);
#7857=CARTESIAN_POINT('',(55.295,163.975,0.0));
#7858=DIRECTION('',(1.0,0.0,0.0));
#7859=DIRECTION('',(0.0,1.0,0.0));
#7860=ORIENTED_EDGE('',*,*,#10531,.T.);
#7861=ORIENTED_EDGE('',*,*,#11038,.T.);
#7862=ORIENTED_EDGE('',*,*,#11020,.T.);
#7863=ORIENTED_EDGE('',*,*,#11037,.F.);
#7864=CARTESIAN_POINT('',(51.845,163.975,0.0));
#7865=DIRECTION('',(0.0,-1.0,0.0));
#7866=DIRECTION('',(0.0,0.0,-1.0));
#7867=ORIENTED_EDGE('',*,*,#10530,.T.);
#7868=ORIENTED_EDGE('',*,*,#11039,.T.);
#7869=ORIENTED_EDGE('',*,*,#11021,.T.);
#7870=ORIENTED_EDGE('',*,*,#11038,.F.);
#7871=CARTESIAN_POINT('',(51.845,164.05,0.0));
#7872=DIRECTION('',(-1.0,-0.0,0.0));
#7873=DIRECTION('',(0.0,0.0,1.0));
#7874=ORIENTED_EDGE('',*,*,#10529,.T.);
#7875=ORIENTED_EDGE('',*,*,#11040,.T.);
#7876=ORIENTED_EDGE('',*,*,#11022,.T.);
#7877=ORIENTED_EDGE('',*,*,#11039,.F.);
#7878=CARTESIAN_POINT('',(51.62,164.05,0.0));
#7879=DIRECTION('',(0.0,-1.0,0.0));
#7880=DIRECTION('',(0.0,0.0,-1.0));
#7881=ORIENTED_EDGE('',*,*,#10528,.T.);
#7882=ORIENTED_EDGE('',*,*,#11041,.T.);
#7883=ORIENTED_EDGE('',*,*,#11023,.T.);
#7884=ORIENTED_EDGE('',*,*,#11040,.F.);
#7885=CARTESIAN_POINT('',(51.62,165.75,0.0));
#7886=DIRECTION('',(-1.0,-0.0,0.0));
#7887=DIRECTION('',(0.0,0.0,1.0));
#7888=ORIENTED_EDGE('',*,*,#10527,.T.);
#7889=ORIENTED_EDGE('',*,*,#11042,.T.);
#7890=ORIENTED_EDGE('',*,*,#11024,.T.);
#7891=ORIENTED_EDGE('',*,*,#11041,.F.);
#7892=CARTESIAN_POINT('',(51.845,165.75,0.0));
#7893=DIRECTION('',(0.0,1.0,0.0));
#7894=DIRECTION('',(1.0,-0.0,0.0));
#7895=ORIENTED_EDGE('',*,*,#10526,.T.);
#7896=ORIENTED_EDGE('',*,*,#11043,.T.);
#7897=ORIENTED_EDGE('',*,*,#11025,.T.);
#7898=ORIENTED_EDGE('',*,*,#11042,.F.);
#7899=CARTESIAN_POINT('',(51.845,165.825,0.0));
#7900=DIRECTION('',(-1.0,-0.0,0.0));
#7901=DIRECTION('',(0.0,0.0,1.0));
#7902=ORIENTED_EDGE('',*,*,#10525,.T.);
#7903=ORIENTED_EDGE('',*,*,#11033,.T.);
#7904=ORIENTED_EDGE('',*,*,#11026,.T.);
#7905=ORIENTED_EDGE('',*,*,#11043,.F.);
#7906=CARTESIAN_POINT('',(55.295,165.825,0.0));
#7907=DIRECTION('',(0.0,1.0,0.0));
#7908=DIRECTION('',(1.0,-0.0,0.0));
#7909=ORIENTED_EDGE('',*,*,#11044,.F.);
#7910=ORIENTED_EDGE('',*,*,#11045,.F.);
#7911=ORIENTED_EDGE('',*,*,#11046,.F.);
#7912=ORIENTED_EDGE('',*,*,#11047,.F.);
#7913=ORIENTED_EDGE('',*,*,#11048,.F.);
#7914=ORIENTED_EDGE('',*,*,#11049,.F.);
#7915=ORIENTED_EDGE('',*,*,#11050,.F.);
#7916=ORIENTED_EDGE('',*,*,#11051,.F.);
#7917=ORIENTED_EDGE('',*,*,#11052,.F.);
#7918=ORIENTED_EDGE('',*,*,#11053,.F.);
#7919=ORIENTED_EDGE('',*,*,#11054,.F.);
#7920=ORIENTED_EDGE('',*,*,#11055,.F.);
#7921=CARTESIAN_POINT('',(53.57,167.2,-2.0));
#7922=DIRECTION('',(0.0,0.0,-1.0));
#7923=DIRECTION('',(0.0,-1.0,0.0));
#7924=ORIENTED_EDGE('',*,*,#10548,.T.);
#7925=ORIENTED_EDGE('',*,*,#11056,.T.);
#7926=ORIENTED_EDGE('',*,*,#11053,.T.);
#7927=ORIENTED_EDGE('',*,*,#11057,.F.);
#7928=CARTESIAN_POINT('',(55.52,166.35,0.0));
#7929=DIRECTION('',(1.0,0.0,0.0));
#7930=DIRECTION('',(0.0,1.0,0.0));
#7931=ORIENTED_EDGE('',*,*,#10547,.T.);
#7932=ORIENTED_EDGE('',*,*,#11058,.T.);
#7933=ORIENTED_EDGE('',*,*,#11054,.T.);
#7934=ORIENTED_EDGE('',*,*,#11056,.F.);
#7935=CARTESIAN_POINT('',(55.295,166.35,0.0));
#7936=DIRECTION('',(0.0,-1.0,0.0));
#7937=DIRECTION('',(0.0,0.0,-1.0));
#7938=ORIENTED_EDGE('',*,*,#10546,.T.);
#7939=ORIENTED_EDGE('',*,*,#11059,.T.);
#7940=ORIENTED_EDGE('',*,*,#11055,.T.);
#7941=ORIENTED_EDGE('',*,*,#11058,.F.);
#7942=CARTESIAN_POINT('',(55.295,166.275,0.0));
#7943=DIRECTION('',(1.0,0.0,0.0));
#7944=DIRECTION('',(0.0,1.0,0.0));
#7945=ORIENTED_EDGE('',*,*,#10545,.T.);
#7946=ORIENTED_EDGE('',*,*,#11060,.T.);
#7947=ORIENTED_EDGE('',*,*,#11044,.T.);
#7948=ORIENTED_EDGE('',*,*,#11059,.F.);
#7949=CARTESIAN_POINT('',(51.845,166.275,0.0));
#7950=DIRECTION('',(0.0,-1.0,0.0));
#7951=DIRECTION('',(0.0,0.0,-1.0));
#7952=ORIENTED_EDGE('',*,*,#10544,.T.);
#7953=ORIENTED_EDGE('',*,*,#11061,.T.);
#7954=ORIENTED_EDGE('',*,*,#11045,.T.);
#7955=ORIENTED_EDGE('',*,*,#11060,.F.);
#7956=CARTESIAN_POINT('',(51.845,166.35,0.0));
#7957=DIRECTION('',(-1.0,-0.0,0.0));
#7958=DIRECTION('',(0.0,0.0,1.0));
#7959=ORIENTED_EDGE('',*,*,#10543,.T.);
#7960=ORIENTED_EDGE('',*,*,#11062,.T.);
#7961=ORIENTED_EDGE('',*,*,#11046,.T.);
#7962=ORIENTED_EDGE('',*,*,#11061,.F.);
#7963=CARTESIAN_POINT('',(51.62,166.35,0.0));
#7964=DIRECTION('',(0.0,-1.0,0.0));
#7965=DIRECTION('',(0.0,0.0,-1.0));
#7966=ORIENTED_EDGE('',*,*,#10542,.T.);
#7967=ORIENTED_EDGE('',*,*,#11063,.T.);
#7968=ORIENTED_EDGE('',*,*,#11047,.T.);
#7969=ORIENTED_EDGE('',*,*,#11062,.F.);
#7970=CARTESIAN_POINT('',(51.62,168.05,0.0));
#7971=DIRECTION('',(-1.0,-0.0,0.0));
#7972=DIRECTION('',(0.0,0.0,1.0));
#7973=ORIENTED_EDGE('',*,*,#10541,.T.);
#7974=ORIENTED_EDGE('',*,*,#11064,.T.);
#7975=ORIENTED_EDGE('',*,*,#11048,.T.);
#7976=ORIENTED_EDGE('',*,*,#11063,.F.);
#7977=CARTESIAN_POINT('',(51.845,168.05,0.0));
#7978=DIRECTION('',(0.0,1.0,0.0));
#7979=DIRECTION('',(1.0,-0.0,0.0));
#7980=ORIENTED_EDGE('',*,*,#10540,.T.);
#7981=ORIENTED_EDGE('',*,*,#11065,.T.);
#7982=ORIENTED_EDGE('',*,*,#11049,.T.);
#7983=ORIENTED_EDGE('',*,*,#11064,.F.);
#7984=CARTESIAN_POINT('',(51.845,168.125,0.0));
#7985=DIRECTION('',(-1.0,-0.0,0.0));
#7986=DIRECTION('',(0.0,0.0,1.0));
#7987=ORIENTED_EDGE('',*,*,#10539,.T.);
#7988=ORIENTED_EDGE('',*,*,#11066,.T.);
#7989=ORIENTED_EDGE('',*,*,#11050,.T.);
#7990=ORIENTED_EDGE('',*,*,#11065,.F.);
#7991=CARTESIAN_POINT('',(55.295,168.125,0.0));
#7992=DIRECTION('',(0.0,1.0,0.0));
#7993=DIRECTION('',(1.0,-0.0,0.0));
#7994=ORIENTED_EDGE('',*,*,#10538,.T.);
#7995=ORIENTED_EDGE('',*,*,#11067,.T.);
#7996=ORIENTED_EDGE('',*,*,#11051,.T.);
#7997=ORIENTED_EDGE('',*,*,#11066,.F.);
#7998=CARTESIAN_POINT('',(55.295,168.05,0.0));
#7999=DIRECTION('',(1.0,0.0,0.0));
#8000=DIRECTION('',(0.0,1.0,0.0));
#8001=ORIENTED_EDGE('',*,*,#10537,.T.);
#8002=ORIENTED_EDGE('',*,*,#11057,.T.);
#8003=ORIENTED_EDGE('',*,*,#11052,.T.);
#8004=ORIENTED_EDGE('',*,*,#11067,.F.);
#8005=CARTESIAN_POINT('',(55.52,168.05,0.0));
#8006=DIRECTION('',(0.0,1.0,0.0));
#8007=DIRECTION('',(1.0,-0.0,0.0));
#8008=ORIENTED_EDGE('',*,*,#11068,.F.);
#8009=ORIENTED_EDGE('',*,*,#11069,.F.);
#8010=ORIENTED_EDGE('',*,*,#11070,.F.);
#8011=ORIENTED_EDGE('',*,*,#11071,.F.);
#8012=ORIENTED_EDGE('',*,*,#11072,.F.);
#8013=ORIENTED_EDGE('',*,*,#11073,.F.);
#8014=ORIENTED_EDGE('',*,*,#11074,.F.);
#8015=ORIENTED_EDGE('',*,*,#11075,.F.);
#8016=ORIENTED_EDGE('',*,*,#11076,.F.);
#8017=ORIENTED_EDGE('',*,*,#11077,.F.);
#8018=ORIENTED_EDGE('',*,*,#11078,.F.);
#8019=ORIENTED_EDGE('',*,*,#11079,.F.);
#8020=CARTESIAN_POINT('',(51.4,171.1,-2.0));
#8021=DIRECTION('',(-0.0,-0.0,-1.0));
#8022=DIRECTION('',(0.0,-1.0,0.0));
#8023=ORIENTED_EDGE('',*,*,#10560,.T.);
#8024=ORIENTED_EDGE('',*,*,#11080,.T.);
#8025=ORIENTED_EDGE('',*,*,#11077,.T.);
#8026=ORIENTED_EDGE('',*,*,#11081,.F.);
#8027=CARTESIAN_POINT('',(53.3798989873223,171.877817459305,0.0));
#8028=DIRECTION('',(0.707106781186547,0.707106781186548,0.0));
#8029=DIRECTION('',(-0.0,0.0,-1.0));
#8030=ORIENTED_EDGE('',*,*,#10559,.T.);
#8031=ORIENTED_EDGE('',*,*,#11082,.T.);
#8032=ORIENTED_EDGE('',*,*,#11078,.T.);
#8033=ORIENTED_EDGE('',*,*,#11080,.F.);
#8034=CARTESIAN_POINT('',(53.2207999615554,171.718718433538,0.0));
#8035=DIRECTION('',(0.707106781186548,-0.707106781186547,0.0));
#8036=DIRECTION('',(0.0,0.0,-1.0));
#8037=ORIENTED_EDGE('',*,*,#10558,.T.);
#8038=ORIENTED_EDGE('',*,*,#11083,.T.);
#8039=ORIENTED_EDGE('',*,*,#11079,.T.);
#8040=ORIENTED_EDGE('',*,*,#11082,.F.);
#8041=CARTESIAN_POINT('',(53.2738329701443,171.665685424949,0.0));
#8042=DIRECTION('',(0.707106781186547,0.707106781186548,0.0));
#8043=DIRECTION('',(-0.0,0.0,-1.0));
#8044=ORIENTED_EDGE('',*,*,#10557,.T.);
#8045=ORIENTED_EDGE('',*,*,#11084,.T.);
#8046=ORIENTED_EDGE('',*,*,#11068,.T.);
#8047=ORIENTED_EDGE('',*,*,#11083,.F.);
#8048=CARTESIAN_POINT('',(50.8343145750508,169.226167029856,0.0));
#8049=DIRECTION('',(0.707106781186548,-0.707106781186547,0.0));
#8050=DIRECTION('',(0.0,0.0,-1.0));
#8051=ORIENTED_EDGE('',*,*,#10556,.T.);
#8052=ORIENTED_EDGE('',*,*,#11085,.T.);
#8053=ORIENTED_EDGE('',*,*,#11069,.T.);
#8054=ORIENTED_EDGE('',*,*,#11084,.F.);
#8055=CARTESIAN_POINT('',(50.7812815664618,169.279200038445,0.0));
#8056=DIRECTION('',(-0.707106781186547,-0.707106781186548,0.0));
#8057=DIRECTION('',(-0.707106781186548,0.707106781186547,0.0));
#8058=ORIENTED_EDGE('',*,*,#10555,.T.);
#8059=ORIENTED_EDGE('',*,*,#11086,.T.);
#8060=ORIENTED_EDGE('',*,*,#11070,.T.);
#8061=ORIENTED_EDGE('',*,*,#11085,.F.);
#8062=CARTESIAN_POINT('',(50.6221825406948,169.120101012678,0.0));
#8063=DIRECTION('',(0.707106781186548,-0.707106781186547,0.0));
#8064=DIRECTION('',(0.0,0.0,-1.0));
#8065=ORIENTED_EDGE('',*,*,#10554,.T.);
#8066=ORIENTED_EDGE('',*,*,#11087,.T.);
#8067=ORIENTED_EDGE('',*,*,#11071,.T.);
#8068=ORIENTED_EDGE('',*,*,#11086,.F.);
#8069=CARTESIAN_POINT('',(49.4201010126777,170.322182540695,0.0));
#8070=DIRECTION('',(-0.707106781186547,-0.707106781186548,0.0));
#8071=DIRECTION('',(-0.707106781186548,0.707106781186547,0.0));
#8072=ORIENTED_EDGE('',*,*,#10553,.T.);
#8073=ORIENTED_EDGE('',*,*,#11088,.T.);
#8074=ORIENTED_EDGE('',*,*,#11072,.T.);
#8075=ORIENTED_EDGE('',*,*,#11087,.F.);
#8076=CARTESIAN_POINT('',(49.5792000384446,170.481281566462,0.0));
#8077=DIRECTION('',(-0.707106781186548,0.707106781186547,0.0));
#8078=DIRECTION('',(0.0,0.0,1.0));
#8079=ORIENTED_EDGE('',*,*,#10552,.T.);
#8080=ORIENTED_EDGE('',*,*,#11089,.T.);
#8081=ORIENTED_EDGE('',*,*,#11073,.T.);
#8082=ORIENTED_EDGE('',*,*,#11088,.F.);
#8083=CARTESIAN_POINT('',(49.5261670298556,170.534314575051,0.0));
#8084=DIRECTION('',(-0.707106781186547,-0.707106781186548,0.0));
#8085=DIRECTION('',(-0.707106781186548,0.707106781186547,0.0));
#8086=ORIENTED_EDGE('',*,*,#10551,.T.);
#8087=ORIENTED_EDGE('',*,*,#11090,.T.);
#8088=ORIENTED_EDGE('',*,*,#11074,.T.);
#8089=ORIENTED_EDGE('',*,*,#11089,.F.);
#8090=CARTESIAN_POINT('',(51.9656854249492,172.973832970144,0.0));
#8091=DIRECTION('',(-0.707106781186548,0.707106781186547,0.0));
#8092=DIRECTION('',(0.0,0.0,1.0));
#8093=ORIENTED_EDGE('',*,*,#10550,.T.);
#8094=ORIENTED_EDGE('',*,*,#11091,.T.);
#8095=ORIENTED_EDGE('',*,*,#11075,.T.);
#8096=ORIENTED_EDGE('',*,*,#11090,.F.);
#8097=CARTESIAN_POINT('',(52.0187184335382,172.920799961555,0.0));
#8098=DIRECTION('',(0.707106781186547,0.707106781186548,0.0));
#8099=DIRECTION('',(-0.0,0.0,-1.0));
#8100=ORIENTED_EDGE('',*,*,#10549,.T.);
#8101=ORIENTED_EDGE('',*,*,#11081,.T.);
#8102=ORIENTED_EDGE('',*,*,#11076,.T.);
#8103=ORIENTED_EDGE('',*,*,#11091,.F.);
#8104=CARTESIAN_POINT('',(52.1778174593052,173.079898987322,0.0));
#8105=DIRECTION('',(-0.707106781186548,0.707106781186547,0.0));
#8106=DIRECTION('',(0.0,0.0,1.0));
#8107=ORIENTED_EDGE('',*,*,#11092,.F.);
#8108=ORIENTED_EDGE('',*,*,#11093,.F.);
#8109=ORIENTED_EDGE('',*,*,#11094,.F.);
#8110=ORIENTED_EDGE('',*,*,#11095,.F.);
#8111=ORIENTED_EDGE('',*,*,#11096,.F.);
#8112=ORIENTED_EDGE('',*,*,#11097,.F.);
#8113=ORIENTED_EDGE('',*,*,#11098,.F.);
#8114=ORIENTED_EDGE('',*,*,#11099,.F.);
#8115=ORIENTED_EDGE('',*,*,#11100,.F.);
#8116=ORIENTED_EDGE('',*,*,#11101,.F.);
#8117=ORIENTED_EDGE('',*,*,#11102,.F.);
#8118=ORIENTED_EDGE('',*,*,#11103,.F.);
#8119=CARTESIAN_POINT('',(54.35,176.85,-2.0));
#8120=DIRECTION('',(0.0,0.0,-1.0));
#8121=DIRECTION('',(0.0,-1.0,0.0));
#8122=ORIENTED_EDGE('',*,*,#10572,.T.);
#8123=ORIENTED_EDGE('',*,*,#11104,.T.);
#8124=ORIENTED_EDGE('',*,*,#11102,.T.);
#8125=ORIENTED_EDGE('',*,*,#11105,.F.);
#8126=CARTESIAN_POINT('',(56.075,176.0,0.0));
#8127=DIRECTION('',(0.0,-1.0,0.0));
#8128=DIRECTION('',(0.0,0.0,-1.0));
#8129=ORIENTED_EDGE('',*,*,#10571,.T.);
#8130=ORIENTED_EDGE('',*,*,#11106,.T.);
#8131=ORIENTED_EDGE('',*,*,#11103,.T.);
#8132=ORIENTED_EDGE('',*,*,#11104,.F.);
#8133=CARTESIAN_POINT('',(56.075,175.925,0.0));
#8134=DIRECTION('',(1.0,0.0,0.0));
#8135=DIRECTION('',(0.0,1.0,0.0));
#8136=ORIENTED_EDGE('',*,*,#10570,.T.);
#8137=ORIENTED_EDGE('',*,*,#11107,.T.);
#8138=ORIENTED_EDGE('',*,*,#11092,.T.);
#8139=ORIENTED_EDGE('',*,*,#11106,.F.);
#8140=CARTESIAN_POINT('',(52.625,175.925,0.0));
#8141=DIRECTION('',(0.0,-1.0,0.0));
#8142=DIRECTION('',(0.0,0.0,-1.0));
#8143=ORIENTED_EDGE('',*,*,#10569,.T.);
#8144=ORIENTED_EDGE('',*,*,#11108,.T.);
#8145=ORIENTED_EDGE('',*,*,#11093,.T.);
#8146=ORIENTED_EDGE('',*,*,#11107,.F.);
#8147=CARTESIAN_POINT('',(52.625,176.0,0.0));
#8148=DIRECTION('',(-1.0,-0.0,0.0));
#8149=DIRECTION('',(0.0,0.0,1.0));
#8150=ORIENTED_EDGE('',*,*,#10568,.T.);
#8151=ORIENTED_EDGE('',*,*,#11109,.T.);
#8152=ORIENTED_EDGE('',*,*,#11094,.T.);
#8153=ORIENTED_EDGE('',*,*,#11108,.F.);
#8154=CARTESIAN_POINT('',(52.4,176.0,0.0));
#8155=DIRECTION('',(0.0,-1.0,0.0));
#8156=DIRECTION('',(0.0,0.0,-1.0));
#8157=ORIENTED_EDGE('',*,*,#10567,.T.);
#8158=ORIENTED_EDGE('',*,*,#11110,.T.);
#8159=ORIENTED_EDGE('',*,*,#11095,.T.);
#8160=ORIENTED_EDGE('',*,*,#11109,.F.);
#8161=CARTESIAN_POINT('',(52.4,177.7,0.0));
#8162=DIRECTION('',(-1.0,-0.0,0.0));
#8163=DIRECTION('',(0.0,0.0,1.0));
#8164=ORIENTED_EDGE('',*,*,#10566,.T.);
#8165=ORIENTED_EDGE('',*,*,#11111,.T.);
#8166=ORIENTED_EDGE('',*,*,#11096,.T.);
#8167=ORIENTED_EDGE('',*,*,#11110,.F.);
#8168=CARTESIAN_POINT('',(52.625,177.7,0.0));
#8169=DIRECTION('',(0.0,1.0,0.0));
#8170=DIRECTION('',(1.0,-0.0,0.0));
#8171=ORIENTED_EDGE('',*,*,#10565,.T.);
#8172=ORIENTED_EDGE('',*,*,#11112,.T.);
#8173=ORIENTED_EDGE('',*,*,#11097,.T.);
#8174=ORIENTED_EDGE('',*,*,#11111,.F.);
#8175=CARTESIAN_POINT('',(52.625,177.775,0.0));
#8176=DIRECTION('',(-1.0,-0.0,0.0));
#8177=DIRECTION('',(0.0,0.0,1.0));
#8178=ORIENTED_EDGE('',*,*,#10564,.T.);
#8179=ORIENTED_EDGE('',*,*,#11113,.T.);
#8180=ORIENTED_EDGE('',*,*,#11098,.T.);
#8181=ORIENTED_EDGE('',*,*,#11112,.F.);
#8182=CARTESIAN_POINT('',(56.075,177.775,0.0));
#8183=DIRECTION('',(0.0,1.0,0.0));
#8184=DIRECTION('',(1.0,-0.0,0.0));
#8185=ORIENTED_EDGE('',*,*,#10563,.T.);
#8186=ORIENTED_EDGE('',*,*,#11114,.T.);
#8187=ORIENTED_EDGE('',*,*,#11099,.T.);
#8188=ORIENTED_EDGE('',*,*,#11113,.F.);
#8189=CARTESIAN_POINT('',(56.075,177.7,0.0));
#8190=DIRECTION('',(1.0,0.0,0.0));
#8191=DIRECTION('',(0.0,1.0,0.0));
#8192=ORIENTED_EDGE('',*,*,#10562,.T.);
#8193=ORIENTED_EDGE('',*,*,#11115,.T.);
#8194=ORIENTED_EDGE('',*,*,#11100,.T.);
#8195=ORIENTED_EDGE('',*,*,#11114,.F.);
#8196=CARTESIAN_POINT('',(56.3,177.7,0.0));
#8197=DIRECTION('',(0.0,1.0,0.0));
#8198=DIRECTION('',(1.0,-0.0,0.0));
#8199=ORIENTED_EDGE('',*,*,#10561,.T.);
#8200=ORIENTED_EDGE('',*,*,#11105,.T.);
#8201=ORIENTED_EDGE('',*,*,#11101,.T.);
#8202=ORIENTED_EDGE('',*,*,#11115,.F.);
#8203=CARTESIAN_POINT('',(56.3,176.0,0.0));
#8204=DIRECTION('',(1.0,0.0,0.0));
#8205=DIRECTION('',(0.0,1.0,0.0));
#8206=ORIENTED_EDGE('',*,*,#11116,.T.);
#8207=ORIENTED_EDGE('',*,*,#11117,.T.);
#8208=ORIENTED_EDGE('',*,*,#11118,.T.);
#8209=ORIENTED_EDGE('',*,*,#11119,.T.);
#8210=ORIENTED_EDGE('',*,*,#10573,.F.);
#8211=ORIENTED_EDGE('',*,*,#11120,.F.);
#8212=ORIENTED_EDGE('',*,*,#11121,.T.);
#8213=ORIENTED_EDGE('',*,*,#11122,.F.);
#8214=CARTESIAN_POINT('',(54.36,173.845,-1.67));
#8215=DIRECTION('',(-0.0,-0.0,-1.0));
#8216=DIRECTION('',(0.0,-1.0,0.0));
#8217=ORIENTED_EDGE('',*,*,#11121,.F.);
#8218=ORIENTED_EDGE('',*,*,#11123,.F.);
#8219=ORIENTED_EDGE('',*,*,#11124,.F.);
#8220=CARTESIAN_POINT('',(52.5599976,174.695,-4.17));
#8221=DIRECTION('',(0.0,-0.0,1.0));
#8222=DIRECTION('',(1.0,0.0,-0.0));
#8223=ORIENTED_EDGE('',*,*,#11122,.T.);
#8224=ORIENTED_EDGE('',*,*,#11124,.T.);
#8225=ORIENTED_EDGE('',*,*,#11125,.F.);
#8226=ORIENTED_EDGE('',*,*,#11126,.F.);
#8227=CARTESIAN_POINT('',(52.5599976,174.695,-4.67));
#8228=DIRECTION('',(0.0,-1.0,0.0));
#8229=DIRECTION('',(0.0,0.0,-1.0));
#8230=ORIENTED_EDGE('',*,*,#11116,.F.);
#8231=ORIENTED_EDGE('',*,*,#11126,.T.);
#8232=ORIENTED_EDGE('',*,*,#11127,.F.);
#8233=ORIENTED_EDGE('',*,*,#11128,.T.);
#8234=ORIENTED_EDGE('',*,*,#11129,.F.);
#8235=ORIENTED_EDGE('',*,*,#11130,.F.);
#8236=CARTESIAN_POINT('',(54.2317027590372,174.532424195633,-4.67));
#8237=DIRECTION('',(0.0,-0.0,1.0));
#8238=DIRECTION('',(1.0,0.0,-0.0));
#8239=ORIENTED_EDGE('',*,*,#11129,.T.);
#8240=ORIENTED_EDGE('',*,*,#11131,.T.);
#8241=ORIENTED_EDGE('',*,*,#11132,.F.);
#8242=ORIENTED_EDGE('',*,*,#11133,.F.);
#8243=CARTESIAN_POINT('',(54.36,173.845,-2.398));
#8244=DIRECTION('',(0.0,-0.0,1.0));
#8245=DIRECTION('',(0.0,-1.0,-0.0));
#8246=ORIENTED_EDGE('',*,*,#11134,.F.);
#8247=ORIENTED_EDGE('',*,*,#11135,.T.);
#8248=ORIENTED_EDGE('',*,*,#11136,.T.);
#8249=ORIENTED_EDGE('',*,*,#11137,.F.);
#8250=CARTESIAN_POINT('',(54.36,173.845,-9.25));
#8251=DIRECTION('',(0.0,0.0,-1.0));
#8252=DIRECTION('',(0.0,-1.0,0.0));
#8253=ORIENTED_EDGE('',*,*,#11134,.T.);
#8254=ORIENTED_EDGE('',*,*,#11138,.T.);
#8255=CARTESIAN_POINT('',(54.4241332061311,173.769423426341,-10.0));
#8256=DIRECTION('',(0.0,0.0,-1.0));
#8257=DIRECTION('',(0.0,-1.0,0.0));
#8258=ORIENTED_EDGE('',*,*,#11117,.F.);
#8259=ORIENTED_EDGE('',*,*,#11128,.F.);
#8260=ORIENTED_EDGE('',*,*,#11139,.T.);
#8261=ORIENTED_EDGE('',*,*,#11140,.F.);
#8262=CARTESIAN_POINT('',(52.5599976,172.995,-4.17));
#8263=DIRECTION('',(-0.0,1.0,0.0));
#8264=DIRECTION('',(1.0,0.0,0.0));
#8265=ORIENTED_EDGE('',*,*,#11141,.F.);
#8266=ORIENTED_EDGE('',*,*,#11118,.F.);
#8267=ORIENTED_EDGE('',*,*,#11140,.T.);
#8268=CARTESIAN_POINT('',(52.5599976,172.495,-4.17));
#8269=DIRECTION('',(0.0,-0.0,1.0));
#8270=DIRECTION('',(1.0,0.0,-0.0));
#8271=ORIENTED_EDGE('',*,*,#11142,.T.);
#8272=ORIENTED_EDGE('',*,*,#11143,.T.);
#8273=ORIENTED_EDGE('',*,*,#11144,.T.);
#8274=ORIENTED_EDGE('',*,*,#11145,.T.);
#8275=ORIENTED_EDGE('',*,*,#10575,.F.);
#8276=ORIENTED_EDGE('',*,*,#11146,.F.);
#8277=ORIENTED_EDGE('',*,*,#11147,.T.);
#8278=ORIENTED_EDGE('',*,*,#11148,.F.);
#8279=CARTESIAN_POINT('',(54.36,170.035,-1.67));
#8280=DIRECTION('',(-0.0,-0.0,-1.0));
#8281=DIRECTION('',(0.0,-1.0,0.0));
#8282=ORIENTED_EDGE('',*,*,#11147,.F.);
#8283=ORIENTED_EDGE('',*,*,#11149,.F.);
#8284=ORIENTED_EDGE('',*,*,#11150,.F.);
#8285=CARTESIAN_POINT('',(52.5599976,170.885,-4.17));
#8286=DIRECTION('',(0.0,-0.0,1.0));
#8287=DIRECTION('',(1.0,0.0,-0.0));
#8288=ORIENTED_EDGE('',*,*,#11148,.T.);
#8289=ORIENTED_EDGE('',*,*,#11150,.T.);
#8290=ORIENTED_EDGE('',*,*,#11151,.F.);
#8291=ORIENTED_EDGE('',*,*,#11152,.F.);
#8292=CARTESIAN_POINT('',(52.5599976,170.885,-4.67));
#8293=DIRECTION('',(0.0,-1.0,0.0));
#8294=DIRECTION('',(0.0,0.0,-1.0));
#8295=ORIENTED_EDGE('',*,*,#11142,.F.);
#8296=ORIENTED_EDGE('',*,*,#11152,.T.);
#8297=ORIENTED_EDGE('',*,*,#11153,.F.);
#8298=ORIENTED_EDGE('',*,*,#11154,.T.);
#8299=ORIENTED_EDGE('',*,*,#11155,.F.);
#8300=ORIENTED_EDGE('',*,*,#11156,.F.);
#8301=CARTESIAN_POINT('',(54.2317027590372,170.722424195633,-4.67));
#8302=DIRECTION('',(0.0,-0.0,1.0));
#8303=DIRECTION('',(1.0,0.0,-0.0));
#8304=ORIENTED_EDGE('',*,*,#11155,.T.);
#8305=ORIENTED_EDGE('',*,*,#11157,.T.);
#8306=ORIENTED_EDGE('',*,*,#11158,.F.);
#8307=ORIENTED_EDGE('',*,*,#11159,.F.);
#8308=CARTESIAN_POINT('',(54.36,170.035,-2.398));
#8309=DIRECTION('',(0.0,-0.0,1.0));
#8310=DIRECTION('',(0.0,-1.0,-0.0));
#8311=ORIENTED_EDGE('',*,*,#11160,.F.);
#8312=ORIENTED_EDGE('',*,*,#11161,.T.);
#8313=ORIENTED_EDGE('',*,*,#11162,.T.);
#8314=ORIENTED_EDGE('',*,*,#11163,.F.);
#8315=CARTESIAN_POINT('',(54.36,170.035,-9.25));
#8316=DIRECTION('',(0.0,0.0,-1.0));
#8317=DIRECTION('',(0.0,-1.0,0.0));
#8318=ORIENTED_EDGE('',*,*,#11160,.T.);
#8319=ORIENTED_EDGE('',*,*,#11164,.T.);
#8320=CARTESIAN_POINT('',(54.4241332061311,169.959423426341,-10.0));
#8321=DIRECTION('',(0.0,0.0,-1.0));
#8322=DIRECTION('',(0.0,-1.0,0.0));
#8323=ORIENTED_EDGE('',*,*,#11143,.F.);
#8324=ORIENTED_EDGE('',*,*,#11154,.F.);
#8325=ORIENTED_EDGE('',*,*,#11165,.T.);
#8326=ORIENTED_EDGE('',*,*,#11166,.F.);
#8327=CARTESIAN_POINT('',(52.5599976,169.185,-4.17));
#8328=DIRECTION('',(-0.0,1.0,0.0));
#8329=DIRECTION('',(1.0,0.0,0.0));
#8330=ORIENTED_EDGE('',*,*,#11167,.F.);
#8331=ORIENTED_EDGE('',*,*,#11144,.F.);
#8332=ORIENTED_EDGE('',*,*,#11166,.T.);
#8333=CARTESIAN_POINT('',(52.5599976,168.685,-4.17));
#8334=DIRECTION('',(0.0,-0.0,1.0));
#8335=DIRECTION('',(1.0,0.0,-0.0));
#8336=ORIENTED_EDGE('',*,*,#11168,.T.);
#8337=ORIENTED_EDGE('',*,*,#11169,.T.);
#8338=ORIENTED_EDGE('',*,*,#11170,.T.);
#8339=ORIENTED_EDGE('',*,*,#11171,.T.);
#8340=ORIENTED_EDGE('',*,*,#10577,.F.);
#8341=ORIENTED_EDGE('',*,*,#11172,.F.);
#8342=ORIENTED_EDGE('',*,*,#11173,.T.);
#8343=ORIENTED_EDGE('',*,*,#11174,.F.);
#8344=CARTESIAN_POINT('',(54.36,154.795,-1.67));
#8345=DIRECTION('',(-0.0,-0.0,-1.0));
#8346=DIRECTION('',(0.0,-1.0,0.0));
#8347=ORIENTED_EDGE('',*,*,#11173,.F.);
#8348=ORIENTED_EDGE('',*,*,#11175,.F.);
#8349=ORIENTED_EDGE('',*,*,#11176,.F.);
#8350=CARTESIAN_POINT('',(52.5599976,155.645,-4.17));
#8351=DIRECTION('',(0.0,-0.0,1.0));
#8352=DIRECTION('',(1.0,0.0,-0.0));
#8353=ORIENTED_EDGE('',*,*,#11174,.T.);
#8354=ORIENTED_EDGE('',*,*,#11176,.T.);
#8355=ORIENTED_EDGE('',*,*,#11177,.F.);
#8356=ORIENTED_EDGE('',*,*,#11178,.F.);
#8357=CARTESIAN_POINT('',(52.5599976,155.645,-4.67));
#8358=DIRECTION('',(0.0,-1.0,0.0));
#8359=DIRECTION('',(0.0,0.0,-1.0));
#8360=ORIENTED_EDGE('',*,*,#11168,.F.);
#8361=ORIENTED_EDGE('',*,*,#11178,.T.);
#8362=ORIENTED_EDGE('',*,*,#11179,.F.);
#8363=ORIENTED_EDGE('',*,*,#11180,.T.);
#8364=ORIENTED_EDGE('',*,*,#11181,.F.);
#8365=ORIENTED_EDGE('',*,*,#11182,.F.);
#8366=CARTESIAN_POINT('',(54.2317027590372,155.482424195633,-4.67));
#8367=DIRECTION('',(0.0,-0.0,1.0));
#8368=DIRECTION('',(1.0,0.0,-0.0));
#8369=ORIENTED_EDGE('',*,*,#11181,.T.);
#8370=ORIENTED_EDGE('',*,*,#11183,.T.);
#8371=ORIENTED_EDGE('',*,*,#11184,.F.);
#8372=ORIENTED_EDGE('',*,*,#11185,.F.);
#8373=CARTESIAN_POINT('',(54.36,154.795,-2.398));
#8374=DIRECTION('',(0.0,-0.0,1.0));
#8375=DIRECTION('',(0.0,-1.0,-0.0));
#8376=ORIENTED_EDGE('',*,*,#11186,.F.);
#8377=ORIENTED_EDGE('',*,*,#11187,.T.);
#8378=ORIENTED_EDGE('',*,*,#11188,.T.);
#8379=ORIENTED_EDGE('',*,*,#11189,.F.);
#8380=CARTESIAN_POINT('',(54.36,154.795,-9.25));
#8381=DIRECTION('',(0.0,0.0,-1.0));
#8382=DIRECTION('',(0.0,-1.0,0.0));
#8383=ORIENTED_EDGE('',*,*,#11186,.T.);
#8384=ORIENTED_EDGE('',*,*,#11190,.T.);
#8385=CARTESIAN_POINT('',(54.4241332061311,154.719423426341,-10.0));
#8386=DIRECTION('',(0.0,0.0,-1.0));
#8387=DIRECTION('',(0.0,-1.0,0.0));
#8388=ORIENTED_EDGE('',*,*,#11169,.F.);
#8389=ORIENTED_EDGE('',*,*,#11180,.F.);
#8390=ORIENTED_EDGE('',*,*,#11191,.T.);
#8391=ORIENTED_EDGE('',*,*,#11192,.F.);
#8392=CARTESIAN_POINT('',(52.5599976,153.945,-4.17));
#8393=DIRECTION('',(-0.0,1.0,0.0));
#8394=DIRECTION('',(1.0,0.0,0.0));
#8395=ORIENTED_EDGE('',*,*,#11193,.F.);
#8396=ORIENTED_EDGE('',*,*,#11170,.F.);
#8397=ORIENTED_EDGE('',*,*,#11192,.T.);
#8398=CARTESIAN_POINT('',(52.5599976,153.445,-4.17));
#8399=DIRECTION('',(0.0,-0.0,1.0));
#8400=DIRECTION('',(1.0,0.0,-0.0));
#8401=ORIENTED_EDGE('',*,*,#11194,.T.);
#8402=ORIENTED_EDGE('',*,*,#11195,.T.);
#8403=ORIENTED_EDGE('',*,*,#11196,.T.);
#8404=ORIENTED_EDGE('',*,*,#11197,.T.);
#8405=ORIENTED_EDGE('',*,*,#10579,.F.);
#8406=ORIENTED_EDGE('',*,*,#11198,.F.);
#8407=ORIENTED_EDGE('',*,*,#11199,.T.);
#8408=ORIENTED_EDGE('',*,*,#11200,.F.);
#8409=CARTESIAN_POINT('',(54.36,150.985,-1.67));
#8410=DIRECTION('',(-0.0,-0.0,-1.0));
#8411=DIRECTION('',(0.0,-1.0,0.0));
#8412=ORIENTED_EDGE('',*,*,#11199,.F.);
#8413=ORIENTED_EDGE('',*,*,#11201,.F.);
#8414=ORIENTED_EDGE('',*,*,#11202,.F.);
#8415=CARTESIAN_POINT('',(52.5599976,151.835,-4.17));
#8416=DIRECTION('',(0.0,-0.0,1.0));
#8417=DIRECTION('',(1.0,0.0,-0.0));
#8418=ORIENTED_EDGE('',*,*,#11200,.T.);
#8419=ORIENTED_EDGE('',*,*,#11202,.T.);
#8420=ORIENTED_EDGE('',*,*,#11203,.F.);
#8421=ORIENTED_EDGE('',*,*,#11204,.F.);
#8422=CARTESIAN_POINT('',(52.5599976,151.835,-4.67));
#8423=DIRECTION('',(0.0,-1.0,0.0));
#8424=DIRECTION('',(0.0,0.0,-1.0));
#8425=ORIENTED_EDGE('',*,*,#11194,.F.);
#8426=ORIENTED_EDGE('',*,*,#11204,.T.);
#8427=ORIENTED_EDGE('',*,*,#11205,.F.);
#8428=ORIENTED_EDGE('',*,*,#11206,.T.);
#8429=ORIENTED_EDGE('',*,*,#11207,.F.);
#8430=ORIENTED_EDGE('',*,*,#11208,.F.);
#8431=CARTESIAN_POINT('',(54.2317027590372,151.672424195633,-4.67));
#8432=DIRECTION('',(0.0,-0.0,1.0));
#8433=DIRECTION('',(1.0,0.0,-0.0));
#8434=ORIENTED_EDGE('',*,*,#11207,.T.);
#8435=ORIENTED_EDGE('',*,*,#11209,.T.);
#8436=ORIENTED_EDGE('',*,*,#11210,.F.);
#8437=ORIENTED_EDGE('',*,*,#11211,.F.);
#8438=CARTESIAN_POINT('',(54.36,150.985,-2.398));
#8439=DIRECTION('',(0.0,-0.0,1.0));
#8440=DIRECTION('',(0.0,-1.0,-0.0));
#8441=ORIENTED_EDGE('',*,*,#11212,.F.);
#8442=ORIENTED_EDGE('',*,*,#11213,.T.);
#8443=ORIENTED_EDGE('',*,*,#11214,.T.);
#8444=ORIENTED_EDGE('',*,*,#11215,.F.);
#8445=CARTESIAN_POINT('',(54.36,150.985,-9.25));
#8446=DIRECTION('',(0.0,0.0,-1.0));
#8447=DIRECTION('',(0.0,-1.0,0.0));
#8448=ORIENTED_EDGE('',*,*,#11212,.T.);
#8449=ORIENTED_EDGE('',*,*,#11216,.T.);
#8450=CARTESIAN_POINT('',(54.4241332061311,150.909423426341,-10.0));
#8451=DIRECTION('',(0.0,0.0,-1.0));
#8452=DIRECTION('',(0.0,-1.0,0.0));
#8453=ORIENTED_EDGE('',*,*,#11195,.F.);
#8454=ORIENTED_EDGE('',*,*,#11206,.F.);
#8455=ORIENTED_EDGE('',*,*,#11217,.T.);
#8456=ORIENTED_EDGE('',*,*,#11218,.F.);
#8457=CARTESIAN_POINT('',(52.5599976,150.135,-4.17));
#8458=DIRECTION('',(-0.0,1.0,0.0));
#8459=DIRECTION('',(1.0,0.0,0.0));
#8460=ORIENTED_EDGE('',*,*,#11219,.F.);
#8461=ORIENTED_EDGE('',*,*,#11196,.F.);
#8462=ORIENTED_EDGE('',*,*,#11218,.T.);
#8463=CARTESIAN_POINT('',(52.5599976,149.635,-4.17));
#8464=DIRECTION('',(0.0,-0.0,1.0));
#8465=DIRECTION('',(1.0,0.0,-0.0));
#8466=ORIENTED_EDGE('',*,*,#11220,.T.);
#8467=ORIENTED_EDGE('',*,*,#11221,.F.);
#8468=ORIENTED_EDGE('',*,*,#11222,.F.);
#8469=ORIENTED_EDGE('',*,*,#11223,.T.);
#8470=CARTESIAN_POINT('',(56.65,160.65,2.85));
#8471=DIRECTION('',(-1.0,0.0,0.0));
#8472=DIRECTION('',(0.0,0.0,1.0));
#8473=ORIENTED_EDGE('',*,*,#11224,.T.);
#8474=ORIENTED_EDGE('',*,*,#11225,.T.);
#8475=ORIENTED_EDGE('',*,*,#11226,.F.);
#8476=ORIENTED_EDGE('',*,*,#10595,.T.);
#8477=CARTESIAN_POINT('',(56.15451,155.4,0.5));
#8478=DIRECTION('',(0.0,-1.0,0.0));
#8479=DIRECTION('',(0.0,0.0,-1.0));
#8480=ORIENTED_EDGE('',*,*,#11227,.T.);
#8481=ORIENTED_EDGE('',*,*,#11228,.F.);
#8482=ORIENTED_EDGE('',*,*,#11229,.F.);
#8483=ORIENTED_EDGE('',*,*,#11230,.T.);
#8484=CARTESIAN_POINT('',(57.15,158.15,2.85));
#8485=DIRECTION('',(1.0,0.0,0.0));
#8486=DIRECTION('',(0.0,1.0,0.0));
#8487=ORIENTED_EDGE('',*,*,#11231,.T.);
#8488=ORIENTED_EDGE('',*,*,#11232,.F.);
#8489=ORIENTED_EDGE('',*,*,#11233,.F.);
#8490=ORIENTED_EDGE('',*,*,#11234,.T.);
#8491=CARTESIAN_POINT('',(56.65,168.15,2.85));
#8492=DIRECTION('',(0.0,-1.0,0.0));
#8493=DIRECTION('',(0.0,0.0,-1.0));
#8494=ORIENTED_EDGE('',*,*,#11235,.T.);
#8495=ORIENTED_EDGE('',*,*,#11236,.F.);
#8496=ORIENTED_EDGE('',*,*,#11237,.F.);
#8497=ORIENTED_EDGE('',*,*,#11238,.T.);
#8498=CARTESIAN_POINT('',(57.15,166.65,2.85));
#8499=DIRECTION('',(0.0,1.0,0.0));
#8500=DIRECTION('',(1.0,0.0,-0.0));
#8501=ORIENTED_EDGE('',*,*,#11239,.T.);
#8502=ORIENTED_EDGE('',*,*,#11240,.F.);
#8503=ORIENTED_EDGE('',*,*,#11241,.F.);
#8504=ORIENTED_EDGE('',*,*,#11242,.T.);
#8505=CARTESIAN_POINT('',(57.15,162.15,2.85));
#8506=DIRECTION('',(1.0,0.0,0.0));
#8507=DIRECTION('',(0.0,1.0,0.0));
#8508=ORIENTED_EDGE('',*,*,#11243,.F.);
#8509=ORIENTED_EDGE('',*,*,#11244,.F.);
#8510=CARTESIAN_POINT('',(8.7,152.05,-1.3));
#8511=DIRECTION('',(-0.0,-0.0,-1.0));
#8512=DIRECTION('',(0.0,-1.0,0.0));
#8513=ORIENTED_EDGE('',*,*,#11245,.T.);
#8514=ORIENTED_EDGE('',*,*,#11246,.F.);
#8515=ORIENTED_EDGE('',*,*,#11247,.F.);
#8516=ORIENTED_EDGE('',*,*,#11248,.T.);
#8517=CARTESIAN_POINT('',(57.15,164.65,2.85));
#8518=DIRECTION('',(0.0,1.0,0.0));
#8519=DIRECTION('',(1.0,0.0,-0.0));
#8520=ORIENTED_EDGE('',*,*,#11249,.T.);
#8521=ORIENTED_EDGE('',*,*,#11250,.T.);
#8522=ORIENTED_EDGE('',*,*,#11251,.F.);
#8523=ORIENTED_EDGE('',*,*,#10592,.F.);
#8524=CARTESIAN_POINT('',(55.6,161.148999816061,0.5));
#8525=DIRECTION('',(0.0,-0.0,1.0));
#8526=DIRECTION('',(0.0,-1.0,-0.0));
#8527=ORIENTED_EDGE('',*,*,#11252,.F.);
#8528=ORIENTED_EDGE('',*,*,#11253,.T.);
#8529=ORIENTED_EDGE('',*,*,#11225,.F.);
#8530=ORIENTED_EDGE('',*,*,#11254,.T.);
#8531=ORIENTED_EDGE('',*,*,#11255,.F.);
#8532=ORIENTED_EDGE('',*,*,#11250,.F.);
#8533=ORIENTED_EDGE('',*,*,#11256,.F.);
#8534=ORIENTED_EDGE('',*,*,#11257,.T.);
#8535=ORIENTED_EDGE('',*,*,#11258,.F.);
#8536=ORIENTED_EDGE('',*,*,#11259,.T.);
#8537=ORIENTED_EDGE('',*,*,#11260,.F.);
#8538=ORIENTED_EDGE('',*,*,#11261,.T.);
#8539=ORIENTED_EDGE('',*,*,#11262,.F.);
#8540=ORIENTED_EDGE('',*,*,#11263,.F.);
#8541=ORIENTED_EDGE('',*,*,#11264,.F.);
#8542=ORIENTED_EDGE('',*,*,#11265,.F.);
#8543=ORIENTED_EDGE('',*,*,#11266,.F.);
#8544=ORIENTED_EDGE('',*,*,#11267,.T.);
#8545=ORIENTED_EDGE('',*,*,#11234,.F.);
#8546=ORIENTED_EDGE('',*,*,#11268,.F.);
#8547=ORIENTED_EDGE('',*,*,#11269,.F.);
#8548=ORIENTED_EDGE('',*,*,#11270,.F.);
#8549=ORIENTED_EDGE('',*,*,#11271,.F.);
#8550=ORIENTED_EDGE('',*,*,#11272,.F.);
#8551=ORIENTED_EDGE('',*,*,#11273,.F.);
#8552=ORIENTED_EDGE('',*,*,#11238,.F.);
#8553=ORIENTED_EDGE('',*,*,#11274,.F.);
#8554=ORIENTED_EDGE('',*,*,#11242,.F.);
#8555=ORIENTED_EDGE('',*,*,#11275,.F.);
#8556=ORIENTED_EDGE('',*,*,#11276,.F.);
#8557=ORIENTED_EDGE('',*,*,#11223,.F.);
#8558=ORIENTED_EDGE('',*,*,#11277,.F.);
#8559=ORIENTED_EDGE('',*,*,#11278,.F.);
#8560=ORIENTED_EDGE('',*,*,#11279,.F.);
#8561=ORIENTED_EDGE('',*,*,#11280,.F.);
#8562=ORIENTED_EDGE('',*,*,#11281,.F.);
#8563=ORIENTED_EDGE('',*,*,#11282,.F.);
#8564=ORIENTED_EDGE('',*,*,#11283,.F.);
#8565=ORIENTED_EDGE('',*,*,#11284,.F.);
#8566=ORIENTED_EDGE('',*,*,#11230,.F.);
#8567=ORIENTED_EDGE('',*,*,#11285,.F.);
#8568=ORIENTED_EDGE('',*,*,#11286,.F.);
#8569=ORIENTED_EDGE('',*,*,#11287,.T.);
#8570=ORIENTED_EDGE('',*,*,#11288,.T.);
#8571=ORIENTED_EDGE('',*,*,#11289,.F.);
#8572=ORIENTED_EDGE('',*,*,#11290,.F.);
#8573=ORIENTED_EDGE('',*,*,#11248,.F.);
#8574=ORIENTED_EDGE('',*,*,#11291,.F.);
#8575=CARTESIAN_POINT('',(28.96151,146.337769319434,-2.5));
#8576=DIRECTION('',(0.0,0.0,-1.0));
#8577=DIRECTION('',(0.0,-1.0,0.0));
#8578=ORIENTED_EDGE('',*,*,#11292,.T.);
#8579=ORIENTED_EDGE('',*,*,#11252,.T.);
#8580=ORIENTED_EDGE('',*,*,#11293,.F.);
#8581=ORIENTED_EDGE('',*,*,#10597,.T.);
#8582=CARTESIAN_POINT('',(57.9,155.546,0.5));
#8583=DIRECTION('',(1.0,0.0,0.0));
#8584=DIRECTION('',(0.0,1.0,0.0));
#8585=ORIENTED_EDGE('',*,*,#11224,.F.);
#8586=ORIENTED_EDGE('',*,*,#10594,.T.);
#8587=ORIENTED_EDGE('',*,*,#11294,.T.);
#8588=ORIENTED_EDGE('',*,*,#11254,.F.);
#8589=CARTESIAN_POINT('',(56.7,156.2,0.5));
#8590=DIRECTION('',(0.0,-0.0,1.0));
#8591=DIRECTION('',(0.0,-1.0,-0.0));
#8592=ORIENTED_EDGE('',*,*,#11292,.F.);
#8593=ORIENTED_EDGE('',*,*,#10596,.T.);
#8594=ORIENTED_EDGE('',*,*,#11226,.T.);
#8595=ORIENTED_EDGE('',*,*,#11253,.F.);
#8596=CARTESIAN_POINT('',(57.1,156.2,0.5));
#8597=DIRECTION('',(0.0,-0.0,1.0));
#8598=DIRECTION('',(0.0,-1.0,-0.0));
#8599=ORIENTED_EDGE('',*,*,#11295,.F.);
#8600=ORIENTED_EDGE('',*,*,#10598,.T.);
#8601=ORIENTED_EDGE('',*,*,#11293,.T.);
#8602=ORIENTED_EDGE('',*,*,#11267,.F.);
#8603=CARTESIAN_POINT('',(57.1,168.6,0.5));
#8604=DIRECTION('',(0.0,-0.0,1.0));
#8605=DIRECTION('',(0.0,-1.0,-0.0));
#8606=ORIENTED_EDGE('',*,*,#11296,.T.);
#8607=ORIENTED_EDGE('',*,*,#11297,.F.);
#8608=ORIENTED_EDGE('',*,*,#11231,.F.);
#8609=ORIENTED_EDGE('',*,*,#11270,.T.);
#8610=CARTESIAN_POINT('',(56.65,168.65,2.85));
#8611=DIRECTION('',(-1.0,0.0,0.0));
#8612=DIRECTION('',(0.0,0.0,1.0));
#8613=ORIENTED_EDGE('',*,*,#11233,.T.);
#8614=ORIENTED_EDGE('',*,*,#11298,.F.);
#8615=ORIENTED_EDGE('',*,*,#11299,.F.);
#8616=ORIENTED_EDGE('',*,*,#11268,.T.);
#8617=CARTESIAN_POINT('',(57.15,168.15,2.85));
#8618=DIRECTION('',(1.0,0.0,0.0));
#8619=DIRECTION('',(0.0,1.0,0.0));
#8620=ORIENTED_EDGE('',*,*,#11299,.T.);
#8621=ORIENTED_EDGE('',*,*,#11300,.F.);
#8622=ORIENTED_EDGE('',*,*,#11296,.F.);
#8623=ORIENTED_EDGE('',*,*,#11269,.T.);
#8624=CARTESIAN_POINT('',(57.15,168.65,2.85));
#8625=DIRECTION('',(0.0,1.0,0.0));
#8626=DIRECTION('',(1.0,0.0,-0.0));
#8627=ORIENTED_EDGE('',*,*,#11301,.T.);
#8628=ORIENTED_EDGE('',*,*,#11302,.T.);
#8629=ORIENTED_EDGE('',*,*,#11303,.T.);
#8630=ORIENTED_EDGE('',*,*,#11304,.T.);
#8631=CARTESIAN_POINT('',(56.9,168.4,-9.96));
#8632=DIRECTION('',(0.0,0.0,-1.0));
#8633=DIRECTION('',(0.0,-1.0,0.0));
#8634=ORIENTED_EDGE('',*,*,#11305,.T.);
#8635=ORIENTED_EDGE('',*,*,#11306,.F.);
#8636=ORIENTED_EDGE('',*,*,#11307,.F.);
#8637=ORIENTED_EDGE('',*,*,#11289,.T.);
#8638=CARTESIAN_POINT('',(56.65,164.15,2.85));
#8639=DIRECTION('',(0.0,-1.0,0.0));
#8640=DIRECTION('',(0.0,0.0,-1.0));
#8641=ORIENTED_EDGE('',*,*,#11307,.T.);
#8642=ORIENTED_EDGE('',*,*,#11308,.F.);
#8643=ORIENTED_EDGE('',*,*,#11245,.F.);
#8644=ORIENTED_EDGE('',*,*,#11290,.T.);
#8645=CARTESIAN_POINT('',(57.15,164.15,2.85));
#8646=DIRECTION('',(1.0,0.0,0.0));
#8647=DIRECTION('',(0.0,1.0,0.0));
#8648=ORIENTED_EDGE('',*,*,#11247,.T.);
#8649=ORIENTED_EDGE('',*,*,#11309,.F.);
#8650=ORIENTED_EDGE('',*,*,#11305,.F.);
#8651=ORIENTED_EDGE('',*,*,#11291,.T.);
#8652=CARTESIAN_POINT('',(56.65,164.65,2.85));
#8653=DIRECTION('',(-1.0,0.0,0.0));
#8654=DIRECTION('',(0.0,0.0,1.0));
#8655=ORIENTED_EDGE('',*,*,#11310,.T.);
#8656=ORIENTED_EDGE('',*,*,#11311,.T.);
#8657=ORIENTED_EDGE('',*,*,#11312,.T.);
#8658=ORIENTED_EDGE('',*,*,#11313,.T.);
#8659=CARTESIAN_POINT('',(56.9,164.4,-9.96));
#8660=DIRECTION('',(0.0,0.0,-1.0));
#8661=DIRECTION('',(0.0,-1.0,0.0));
#8662=ORIENTED_EDGE('',*,*,#11314,.T.);
#8663=ORIENTED_EDGE('',*,*,#11315,.T.);
#8664=ORIENTED_EDGE('',*,*,#11316,.T.);
#8665=ORIENTED_EDGE('',*,*,#11317,.T.);
#8666=CARTESIAN_POINT('',(56.9,162.4,-9.96));
#8667=DIRECTION('',(0.0,0.0,-1.0));
#8668=DIRECTION('',(0.0,-1.0,0.0));
#8669=ORIENTED_EDGE('',*,*,#11241,.T.);
#8670=ORIENTED_EDGE('',*,*,#11318,.F.);
#8671=ORIENTED_EDGE('',*,*,#11319,.F.);
#8672=ORIENTED_EDGE('',*,*,#11275,.T.);
#8673=CARTESIAN_POINT('',(57.15,162.65,2.85));
#8674=DIRECTION('',(0.0,1.0,0.0));
#8675=DIRECTION('',(1.0,0.0,-0.0));
#8676=ORIENTED_EDGE('',*,*,#11320,.T.);
#8677=ORIENTED_EDGE('',*,*,#11321,.F.);
#8678=ORIENTED_EDGE('',*,*,#11239,.F.);
#8679=ORIENTED_EDGE('',*,*,#11274,.T.);
#8680=CARTESIAN_POINT('',(56.65,162.15,2.85));
#8681=DIRECTION('',(0.0,-1.0,0.0));
#8682=DIRECTION('',(0.0,0.0,-1.0));
#8683=ORIENTED_EDGE('',*,*,#11319,.T.);
#8684=ORIENTED_EDGE('',*,*,#11322,.F.);
#8685=ORIENTED_EDGE('',*,*,#11320,.F.);
#8686=ORIENTED_EDGE('',*,*,#11276,.T.);
#8687=CARTESIAN_POINT('',(56.65,162.65,2.85));
#8688=DIRECTION('',(-1.0,0.0,0.0));
#8689=DIRECTION('',(0.0,0.0,1.0));
#8690=ORIENTED_EDGE('',*,*,#11229,.T.);
#8691=ORIENTED_EDGE('',*,*,#11323,.F.);
#8692=ORIENTED_EDGE('',*,*,#11324,.F.);
#8693=ORIENTED_EDGE('',*,*,#11285,.T.);
#8694=CARTESIAN_POINT('',(57.15,158.65,2.85));
#8695=DIRECTION('',(0.0,1.0,0.0));
#8696=DIRECTION('',(1.0,0.0,-0.0));
#8697=ORIENTED_EDGE('',*,*,#11325,.T.);
#8698=ORIENTED_EDGE('',*,*,#11326,.T.);
#8699=ORIENTED_EDGE('',*,*,#11327,.T.);
#8700=ORIENTED_EDGE('',*,*,#11328,.T.);
#8701=CARTESIAN_POINT('',(56.9,158.4,-9.96));
#8702=DIRECTION('',(0.0,0.0,-1.0));
#8703=DIRECTION('',(0.0,-1.0,0.0));
#8704=ORIENTED_EDGE('',*,*,#11324,.T.);
#8705=ORIENTED_EDGE('',*,*,#11329,.F.);
#8706=ORIENTED_EDGE('',*,*,#11330,.F.);
#8707=ORIENTED_EDGE('',*,*,#11286,.T.);
#8708=CARTESIAN_POINT('',(56.65,158.65,2.85));
#8709=DIRECTION('',(-1.0,0.0,0.0));
#8710=DIRECTION('',(0.0,0.0,1.0));
#8711=ORIENTED_EDGE('',*,*,#11330,.T.);
#8712=ORIENTED_EDGE('',*,*,#11331,.F.);
#8713=ORIENTED_EDGE('',*,*,#11227,.F.);
#8714=ORIENTED_EDGE('',*,*,#11284,.T.);
#8715=CARTESIAN_POINT('',(56.65,158.15,2.85));
#8716=DIRECTION('',(0.0,-1.0,0.0));
#8717=DIRECTION('',(0.0,0.0,-1.0));
#8718=ORIENTED_EDGE('',*,*,#11332,.T.);
#8719=ORIENTED_EDGE('',*,*,#11333,.F.);
#8720=ORIENTED_EDGE('',*,*,#11220,.F.);
#8721=ORIENTED_EDGE('',*,*,#11279,.T.);
#8722=CARTESIAN_POINT('',(57.15,160.65,2.85));
#8723=DIRECTION('',(0.0,1.0,0.0));
#8724=DIRECTION('',(1.0,0.0,-0.0));
#8725=ORIENTED_EDGE('',*,*,#11334,.T.);
#8726=ORIENTED_EDGE('',*,*,#11335,.F.);
#8727=ORIENTED_EDGE('',*,*,#11332,.F.);
#8728=ORIENTED_EDGE('',*,*,#11278,.T.);
#8729=CARTESIAN_POINT('',(57.15,160.15,2.85));
#8730=DIRECTION('',(1.0,0.0,0.0));
#8731=DIRECTION('',(0.0,1.0,0.0));
#8732=ORIENTED_EDGE('',*,*,#11222,.T.);
#8733=ORIENTED_EDGE('',*,*,#11336,.F.);
#8734=ORIENTED_EDGE('',*,*,#11334,.F.);
#8735=ORIENTED_EDGE('',*,*,#11277,.T.);
#8736=CARTESIAN_POINT('',(56.65,160.15,2.85));
#8737=DIRECTION('',(0.0,-1.0,0.0));
#8738=DIRECTION('',(0.0,0.0,-1.0));
#8739=ORIENTED_EDGE('',*,*,#11337,.T.);
#8740=ORIENTED_EDGE('',*,*,#11338,.T.);
#8741=ORIENTED_EDGE('',*,*,#11339,.T.);
#8742=ORIENTED_EDGE('',*,*,#11340,.T.);
#8743=CARTESIAN_POINT('',(56.9,160.4,-9.96));
#8744=DIRECTION('',(0.0,0.0,-1.0));
#8745=DIRECTION('',(0.0,-1.0,0.0));
#8746=ORIENTED_EDGE('',*,*,#11243,.T.);
#8747=ORIENTED_EDGE('',*,*,#11341,.F.);
#8748=ORIENTED_EDGE('',*,*,#11287,.F.);
#8749=ORIENTED_EDGE('',*,*,#11342,.T.);
#8750=CARTESIAN_POINT('',(54.1199999216614,162.4,-0.5));
#8751=DIRECTION('',(0.0,0.0,-1.0));
#8752=DIRECTION('',(0.0,1.0,0.0));
#8753=ORIENTED_EDGE('',*,*,#11343,.T.);
#8754=ORIENTED_EDGE('',*,*,#11344,.T.);
#8755=ORIENTED_EDGE('',*,*,#11345,.T.);
#8756=ORIENTED_EDGE('',*,*,#11346,.T.);
#8757=CARTESIAN_POINT('',(56.9,166.4,-9.96));
#8758=DIRECTION('',(0.0,0.0,-1.0));
#8759=DIRECTION('',(0.0,-1.0,0.0));
#8760=ORIENTED_EDGE('',*,*,#11347,.T.);
#8761=ORIENTED_EDGE('',*,*,#11348,.F.);
#8762=ORIENTED_EDGE('',*,*,#11235,.F.);
#8763=ORIENTED_EDGE('',*,*,#11273,.T.);
#8764=CARTESIAN_POINT('',(57.15,166.15,2.85));
#8765=DIRECTION('',(1.0,0.0,0.0));
#8766=DIRECTION('',(0.0,1.0,0.0));
#8767=ORIENTED_EDGE('',*,*,#11237,.T.);
#8768=ORIENTED_EDGE('',*,*,#11349,.F.);
#8769=ORIENTED_EDGE('',*,*,#11350,.F.);
#8770=ORIENTED_EDGE('',*,*,#11271,.T.);
#8771=CARTESIAN_POINT('',(56.65,166.65,2.85));
#8772=DIRECTION('',(-1.0,0.0,0.0));
#8773=DIRECTION('',(0.0,0.0,1.0));
#8774=ORIENTED_EDGE('',*,*,#11350,.T.);
#8775=ORIENTED_EDGE('',*,*,#11351,.F.);
#8776=ORIENTED_EDGE('',*,*,#11347,.F.);
#8777=ORIENTED_EDGE('',*,*,#11272,.T.);
#8778=CARTESIAN_POINT('',(56.65,166.15,2.85));
#8779=DIRECTION('',(0.0,-1.0,0.0));
#8780=DIRECTION('',(0.0,0.0,-1.0));
#8781=ORIENTED_EDGE('',*,*,#10588,.T.);
#8782=ORIENTED_EDGE('',*,*,#11352,.F.);
#8783=ORIENTED_EDGE('',*,*,#11259,.F.);
#8784=ORIENTED_EDGE('',*,*,#11353,.T.);
#8785=CARTESIAN_POINT('',(52.395,162.610999816061,0.0));
#8786=DIRECTION('',(-1.0,0.0,0.0));
#8787=DIRECTION('',(0.0,0.0,1.0));
#8788=ORIENTED_EDGE('',*,*,#11354,.T.);
#8789=ORIENTED_EDGE('',*,*,#11260,.T.);
#8790=ORIENTED_EDGE('',*,*,#11352,.T.);
#8791=ORIENTED_EDGE('',*,*,#10587,.F.);
#8792=CARTESIAN_POINT('',(53.185,162.398999816061,-0.5));
#8793=DIRECTION('',(0.0,0.0,-1.0));
#8794=DIRECTION('',(0.0,1.0,0.0));
#8795=ORIENTED_EDGE('',*,*,#10586,.T.);
#8796=ORIENTED_EDGE('',*,*,#11355,.T.);
#8797=ORIENTED_EDGE('',*,*,#11261,.F.);
#8798=ORIENTED_EDGE('',*,*,#11354,.F.);
#8799=CARTESIAN_POINT('',(55.4,163.199000183939,-0.5));
#8800=DIRECTION('',(0.0,1.0,0.0));
#8801=DIRECTION('',(1.0,0.0,-0.0));
#8802=ORIENTED_EDGE('',*,*,#11356,.F.);
#8803=ORIENTED_EDGE('',*,*,#10583,.T.);
#8804=ORIENTED_EDGE('',*,*,#11357,.F.);
#8805=ORIENTED_EDGE('',*,*,#11264,.T.);
#8806=CARTESIAN_POINT('',(55.9,172.36,0.0));
#8807=DIRECTION('',(-1.0,-4.55756578253349E-17,-0.0));
#8808=DIRECTION('',(-4.55756578253349E-17,1.0,0.0));
#8809=ORIENTED_EDGE('',*,*,#11295,.T.);
#8810=ORIENTED_EDGE('',*,*,#11266,.T.);
#8811=ORIENTED_EDGE('',*,*,#11358,.T.);
#8812=ORIENTED_EDGE('',*,*,#10581,.T.);
#8813=CARTESIAN_POINT('',(57.75451,169.4,0.5));
#8814=DIRECTION('',(0.0,1.0,0.0));
#8815=DIRECTION('',(1.0,-0.0,0.0));
#8816=ORIENTED_EDGE('',*,*,#10582,.F.);
#8817=ORIENTED_EDGE('',*,*,#11358,.F.);
#8818=ORIENTED_EDGE('',*,*,#11265,.T.);
#8819=ORIENTED_EDGE('',*,*,#11357,.T.);
#8820=CARTESIAN_POINT('',(56.7,168.6,0.5));
#8821=DIRECTION('',(0.0,0.0,-1.0));
#8822=DIRECTION('',(0.0,1.0,0.0));
#8823=ORIENTED_EDGE('',*,*,#11356,.T.);
#8824=ORIENTED_EDGE('',*,*,#11263,.T.);
#8825=ORIENTED_EDGE('',*,*,#11359,.F.);
#8826=ORIENTED_EDGE('',*,*,#10584,.F.);
#8827=CARTESIAN_POINT('',(55.6,163.649000183939,0.5));
#8828=DIRECTION('',(0.0,-0.0,1.0));
#8829=DIRECTION('',(0.0,-1.0,-0.0));
#8830=ORIENTED_EDGE('',*,*,#10585,.F.);
#8831=ORIENTED_EDGE('',*,*,#11359,.T.);
#8832=ORIENTED_EDGE('',*,*,#11262,.T.);
#8833=ORIENTED_EDGE('',*,*,#11355,.F.);
#8834=CARTESIAN_POINT('',(55.4,163.699000183939,-0.5));
#8835=DIRECTION('',(0.0,-0.0,1.0));
#8836=DIRECTION('',(0.0,-1.0,-0.0));
#8837=ORIENTED_EDGE('',*,*,#10589,.F.);
#8838=ORIENTED_EDGE('',*,*,#11353,.F.);
#8839=ORIENTED_EDGE('',*,*,#11258,.T.);
#8840=ORIENTED_EDGE('',*,*,#11360,.F.);
#8841=CARTESIAN_POINT('',(53.185,162.398999816061,-0.5));
#8842=DIRECTION('',(0.0,0.0,-1.0));
#8843=DIRECTION('',(0.0,1.0,0.0));
#8844=ORIENTED_EDGE('',*,*,#11257,.F.);
#8845=ORIENTED_EDGE('',*,*,#11361,.F.);
#8846=ORIENTED_EDGE('',*,*,#10590,.T.);
#8847=ORIENTED_EDGE('',*,*,#11360,.T.);
#8848=CARTESIAN_POINT('',(53.385,161.598999816061,-0.5));
#8849=DIRECTION('',(0.0,-1.0,0.0));
#8850=DIRECTION('',(0.0,0.0,-1.0));
#8851=ORIENTED_EDGE('',*,*,#11249,.F.);
#8852=ORIENTED_EDGE('',*,*,#10591,.F.);
#8853=ORIENTED_EDGE('',*,*,#11361,.T.);
#8854=ORIENTED_EDGE('',*,*,#11256,.T.);
#8855=CARTESIAN_POINT('',(55.4,161.098999816061,-0.5));
#8856=DIRECTION('',(0.0,-0.0,1.0));
#8857=DIRECTION('',(0.0,-1.0,-0.0));
#8858=ORIENTED_EDGE('',*,*,#11255,.T.);
#8859=ORIENTED_EDGE('',*,*,#11294,.F.);
#8860=ORIENTED_EDGE('',*,*,#10593,.T.);
#8861=ORIENTED_EDGE('',*,*,#11251,.T.);
#8862=CARTESIAN_POINT('',(55.9,157.31,0.0));
#8863=DIRECTION('',(-1.0,-0.0,0.0));
#8864=DIRECTION('',(0.0,0.0,1.0));
#8865=ORIENTED_EDGE('',*,*,#11303,.F.);
#8866=ORIENTED_EDGE('',*,*,#11362,.T.);
#8867=ORIENTED_EDGE('',*,*,#11298,.T.);
#8868=ORIENTED_EDGE('',*,*,#11363,.F.);
#8869=CARTESIAN_POINT('',(57.1,168.4,-9.91));
#8870=DIRECTION('',(0.707106781186531,0.0,-0.707106781186564));
#8871=DIRECTION('',(0.0,-1.0,0.0));
#8872=ORIENTED_EDGE('',*,*,#11304,.F.);
#8873=ORIENTED_EDGE('',*,*,#11363,.T.);
#8874=ORIENTED_EDGE('',*,*,#11232,.T.);
#8875=ORIENTED_EDGE('',*,*,#11364,.T.);
#8876=CARTESIAN_POINT('',(56.9,168.2,-9.91));
#8877=DIRECTION('',(-0.0,-0.707106781186531,-0.707106781186564));
#8878=DIRECTION('',(0.0,-0.707106781186564,0.707106781186531));
#8879=ORIENTED_EDGE('',*,*,#11301,.F.);
#8880=ORIENTED_EDGE('',*,*,#11364,.F.);
#8881=ORIENTED_EDGE('',*,*,#11297,.T.);
#8882=ORIENTED_EDGE('',*,*,#11365,.F.);
#8883=CARTESIAN_POINT('',(56.7,168.4,-9.91));
#8884=DIRECTION('',(-0.707106781186531,0.0,-0.707106781186564));
#8885=DIRECTION('',(-0.707106781186564,0.0,0.707106781186531));
#8886=ORIENTED_EDGE('',*,*,#11302,.F.);
#8887=ORIENTED_EDGE('',*,*,#11365,.T.);
#8888=ORIENTED_EDGE('',*,*,#11300,.T.);
#8889=ORIENTED_EDGE('',*,*,#11362,.F.);
#8890=CARTESIAN_POINT('',(56.9,168.6,-9.91));
#8891=DIRECTION('',(0.0,0.707106781186531,-0.707106781186564));
#8892=DIRECTION('',(-1.0,0.0,0.0));
#8893=ORIENTED_EDGE('',*,*,#11346,.F.);
#8894=ORIENTED_EDGE('',*,*,#11366,.T.);
#8895=ORIENTED_EDGE('',*,*,#11351,.T.);
#8896=ORIENTED_EDGE('',*,*,#11367,.T.);
#8897=CARTESIAN_POINT('',(56.9,166.2,-9.91));
#8898=DIRECTION('',(-0.0,-0.707106781186531,-0.707106781186564));
#8899=DIRECTION('',(0.0,-0.707106781186564,0.707106781186531));
#8900=ORIENTED_EDGE('',*,*,#11343,.F.);
#8901=ORIENTED_EDGE('',*,*,#11367,.F.);
#8902=ORIENTED_EDGE('',*,*,#11349,.T.);
#8903=ORIENTED_EDGE('',*,*,#11368,.F.);
#8904=CARTESIAN_POINT('',(56.7,166.4,-9.91));
#8905=DIRECTION('',(-0.707106781186531,0.0,-0.707106781186564));
#8906=DIRECTION('',(-0.707106781186564,0.0,0.707106781186531));
#8907=ORIENTED_EDGE('',*,*,#11344,.F.);
#8908=ORIENTED_EDGE('',*,*,#11368,.T.);
#8909=ORIENTED_EDGE('',*,*,#11236,.T.);
#8910=ORIENTED_EDGE('',*,*,#11369,.F.);
#8911=CARTESIAN_POINT('',(56.9,166.6,-9.91));
#8912=DIRECTION('',(0.0,0.707106781186531,-0.707106781186564));
#8913=DIRECTION('',(-1.0,0.0,0.0));
#8914=ORIENTED_EDGE('',*,*,#11345,.F.);
#8915=ORIENTED_EDGE('',*,*,#11369,.T.);
#8916=ORIENTED_EDGE('',*,*,#11348,.T.);
#8917=ORIENTED_EDGE('',*,*,#11366,.F.);
#8918=CARTESIAN_POINT('',(57.1,166.4,-9.91));
#8919=DIRECTION('',(0.707106781186531,0.0,-0.707106781186564));
#8920=DIRECTION('',(0.0,-1.0,0.0));
#8921=ORIENTED_EDGE('',*,*,#11312,.F.);
#8922=ORIENTED_EDGE('',*,*,#11370,.T.);
#8923=ORIENTED_EDGE('',*,*,#11308,.T.);
#8924=ORIENTED_EDGE('',*,*,#11371,.F.);
#8925=CARTESIAN_POINT('',(57.1,164.4,-9.91));
#8926=DIRECTION('',(0.707106781186531,0.0,-0.707106781186564));
#8927=DIRECTION('',(0.0,-1.0,0.0));
#8928=ORIENTED_EDGE('',*,*,#11313,.F.);
#8929=ORIENTED_EDGE('',*,*,#11371,.T.);
#8930=ORIENTED_EDGE('',*,*,#11306,.T.);
#8931=ORIENTED_EDGE('',*,*,#11372,.T.);
#8932=CARTESIAN_POINT('',(56.9,164.2,-9.91));
#8933=DIRECTION('',(-0.0,-0.707106781186531,-0.707106781186564));
#8934=DIRECTION('',(0.0,-0.707106781186564,0.707106781186531));
#8935=ORIENTED_EDGE('',*,*,#11310,.F.);
#8936=ORIENTED_EDGE('',*,*,#11372,.F.);
#8937=ORIENTED_EDGE('',*,*,#11309,.T.);
#8938=ORIENTED_EDGE('',*,*,#11373,.F.);
#8939=CARTESIAN_POINT('',(56.7,164.4,-9.91));
#8940=DIRECTION('',(-0.707106781186531,0.0,-0.707106781186564));
#8941=DIRECTION('',(-0.707106781186564,0.0,0.707106781186531));
#8942=ORIENTED_EDGE('',*,*,#11311,.F.);
#8943=ORIENTED_EDGE('',*,*,#11373,.T.);
#8944=ORIENTED_EDGE('',*,*,#11246,.T.);
#8945=ORIENTED_EDGE('',*,*,#11370,.F.);
#8946=CARTESIAN_POINT('',(56.9,164.6,-9.91));
#8947=DIRECTION('',(0.0,0.707106781186531,-0.707106781186564));
#8948=DIRECTION('',(-1.0,0.0,0.0));
#8949=ORIENTED_EDGE('',*,*,#11316,.F.);
#8950=ORIENTED_EDGE('',*,*,#11374,.T.);
#8951=ORIENTED_EDGE('',*,*,#11240,.T.);
#8952=ORIENTED_EDGE('',*,*,#11375,.F.);
#8953=CARTESIAN_POINT('',(57.1,162.4,-9.91));
#8954=DIRECTION('',(0.707106781186531,0.0,-0.707106781186564));
#8955=DIRECTION('',(0.0,-1.0,0.0));
#8956=ORIENTED_EDGE('',*,*,#11317,.F.);
#8957=ORIENTED_EDGE('',*,*,#11375,.T.);
#8958=ORIENTED_EDGE('',*,*,#11321,.T.);
#8959=ORIENTED_EDGE('',*,*,#11376,.T.);
#8960=CARTESIAN_POINT('',(56.9,162.2,-9.91));
#8961=DIRECTION('',(-0.0,-0.707106781186531,-0.707106781186564));
#8962=DIRECTION('',(0.0,-0.707106781186564,0.707106781186531));
#8963=ORIENTED_EDGE('',*,*,#11314,.F.);
#8964=ORIENTED_EDGE('',*,*,#11376,.F.);
#8965=ORIENTED_EDGE('',*,*,#11322,.T.);
#8966=ORIENTED_EDGE('',*,*,#11377,.F.);
#8967=CARTESIAN_POINT('',(56.7,162.4,-9.91));
#8968=DIRECTION('',(-0.707106781186531,0.0,-0.707106781186564));
#8969=DIRECTION('',(-0.707106781186564,0.0,0.707106781186531));
#8970=ORIENTED_EDGE('',*,*,#11315,.F.);
#8971=ORIENTED_EDGE('',*,*,#11377,.T.);
#8972=ORIENTED_EDGE('',*,*,#11318,.T.);
#8973=ORIENTED_EDGE('',*,*,#11374,.F.);
#8974=CARTESIAN_POINT('',(56.9,162.6,-9.91));
#8975=DIRECTION('',(0.0,0.707106781186531,-0.707106781186564));
#8976=DIRECTION('',(-1.0,0.0,0.0));
#8977=ORIENTED_EDGE('',*,*,#11340,.F.);
#8978=ORIENTED_EDGE('',*,*,#11378,.T.);
#8979=ORIENTED_EDGE('',*,*,#11336,.T.);
#8980=ORIENTED_EDGE('',*,*,#11379,.T.);
#8981=CARTESIAN_POINT('',(56.9,160.2,-9.91));
#8982=DIRECTION('',(-0.0,-0.707106781186531,-0.707106781186564));
#8983=DIRECTION('',(0.0,-0.707106781186564,0.707106781186531));
#8984=ORIENTED_EDGE('',*,*,#11337,.F.);
#8985=ORIENTED_EDGE('',*,*,#11379,.F.);
#8986=ORIENTED_EDGE('',*,*,#11221,.T.);
#8987=ORIENTED_EDGE('',*,*,#11380,.F.);
#8988=CARTESIAN_POINT('',(56.7,160.4,-9.91));
#8989=DIRECTION('',(-0.707106781186531,0.0,-0.707106781186564));
#8990=DIRECTION('',(-0.707106781186564,0.0,0.707106781186531));
#8991=ORIENTED_EDGE('',*,*,#11338,.F.);
#8992=ORIENTED_EDGE('',*,*,#11380,.T.);
#8993=ORIENTED_EDGE('',*,*,#11333,.T.);
#8994=ORIENTED_EDGE('',*,*,#11381,.F.);
#8995=CARTESIAN_POINT('',(56.9,160.6,-9.91));
#8996=DIRECTION('',(0.0,0.707106781186531,-0.707106781186564));
#8997=DIRECTION('',(-1.0,0.0,0.0));
#8998=ORIENTED_EDGE('',*,*,#11339,.F.);
#8999=ORIENTED_EDGE('',*,*,#11381,.T.);
#9000=ORIENTED_EDGE('',*,*,#11335,.T.);
#9001=ORIENTED_EDGE('',*,*,#11378,.F.);
#9002=CARTESIAN_POINT('',(57.1,160.4,-9.91));
#9003=DIRECTION('',(0.707106781186531,0.0,-0.707106781186564));
#9004=DIRECTION('',(0.0,-1.0,0.0));
#9005=ORIENTED_EDGE('',*,*,#11327,.F.);
#9006=ORIENTED_EDGE('',*,*,#11382,.T.);
#9007=ORIENTED_EDGE('',*,*,#11228,.T.);
#9008=ORIENTED_EDGE('',*,*,#11383,.F.);
#9009=CARTESIAN_POINT('',(57.1,158.4,-9.91));
#9010=DIRECTION('',(0.707106781186531,0.0,-0.707106781186564));
#9011=DIRECTION('',(0.0,-1.0,0.0));
#9012=ORIENTED_EDGE('',*,*,#11328,.F.);
#9013=ORIENTED_EDGE('',*,*,#11383,.T.);
#9014=ORIENTED_EDGE('',*,*,#11331,.T.);
#9015=ORIENTED_EDGE('',*,*,#11384,.T.);
#9016=CARTESIAN_POINT('',(56.9,158.2,-9.91));
#9017=DIRECTION('',(-0.0,-0.707106781186531,-0.707106781186564));
#9018=DIRECTION('',(0.0,-0.707106781186564,0.707106781186531));
#9019=ORIENTED_EDGE('',*,*,#11325,.F.);
#9020=ORIENTED_EDGE('',*,*,#11384,.F.);
#9021=ORIENTED_EDGE('',*,*,#11329,.T.);
#9022=ORIENTED_EDGE('',*,*,#11385,.F.);
#9023=CARTESIAN_POINT('',(56.7,158.4,-9.91));
#9024=DIRECTION('',(-0.707106781186531,0.0,-0.707106781186564));
#9025=DIRECTION('',(-0.707106781186564,0.0,0.707106781186531));
#9026=ORIENTED_EDGE('',*,*,#11326,.F.);
#9027=ORIENTED_EDGE('',*,*,#11385,.T.);
#9028=ORIENTED_EDGE('',*,*,#11323,.T.);
#9029=ORIENTED_EDGE('',*,*,#11382,.F.);
#9030=CARTESIAN_POINT('',(56.9,158.6,-9.91));
#9031=DIRECTION('',(0.0,0.707106781186531,-0.707106781186564));
#9032=DIRECTION('',(-1.0,0.0,0.0));
#9033=ORIENTED_EDGE('',*,*,#11386,.F.);
#9034=ORIENTED_EDGE('',*,*,#11387,.T.);
#9035=ORIENTED_EDGE('',*,*,#11388,.T.);
#9036=ORIENTED_EDGE('',*,*,#11389,.T.);
#9037=CARTESIAN_POINT('',(56.9,156.2,-9.91));
#9038=DIRECTION('',(-0.0,-0.707106781186531,-0.707106781186564));
#9039=DIRECTION('',(0.0,-0.707106781186564,0.707106781186531));
#9040=ORIENTED_EDGE('',*,*,#11390,.F.);
#9041=ORIENTED_EDGE('',*,*,#11389,.F.);
#9042=ORIENTED_EDGE('',*,*,#11391,.T.);
#9043=ORIENTED_EDGE('',*,*,#11392,.F.);
#9044=CARTESIAN_POINT('',(56.7,156.4,-9.91));
#9045=DIRECTION('',(-0.707106781186531,0.0,-0.707106781186564));
#9046=DIRECTION('',(-0.707106781186564,0.0,0.707106781186531));
#9047=ORIENTED_EDGE('',*,*,#11393,.F.);
#9048=ORIENTED_EDGE('',*,*,#11392,.T.);
#9049=ORIENTED_EDGE('',*,*,#11394,.T.);
#9050=ORIENTED_EDGE('',*,*,#11395,.F.);
#9051=CARTESIAN_POINT('',(56.9,156.6,-9.91));
#9052=DIRECTION('',(0.0,0.707106781186531,-0.707106781186564));
#9053=DIRECTION('',(-1.0,0.0,0.0));
#9054=ORIENTED_EDGE('',*,*,#11396,.F.);
#9055=ORIENTED_EDGE('',*,*,#11395,.T.);
#9056=ORIENTED_EDGE('',*,*,#11397,.T.);
#9057=ORIENTED_EDGE('',*,*,#11387,.F.);
#9058=CARTESIAN_POINT('',(57.1,156.4,-9.91));
#9059=DIRECTION('',(0.707106781186531,0.0,-0.707106781186564));
#9060=DIRECTION('',(0.0,-1.0,0.0));
#9061=ORIENTED_EDGE('',*,*,#11390,.T.);
#9062=ORIENTED_EDGE('',*,*,#11393,.T.);
#9063=ORIENTED_EDGE('',*,*,#11396,.T.);
#9064=ORIENTED_EDGE('',*,*,#11386,.T.);
#9065=CARTESIAN_POINT('',(56.9,156.4,-9.96));
#9066=DIRECTION('',(0.0,0.0,-1.0));
#9067=DIRECTION('',(0.0,-1.0,0.0));
#9068=ORIENTED_EDGE('',*,*,#11398,.T.);
#9069=ORIENTED_EDGE('',*,*,#11388,.F.);
#9070=ORIENTED_EDGE('',*,*,#11399,.F.);
#9071=ORIENTED_EDGE('',*,*,#11282,.T.);
#9072=CARTESIAN_POINT('',(56.65,156.15,2.85));
#9073=DIRECTION('',(0.0,-1.0,0.0));
#9074=DIRECTION('',(0.0,0.0,-1.0));
#9075=ORIENTED_EDGE('',*,*,#11399,.T.);
#9076=ORIENTED_EDGE('',*,*,#11397,.F.);
#9077=ORIENTED_EDGE('',*,*,#11400,.F.);
#9078=ORIENTED_EDGE('',*,*,#11283,.T.);
#9079=CARTESIAN_POINT('',(57.15,156.15,2.85));
#9080=DIRECTION('',(1.0,0.0,0.0));
#9081=DIRECTION('',(0.0,1.0,0.0));
#9082=ORIENTED_EDGE('',*,*,#11400,.T.);
#9083=ORIENTED_EDGE('',*,*,#11394,.F.);
#9084=ORIENTED_EDGE('',*,*,#11401,.F.);
#9085=ORIENTED_EDGE('',*,*,#11280,.T.);
#9086=CARTESIAN_POINT('',(57.15,156.65,2.85));
#9087=DIRECTION('',(0.0,1.0,0.0));
#9088=DIRECTION('',(1.0,0.0,-0.0));
#9089=ORIENTED_EDGE('',*,*,#11401,.T.);
#9090=ORIENTED_EDGE('',*,*,#11391,.F.);
#9091=ORIENTED_EDGE('',*,*,#11398,.F.);
#9092=ORIENTED_EDGE('',*,*,#11281,.T.);
#9093=CARTESIAN_POINT('',(56.65,156.65,2.85));
#9094=DIRECTION('',(-1.0,0.0,0.0));
#9095=DIRECTION('',(0.0,0.0,1.0));
#9096=ORIENTED_EDGE('',*,*,#11119,.F.);
#9097=ORIENTED_EDGE('',*,*,#11141,.T.);
#9098=ORIENTED_EDGE('',*,*,#11139,.F.);
#9099=ORIENTED_EDGE('',*,*,#11127,.T.);
#9100=ORIENTED_EDGE('',*,*,#11125,.T.);
#9101=ORIENTED_EDGE('',*,*,#11123,.T.);
#9102=ORIENTED_EDGE('',*,*,#11120,.T.);
#9103=ORIENTED_EDGE('',*,*,#10574,.F.);
#9104=CARTESIAN_POINT('',(54.36,173.845,-1.67));
#9105=DIRECTION('',(-0.0,-0.0,-1.0));
#9106=DIRECTION('',(0.0,-1.0,0.0));
#9107=ORIENTED_EDGE('',*,*,#11162,.F.);
#9108=ORIENTED_EDGE('',*,*,#11157,.F.);
#9109=ORIENTED_EDGE('',*,*,#11156,.T.);
#9110=ORIENTED_EDGE('',*,*,#11159,.T.);
#9111=CARTESIAN_POINT('',(54.36,170.035,-2.398));
#9112=DIRECTION('',(0.0,-0.0,1.0));
#9113=DIRECTION('',(0.0,-1.0,-0.0));
#9114=ORIENTED_EDGE('',*,*,#11197,.F.);
#9115=ORIENTED_EDGE('',*,*,#11219,.T.);
#9116=ORIENTED_EDGE('',*,*,#11217,.F.);
#9117=ORIENTED_EDGE('',*,*,#11205,.T.);
#9118=ORIENTED_EDGE('',*,*,#11203,.T.);
#9119=ORIENTED_EDGE('',*,*,#11201,.T.);
#9120=ORIENTED_EDGE('',*,*,#11198,.T.);
#9121=ORIENTED_EDGE('',*,*,#10580,.F.);
#9122=CARTESIAN_POINT('',(54.36,150.985,-1.67));
#9123=DIRECTION('',(-0.0,-0.0,-1.0));
#9124=DIRECTION('',(0.0,-1.0,0.0));
#9125=ORIENTED_EDGE('',*,*,#11188,.F.);
#9126=ORIENTED_EDGE('',*,*,#11183,.F.);
#9127=ORIENTED_EDGE('',*,*,#11182,.T.);
#9128=ORIENTED_EDGE('',*,*,#11185,.T.);
#9129=CARTESIAN_POINT('',(54.36,154.795,-2.398));
#9130=DIRECTION('',(0.0,-0.0,1.0));
#9131=DIRECTION('',(0.0,-1.0,-0.0));
#9132=ORIENTED_EDGE('',*,*,#10843,.F.);
#9133=ORIENTED_EDGE('',*,*,#10862,.T.);
#9134=ORIENTED_EDGE('',*,*,#10864,.F.);
#9135=ORIENTED_EDGE('',*,*,#10851,.T.);
#9136=ORIENTED_EDGE('',*,*,#10849,.T.);
#9137=ORIENTED_EDGE('',*,*,#10847,.T.);
#9138=ORIENTED_EDGE('',*,*,#10844,.T.);
#9139=ORIENTED_EDGE('',*,*,#10468,.F.);
#9140=CARTESIAN_POINT('',(3.56,154.795,-2.0));
#9141=DIRECTION('',(0.0,0.0,-1.0));
#9142=DIRECTION('',(1.0,0.0,0.0));
#9143=ORIENTED_EDGE('',*,*,#11341,.T.);
#9144=ORIENTED_EDGE('',*,*,#11244,.T.);
#9145=ORIENTED_EDGE('',*,*,#11342,.F.);
#9146=ORIENTED_EDGE('',*,*,#11288,.F.);
#9147=CARTESIAN_POINT('',(54.1199999216614,162.4,-0.5));
#9148=DIRECTION('',(0.0,0.0,-1.0));
#9149=DIRECTION('',(0.0,1.0,0.0));
#9150=ORIENTED_EDGE('',*,*,#10868,.F.);
#9151=ORIENTED_EDGE('',*,*,#10887,.T.);
#9152=ORIENTED_EDGE('',*,*,#10889,.F.);
#9153=ORIENTED_EDGE('',*,*,#10876,.T.);
#9154=ORIENTED_EDGE('',*,*,#10874,.T.);
#9155=ORIENTED_EDGE('',*,*,#10872,.T.);
#9156=ORIENTED_EDGE('',*,*,#10869,.T.);
#9157=ORIENTED_EDGE('',*,*,#10470,.F.);
#9158=CARTESIAN_POINT('',(3.56,162.415,-2.0));
#9159=DIRECTION('',(0.0,0.0,-1.0));
#9160=DIRECTION('',(1.0,0.0,0.0));
#9161=ORIENTED_EDGE('',*,*,#11145,.F.);
#9162=ORIENTED_EDGE('',*,*,#11167,.T.);
#9163=ORIENTED_EDGE('',*,*,#11165,.F.);
#9164=ORIENTED_EDGE('',*,*,#11153,.T.);
#9165=ORIENTED_EDGE('',*,*,#11151,.T.);
#9166=ORIENTED_EDGE('',*,*,#11149,.T.);
#9167=ORIENTED_EDGE('',*,*,#11146,.T.);
#9168=ORIENTED_EDGE('',*,*,#10576,.F.);
#9169=CARTESIAN_POINT('',(54.36,170.035,-1.67));
#9170=DIRECTION('',(-0.0,-0.0,-1.0));
#9171=DIRECTION('',(0.0,-1.0,0.0));
#9172=ORIENTED_EDGE('',*,*,#10630,.F.);
#9173=ORIENTED_EDGE('',*,*,#10629,.T.);
#9174=ORIENTED_EDGE('',*,*,#10632,.T.);
#9175=ORIENTED_EDGE('',*,*,#11402,.F.);
#9176=CARTESIAN_POINT('',(3.56,170.035,-2.728));
#9177=DIRECTION('',(-0.0,0.0,1.0));
#9178=DIRECTION('',(1.0,0.0,0.0));
#9179=ORIENTED_EDGE('',*,*,#10880,.F.);
#9180=ORIENTED_EDGE('',*,*,#10879,.T.);
#9181=ORIENTED_EDGE('',*,*,#10882,.T.);
#9182=ORIENTED_EDGE('',*,*,#11403,.F.);
#9183=CARTESIAN_POINT('',(3.56,162.415,-2.728));
#9184=DIRECTION('',(-0.0,0.0,1.0));
#9185=DIRECTION('',(1.0,0.0,0.0));
#9186=ORIENTED_EDGE('',*,*,#11214,.F.);
#9187=ORIENTED_EDGE('',*,*,#11209,.F.);
#9188=ORIENTED_EDGE('',*,*,#11208,.T.);
#9189=ORIENTED_EDGE('',*,*,#11211,.T.);
#9190=CARTESIAN_POINT('',(54.36,150.985,-2.398));
#9191=DIRECTION('',(0.0,-0.0,1.0));
#9192=DIRECTION('',(0.0,-1.0,-0.0));
#9193=ORIENTED_EDGE('',*,*,#10855,.F.);
#9194=ORIENTED_EDGE('',*,*,#10854,.T.);
#9195=ORIENTED_EDGE('',*,*,#10857,.T.);
#9196=ORIENTED_EDGE('',*,*,#11404,.F.);
#9197=CARTESIAN_POINT('',(3.56,154.795,-2.728));
#9198=DIRECTION('',(-0.0,0.0,1.0));
#9199=DIRECTION('',(1.0,0.0,0.0));
#9200=ORIENTED_EDGE('',*,*,#11171,.F.);
#9201=ORIENTED_EDGE('',*,*,#11193,.T.);
#9202=ORIENTED_EDGE('',*,*,#11191,.F.);
#9203=ORIENTED_EDGE('',*,*,#11179,.T.);
#9204=ORIENTED_EDGE('',*,*,#11177,.T.);
#9205=ORIENTED_EDGE('',*,*,#11175,.T.);
#9206=ORIENTED_EDGE('',*,*,#11172,.T.);
#9207=ORIENTED_EDGE('',*,*,#10578,.F.);
#9208=CARTESIAN_POINT('',(54.36,154.795,-1.67));
#9209=DIRECTION('',(-0.0,-0.0,-1.0));
#9210=DIRECTION('',(0.0,-1.0,0.0));
#9211=ORIENTED_EDGE('',*,*,#11136,.F.);
#9212=ORIENTED_EDGE('',*,*,#11131,.F.);
#9213=ORIENTED_EDGE('',*,*,#11130,.T.);
#9214=ORIENTED_EDGE('',*,*,#11133,.T.);
#9215=CARTESIAN_POINT('',(54.36,173.845,-2.398));
#9216=DIRECTION('',(0.0,-0.0,1.0));
#9217=DIRECTION('',(0.0,-1.0,-0.0));
#9218=ORIENTED_EDGE('',*,*,#10618,.F.);
#9219=ORIENTED_EDGE('',*,*,#10637,.T.);
#9220=ORIENTED_EDGE('',*,*,#10639,.F.);
#9221=ORIENTED_EDGE('',*,*,#10626,.T.);
#9222=ORIENTED_EDGE('',*,*,#10624,.T.);
#9223=ORIENTED_EDGE('',*,*,#10622,.T.);
#9224=ORIENTED_EDGE('',*,*,#10619,.T.);
#9225=ORIENTED_EDGE('',*,*,#10366,.F.);
#9226=CARTESIAN_POINT('',(3.56,170.035,-2.0));
#9227=DIRECTION('',(0.0,0.0,-1.0));
#9228=DIRECTION('',(1.0,0.0,0.0));
#9229=ORIENTED_EDGE('',*,*,#11215,.T.);
#9230=ORIENTED_EDGE('',*,*,#11210,.T.);
#9231=ORIENTED_EDGE('',*,*,#11213,.F.);
#9232=ORIENTED_EDGE('',*,*,#11216,.F.);
#9233=CARTESIAN_POINT('',(54.36,150.985,-9.25));
#9234=DIRECTION('',(0.0,0.0,-1.0));
#9235=DIRECTION('',(0.0,-1.0,0.0));
#9236=ORIENTED_EDGE('',*,*,#10860,.T.);
#9237=ORIENTED_EDGE('',*,*,#11404,.T.);
#9238=ORIENTED_EDGE('',*,*,#10859,.F.);
#9239=ORIENTED_EDGE('',*,*,#10861,.F.);
#9240=CARTESIAN_POINT('',(3.56,154.795,-9.5));
#9241=DIRECTION('',(0.0,0.0,-1.0));
#9242=DIRECTION('',(1.0,0.0,0.0));
#9243=ORIENTED_EDGE('',*,*,#11163,.T.);
#9244=ORIENTED_EDGE('',*,*,#11158,.T.);
#9245=ORIENTED_EDGE('',*,*,#11161,.F.);
#9246=ORIENTED_EDGE('',*,*,#11164,.F.);
#9247=CARTESIAN_POINT('',(54.36,170.035,-9.25));
#9248=DIRECTION('',(0.0,0.0,-1.0));
#9249=DIRECTION('',(0.0,-1.0,0.0));
#9250=ORIENTED_EDGE('',*,*,#11137,.T.);
#9251=ORIENTED_EDGE('',*,*,#11132,.T.);
#9252=ORIENTED_EDGE('',*,*,#11135,.F.);
#9253=ORIENTED_EDGE('',*,*,#11138,.F.);
#9254=CARTESIAN_POINT('',(54.36,173.845,-9.25));
#9255=DIRECTION('',(0.0,0.0,-1.0));
#9256=DIRECTION('',(0.0,-1.0,0.0));
#9257=ORIENTED_EDGE('',*,*,#10885,.T.);
#9258=ORIENTED_EDGE('',*,*,#11403,.T.);
#9259=ORIENTED_EDGE('',*,*,#10884,.F.);
#9260=ORIENTED_EDGE('',*,*,#10886,.F.);
#9261=CARTESIAN_POINT('',(3.56,162.415,-9.5));
#9262=DIRECTION('',(0.0,0.0,-1.0));
#9263=DIRECTION('',(1.0,0.0,0.0));
#9264=ORIENTED_EDGE('',*,*,#10635,.T.);
#9265=ORIENTED_EDGE('',*,*,#11402,.T.);
#9266=ORIENTED_EDGE('',*,*,#10634,.F.);
#9267=ORIENTED_EDGE('',*,*,#10636,.F.);
#9268=CARTESIAN_POINT('',(3.56,170.035,-9.5));
#9269=DIRECTION('',(0.0,0.0,-1.0));
#9270=DIRECTION('',(1.0,0.0,0.0));
#9271=ORIENTED_EDGE('',*,*,#11189,.T.);
#9272=ORIENTED_EDGE('',*,*,#11184,.T.);
#9273=ORIENTED_EDGE('',*,*,#11187,.F.);
#9274=ORIENTED_EDGE('',*,*,#11190,.F.);
#9275=CARTESIAN_POINT('',(54.36,154.795,-9.25));
#9276=DIRECTION('',(0.0,0.0,-1.0));
#9277=DIRECTION('',(0.0,-1.0,0.0));
#9278=ORIENTED_EDGE('',*,*,#10355,.T.);
#9279=ORIENTED_EDGE('',*,*,#10352,.T.);
#9280=ORIENTED_EDGE('',*,*,#10349,.T.);
#9281=ORIENTED_EDGE('',*,*,#10345,.T.);
#9282=CARTESIAN_POINT('',(29.2,162.4,0.0));
#9283=DIRECTION('',(0.0,0.0,-1.0));
#9284=DIRECTION('',(0.0,-1.0,0.0));
#9285=ORIENTED_EDGE('',*,*,#11405,.T.);
#9286=ORIENTED_EDGE('',*,*,#11406,.F.);
#9287=ORIENTED_EDGE('',*,*,#11407,.T.);
#9288=ORIENTED_EDGE('',*,*,#11408,.F.);
#9289=ORIENTED_EDGE('',*,*,#11409,.F.);
#9290=ORIENTED_EDGE('',*,*,#11410,.T.);
#9291=ORIENTED_EDGE('',*,*,#11411,.F.);
#9292=ORIENTED_EDGE('',*,*,#11412,.F.);
#9293=ORIENTED_EDGE('',*,*,#11413,.T.);
#9294=ORIENTED_EDGE('',*,*,#11414,.F.);
#9295=CARTESIAN_POINT('',(58.156,172.526177,8.94999999999999));
#9296=DIRECTION('',(1.0,0.0,0.0));
#9297=DIRECTION('',(0.0,1.0,0.0));
#9298=ORIENTED_EDGE('',*,*,#11415,.F.);
#9299=ORIENTED_EDGE('',*,*,#11416,.T.);
#9300=ORIENTED_EDGE('',*,*,#11417,.T.);
#9301=ORIENTED_EDGE('',*,*,#11418,.F.);
#9302=CARTESIAN_POINT('',(52.822,149.319,9.85));
#9303=DIRECTION('',(0.0,0.0,-1.0));
#9304=DIRECTION('',(1.0,0.0,0.0));
#9305=ORIENTED_EDGE('',*,*,#11418,.T.);
#9306=ORIENTED_EDGE('',*,*,#11419,.T.);
#9307=ORIENTED_EDGE('',*,*,#11416,.F.);
#9308=ORIENTED_EDGE('',*,*,#11420,.F.);
#9309=CARTESIAN_POINT('',(52.822,149.319,9.85));
#9310=DIRECTION('',(0.0,0.0,-1.0));
#9311=DIRECTION('',(1.0,0.0,0.0));
#9312=ORIENTED_EDGE('',*,*,#11421,.T.);
#9313=ORIENTED_EDGE('',*,*,#11422,.F.);
#9314=ORIENTED_EDGE('',*,*,#11423,.F.);
#9315=ORIENTED_EDGE('',*,*,#11424,.F.);
#9316=CARTESIAN_POINT('',(3.20601517258759,143.999,4.1));
#9317=DIRECTION('',(0.706322021815461,-0.707890670583049,0.0));
#9318=DIRECTION('',(0.707890670583049,0.706322021815461,0.0));
#9319=ORIENTED_EDGE('',*,*,#11425,.F.);
#9320=ORIENTED_EDGE('',*,*,#11426,.T.);
#9321=ORIENTED_EDGE('',*,*,#11427,.T.);
#9322=ORIENTED_EDGE('',*,*,#11428,.F.);
#9323=CARTESIAN_POINT('',(48.852,172.65517608389,7.1));
#9324=DIRECTION('',(0.0,2.99353058554952E-32,1.0));
#9325=DIRECTION('',(0.0,-1.0,2.99353058554952E-32));
#9326=ORIENTED_EDGE('',*,*,#11429,.F.);
#9327=ORIENTED_EDGE('',*,*,#11430,.F.);
#9328=ORIENTED_EDGE('',*,*,#11431,.T.);
#9329=ORIENTED_EDGE('',*,*,#11432,.F.);
#9330=CARTESIAN_POINT('',(0.233000000000002,179.101056274848,4.1));
#9331=DIRECTION('',(-0.707106781186548,-0.707106781186547,0.0));
#9332=DIRECTION('',(0.707106781186547,-0.707106781186548,0.0));
#9333=ORIENTED_EDGE('',*,*,#11433,.T.);
#9334=ORIENTED_EDGE('',*,*,#11422,.T.);
#9335=ORIENTED_EDGE('',*,*,#11434,.F.);
#9336=ORIENTED_EDGE('',*,*,#11435,.F.);
#9337=ORIENTED_EDGE('',*,*,#11436,.F.);
#9338=ORIENTED_EDGE('',*,*,#11437,.F.);
#9339=ORIENTED_EDGE('',*,*,#11438,.T.);
#9340=ORIENTED_EDGE('',*,*,#11432,.T.);
#9341=ORIENTED_EDGE('',*,*,#11439,.F.);
#9342=ORIENTED_EDGE('',*,*,#11440,.T.);
#9343=CARTESIAN_POINT('',(0.243999999999999,169.124978270239,5.75));
#9344=DIRECTION('',(-1.0,0.0,9.39853812860971E-32));
#9345=DIRECTION('',(0.0,1.0,0.0));
#9346=ORIENTED_EDGE('',*,*,#11441,.F.);
#9347=ORIENTED_EDGE('',*,*,#11442,.T.);
#9348=ORIENTED_EDGE('',*,*,#11443,.F.);
#9349=ORIENTED_EDGE('',*,*,#11444,.F.);
#9350=CARTESIAN_POINT('',(13.2083326145201,171.585129041977,6.10999999999998));
#9351=DIRECTION('',(1.0,2.56142439121056E-13,-9.39853812861161E-32));
#9352=DIRECTION('',(-2.56142439121056E-13,1.0,0.0));
#9353=ORIENTED_EDGE('',*,*,#11445,.F.);
#9354=ORIENTED_EDGE('',*,*,#11446,.T.);
#9355=ORIENTED_EDGE('',*,*,#11437,.T.);
#9356=ORIENTED_EDGE('',*,*,#11447,.F.);
#9357=CARTESIAN_POINT('',(0.843999999999999,180.215,7.1));
#9358=DIRECTION('',(-9.39853812860971E-32,0.0,-1.0));
#9359=DIRECTION('',(1.0,0.0,-9.39853812860971E-32));
#9360=ORIENTED_EDGE('',*,*,#11429,.T.);
#9361=ORIENTED_EDGE('',*,*,#11438,.F.);
#9362=ORIENTED_EDGE('',*,*,#11446,.F.);
#9363=ORIENTED_EDGE('',*,*,#11448,.F.);
#9364=CARTESIAN_POINT('',(0.245970000000005,144.00497,3.9));
#9365=DIRECTION('',(0.0,0.0,1.0));
#9366=DIRECTION('',(1.0,0.0,0.0));
#9367=ORIENTED_EDGE('',*,*,#11449,.F.);
#9368=ORIENTED_EDGE('',*,*,#11450,.T.);
#9369=ORIENTED_EDGE('',*,*,#11451,.T.);
#9370=ORIENTED_EDGE('',*,*,#11452,.F.);
#9371=ORIENTED_EDGE('',*,*,#11453,.F.);
#9372=ORIENTED_EDGE('',*,*,#11430,.T.);
#9373=ORIENTED_EDGE('',*,*,#11448,.T.);
#9374=ORIENTED_EDGE('',*,*,#11445,.T.);
#9375=ORIENTED_EDGE('',*,*,#11454,.F.);
#9376=ORIENTED_EDGE('',*,*,#11455,.T.);
#9377=ORIENTED_EDGE('',*,*,#11456,.T.);
#9378=ORIENTED_EDGE('',*,*,#11457,.T.);
#9379=ORIENTED_EDGE('',*,*,#11458,.F.);
#9380=ORIENTED_EDGE('',*,*,#11459,.F.);
#9381=CARTESIAN_POINT('',(47.005661,180.815,8.54999999999999));
#9382=DIRECTION('',(-0.0,1.0,0.0));
#9383=DIRECTION('',(1.0,0.0,0.0));
#9384=ORIENTED_EDGE('',*,*,#11439,.T.);
#9385=ORIENTED_EDGE('',*,*,#11431,.F.);
#9386=ORIENTED_EDGE('',*,*,#11453,.T.);
#9387=ORIENTED_EDGE('',*,*,#11460,.F.);
#9388=CARTESIAN_POINT('',(-0.363106781186548,178.222106781187,7.26999999999999));
#9389=DIRECTION('',(0.707106781186547,-0.707106781186548,-1.41631164871709E-32));
#9390=DIRECTION('',(0.0,2.00296714216271E-32,-1.0));
#9391=ORIENTED_EDGE('',*,*,#11414,.T.);
#9392=ORIENTED_EDGE('',*,*,#11461,.T.);
#9393=ORIENTED_EDGE('',*,*,#11462,.T.);
#9394=ORIENTED_EDGE('',*,*,#11463,.F.);
#9395=CARTESIAN_POINT('',(57.7731572875254,146.867842712475,6.01999999999998));
#9396=DIRECTION('',(-0.707106781186548,0.707106781186548,1.4163116487171E-32));
#9397=DIRECTION('',(2.00296714216272E-32,0.0,1.0));
#9398=ORIENTED_EDGE('',*,*,#11464,.T.);
#9399=ORIENTED_EDGE('',*,*,#11407,.F.);
#9400=ORIENTED_EDGE('',*,*,#11465,.F.);
#9401=ORIENTED_EDGE('',*,*,#11457,.F.);
#9402=CARTESIAN_POINT('',(91.996264068712,143.999,4.1));
#9403=DIRECTION('',(-0.707106781186547,0.707106781186548,0.0));
#9404=DIRECTION('',(-0.707106781186548,-0.707106781186547,0.0));
#9405=ORIENTED_EDGE('',*,*,#11466,.F.);
#9406=ORIENTED_EDGE('',*,*,#11458,.T.);
#9407=ORIENTED_EDGE('',*,*,#11465,.T.);
#9408=ORIENTED_EDGE('',*,*,#11406,.T.);
#9409=CARTESIAN_POINT('',(54.9267106781187,180.785710678119,7.26999999999999));
#9410=DIRECTION('',(-0.707106781186548,-0.707106781186547,1.18752284392434E-31));
#9411=DIRECTION('',(-0.707106781186547,0.707106781186548,0.0));
#9412=ORIENTED_EDGE('',*,*,#11467,.T.);
#9413=ORIENTED_EDGE('',*,*,#11468,.F.);
#9414=ORIENTED_EDGE('',*,*,#11469,.F.);
#9415=ORIENTED_EDGE('',*,*,#11470,.T.);
#9416=CARTESIAN_POINT('',(52.822,175.481,9.385));
#9417=DIRECTION('',(0.0,0.0,-1.0));
#9418=DIRECTION('',(1.0,0.0,0.0));
#9419=ORIENTED_EDGE('',*,*,#11471,.T.);
#9420=ORIENTED_EDGE('',*,*,#11472,.T.);
#9421=ORIENTED_EDGE('',*,*,#11473,.F.);
#9422=ORIENTED_EDGE('',*,*,#11474,.T.);
#9423=CARTESIAN_POINT('',(29.6096023463762,171.388058638756,5.73399999999998));
#9424=DIRECTION('',(0.466665303841133,0.884433996514643,-1.09268660555012E-31));
#9425=DIRECTION('',(-2.34147813552066E-31,0.0,-1.0));
#9426=ORIENTED_EDGE('',*,*,#11455,.F.);
#9427=ORIENTED_EDGE('',*,*,#11475,.T.);
#9428=ORIENTED_EDGE('',*,*,#11409,.T.);
#9429=ORIENTED_EDGE('',*,*,#11476,.F.);
#9430=CARTESIAN_POINT('',(57.556,180.215,7.1));
#9431=DIRECTION('',(0.0,0.0,1.0));
#9432=DIRECTION('',(-1.0,0.0,0.0));
#9433=ORIENTED_EDGE('',*,*,#11433,.F.);
#9434=ORIENTED_EDGE('',*,*,#11477,.T.);
#9435=ORIENTED_EDGE('',*,*,#11478,.F.);
#9436=ORIENTED_EDGE('',*,*,#11423,.T.);
#9437=CARTESIAN_POINT('',(3.47321093294169,144.014367797818,3.9));
#9438=DIRECTION('',(-0.707890670583049,-0.706322021815461,0.0));
#9439=DIRECTION('',(-0.706322021815461,0.707890670583049,0.0));
#9440=ORIENTED_EDGE('',*,*,#11479,.T.);
#9441=ORIENTED_EDGE('',*,*,#11462,.F.);
#9442=ORIENTED_EDGE('',*,*,#11480,.T.);
#9443=ORIENTED_EDGE('',*,*,#11481,.F.);
#9444=ORIENTED_EDGE('',*,*,#11482,.T.);
#9445=ORIENTED_EDGE('',*,*,#11483,.F.);
#9446=ORIENTED_EDGE('',*,*,#11484,.T.);
#9447=ORIENTED_EDGE('',*,*,#11485,.T.);
#9448=ORIENTED_EDGE('',*,*,#11424,.T.);
#9449=ORIENTED_EDGE('',*,*,#11478,.T.);
#9450=ORIENTED_EDGE('',*,*,#11486,.F.);
#9451=ORIENTED_EDGE('',*,*,#11443,.T.);
#9452=ORIENTED_EDGE('',*,*,#11487,.F.);
#9453=ORIENTED_EDGE('',*,*,#11488,.T.);
#9454=CARTESIAN_POINT('',(19.8123147519639,143.985,5.75));
#9455=DIRECTION('',(0.0,-1.0,0.0));
#9456=DIRECTION('',(0.0,0.0,-1.0));
#9457=ORIENTED_EDGE('',*,*,#11421,.F.);
#9458=ORIENTED_EDGE('',*,*,#11485,.F.);
#9459=ORIENTED_EDGE('',*,*,#11489,.T.);
#9460=ORIENTED_EDGE('',*,*,#11434,.T.);
#9461=CARTESIAN_POINT('',(57.2895786437627,145.617842712475,3.9));
#9462=DIRECTION('',(0.0,0.0,-1.0));
#9463=DIRECTION('',(0.0,-1.0,0.0));
#9464=ORIENTED_EDGE('',*,*,#11488,.F.);
#9465=ORIENTED_EDGE('',*,*,#11490,.T.);
#9466=ORIENTED_EDGE('',*,*,#11471,.F.);
#9467=ORIENTED_EDGE('',*,*,#11491,.T.);
#9468=CARTESIAN_POINT('',(30.5079752527193,141.833827901967,6.10999999999998));
#9469=DIRECTION('',(-1.0,-8.01312691930511E-13,9.39853812861564E-32));
#9470=DIRECTION('',(-8.01312691930511E-13,1.0,0.0));
#9471=ORIENTED_EDGE('',*,*,#11482,.F.);
#9472=ORIENTED_EDGE('',*,*,#11492,.T.);
#9473=ORIENTED_EDGE('',*,*,#11411,.T.);
#9474=ORIENTED_EDGE('',*,*,#11493,.F.);
#9475=CARTESIAN_POINT('',(57.656,144.485,7.1));
#9476=DIRECTION('',(0.0,0.0,-1.0));
#9477=DIRECTION('',(1.0,0.0,0.0));
#9478=ORIENTED_EDGE('',*,*,#11459,.T.);
#9479=ORIENTED_EDGE('',*,*,#11466,.T.);
#9480=ORIENTED_EDGE('',*,*,#11405,.F.);
#9481=ORIENTED_EDGE('',*,*,#11463,.T.);
#9482=ORIENTED_EDGE('',*,*,#11479,.F.);
#9483=ORIENTED_EDGE('',*,*,#11491,.F.);
#9484=ORIENTED_EDGE('',*,*,#11474,.F.);
#9485=ORIENTED_EDGE('',*,*,#11494,.F.);
#9486=ORIENTED_EDGE('',*,*,#11495,.F.);
#9487=ORIENTED_EDGE('',*,*,#11426,.F.);
#9488=ORIENTED_EDGE('',*,*,#11496,.F.);
#9489=ORIENTED_EDGE('',*,*,#11469,.T.);
#9490=ORIENTED_EDGE('',*,*,#11497,.T.);
#9491=ORIENTED_EDGE('',*,*,#11415,.T.);
#9492=ORIENTED_EDGE('',*,*,#11420,.T.);
#9493=CARTESIAN_POINT('',(51.037449617111,187.033740411393,6.58499999999998));
#9494=DIRECTION('',(-9.39853812860971E-32,-7.39557098644698E-32,-1.0));
#9495=DIRECTION('',(-1.0,0.0,9.39853812860971E-32));
#9496=ORIENTED_EDGE('',*,*,#11498,.F.);
#9497=ORIENTED_EDGE('',*,*,#11412,.T.);
#9498=ORIENTED_EDGE('',*,*,#11492,.F.);
#9499=ORIENTED_EDGE('',*,*,#11481,.T.);
#9500=CARTESIAN_POINT('',(0.245970000000005,144.00497,3.9));
#9501=DIRECTION('',(0.0,0.0,1.0));
#9502=DIRECTION('',(1.0,0.0,0.0));
#9503=ORIENTED_EDGE('',*,*,#11498,.T.);
#9504=ORIENTED_EDGE('',*,*,#11480,.F.);
#9505=ORIENTED_EDGE('',*,*,#11461,.F.);
#9506=ORIENTED_EDGE('',*,*,#11413,.F.);
#9507=CARTESIAN_POINT('',(55.0457359312881,143.999,4.0));
#9508=DIRECTION('',(0.707106781186548,0.707106781186548,0.0));
#9509=DIRECTION('',(-0.707106781186548,0.707106781186548,0.0));
#9510=ORIENTED_EDGE('',*,*,#11464,.F.);
#9511=ORIENTED_EDGE('',*,*,#11456,.F.);
#9512=ORIENTED_EDGE('',*,*,#11476,.T.);
#9513=ORIENTED_EDGE('',*,*,#11408,.T.);
#9514=CARTESIAN_POINT('',(0.245970000000005,144.00497,3.9));
#9515=DIRECTION('',(0.0,0.0,1.0));
#9516=DIRECTION('',(1.0,0.0,0.0));
#9517=ORIENTED_EDGE('',*,*,#11484,.F.);
#9518=ORIENTED_EDGE('',*,*,#11499,.T.);
#9519=ORIENTED_EDGE('',*,*,#11435,.T.);
#9520=ORIENTED_EDGE('',*,*,#11489,.F.);
#9521=CARTESIAN_POINT('',(0.843999999999999,144.585,7.1));
#9522=DIRECTION('',(9.39853812860971E-32,0.0,1.0));
#9523=DIRECTION('',(-1.0,0.0,9.39853812860971E-32));
#9524=ORIENTED_EDGE('',*,*,#11494,.T.);
#9525=ORIENTED_EDGE('',*,*,#11473,.T.);
#9526=ORIENTED_EDGE('',*,*,#11500,.F.);
#9527=ORIENTED_EDGE('',*,*,#11501,.T.);
#9528=CARTESIAN_POINT('',(39.2000000000002,171.800030344872,5.73399999999998));
#9529=DIRECTION('',(9.39853812860971E-32,7.39557098644698E-32,1.0));
#9530=DIRECTION('',(-1.0,6.95075558989617E-63,9.39853812860971E-32));
#9531=ORIENTED_EDGE('',*,*,#11441,.T.);
#9532=ORIENTED_EDGE('',*,*,#11502,.T.);
#9533=ORIENTED_EDGE('',*,*,#11503,.F.);
#9534=ORIENTED_EDGE('',*,*,#11504,.F.);
#9535=CARTESIAN_POINT('',(14.7083326145204,170.418048750376,7.1));
#9536=DIRECTION('',(9.39853812860971E-32,7.39557098644698E-32,1.0));
#9537=DIRECTION('',(-1.0,-1.0795210693868E-78,9.39853812860971E-32));
#9538=ORIENTED_EDGE('',*,*,#11444,.T.);
#9539=ORIENTED_EDGE('',*,*,#11486,.T.);
#9540=ORIENTED_EDGE('',*,*,#11477,.F.);
#9541=ORIENTED_EDGE('',*,*,#11440,.F.);
#9542=ORIENTED_EDGE('',*,*,#11460,.T.);
#9543=ORIENTED_EDGE('',*,*,#11452,.T.);
#9544=ORIENTED_EDGE('',*,*,#11505,.F.);
#9545=ORIENTED_EDGE('',*,*,#11506,.F.);
#9546=ORIENTED_EDGE('',*,*,#11507,.F.);
#9547=ORIENTED_EDGE('',*,*,#11502,.F.);
#9548=ORIENTED_EDGE('',*,*,#11508,.T.);
#9549=ORIENTED_EDGE('',*,*,#11509,.T.);
#9550=ORIENTED_EDGE('',*,*,#11510,.T.);
#9551=ORIENTED_EDGE('',*,*,#11511,.T.);
#9552=CARTESIAN_POINT('',(51.037449617111,187.033740411393,6.58499999999998));
#9553=DIRECTION('',(-9.39853812860971E-32,-7.39557098644698E-32,-1.0));
#9554=DIRECTION('',(-1.0,0.0,9.39853812860971E-32));
#9555=ORIENTED_EDGE('',*,*,#11483,.T.);
#9556=ORIENTED_EDGE('',*,*,#11493,.T.);
#9557=ORIENTED_EDGE('',*,*,#11410,.F.);
#9558=ORIENTED_EDGE('',*,*,#11475,.F.);
#9559=ORIENTED_EDGE('',*,*,#11454,.T.);
#9560=ORIENTED_EDGE('',*,*,#11447,.T.);
#9561=ORIENTED_EDGE('',*,*,#11436,.T.);
#9562=ORIENTED_EDGE('',*,*,#11499,.F.);
#9563=ORIENTED_EDGE('',*,*,#11467,.F.);
#9564=ORIENTED_EDGE('',*,*,#11512,.F.);
#9565=ORIENTED_EDGE('',*,*,#11513,.F.);
#9566=ORIENTED_EDGE('',*,*,#11514,.F.);
#9567=ORIENTED_EDGE('',*,*,#11515,.F.);
#9568=ORIENTED_EDGE('',*,*,#11516,.F.);
#9569=ORIENTED_EDGE('',*,*,#11417,.F.);
#9570=ORIENTED_EDGE('',*,*,#11419,.F.);
#9571=CARTESIAN_POINT('',(-0.267000000001817,143.498999999998,9.385));
#9572=DIRECTION('',(0.0,0.0,1.0));
#9573=DIRECTION('',(1.0,0.0,0.0));
#9574=ORIENTED_EDGE('',*,*,#11510,.F.);
#9575=ORIENTED_EDGE('',*,*,#11517,.T.);
#9576=ORIENTED_EDGE('',*,*,#11515,.T.);
#9577=ORIENTED_EDGE('',*,*,#11518,.F.);
#9578=CARTESIAN_POINT('',(5.578,175.481,9.85));
#9579=DIRECTION('',(0.0,0.0,-1.0));
#9580=DIRECTION('',(1.0,0.0,0.0));
#9581=ORIENTED_EDGE('',*,*,#11425,.T.);
#9582=ORIENTED_EDGE('',*,*,#11519,.F.);
#9583=ORIENTED_EDGE('',*,*,#11449,.T.);
#9584=ORIENTED_EDGE('',*,*,#11496,.T.);
#9585=CARTESIAN_POINT('',(50.352,180.815,7.75));
#9586=DIRECTION('',(-1.0,0.0,0.0));
#9587=DIRECTION('',(0.0,0.0,1.0));
#9588=ORIENTED_EDGE('',*,*,#11450,.F.);
#9589=ORIENTED_EDGE('',*,*,#11519,.T.);
#9590=ORIENTED_EDGE('',*,*,#11428,.T.);
#9591=ORIENTED_EDGE('',*,*,#11520,.F.);
#9592=ORIENTED_EDGE('',*,*,#11500,.T.);
#9593=ORIENTED_EDGE('',*,*,#11472,.F.);
#9594=ORIENTED_EDGE('',*,*,#11490,.F.);
#9595=ORIENTED_EDGE('',*,*,#11487,.T.);
#9596=ORIENTED_EDGE('',*,*,#11442,.F.);
#9597=ORIENTED_EDGE('',*,*,#11504,.T.);
#9598=ORIENTED_EDGE('',*,*,#11521,.F.);
#9599=ORIENTED_EDGE('',*,*,#11522,.F.);
#9600=ORIENTED_EDGE('',*,*,#11523,.F.);
#9601=CARTESIAN_POINT('',(41.5319202700185,177.988360342742,7.45));
#9602=DIRECTION('',(0.0,0.0,1.0));
#9603=DIRECTION('',(1.0,0.0,0.0));
#9604=ORIENTED_EDGE('',*,*,#11507,.T.);
#9605=ORIENTED_EDGE('',*,*,#11524,.T.);
#9606=ORIENTED_EDGE('',*,*,#11521,.T.);
#9607=ORIENTED_EDGE('',*,*,#11503,.T.);
#9608=CARTESIAN_POINT('',(19.8771885311034,174.670707512378,6.10999999999998));
#9609=DIRECTION('',(0.446131719709009,-0.894967311508908,2.42580830474639E-32));
#9610=DIRECTION('',(0.0,-2.7104993372959E-32,-1.0));
#9611=ORIENTED_EDGE('',*,*,#11451,.F.);
#9612=ORIENTED_EDGE('',*,*,#11523,.T.);
#9613=ORIENTED_EDGE('',*,*,#11525,.F.);
#9614=ORIENTED_EDGE('',*,*,#11505,.T.);
#9615=CARTESIAN_POINT('',(28.0529635187451,181.524413950981,6.98499999999998));
#9616=DIRECTION('',(1.0,0.0,-9.39853812860971E-32));
#9617=DIRECTION('',(-9.39853812860971E-32,0.0,-1.0));
#9618=ORIENTED_EDGE('',*,*,#11525,.T.);
#9619=ORIENTED_EDGE('',*,*,#11522,.T.);
#9620=ORIENTED_EDGE('',*,*,#11524,.F.);
#9621=ORIENTED_EDGE('',*,*,#11506,.T.);
#9622=CARTESIAN_POINT('',(30.7079752526929,174.633827901967,6.10999999999998));
#9623=DIRECTION('',(5.38321896932637E-13,-1.0,7.39557098644193E-32));
#9624=DIRECTION('',(0.0,-7.39557098644193E-32,-1.0));
#9625=ORIENTED_EDGE('',*,*,#11513,.T.);
#9626=ORIENTED_EDGE('',*,*,#11526,.F.);
#9627=ORIENTED_EDGE('',*,*,#11508,.F.);
#9628=ORIENTED_EDGE('',*,*,#11527,.T.);
#9629=CARTESIAN_POINT('',(5.578,149.319,9.385));
#9630=DIRECTION('',(0.0,0.0,-1.0));
#9631=DIRECTION('',(1.0,0.0,0.0));
#9632=ORIENTED_EDGE('',*,*,#11495,.T.);
#9633=ORIENTED_EDGE('',*,*,#11501,.F.);
#9634=ORIENTED_EDGE('',*,*,#11520,.T.);
#9635=ORIENTED_EDGE('',*,*,#11427,.F.);
#9636=CARTESIAN_POINT('',(41.7357261205346,167.665711411646,5.73399999999998));
#9637=DIRECTION('',(-0.424155444655201,0.905589398551766,-2.71090956251411E-32));
#9638=DIRECTION('',(-6.39131147949268E-32,0.0,1.0));
#9639=ORIENTED_EDGE('',*,*,#11526,.T.);
#9640=ORIENTED_EDGE('',*,*,#11514,.T.);
#9641=ORIENTED_EDGE('',*,*,#11527,.F.);
#9642=ORIENTED_EDGE('',*,*,#11509,.F.);
#9643=CARTESIAN_POINT('',(5.578,149.319,9.385));
#9644=DIRECTION('',(0.0,0.0,-1.0));
#9645=DIRECTION('',(1.0,0.0,0.0));
#9646=ORIENTED_EDGE('',*,*,#11518,.T.);
#9647=ORIENTED_EDGE('',*,*,#11516,.T.);
#9648=ORIENTED_EDGE('',*,*,#11517,.F.);
#9649=ORIENTED_EDGE('',*,*,#11511,.F.);
#9650=CARTESIAN_POINT('',(5.578,175.481,9.85));
#9651=DIRECTION('',(0.0,0.0,-1.0));
#9652=DIRECTION('',(1.0,0.0,0.0));
#9653=ORIENTED_EDGE('',*,*,#11468,.T.);
#9654=ORIENTED_EDGE('',*,*,#11512,.T.);
#9655=ORIENTED_EDGE('',*,*,#11470,.F.);
#9656=ORIENTED_EDGE('',*,*,#11497,.F.);
#9657=CARTESIAN_POINT('',(52.822,175.481,9.385));
#9658=DIRECTION('',(0.0,0.0,-1.0));
#9659=DIRECTION('',(1.0,0.0,0.0));
#9660=EDGE_CURVE('',#11528,#11529,#11530,.T.);
#9661=EDGE_CURVE('',#11531,#11529,#11532,.T.);
#9662=EDGE_CURVE('',#11533,#11531,#11534,.T.);
#9663=EDGE_CURVE('',#11533,#11528,#11535,.T.);
#9664=EDGE_CURVE('',#11536,#11531,#11537,.T.);
#9665=EDGE_CURVE('',#11538,#11536,#11539,.T.);
#9666=EDGE_CURVE('',#11538,#11533,#11540,.T.);
#9667=EDGE_CURVE('',#11541,#11536,#11542,.T.);
#9668=EDGE_CURVE('',#11543,#11541,#11544,.T.);
#9669=EDGE_CURVE('',#11543,#11538,#11545,.T.);
#9670=EDGE_CURVE('',#11529,#11541,#11546,.T.);
#9671=EDGE_CURVE('',#11528,#11543,#11547,.T.);
#9672=EDGE_CURVE('',#11548,#11549,#11550,.T.);
#9673=EDGE_CURVE('',#11548,#11551,#11552,.T.);
#9674=EDGE_CURVE('',#11551,#11553,#11554,.T.);
#9675=EDGE_CURVE('',#11549,#11553,#11555,.T.);
#9676=EDGE_CURVE('',#11556,#11557,#11558,.T.);
#9677=EDGE_CURVE('',#11559,#11556,#11560,.T.);
#9678=EDGE_CURVE('',#11559,#11561,#11562,.T.);
#9679=EDGE_CURVE('',#11563,#11561,#11564,.T.);
#9680=EDGE_CURVE('',#11563,#11557,#11565,.T.);
#9681=EDGE_CURVE('',#11566,#11567,#11568,.T.);
#9682=EDGE_CURVE('',#11566,#11569,#11570,.T.);
#9683=EDGE_CURVE('',#11571,#11569,#11572,.T.);
#9684=EDGE_CURVE('',#11567,#11571,#11573,.T.);
#9685=EDGE_CURVE('',#11574,#11575,#11576,.T.);
#9686=EDGE_CURVE('',#11577,#11574,#11578,.T.);
#9687=EDGE_CURVE('',#11579,#11577,#11580,.T.);
#9688=EDGE_CURVE('',#11579,#11575,#11581,.T.);
#9689=EDGE_CURVE('',#11582,#11583,#11584,.T.);
#9690=EDGE_CURVE('',#11582,#11585,#11586,.T.);
#9691=EDGE_CURVE('',#11585,#11587,#11588,.T.);
#9692=EDGE_CURVE('',#11583,#11587,#11589,.T.);
#9693=EDGE_CURVE('',#11590,#11591,#11592,.T.);
#9694=EDGE_CURVE('',#11593,#11590,#11594,.T.);
#9695=EDGE_CURVE('',#11593,#11595,#11596,.T.);
#9696=EDGE_CURVE('',#11595,#11591,#11597,.T.);
#9697=EDGE_CURVE('',#11598,#11599,#11600,.T.);
#9698=EDGE_CURVE('',#11601,#11598,#11602,.T.);
#9699=EDGE_CURVE('',#11603,#11601,#11604,.T.);
#9700=EDGE_CURVE('',#11603,#11599,#11605,.T.);
#9701=EDGE_CURVE('',#11606,#11607,#11608,.T.);
#9702=EDGE_CURVE('',#11609,#11606,#11610,.T.);
#9703=EDGE_CURVE('',#11611,#11609,#11612,.T.);
#9704=EDGE_CURVE('',#11611,#11607,#11613,.T.);
#9705=EDGE_CURVE('',#11614,#11615,#11616,.T.);
#9706=EDGE_CURVE('',#11614,#11603,#11617,.T.);
#9707=EDGE_CURVE('',#11615,#11601,#11618,.T.);
#9708=EDGE_CURVE('',#11619,#11620,#11621,.T.);
#9709=EDGE_CURVE('',#11619,#11622,#11623,.T.);
#9710=EDGE_CURVE('',#11624,#11622,#11625,.T.);
#9711=EDGE_CURVE('',#11620,#11624,#11626,.T.);
#9712=EDGE_CURVE('',#11627,#11628,#11629,.T.);
#9713=EDGE_CURVE('',#11627,#11630,#11631,.T.);
#9714=EDGE_CURVE('',#11632,#11630,#11633,.T.);
#9715=EDGE_CURVE('',#11628,#11632,#11634,.T.);
#9716=EDGE_CURVE('',#11635,#11636,#11637,.T.);
#9717=EDGE_CURVE('',#11638,#11635,#11639,.T.);
#9718=EDGE_CURVE('',#11638,#11640,#11641,.T.);
#9719=EDGE_CURVE('',#11640,#11636,#11642,.T.);
#9720=EDGE_CURVE('',#11643,#11644,#11645,.T.);
#9721=EDGE_CURVE('',#11644,#11646,#11647,.T.);
#9722=EDGE_CURVE('',#11646,#11648,#11649,.T.);
#9723=EDGE_CURVE('',#11643,#11648,#11650,.T.);
#9724=EDGE_CURVE('',#11644,#11651,#11652,.T.);
#9725=EDGE_CURVE('',#11651,#11653,#11654,.T.);
#9726=EDGE_CURVE('',#11653,#11646,#11655,.T.);
#9727=EDGE_CURVE('',#11651,#11656,#11657,.T.);
#9728=EDGE_CURVE('',#11656,#11658,#11659,.T.);
#9729=EDGE_CURVE('',#11658,#11653,#11660,.T.);
#9730=EDGE_CURVE('',#11656,#11643,#11661,.T.);
#9731=EDGE_CURVE('',#11648,#11658,#11662,.T.);
#9732=EDGE_CURVE('',#11663,#11664,#11665,.T.);
#9733=EDGE_CURVE('',#11666,#11664,#11667,.T.);
#9734=EDGE_CURVE('',#11666,#11668,#11669,.T.);
#9735=EDGE_CURVE('',#11668,#11663,#11670,.T.);
#9736=EDGE_CURVE('',#11664,#11671,#11672,.T.);
#9737=EDGE_CURVE('',#11673,#11671,#11674,.T.);
#9738=EDGE_CURVE('',#11666,#11673,#11675,.T.);
#9739=EDGE_CURVE('',#11676,#11677,#11678,.T.);
#9740=EDGE_CURVE('',#11677,#11673,#11679,.T.);
#9741=EDGE_CURVE('',#11671,#11676,#11680,.T.);
#9742=EDGE_CURVE('',#11681,#11676,#11682,.T.);
#9743=EDGE_CURVE('',#11681,#11683,#11684,.T.);
#9744=EDGE_CURVE('',#11683,#11677,#11685,.T.);
#9745=EDGE_CURVE('',#11686,#11681,#11687,.T.);
#9746=EDGE_CURVE('',#11688,#11686,#11689,.T.);
#9747=EDGE_CURVE('',#11688,#11690,#11691,.T.);
#9748=EDGE_CURVE('',#11692,#11690,#11693,.T.);
#9749=EDGE_CURVE('',#11692,#11694,#11695,.T.);
#9750=EDGE_CURVE('',#11696,#11694,#11697,.T.);
#9751=EDGE_CURVE('',#11683,#11696,#11698,.T.);
#9752=EDGE_CURVE('',#11699,#11686,#11700,.T.);
#9753=EDGE_CURVE('',#11701,#11699,#11702,.T.);
#9754=EDGE_CURVE('',#11701,#11688,#11703,.T.);
#9755=EDGE_CURVE('',#11704,#11705,#11706,.T.);
#9756=EDGE_CURVE('',#11707,#11705,#11708,.T.);
#9757=EDGE_CURVE('',#11709,#11707,#11710,.T.);
#9758=EDGE_CURVE('',#11709,#11704,#11711,.T.);
#9759=EDGE_CURVE('',#11712,#11713,#11714,.T.);
#9760=EDGE_CURVE('',#11715,#11712,#11716,.T.);
#9761=EDGE_CURVE('',#11715,#11717,#11718,.T.);
#9762=EDGE_CURVE('',#11717,#11713,#11719,.T.);
#9763=EDGE_CURVE('',#11720,#11717,#11721,.T.);
#9764=EDGE_CURVE('',#11722,#11720,#11723,.T.);
#9765=EDGE_CURVE('',#11713,#11722,#11724,.T.);
#9766=EDGE_CURVE('',#11725,#11726,#11727,.T.);
#9767=EDGE_CURVE('',#11725,#11668,#11728,.T.);
#9768=EDGE_CURVE('',#11729,#11696,#11730,.T.);
#9769=EDGE_CURVE('',#11729,#11731,#11732,.T.);
#9770=EDGE_CURVE('',#11733,#11731,#11734,.T.);
#9771=EDGE_CURVE('',#11733,#11735,#11736,.T.);
#9772=EDGE_CURVE('',#11712,#11735,#11737,.T.);
#9773=EDGE_CURVE('',#11738,#11722,#11739,.T.);
#9774=EDGE_CURVE('',#11738,#11740,#11741,.T.);
#9775=EDGE_CURVE('',#11726,#11740,#11742,.T.);
#9776=EDGE_CURVE('',#11743,#11663,#11744,.T.);
#9777=EDGE_CURVE('',#11725,#11743,#11745,.T.);
#9778=EDGE_CURVE('',#11743,#11746,#11747,.T.);
#9779=EDGE_CURVE('',#11726,#11746,#11748,.T.);
#9780=EDGE_CURVE('',#11738,#11749,#11750,.T.);
#9781=EDGE_CURVE('',#11751,#11749,#11752,.T.);
#9782=EDGE_CURVE('',#11740,#11751,#11753,.T.);
#9783=EDGE_CURVE('',#11746,#11751,#11754,.T.);
#9784=EDGE_CURVE('',#11749,#11720,#11755,.T.);
#9785=EDGE_CURVE('',#11756,#11757,#11758,.T.);
#9786=EDGE_CURVE('',#11759,#11757,#11760,.T.);
#9787=EDGE_CURVE('',#11759,#11694,#11761,.T.);
#9788=EDGE_CURVE('',#11762,#11692,#11763,.T.);
#9789=EDGE_CURVE('',#11762,#11764,#11765,.T.);
#9790=EDGE_CURVE('',#11766,#11764,#11767,.T.);
#9791=EDGE_CURVE('',#11766,#11768,#11769,.T.);
#9792=EDGE_CURVE('',#11768,#11770,#11771,.T.);
#9793=EDGE_CURVE('',#11756,#11770,#11772,.T.);
#9794=EDGE_CURVE('',#11630,#11619,#11773,.T.);
#9795=EDGE_CURVE('',#11774,#11627,#11775,.T.);
#9796=EDGE_CURVE('',#11636,#11774,#11776,.T.);
#9797=EDGE_CURVE('',#11640,#11615,#11777,.T.);
#9798=EDGE_CURVE('',#11598,#11609,#11778,.T.);
#9799=EDGE_CURVE('',#11606,#11622,#11779,.T.);
#9800=EDGE_CURVE('',#11729,#11759,#11780,.T.);
#9801=EDGE_CURVE('',#11781,#11782,#11783,.T.);
#9802=EDGE_CURVE('',#11766,#11781,#11784,.T.);
#9803=EDGE_CURVE('',#11764,#11782,#11785,.T.);
#9804=EDGE_CURVE('',#11762,#11786,#11787,.T.);
#9805=EDGE_CURVE('',#11786,#11782,#11788,.T.);
#9806=EDGE_CURVE('',#11786,#11690,#11789,.T.);
#9807=EDGE_CURVE('',#11709,#11701,#11790,.T.);
#9808=EDGE_CURVE('',#11707,#11791,#11792,.T.);
#9809=EDGE_CURVE('',#11781,#11791,#11793,.T.);
#9810=EDGE_CURVE('',#11768,#11791,#11794,.T.);
#9811=EDGE_CURVE('',#11735,#11770,#11795,.T.);
#9812=EDGE_CURVE('',#11733,#11756,#11796,.T.);
#9813=EDGE_CURVE('',#11797,#11774,#11798,.T.);
#9814=EDGE_CURVE('',#11635,#11797,#11799,.T.);
#9815=EDGE_CURVE('',#11797,#11628,#11800,.T.);
#9816=EDGE_CURVE('',#11632,#11620,#11801,.T.);
#9817=EDGE_CURVE('',#11638,#11614,#11802,.T.);
#9818=EDGE_CURVE('',#11607,#11624,#11803,.T.);
#9819=EDGE_CURVE('',#11599,#11611,#11804,.T.);
#9820=EDGE_CURVE('',#11731,#11757,#11805,.T.);
#9821=EDGE_CURVE('',#11705,#11715,#11806,.T.);
#9822=EDGE_CURVE('',#11699,#11704,#11807,.T.);
#9823=EDGE_CURVE('',#11595,#11808,#11809,.T.);
#9824=EDGE_CURVE('',#11593,#11571,#11810,.T.);
#9825=EDGE_CURVE('',#11569,#11811,#11812,.T.);
#9826=EDGE_CURVE('',#11813,#11811,#11814,.T.);
#9827=EDGE_CURVE('',#11815,#11813,#11816,.T.);
#9828=EDGE_CURVE('',#11815,#11808,#11817,.T.);
#9829=EDGE_CURVE('',#11591,#11818,#11819,.T.);
#9830=EDGE_CURVE('',#11820,#11818,#11821,.T.);
#9831=EDGE_CURVE('',#11590,#11820,#11822,.T.);
#9832=EDGE_CURVE('',#11823,#11824,#11825,.T.);
#9833=EDGE_CURVE('',#11820,#11824,#11826,.T.);
#9834=EDGE_CURVE('',#11818,#11823,#11827,.T.);
#9835=EDGE_CURVE('',#11828,#11829,#11830,.T.);
#9836=EDGE_CURVE('',#11831,#11829,#11832,.T.);
#9837=EDGE_CURVE('',#11831,#11833,#11834,.T.);
#9838=EDGE_CURVE('',#11833,#11824,#11835,.T.);
#9839=EDGE_CURVE('',#11828,#11823,#11836,.T.);
#9840=EDGE_CURVE('',#11837,#11838,#11839,.T.);
#9841=EDGE_CURVE('',#11833,#11837,#11840,.T.);
#9842=EDGE_CURVE('',#11831,#11838,#11841,.T.);
#9843=EDGE_CURVE('',#11585,#11842,#11843,.T.);
#9844=EDGE_CURVE('',#11815,#11582,#11844,.T.);
#9845=EDGE_CURVE('',#11575,#11813,#11845,.T.);
#9846=EDGE_CURVE('',#11579,#11846,#11847,.T.);
#9847=EDGE_CURVE('',#11848,#11846,#11849,.T.);
#9848=EDGE_CURVE('',#11850,#11848,#11851,.T.);
#9849=EDGE_CURVE('',#11850,#11842,#11852,.T.);
#9850=EDGE_CURVE('',#11846,#11853,#11854,.T.);
#9851=EDGE_CURVE('',#11577,#11853,#11855,.T.);
#9852=EDGE_CURVE('',#11856,#11566,#11857,.T.);
#9853=EDGE_CURVE('',#11856,#11858,#11859,.T.);
#9854=EDGE_CURVE('',#11838,#11858,#11860,.T.);
#9855=EDGE_CURVE('',#11829,#11861,#11862,.T.);
#9856=EDGE_CURVE('',#11863,#11861,#11864,.T.);
#9857=EDGE_CURVE('',#11865,#11863,#11866,.T.);
#9858=EDGE_CURVE('',#11867,#11865,#11868,.T.);
#9859=EDGE_CURVE('',#11869,#11867,#11870,.T.);
#9860=EDGE_CURVE('',#11871,#11869,#11872,.T.);
#9861=EDGE_CURVE('',#11871,#11873,#11874,.T.);
#9862=EDGE_CURVE('',#11873,#11853,#11875,.T.);
#9863=EDGE_CURVE('',#11574,#11811,#11876,.T.);
#9864=EDGE_CURVE('',#11837,#11877,#11878,.T.);
#9865=EDGE_CURVE('',#11879,#11877,#11880,.T.);
#9866=EDGE_CURVE('',#11879,#11567,#11881,.T.);
#9867=EDGE_CURVE('',#11879,#11856,#11882,.T.);
#9868=EDGE_CURVE('',#11877,#11858,#11883,.T.);
#9869=EDGE_CURVE('',#11884,#11828,#11885,.T.);
#9870=EDGE_CURVE('',#11884,#11861,#11886,.T.);
#9871=EDGE_CURVE('',#11884,#11887,#11888,.T.);
#9872=EDGE_CURVE('',#11887,#11867,#11889,.T.);
#9873=EDGE_CURVE('',#11865,#11890,#11891,.T.);
#9874=EDGE_CURVE('',#11892,#11890,#11893,.T.);
#9875=EDGE_CURVE('',#11863,#11892,#11894,.T.);
#9876=EDGE_CURVE('',#11848,#11873,#11895,.T.);
#9877=EDGE_CURVE('',#11871,#11850,#11896,.T.);
#9878=EDGE_CURVE('',#11897,#11898,#11899,.T.);
#9879=EDGE_CURVE('',#11898,#11842,#11900,.T.);
#9880=EDGE_CURVE('',#11897,#11869,#11901,.T.);
#9881=EDGE_CURVE('',#11587,#11898,#11902,.T.);
#9882=EDGE_CURVE('',#11808,#11583,#11903,.T.);
#9883=EDGE_CURVE('',#11887,#11897,#11904,.T.);
#9884=EDGE_CURVE('',#11890,#11892,#11905,.T.);
#9885=EDGE_CURVE('',#11906,#11907,#11908,.T.);
#9886=EDGE_CURVE('',#11909,#11906,#11910,.T.);
#9887=EDGE_CURVE('',#11911,#11909,#11912,.T.);
#9888=EDGE_CURVE('',#11913,#11911,#11914,.T.);
#9889=EDGE_CURVE('',#11915,#11913,#11916,.T.);
#9890=EDGE_CURVE('',#11917,#11915,#11918,.T.);
#9891=EDGE_CURVE('',#11919,#11917,#11920,.T.);
#9892=EDGE_CURVE('',#11921,#11919,#11922,.T.);
#9893=EDGE_CURVE('',#11923,#11921,#11924,.T.);
#9894=EDGE_CURVE('',#11925,#11923,#11926,.T.);
#9895=EDGE_CURVE('',#11927,#11925,#11928,.T.);
#9896=EDGE_CURVE('',#11907,#11927,#11929,.T.);
#9897=EDGE_CURVE('',#11930,#11931,#11932,.T.);
#9898=EDGE_CURVE('',#11933,#11930,#11934,.T.);
#9899=EDGE_CURVE('',#11935,#11933,#11936,.T.);
#9900=EDGE_CURVE('',#11931,#11935,#11937,.T.);
#9901=EDGE_CURVE('',#11938,#11939,#11940,.T.);
#9902=EDGE_CURVE('',#11941,#11938,#11942,.T.);
#9903=EDGE_CURVE('',#11943,#11941,#11944,.T.);
#9904=EDGE_CURVE('',#11939,#11943,#11945,.T.);
#9905=EDGE_CURVE('',#11946,#11947,#11948,.T.);
#9906=EDGE_CURVE('',#11947,#11949,#11950,.T.);
#9907=EDGE_CURVE('',#11949,#11951,#11952,.T.);
#9908=EDGE_CURVE('',#11951,#11953,#11954,.T.);
#9909=EDGE_CURVE('',#11955,#11953,#11956,.T.);
#9910=EDGE_CURVE('',#11957,#11955,#11958,.T.);
#9911=EDGE_CURVE('',#11959,#11957,#11960,.T.);
#9912=EDGE_CURVE('',#11959,#11961,#11962,.T.);
#9913=EDGE_CURVE('',#11961,#11963,#11964,.T.);
#9914=EDGE_CURVE('',#11963,#11965,#11966,.T.);
#9915=EDGE_CURVE('',#11965,#11967,#11968,.T.);
#9916=EDGE_CURVE('',#11969,#11967,#11970,.T.);
#9917=EDGE_CURVE('',#11971,#11969,#11972,.T.);
#9918=EDGE_CURVE('',#11973,#11971,#11974,.T.);
#9919=EDGE_CURVE('',#11975,#11973,#11976,.T.);
#9920=EDGE_CURVE('',#11946,#11975,#11977,.T.);
#9921=EDGE_CURVE('',#11556,#11978,#11979,.T.);
#9922=EDGE_CURVE('',#11978,#11980,#11981,.T.);
#9923=EDGE_CURVE('',#11982,#11980,#11983,.T.);
#9924=EDGE_CURVE('',#11984,#11982,#11985,.T.);
#9925=EDGE_CURVE('',#11984,#11986,#11987,.T.);
#9926=EDGE_CURVE('',#11986,#11988,#11989,.T.);
#9927=EDGE_CURVE('',#11988,#11990,#11991,.T.);
#9928=EDGE_CURVE('',#11551,#11990,#11992,.T.);
#9929=EDGE_CURVE('',#11993,#11548,#11994,.T.);
#9930=EDGE_CURVE('',#11559,#11993,#11995,.T.);
#9931=EDGE_CURVE('',#11996,#11997,#11998,.T.);
#9932=EDGE_CURVE('',#11999,#11996,#12000,.T.);
#9933=EDGE_CURVE('',#12001,#11999,#12002,.T.);
#9934=EDGE_CURVE('',#12003,#12001,#12004,.T.);
#9935=EDGE_CURVE('',#12005,#12003,#12006,.T.);
#9936=EDGE_CURVE('',#12007,#12005,#12008,.T.);
#9937=EDGE_CURVE('',#12009,#12007,#12010,.T.);
#9938=EDGE_CURVE('',#12011,#12009,#12012,.T.);
#9939=EDGE_CURVE('',#12013,#12011,#12014,.T.);
#9940=EDGE_CURVE('',#12015,#12013,#12016,.T.);
#9941=EDGE_CURVE('',#12017,#12015,#12018,.T.);
#9942=EDGE_CURVE('',#11997,#12017,#12019,.T.);
#9943=EDGE_CURVE('',#12020,#12021,#12022,.T.);
#9944=EDGE_CURVE('',#12023,#12020,#12024,.T.);
#9945=EDGE_CURVE('',#12025,#12023,#12026,.T.);
#9946=EDGE_CURVE('',#12027,#12025,#12028,.T.);
#9947=EDGE_CURVE('',#12029,#12027,#12030,.T.);
#9948=EDGE_CURVE('',#12031,#12029,#12032,.T.);
#9949=EDGE_CURVE('',#12033,#12031,#12034,.T.);
#9950=EDGE_CURVE('',#12035,#12033,#12036,.T.);
#9951=EDGE_CURVE('',#12037,#12035,#12038,.T.);
#9952=EDGE_CURVE('',#12039,#12037,#12040,.T.);
#9953=EDGE_CURVE('',#12041,#12039,#12042,.T.);
#9954=EDGE_CURVE('',#12021,#12041,#12043,.T.);
#9955=EDGE_CURVE('',#12044,#12045,#12046,.T.);
#9956=EDGE_CURVE('',#12047,#12044,#12048,.T.);
#9957=EDGE_CURVE('',#12049,#12047,#12050,.T.);
#9958=EDGE_CURVE('',#12051,#12049,#12052,.T.);
#9959=EDGE_CURVE('',#12053,#12051,#12054,.T.);
#9960=EDGE_CURVE('',#12055,#12053,#12056,.T.);
#9961=EDGE_CURVE('',#12057,#12055,#12058,.T.);
#9962=EDGE_CURVE('',#12059,#12057,#12060,.T.);
#9963=EDGE_CURVE('',#12061,#12059,#12062,.T.);
#9964=EDGE_CURVE('',#12063,#12061,#12064,.T.);
#9965=EDGE_CURVE('',#12065,#12063,#12066,.T.);
#9966=EDGE_CURVE('',#12045,#12065,#12067,.T.);
#9967=EDGE_CURVE('',#12068,#12069,#12070,.T.);
#9968=EDGE_CURVE('',#12071,#12068,#12072,.T.);
#9969=EDGE_CURVE('',#12073,#12071,#12074,.T.);
#9970=EDGE_CURVE('',#12069,#12073,#12075,.T.);
#9971=EDGE_CURVE('',#12076,#12077,#12078,.T.);
#9972=EDGE_CURVE('',#12079,#12076,#12080,.T.);
#9973=EDGE_CURVE('',#12081,#12079,#12082,.T.);
#9974=EDGE_CURVE('',#12083,#12081,#12084,.T.);
#9975=EDGE_CURVE('',#12085,#12083,#12086,.T.);
#9976=EDGE_CURVE('',#12087,#12085,#12088,.T.);
#9977=EDGE_CURVE('',#12089,#12087,#12090,.T.);
#9978=EDGE_CURVE('',#12091,#12089,#12092,.T.);
#9979=EDGE_CURVE('',#12093,#12091,#12094,.T.);
#9980=EDGE_CURVE('',#12095,#12093,#12096,.T.);
#9981=EDGE_CURVE('',#12097,#12095,#12098,.T.);
#9982=EDGE_CURVE('',#12077,#12097,#12099,.T.);
#9983=EDGE_CURVE('',#12100,#12101,#12102,.T.);
#9984=EDGE_CURVE('',#12103,#12100,#12104,.T.);
#9985=EDGE_CURVE('',#12105,#12103,#12106,.T.);
#9986=EDGE_CURVE('',#12107,#12105,#12108,.T.);
#9987=EDGE_CURVE('',#12109,#12107,#12110,.T.);
#9988=EDGE_CURVE('',#12111,#12109,#12112,.T.);
#9989=EDGE_CURVE('',#12113,#12111,#12114,.T.);
#9990=EDGE_CURVE('',#12115,#12113,#12116,.T.);
#9991=EDGE_CURVE('',#12117,#12115,#12118,.T.);
#9992=EDGE_CURVE('',#12119,#12117,#12120,.T.);
#9993=EDGE_CURVE('',#12121,#12119,#12122,.T.);
#9994=EDGE_CURVE('',#12101,#12121,#12123,.T.);
#9995=EDGE_CURVE('',#12124,#12125,#12126,.T.);
#9996=EDGE_CURVE('',#12127,#12124,#12128,.T.);
#9997=EDGE_CURVE('',#12129,#12127,#12130,.T.);
#9998=EDGE_CURVE('',#12131,#12129,#12132,.T.);
#9999=EDGE_CURVE('',#12133,#12131,#12134,.T.);
#10000=EDGE_CURVE('',#12135,#12133,#12136,.T.);
#10001=EDGE_CURVE('',#12137,#12135,#12138,.T.);
#10002=EDGE_CURVE('',#12139,#12137,#12140,.T.);
#10003=EDGE_CURVE('',#12141,#12139,#12142,.T.);
#10004=EDGE_CURVE('',#12143,#12141,#12144,.T.);
#10005=EDGE_CURVE('',#12145,#12143,#12146,.T.);
#10006=EDGE_CURVE('',#12147,#12145,#12148,.T.);
#10007=EDGE_CURVE('',#12125,#12147,#12149,.T.);
#10008=EDGE_CURVE('',#12150,#12151,#12152,.T.);
#10009=EDGE_CURVE('',#12153,#12150,#12154,.T.);
#10010=EDGE_CURVE('',#12155,#12153,#12156,.T.);
#10011=EDGE_CURVE('',#12151,#12155,#12157,.T.);
#10012=EDGE_CURVE('',#12158,#12159,#12160,.T.);
#10013=EDGE_CURVE('',#12161,#12158,#12162,.T.);
#10014=EDGE_CURVE('',#12163,#12161,#12164,.T.);
#10015=EDGE_CURVE('',#12159,#12163,#12165,.T.);
#10016=EDGE_CURVE('',#12166,#12167,#12168,.T.);
#10017=EDGE_CURVE('',#12169,#12166,#12170,.T.);
#10018=EDGE_CURVE('',#12171,#12169,#12172,.T.);
#10019=EDGE_CURVE('',#12167,#12171,#12173,.T.);
#10020=EDGE_CURVE('',#12174,#12175,#12176,.T.);
#10021=EDGE_CURVE('',#12177,#12174,#12178,.T.);
#10022=EDGE_CURVE('',#12179,#12177,#12180,.T.);
#10023=EDGE_CURVE('',#12175,#12179,#12181,.T.);
#10024=EDGE_CURVE('',#12182,#12183,#12184,.T.);
#10025=EDGE_CURVE('',#12185,#12182,#12186,.T.);
#10026=EDGE_CURVE('',#12187,#12185,#12188,.T.);
#10027=EDGE_CURVE('',#12183,#12187,#12189,.T.);
#10028=EDGE_CURVE('',#11906,#12190,#12191,.T.);
#10029=EDGE_CURVE('',#12190,#12192,#12193,.T.);
#10030=EDGE_CURVE('',#11909,#12192,#12194,.T.);
#10031=EDGE_CURVE('',#11911,#12195,#12196,.T.);
#10032=EDGE_CURVE('',#12195,#12197,#12198,.T.);
#10033=EDGE_CURVE('',#11913,#12197,#12199,.T.);
#10034=EDGE_CURVE('',#11919,#12200,#12201,.T.);
#10035=EDGE_CURVE('',#12200,#12202,#12203,.T.);
#10036=EDGE_CURVE('',#11921,#12202,#12204,.T.);
#10037=EDGE_CURVE('',#11923,#12205,#12206,.T.);
#10038=EDGE_CURVE('',#12205,#12207,#12208,.T.);
#10039=EDGE_CURVE('',#11925,#12207,#12209,.T.);
#10040=EDGE_CURVE('',#12210,#12190,#12211,.T.);
#10041=EDGE_CURVE('',#12212,#12210,#12213,.T.);
#10042=EDGE_CURVE('',#12207,#12212,#12214,.T.);
#10043=EDGE_CURVE('',#12202,#12205,#12215,.T.);
#10044=EDGE_CURVE('',#12216,#12200,#12217,.T.);
#10045=EDGE_CURVE('',#12218,#12216,#12219,.T.);
#10046=EDGE_CURVE('',#12197,#12218,#12220,.T.);
#10047=EDGE_CURVE('',#12192,#12195,#12221,.T.);
#10048=EDGE_CURVE('',#11927,#12212,#12222,.T.);
#10049=EDGE_CURVE('',#11907,#12210,#12223,.T.);
#10050=EDGE_CURVE('',#11917,#12216,#12224,.T.);
#10051=EDGE_CURVE('',#11915,#12218,#12225,.T.);
#10052=EDGE_CURVE('',#12226,#12227,#12228,.T.);
#10053=EDGE_CURVE('',#12229,#12226,#12230,.T.);
#10054=EDGE_CURVE('',#12231,#12229,#12232,.T.);
#10055=EDGE_CURVE('',#12227,#12231,#12233,.T.);
#10056=EDGE_CURVE('',#11935,#12231,#12234,.T.);
#10057=EDGE_CURVE('',#11931,#12229,#12235,.T.);
#10058=EDGE_CURVE('',#11933,#12227,#12236,.T.);
#10059=EDGE_CURVE('',#11930,#12226,#12237,.T.);
#10060=EDGE_CURVE('',#12238,#12239,#12240,.T.);
#10061=EDGE_CURVE('',#12241,#12238,#12242,.T.);
#10062=EDGE_CURVE('',#12243,#12241,#12244,.T.);
#10063=EDGE_CURVE('',#12239,#12243,#12245,.T.);
#10064=EDGE_CURVE('',#11943,#12241,#12246,.T.);
#10065=EDGE_CURVE('',#11939,#12238,#12247,.T.);
#10066=EDGE_CURVE('',#11941,#12243,#12248,.T.);
#10067=EDGE_CURVE('',#11938,#12239,#12249,.T.);
#10068=EDGE_CURVE('',#11947,#12250,#12251,.T.);
#10069=EDGE_CURVE('',#12250,#12252,#12253,.T.);
#10070=EDGE_CURVE('',#11949,#12252,#12254,.T.);
#10071=EDGE_CURVE('',#12252,#12255,#12256,.T.);
#10072=EDGE_CURVE('',#11951,#12255,#12257,.T.);
#10073=EDGE_CURVE('',#12255,#12258,#12259,.T.);
#10074=EDGE_CURVE('',#12258,#11953,#12260,.T.);
#10075=EDGE_CURVE('',#12261,#12258,#12262,.T.);
#10076=EDGE_CURVE('',#12261,#11955,#12263,.T.);
#10077=EDGE_CURVE('',#11957,#12264,#12265,.T.);
#10078=EDGE_CURVE('',#12261,#12264,#12266,.T.);
#10079=EDGE_CURVE('',#12267,#12268,#12269,.T.);
#10080=EDGE_CURVE('',#12267,#12270,#12271,.T.);
#10081=EDGE_CURVE('',#12270,#12272,#12273,.T.);
#10082=EDGE_CURVE('',#12272,#12274,#12275,.T.);
#10083=EDGE_CURVE('',#12274,#12276,#12277,.T.);
#10084=EDGE_CURVE('',#12278,#12276,#12279,.T.);
#10085=EDGE_CURVE('',#12278,#12280,#12281,.T.);
#10086=EDGE_CURVE('',#12282,#12280,#12283,.T.);
#10087=EDGE_CURVE('',#12282,#12284,#12285,.T.);
#10088=EDGE_CURVE('',#12284,#12264,#12286,.T.);
#10089=EDGE_CURVE('',#12268,#12250,#12287,.T.);
#10090=EDGE_CURVE('',#11975,#12267,#12288,.T.);
#10091=EDGE_CURVE('',#11973,#12270,#12289,.T.);
#10092=EDGE_CURVE('',#11971,#12272,#12290,.T.);
#10093=EDGE_CURVE('',#11969,#12274,#12291,.T.);
#10094=EDGE_CURVE('',#12276,#11967,#12292,.T.);
#10095=EDGE_CURVE('',#12278,#11965,#12293,.T.);
#10096=EDGE_CURVE('',#11963,#12280,#12294,.T.);
#10097=EDGE_CURVE('',#11961,#12282,#12295,.T.);
#10098=EDGE_CURVE('',#11959,#12284,#12296,.T.);
#10099=EDGE_CURVE('',#11946,#12268,#12297,.T.);
#10100=EDGE_CURVE('',#11563,#12298,#12299,.T.);
#10101=EDGE_CURVE('',#12298,#12300,#12301,.T.);
#10102=EDGE_CURVE('',#12300,#12302,#12303,.T.);
#10103=EDGE_CURVE('',#11557,#12302,#12304,.T.);
#10104=EDGE_CURVE('',#11978,#12302,#12305,.T.);
#10105=EDGE_CURVE('',#12300,#11980,#12306,.T.);
#10106=EDGE_CURVE('',#12307,#12298,#12308,.T.);
#10107=EDGE_CURVE('',#12307,#11982,#12309,.T.);
#10108=EDGE_CURVE('',#12310,#12311,#12312,.T.);
#10109=EDGE_CURVE('',#12311,#12313,#12314,.T.);
#10110=EDGE_CURVE('',#12313,#12315,#12316,.T.);
#10111=EDGE_CURVE('',#12315,#11984,#12317,.T.);
#10112=EDGE_CURVE('',#12310,#12307,#12318,.T.);
#10113=EDGE_CURVE('',#12315,#12319,#12320,.T.);
#10114=EDGE_CURVE('',#12319,#11986,#12321,.T.);
#10115=EDGE_CURVE('',#12322,#12323,#12324,.T.);
#10116=EDGE_CURVE('',#12323,#12325,#12326,.T.);
#10117=EDGE_CURVE('',#12325,#12319,#12327,.T.);
#10118=EDGE_CURVE('',#12322,#12313,#12328,.T.);
#10119=EDGE_CURVE('',#12329,#12311,#12330,.T.);
#10120=EDGE_CURVE('',#12329,#12322,#12331,.T.);
#10121=EDGE_CURVE('',#12329,#12332,#12333,.T.);
#10122=EDGE_CURVE('',#12332,#12323,#12334,.T.);
#10123=EDGE_CURVE('',#12332,#12335,#12336,.T.);
#10124=EDGE_CURVE('',#12337,#12332,#12338,.T.);
#10125=EDGE_CURVE('',#12337,#12339,#12340,.T.);
#10126=EDGE_CURVE('',#12339,#12335,#12341,.T.);
#10127=EDGE_CURVE('',#12335,#12325,#12342,.T.);
#10128=EDGE_CURVE('',#12339,#12343,#12344,.T.);
#10129=EDGE_CURVE('',#12343,#11988,#12345,.T.);
#10130=EDGE_CURVE('',#12346,#12347,#12348,.T.);
#10131=EDGE_CURVE('',#12347,#11990,#12349,.T.);
#10132=EDGE_CURVE('',#12343,#12346,#12350,.T.);
#10133=EDGE_CURVE('',#11553,#12347,#12351,.T.);
#10134=EDGE_CURVE('',#12337,#12352,#12353,.T.);
#10135=EDGE_CURVE('',#12354,#12352,#12355,.T.);
#10136=EDGE_CURVE('',#12354,#12346,#12356,.T.);
#10137=EDGE_CURVE('',#12329,#12357,#12358,.T.);
#10138=EDGE_CURVE('',#11561,#12357,#12359,.T.);
#10139=EDGE_CURVE('',#11993,#12352,#12360,.T.);
#10140=EDGE_CURVE('',#12357,#12310,#12361,.T.);
#10141=EDGE_CURVE('',#12354,#11549,#12362,.T.);
#10142=EDGE_CURVE('',#12363,#12364,#12365,.T.);
#10143=EDGE_CURVE('',#12366,#12363,#12367,.T.);
#10144=EDGE_CURVE('',#12368,#12366,#12369,.T.);
#10145=EDGE_CURVE('',#12370,#12368,#12371,.T.);
#10146=EDGE_CURVE('',#12372,#12370,#12373,.T.);
#10147=EDGE_CURVE('',#12374,#12372,#12375,.T.);
#10148=EDGE_CURVE('',#12376,#12374,#12377,.T.);
#10149=EDGE_CURVE('',#12378,#12376,#12379,.T.);
#10150=EDGE_CURVE('',#12380,#12378,#12381,.T.);
#10151=EDGE_CURVE('',#12382,#12380,#12383,.T.);
#10152=EDGE_CURVE('',#12384,#12382,#12385,.T.);
#10153=EDGE_CURVE('',#12364,#12384,#12386,.T.);
#10154=EDGE_CURVE('',#12017,#12374,#12387,.T.);
#10155=EDGE_CURVE('',#11997,#12372,#12388,.T.);
#10156=EDGE_CURVE('',#12015,#12376,#12389,.T.);
#10157=EDGE_CURVE('',#12013,#12378,#12390,.T.);
#10158=EDGE_CURVE('',#12011,#12380,#12391,.T.);
#10159=EDGE_CURVE('',#12009,#12382,#12392,.T.);
#10160=EDGE_CURVE('',#12007,#12384,#12393,.T.);
#10161=EDGE_CURVE('',#12005,#12364,#12394,.T.);
#10162=EDGE_CURVE('',#12003,#12363,#12395,.T.);
#10163=EDGE_CURVE('',#12001,#12366,#12396,.T.);
#10164=EDGE_CURVE('',#11999,#12368,#12397,.T.);
#10165=EDGE_CURVE('',#11996,#12370,#12398,.T.);
#10166=EDGE_CURVE('',#12399,#12400,#12401,.T.);
#10167=EDGE_CURVE('',#12402,#12399,#12403,.T.);
#10168=EDGE_CURVE('',#12404,#12402,#12405,.T.);
#10169=EDGE_CURVE('',#12406,#12404,#12407,.T.);
#10170=EDGE_CURVE('',#12408,#12406,#12409,.T.);
#10171=EDGE_CURVE('',#12410,#12408,#12411,.T.);
#10172=EDGE_CURVE('',#12412,#12410,#12413,.T.);
#10173=EDGE_CURVE('',#12414,#12412,#12415,.T.);
#10174=EDGE_CURVE('',#12416,#12414,#12417,.T.);
#10175=EDGE_CURVE('',#12418,#12416,#12419,.T.);
#10176=EDGE_CURVE('',#12420,#12418,#12421,.T.);
#10177=EDGE_CURVE('',#12400,#12420,#12422,.T.);
#10178=EDGE_CURVE('',#12041,#12420,#12423,.T.);
#10179=EDGE_CURVE('',#12021,#12418,#12424,.T.);
#10180=EDGE_CURVE('',#12039,#12400,#12425,.T.);
#10181=EDGE_CURVE('',#12037,#12399,#12426,.T.);
#10182=EDGE_CURVE('',#12035,#12402,#12427,.T.);
#10183=EDGE_CURVE('',#12033,#12404,#12428,.T.);
#10184=EDGE_CURVE('',#12031,#12406,#12429,.T.);
#10185=EDGE_CURVE('',#12029,#12408,#12430,.T.);
#10186=EDGE_CURVE('',#12027,#12410,#12431,.T.);
#10187=EDGE_CURVE('',#12025,#12412,#12432,.T.);
#10188=EDGE_CURVE('',#12023,#12414,#12433,.T.);
#10189=EDGE_CURVE('',#12020,#12416,#12434,.T.);
#10190=EDGE_CURVE('',#12435,#12436,#12437,.T.);
#10191=EDGE_CURVE('',#12438,#12435,#12439,.T.);
#10192=EDGE_CURVE('',#12440,#12438,#12441,.T.);
#10193=EDGE_CURVE('',#12442,#12440,#12443,.T.);
#10194=EDGE_CURVE('',#12444,#12442,#12445,.T.);
#10195=EDGE_CURVE('',#12446,#12444,#12447,.T.);
#10196=EDGE_CURVE('',#12448,#12446,#12449,.T.);
#10197=EDGE_CURVE('',#12450,#12448,#12451,.T.);
#10198=EDGE_CURVE('',#12452,#12450,#12453,.T.);
#10199=EDGE_CURVE('',#12454,#12452,#12455,.T.);
#10200=EDGE_CURVE('',#12456,#12454,#12457,.T.);
#10201=EDGE_CURVE('',#12436,#12456,#12458,.T.);
#10202=EDGE_CURVE('',#12065,#12446,#12459,.T.);
#10203=EDGE_CURVE('',#12045,#12444,#12460,.T.);
#10204=EDGE_CURVE('',#12063,#12448,#12461,.T.);
#10205=EDGE_CURVE('',#12061,#12450,#12462,.T.);
#10206=EDGE_CURVE('',#12059,#12452,#12463,.T.);
#10207=EDGE_CURVE('',#12057,#12454,#12464,.T.);
#10208=EDGE_CURVE('',#12055,#12456,#12465,.T.);
#10209=EDGE_CURVE('',#12053,#12436,#12466,.T.);
#10210=EDGE_CURVE('',#12051,#12435,#12467,.T.);
#10211=EDGE_CURVE('',#12049,#12438,#12468,.T.);
#10212=EDGE_CURVE('',#12047,#12440,#12469,.T.);
#10213=EDGE_CURVE('',#12044,#12442,#12470,.T.);
#10214=EDGE_CURVE('',#12471,#12472,#12473,.T.);
#10215=EDGE_CURVE('',#12474,#12471,#12475,.T.);
#10216=EDGE_CURVE('',#12476,#12474,#12477,.T.);
#10217=EDGE_CURVE('',#12472,#12476,#12478,.T.);
#10218=EDGE_CURVE('',#12073,#12472,#12479,.T.);
#10219=EDGE_CURVE('',#12069,#12476,#12480,.T.);
#10220=EDGE_CURVE('',#12071,#12471,#12481,.T.);
#10221=EDGE_CURVE('',#12068,#12474,#12482,.T.);
#10222=EDGE_CURVE('',#12483,#12484,#12485,.T.);
#10223=EDGE_CURVE('',#12486,#12483,#12487,.T.);
#10224=EDGE_CURVE('',#12488,#12486,#12489,.T.);
#10225=EDGE_CURVE('',#12490,#12488,#12491,.T.);
#10226=EDGE_CURVE('',#12492,#12490,#12493,.T.);
#10227=EDGE_CURVE('',#12494,#12492,#12495,.T.);
#10228=EDGE_CURVE('',#12496,#12494,#12497,.T.);
#10229=EDGE_CURVE('',#12498,#12496,#12499,.T.);
#10230=EDGE_CURVE('',#12500,#12498,#12501,.T.);
#10231=EDGE_CURVE('',#12502,#12500,#12503,.T.);
#10232=EDGE_CURVE('',#12504,#12502,#12505,.T.);
#10233=EDGE_CURVE('',#12484,#12504,#12506,.T.);
#10234=EDGE_CURVE('',#12097,#12490,#12507,.T.);
#10235=EDGE_CURVE('',#12077,#12488,#12508,.T.);
#10236=EDGE_CURVE('',#12095,#12492,#12509,.T.);
#10237=EDGE_CURVE('',#12093,#12494,#12510,.T.);
#10238=EDGE_CURVE('',#12091,#12496,#12511,.T.);
#10239=EDGE_CURVE('',#12089,#12498,#12512,.T.);
#10240=EDGE_CURVE('',#12087,#12500,#12513,.T.);
#10241=EDGE_CURVE('',#12085,#12502,#12514,.T.);
#10242=EDGE_CURVE('',#12083,#12504,#12515,.T.);
#10243=EDGE_CURVE('',#12081,#12484,#12516,.T.);
#10244=EDGE_CURVE('',#12079,#12483,#12517,.T.);
#10245=EDGE_CURVE('',#12076,#12486,#12518,.T.);
#10246=EDGE_CURVE('',#12519,#12520,#12521,.T.);
#10247=EDGE_CURVE('',#12522,#12519,#12523,.T.);
#10248=EDGE_CURVE('',#12524,#12522,#12525,.T.);
#10249=EDGE_CURVE('',#12526,#12524,#12527,.T.);
#10250=EDGE_CURVE('',#12528,#12526,#12529,.T.);
#10251=EDGE_CURVE('',#12530,#12528,#12531,.T.);
#10252=EDGE_CURVE('',#12532,#12530,#12533,.T.);
#10253=EDGE_CURVE('',#12534,#12532,#12535,.T.);
#10254=EDGE_CURVE('',#12536,#12534,#12537,.T.);
#10255=EDGE_CURVE('',#12538,#12536,#12539,.T.);
#10256=EDGE_CURVE('',#12540,#12538,#12541,.T.);
#10257=EDGE_CURVE('',#12520,#12540,#12542,.T.);
#10258=EDGE_CURVE('',#12121,#12524,#12543,.T.);
#10259=EDGE_CURVE('',#12101,#12522,#12544,.T.);
#10260=EDGE_CURVE('',#12119,#12526,#12545,.T.);
#10261=EDGE_CURVE('',#12117,#12528,#12546,.T.);
#10262=EDGE_CURVE('',#12115,#12530,#12547,.T.);
#10263=EDGE_CURVE('',#12113,#12532,#12548,.T.);
#10264=EDGE_CURVE('',#12111,#12534,#12549,.T.);
#10265=EDGE_CURVE('',#12109,#12536,#12550,.T.);
#10266=EDGE_CURVE('',#12107,#12538,#12551,.T.);
#10267=EDGE_CURVE('',#12105,#12540,#12552,.T.);
#10268=EDGE_CURVE('',#12103,#12520,#12553,.T.);
#10269=EDGE_CURVE('',#12100,#12519,#12554,.T.);
#10270=EDGE_CURVE('',#12124,#12555,#12556,.T.);
#10271=EDGE_CURVE('',#12555,#12557,#12558,.T.);
#10272=EDGE_CURVE('',#12127,#12557,#12559,.T.);
#10273=EDGE_CURVE('',#12133,#12560,#12561,.T.);
#10274=EDGE_CURVE('',#12560,#12562,#12563,.T.);
#10275=EDGE_CURVE('',#12135,#12562,#12564,.T.);
#10276=EDGE_CURVE('',#12139,#12565,#12566,.T.);
#10277=EDGE_CURVE('',#12565,#12567,#12568,.T.);
#10278=EDGE_CURVE('',#12141,#12567,#12569,.T.);
#10279=EDGE_CURVE('',#12145,#12570,#12571,.T.);
#10280=EDGE_CURVE('',#12570,#12572,#12573,.T.);
#10281=EDGE_CURVE('',#12147,#12572,#12574,.T.);
#10282=EDGE_CURVE('',#12575,#12565,#12576,.T.);
#10283=EDGE_CURVE('',#12562,#12575,#12577,.T.);
#10284=EDGE_CURVE('',#12578,#12560,#12579,.T.);
#10285=EDGE_CURVE('',#12580,#12578,#12581,.T.);
#10286=EDGE_CURVE('',#12557,#12580,#12582,.T.);
#10287=EDGE_CURVE('',#12583,#12555,#12584,.T.);
#10288=EDGE_CURVE('',#12572,#12583,#12585,.T.);
#10289=EDGE_CURVE('',#12586,#12570,#12587,.T.);
#10290=EDGE_CURVE('',#12567,#12586,#12588,.T.);
#10291=EDGE_CURVE('',#12125,#12583,#12589,.T.);
#10292=EDGE_CURVE('',#12143,#12586,#12590,.T.);
#10293=EDGE_CURVE('',#12137,#12575,#12591,.T.);
#10294=EDGE_CURVE('',#12131,#12578,#12592,.T.);
#10295=EDGE_CURVE('',#12129,#12580,#12593,.T.);
#10296=EDGE_CURVE('',#12594,#12595,#12596,.T.);
#10297=EDGE_CURVE('',#12597,#12594,#12598,.T.);
#10298=EDGE_CURVE('',#12599,#12597,#12600,.T.);
#10299=EDGE_CURVE('',#12595,#12599,#12601,.T.);
#10300=EDGE_CURVE('',#12155,#12597,#12602,.T.);
#10301=EDGE_CURVE('',#12151,#12594,#12603,.T.);
#10302=EDGE_CURVE('',#12153,#12599,#12604,.T.);
#10303=EDGE_CURVE('',#12150,#12595,#12605,.T.);
#10304=EDGE_CURVE('',#12606,#12607,#12608,.T.);
#10305=EDGE_CURVE('',#12609,#12606,#12610,.T.);
#10306=EDGE_CURVE('',#12611,#12609,#12612,.T.);
#10307=EDGE_CURVE('',#12607,#12611,#12613,.T.);
#10308=EDGE_CURVE('',#12163,#12609,#12614,.T.);
#10309=EDGE_CURVE('',#12159,#12606,#12615,.T.);
#10310=EDGE_CURVE('',#12161,#12611,#12616,.T.);
#10311=EDGE_CURVE('',#12158,#12607,#12617,.T.);
#10312=EDGE_CURVE('',#12618,#12619,#12620,.T.);
#10313=EDGE_CURVE('',#12621,#12618,#12622,.T.);
#10314=EDGE_CURVE('',#12623,#12621,#12624,.T.);
#10315=EDGE_CURVE('',#12619,#12623,#12625,.T.);
#10316=EDGE_CURVE('',#12171,#12621,#12626,.T.);
#10317=EDGE_CURVE('',#12167,#12618,#12627,.T.);
#10318=EDGE_CURVE('',#12169,#12623,#12628,.T.);
#10319=EDGE_CURVE('',#12166,#12619,#12629,.T.);
#10320=EDGE_CURVE('',#12630,#12631,#12632,.T.);
#10321=EDGE_CURVE('',#12633,#12630,#12634,.T.);
#10322=EDGE_CURVE('',#12635,#12633,#12636,.T.);
#10323=EDGE_CURVE('',#12631,#12635,#12637,.T.);
#10324=EDGE_CURVE('',#12179,#12633,#12638,.T.);
#10325=EDGE_CURVE('',#12175,#12630,#12639,.T.);
#10326=EDGE_CURVE('',#12177,#12635,#12640,.T.);
#10327=EDGE_CURVE('',#12174,#12631,#12641,.T.);
#10328=EDGE_CURVE('',#12642,#12643,#12644,.T.);
#10329=EDGE_CURVE('',#12645,#12642,#12646,.T.);
#10330=EDGE_CURVE('',#12647,#12645,#12648,.T.);
#10331=EDGE_CURVE('',#12643,#12647,#12649,.T.);
#10332=EDGE_CURVE('',#12187,#12643,#12650,.T.);
#10333=EDGE_CURVE('',#12183,#12647,#12651,.T.);
#10334=EDGE_CURVE('',#12185,#12642,#12652,.T.);
#10335=EDGE_CURVE('',#12182,#12645,#12653,.T.);
#10336=EDGE_CURVE('',#12654,#12655,#12656,.T.);
#10337=EDGE_CURVE('',#12657,#12654,#12658,.T.);
#10338=EDGE_CURVE('',#12657,#12659,#12660,.T.);
#10339=EDGE_CURVE('',#12661,#12659,#12662,.T.);
#10340=EDGE_CURVE('',#12661,#12655,#12663,.T.);
#10341=EDGE_CURVE('',#12664,#12665,#12666,.T.);
#10342=EDGE_CURVE('',#12664,#12667,#12668,.T.);
#10343=EDGE_CURVE('',#12667,#12669,#12670,.T.);
#10344=EDGE_CURVE('',#12665,#12669,#12671,.T.);
#10345=EDGE_CURVE('',#12672,#12673,#12674,.T.);
#10346=EDGE_CURVE('',#12672,#12675,#12676,.T.);
#10347=EDGE_CURVE('',#12675,#12677,#12678,.T.);
#10348=EDGE_CURVE('',#12673,#12677,#12679,.T.);
#10349=EDGE_CURVE('',#12680,#12672,#12681,.T.);
#10350=EDGE_CURVE('',#12680,#12682,#12683,.T.);
#10351=EDGE_CURVE('',#12682,#12675,#12684,.T.);
#10352=EDGE_CURVE('',#12685,#12680,#12686,.T.);
#10353=EDGE_CURVE('',#12685,#12687,#12688,.T.);
#10354=EDGE_CURVE('',#12687,#12682,#12689,.T.);
#10355=EDGE_CURVE('',#12673,#12685,#12690,.T.);
#10356=EDGE_CURVE('',#12677,#12687,#12691,.T.);
#10357=EDGE_CURVE('',#12692,#12693,#12694,.T.);
#10358=EDGE_CURVE('',#12695,#12692,#12696,.T.);
#10359=EDGE_CURVE('',#12697,#12695,#12698,.T.);
#10360=EDGE_CURVE('',#12693,#12697,#12699,.T.);
#10361=EDGE_CURVE('',#12700,#12701,#12702,.T.);
#10362=EDGE_CURVE('',#12703,#12700,#12704,.T.);
#10363=EDGE_CURVE('',#12705,#12703,#12706,.T.);
#10364=EDGE_CURVE('',#12701,#12705,#12707,.T.);
#10365=EDGE_CURVE('',#12708,#12709,#12710,.T.);
#10366=EDGE_CURVE('',#12709,#12708,#12711,.T.);
#10367=EDGE_CURVE('',#12712,#12713,#12714,.T.);
#10368=EDGE_CURVE('',#12715,#12712,#12716,.T.);
#10369=EDGE_CURVE('',#12717,#12715,#12718,.T.);
#10370=EDGE_CURVE('',#12719,#12717,#12720,.T.);
#10371=EDGE_CURVE('',#12721,#12719,#12722,.T.);
#10372=EDGE_CURVE('',#12723,#12721,#12724,.T.);
#10373=EDGE_CURVE('',#12725,#12723,#12726,.T.);
#10374=EDGE_CURVE('',#12727,#12725,#12728,.T.);
#10375=EDGE_CURVE('',#12729,#12727,#12730,.T.);
#10376=EDGE_CURVE('',#12731,#12729,#12732,.T.);
#10377=EDGE_CURVE('',#12733,#12731,#12734,.T.);
#10378=EDGE_CURVE('',#12713,#12733,#12735,.T.);
#10379=EDGE_CURVE('',#12736,#12737,#12738,.T.);
#10380=EDGE_CURVE('',#12739,#12736,#12740,.T.);
#10381=EDGE_CURVE('',#12741,#12739,#12742,.T.);
#10382=EDGE_CURVE('',#12737,#12741,#12743,.T.);
#10383=EDGE_CURVE('',#12744,#12745,#12746,.T.);
#10384=EDGE_CURVE('',#12747,#12744,#12748,.T.);
#10385=EDGE_CURVE('',#12749,#12747,#12750,.T.);
#10386=EDGE_CURVE('',#12745,#12749,#12751,.T.);
#10387=EDGE_CURVE('',#12752,#12753,#12754,.T.);
#10388=EDGE_CURVE('',#12755,#12752,#12756,.T.);
#10389=EDGE_CURVE('',#12757,#12755,#12758,.T.);
#10390=EDGE_CURVE('',#12759,#12757,#12760,.T.);
#10391=EDGE_CURVE('',#12759,#12761,#12762,.T.);
#10392=EDGE_CURVE('',#12761,#12763,#12764,.T.);
#10393=EDGE_CURVE('',#12763,#12765,#12766,.T.);
#10394=EDGE_CURVE('',#12765,#12767,#12768,.T.);
#10395=EDGE_CURVE('',#12769,#12767,#12770,.T.);
#10396=EDGE_CURVE('',#12771,#12769,#12772,.T.);
#10397=EDGE_CURVE('',#12773,#12771,#12774,.T.);
#10398=EDGE_CURVE('',#12773,#12775,#12776,.T.);
#10399=EDGE_CURVE('',#12775,#12777,#12778,.T.);
#10400=EDGE_CURVE('',#12777,#12779,#12780,.T.);
#10401=EDGE_CURVE('',#12779,#12781,#12782,.T.);
#10402=EDGE_CURVE('',#12753,#12781,#12783,.T.);
#10403=EDGE_CURVE('',#12784,#12785,#12786,.T.);
#10404=EDGE_CURVE('',#12787,#12784,#12788,.T.);
#10405=EDGE_CURVE('',#12789,#12787,#12790,.T.);
#10406=EDGE_CURVE('',#12791,#12789,#12792,.T.);
#10407=EDGE_CURVE('',#12793,#12791,#12794,.T.);
#10408=EDGE_CURVE('',#12795,#12793,#12796,.T.);
#10409=EDGE_CURVE('',#12797,#12795,#12798,.T.);
#10410=EDGE_CURVE('',#12799,#12797,#12800,.T.);
#10411=EDGE_CURVE('',#12801,#12799,#12802,.T.);
#10412=EDGE_CURVE('',#12803,#12801,#12804,.T.);
#10413=EDGE_CURVE('',#12805,#12803,#12806,.T.);
#10414=EDGE_CURVE('',#12807,#12805,#12808,.T.);
#10415=EDGE_CURVE('',#12809,#12807,#12810,.T.);
#10416=EDGE_CURVE('',#12811,#12809,#12812,.T.);
#10417=EDGE_CURVE('',#12813,#12811,#12814,.T.);
#10418=EDGE_CURVE('',#12785,#12813,#12815,.T.);
#10419=EDGE_CURVE('',#12816,#12817,#12818,.T.);
#10420=EDGE_CURVE('',#12819,#12816,#12820,.T.);
#10421=EDGE_CURVE('',#12821,#12819,#12822,.T.);
#10422=EDGE_CURVE('',#12823,#12821,#12824,.T.);
#10423=EDGE_CURVE('',#12825,#12823,#12826,.T.);
#10424=EDGE_CURVE('',#12827,#12825,#12828,.T.);
#10425=EDGE_CURVE('',#12829,#12827,#12830,.T.);
#10426=EDGE_CURVE('',#12831,#12829,#12832,.T.);
#10427=EDGE_CURVE('',#12833,#12831,#12834,.T.);
#10428=EDGE_CURVE('',#12835,#12833,#12836,.T.);
#10429=EDGE_CURVE('',#12837,#12835,#12838,.T.);
#10430=EDGE_CURVE('',#12817,#12837,#12839,.T.);
#10431=EDGE_CURVE('',#12840,#12841,#12842,.T.);
#10432=EDGE_CURVE('',#12843,#12840,#12844,.T.);
#10433=EDGE_CURVE('',#12845,#12843,#12846,.T.);
#10434=EDGE_CURVE('',#12847,#12845,#12848,.T.);
#10435=EDGE_CURVE('',#12849,#12847,#12850,.T.);
#10436=EDGE_CURVE('',#12851,#12849,#12852,.T.);
#10437=EDGE_CURVE('',#12853,#12851,#12854,.T.);
#10438=EDGE_CURVE('',#12855,#12853,#12856,.T.);
#10439=EDGE_CURVE('',#12857,#12855,#12858,.T.);
#10440=EDGE_CURVE('',#12859,#12857,#12860,.T.);
#10441=EDGE_CURVE('',#12861,#12859,#12862,.T.);
#10442=EDGE_CURVE('',#12841,#12861,#12863,.T.);
#10443=EDGE_CURVE('',#12864,#12865,#12866,.T.);
#10444=EDGE_CURVE('',#12867,#12864,#12868,.T.);
#10445=EDGE_CURVE('',#12869,#12867,#12870,.T.);
#10446=EDGE_CURVE('',#12871,#12869,#12872,.T.);
#10447=EDGE_CURVE('',#12873,#12871,#12874,.T.);
#10448=EDGE_CURVE('',#12875,#12873,#12876,.T.);
#10449=EDGE_CURVE('',#12877,#12875,#12878,.T.);
#10450=EDGE_CURVE('',#12879,#12877,#12880,.T.);
#10451=EDGE_CURVE('',#12881,#12879,#12882,.T.);
#10452=EDGE_CURVE('',#12883,#12881,#12884,.T.);
#10453=EDGE_CURVE('',#12885,#12883,#12886,.T.);
#10454=EDGE_CURVE('',#12865,#12885,#12887,.T.);
#10455=EDGE_CURVE('',#12888,#12889,#12890,.T.);
#10456=EDGE_CURVE('',#12891,#12888,#12892,.T.);
#10457=EDGE_CURVE('',#12893,#12891,#12894,.T.);
#10458=EDGE_CURVE('',#12895,#12893,#12896,.T.);
#10459=EDGE_CURVE('',#12897,#12895,#12898,.T.);
#10460=EDGE_CURVE('',#12899,#12897,#12900,.T.);
#10461=EDGE_CURVE('',#12901,#12899,#12902,.T.);
#10462=EDGE_CURVE('',#12903,#12901,#12904,.T.);
#10463=EDGE_CURVE('',#12905,#12903,#12906,.T.);
#10464=EDGE_CURVE('',#12907,#12905,#12908,.T.);
#10465=EDGE_CURVE('',#12909,#12907,#12910,.T.);
#10466=EDGE_CURVE('',#12889,#12909,#12911,.T.);
#10467=EDGE_CURVE('',#12912,#12913,#12914,.T.);
#10468=EDGE_CURVE('',#12913,#12912,#12915,.T.);
#10469=EDGE_CURVE('',#12916,#12917,#12918,.T.);
#10470=EDGE_CURVE('',#12917,#12916,#12919,.T.);
#10471=EDGE_CURVE('',#12920,#12664,#12921,.T.);
#10472=EDGE_CURVE('',#12657,#12920,#12922,.T.);
#10473=EDGE_CURVE('',#12654,#12923,#12924,.T.);
#10474=EDGE_CURVE('',#12923,#12925,#12926,.T.);
#10475=EDGE_CURVE('',#12927,#12925,#12928,.T.);
#10476=EDGE_CURVE('',#12929,#12927,#12930,.T.);
#10477=EDGE_CURVE('',#12929,#12931,#12932,.T.);
#10478=EDGE_CURVE('',#12931,#12933,#12934,.T.);
#10479=EDGE_CURVE('',#12933,#12935,#12936,.T.);
#10480=EDGE_CURVE('',#12667,#12935,#12937,.T.);
#10481=EDGE_CURVE('',#12938,#12939,#12940,.T.);
#10482=EDGE_CURVE('',#12941,#12938,#12942,.T.);
#10483=EDGE_CURVE('',#12943,#12941,#12944,.T.);
#10484=EDGE_CURVE('',#12939,#12943,#12945,.T.);
#10485=EDGE_CURVE('',#12946,#12947,#12948,.T.);
#10486=EDGE_CURVE('',#12949,#12946,#12950,.T.);
#10487=EDGE_CURVE('',#12951,#12949,#12952,.T.);
#10488=EDGE_CURVE('',#12947,#12951,#12953,.T.);
#10489=EDGE_CURVE('',#12954,#12955,#12956,.T.);
#10490=EDGE_CURVE('',#12957,#12954,#12958,.T.);
#10491=EDGE_CURVE('',#12959,#12957,#12960,.T.);
#10492=EDGE_CURVE('',#12961,#12959,#12962,.T.);
#10493=EDGE_CURVE('',#12963,#12961,#12964,.T.);
#10494=EDGE_CURVE('',#12965,#12963,#12966,.T.);
#10495=EDGE_CURVE('',#12967,#12965,#12968,.T.);
#10496=EDGE_CURVE('',#12969,#12967,#12970,.T.);
#10497=EDGE_CURVE('',#12971,#12969,#12972,.T.);
#10498=EDGE_CURVE('',#12973,#12971,#12974,.T.);
#10499=EDGE_CURVE('',#12975,#12973,#12976,.T.);
#10500=EDGE_CURVE('',#12955,#12975,#12977,.T.);
#10501=EDGE_CURVE('',#12978,#12979,#12980,.T.);
#10502=EDGE_CURVE('',#12981,#12978,#12982,.T.);
#10503=EDGE_CURVE('',#12983,#12981,#12984,.T.);
#10504=EDGE_CURVE('',#12985,#12983,#12986,.T.);
#10505=EDGE_CURVE('',#12987,#12985,#12988,.T.);
#10506=EDGE_CURVE('',#12989,#12987,#12990,.T.);
#10507=EDGE_CURVE('',#12991,#12989,#12992,.T.);
#10508=EDGE_CURVE('',#12993,#12991,#12994,.T.);
#10509=EDGE_CURVE('',#12995,#12993,#12996,.T.);
#10510=EDGE_CURVE('',#12997,#12995,#12998,.T.);
#10511=EDGE_CURVE('',#12999,#12997,#13000,.T.);
#10512=EDGE_CURVE('',#12979,#12999,#13001,.T.);
#10513=EDGE_CURVE('',#13002,#13003,#13004,.T.);
#10514=EDGE_CURVE('',#13005,#13002,#13006,.T.);
#10515=EDGE_CURVE('',#13007,#13005,#13008,.T.);
#10516=EDGE_CURVE('',#13009,#13007,#13010,.T.);
#10517=EDGE_CURVE('',#13011,#13009,#13012,.T.);
#10518=EDGE_CURVE('',#13013,#13011,#13014,.T.);
#10519=EDGE_CURVE('',#13015,#13013,#13016,.T.);
#10520=EDGE_CURVE('',#13017,#13015,#13018,.T.);
#10521=EDGE_CURVE('',#13019,#13017,#13020,.T.);
#10522=EDGE_CURVE('',#13021,#13019,#13022,.T.);
#10523=EDGE_CURVE('',#13023,#13021,#13024,.T.);
#10524=EDGE_CURVE('',#13003,#13023,#13025,.T.);
#10525=EDGE_CURVE('',#13026,#13027,#13028,.T.);
#10526=EDGE_CURVE('',#13029,#13026,#13030,.T.);
#10527=EDGE_CURVE('',#13031,#13029,#13032,.T.);
#10528=EDGE_CURVE('',#13033,#13031,#13034,.T.);
#10529=EDGE_CURVE('',#13035,#13033,#13036,.T.);
#10530=EDGE_CURVE('',#13037,#13035,#13038,.T.);
#10531=EDGE_CURVE('',#13039,#13037,#13040,.T.);
#10532=EDGE_CURVE('',#13041,#13039,#13042,.T.);
#10533=EDGE_CURVE('',#13043,#13041,#13044,.T.);
#10534=EDGE_CURVE('',#13045,#13043,#13046,.T.);
#10535=EDGE_CURVE('',#13047,#13045,#13048,.T.);
#10536=EDGE_CURVE('',#13027,#13047,#13049,.T.);
#10537=EDGE_CURVE('',#13050,#13051,#13052,.T.);
#10538=EDGE_CURVE('',#13053,#13050,#13054,.T.);
#10539=EDGE_CURVE('',#13055,#13053,#13056,.T.);
#10540=EDGE_CURVE('',#13057,#13055,#13058,.T.);
#10541=EDGE_CURVE('',#13059,#13057,#13060,.T.);
#10542=EDGE_CURVE('',#13061,#13059,#13062,.T.);
#10543=EDGE_CURVE('',#13063,#13061,#13064,.T.);
#10544=EDGE_CURVE('',#13065,#13063,#13066,.T.);
#10545=EDGE_CURVE('',#13067,#13065,#13068,.T.);
#10546=EDGE_CURVE('',#13069,#13067,#13070,.T.);
#10547=EDGE_CURVE('',#13071,#13069,#13072,.T.);
#10548=EDGE_CURVE('',#13051,#13071,#13073,.T.);
#10549=EDGE_CURVE('',#13074,#13075,#13076,.T.);
#10550=EDGE_CURVE('',#13077,#13074,#13078,.T.);
#10551=EDGE_CURVE('',#13079,#13077,#13080,.T.);
#10552=EDGE_CURVE('',#13081,#13079,#13082,.T.);
#10553=EDGE_CURVE('',#13083,#13081,#13084,.T.);
#10554=EDGE_CURVE('',#13085,#13083,#13086,.T.);
#10555=EDGE_CURVE('',#13087,#13085,#13088,.T.);
#10556=EDGE_CURVE('',#13089,#13087,#13090,.T.);
#10557=EDGE_CURVE('',#13091,#13089,#13092,.T.);
#10558=EDGE_CURVE('',#13093,#13091,#13094,.T.);
#10559=EDGE_CURVE('',#13095,#13093,#13096,.T.);
#10560=EDGE_CURVE('',#13075,#13095,#13097,.T.);
#10561=EDGE_CURVE('',#13098,#13099,#13100,.T.);
#10562=EDGE_CURVE('',#13101,#13098,#13102,.T.);
#10563=EDGE_CURVE('',#13103,#13101,#13104,.T.);
#10564=EDGE_CURVE('',#13105,#13103,#13106,.T.);
#10565=EDGE_CURVE('',#13107,#13105,#13108,.T.);
#10566=EDGE_CURVE('',#13109,#13107,#13110,.T.);
#10567=EDGE_CURVE('',#13111,#13109,#13112,.T.);
#10568=EDGE_CURVE('',#13113,#13111,#13114,.T.);
#10569=EDGE_CURVE('',#13115,#13113,#13116,.T.);
#10570=EDGE_CURVE('',#13117,#13115,#13118,.T.);
#10571=EDGE_CURVE('',#13119,#13117,#13120,.T.);
#10572=EDGE_CURVE('',#13099,#13119,#13121,.T.);
#10573=EDGE_CURVE('',#13122,#13123,#13124,.T.);
#10574=EDGE_CURVE('',#13123,#13122,#13125,.T.);
#10575=EDGE_CURVE('',#13126,#13127,#13128,.T.);
#10576=EDGE_CURVE('',#13127,#13126,#13129,.T.);
#10577=EDGE_CURVE('',#13130,#13131,#13132,.T.);
#10578=EDGE_CURVE('',#13131,#13130,#13133,.T.);
#10579=EDGE_CURVE('',#13134,#13135,#13136,.T.);
#10580=EDGE_CURVE('',#13135,#13134,#13137,.T.);
#10581=EDGE_CURVE('',#13138,#13139,#13140,.T.);
#10582=EDGE_CURVE('',#13138,#13141,#13142,.T.);
#10583=EDGE_CURVE('',#13143,#13141,#13144,.T.);
#10584=EDGE_CURVE('',#13143,#13145,#13146,.T.);
#10585=EDGE_CURVE('',#13145,#13147,#13148,.T.);
#10586=EDGE_CURVE('',#13149,#13147,#13150,.T.);
#10587=EDGE_CURVE('',#13149,#13151,#13152,.T.);
#10588=EDGE_CURVE('',#13153,#13151,#13154,.T.);
#10589=EDGE_CURVE('',#13153,#13155,#13156,.T.);
#10590=EDGE_CURVE('',#13157,#13155,#13158,.T.);
#10591=EDGE_CURVE('',#13157,#13159,#13160,.T.);
#10592=EDGE_CURVE('',#13159,#13161,#13162,.T.);
#10593=EDGE_CURVE('',#13163,#13161,#13164,.T.);
#10594=EDGE_CURVE('',#13165,#13163,#13166,.T.);
#10595=EDGE_CURVE('',#13167,#13165,#13168,.T.);
#10596=EDGE_CURVE('',#13169,#13167,#13170,.T.);
#10597=EDGE_CURVE('',#13171,#13169,#13172,.T.);
#10598=EDGE_CURVE('',#13139,#13171,#13173,.T.);
#10599=EDGE_CURVE('',#13174,#13175,#13176,.T.);
#10600=EDGE_CURVE('',#13177,#13174,#13178,.T.);
#10601=EDGE_CURVE('',#13179,#13177,#13180,.T.);
#10602=EDGE_CURVE('',#13175,#13179,#13181,.T.);
#10603=EDGE_CURVE('',#12697,#13175,#13182,.T.);
#10604=EDGE_CURVE('',#12693,#13179,#13183,.T.);
#10605=EDGE_CURVE('',#12695,#13174,#13184,.T.);
#10606=EDGE_CURVE('',#12692,#13177,#13185,.T.);
#10607=EDGE_CURVE('',#13186,#13187,#13188,.T.);
#10608=EDGE_CURVE('',#13189,#13186,#13190,.T.);
#10609=EDGE_CURVE('',#13191,#13189,#13192,.T.);
#10610=EDGE_CURVE('',#13187,#13191,#13193,.T.);
#10611=EDGE_CURVE('',#12705,#13187,#13194,.T.);
#10612=EDGE_CURVE('',#12701,#13191,#13195,.T.);
#10613=EDGE_CURVE('',#12703,#13186,#13196,.T.);
#10614=EDGE_CURVE('',#12700,#13189,#13197,.T.);
#10615=EDGE_CURVE('',#13198,#13199,#13200,.T.);
#10616=EDGE_CURVE('',#13199,#13201,#13202,.T.);
#10617=EDGE_CURVE('',#13201,#13203,#13204,.T.);
#10618=EDGE_CURVE('',#13203,#12709,#13205,.T.);
#10619=EDGE_CURVE('',#13206,#12708,#13207,.T.);
#10620=EDGE_CURVE('',#13206,#13208,#13209,.T.);
#10621=EDGE_CURVE('',#13198,#13208,#13210,.T.);
#10622=EDGE_CURVE('',#13211,#13206,#13212,.T.);
#10623=EDGE_CURVE('',#13208,#13211,#13213,.T.);
#10624=EDGE_CURVE('',#13214,#13211,#13215,.T.);
#10625=EDGE_CURVE('',#13198,#13214,#13216,.T.);
#10626=EDGE_CURVE('',#13217,#13214,#13218,.T.);
#10627=EDGE_CURVE('',#13217,#13199,#13219,.T.);
#10628=EDGE_CURVE('',#13220,#13221,#13222,.T.);
#10629=EDGE_CURVE('',#13221,#13220,#13223,.T.);
#10630=EDGE_CURVE('',#13221,#13224,#13225,.T.);
#10631=EDGE_CURVE('',#13226,#13224,#13227,.T.);
#10632=EDGE_CURVE('',#13220,#13226,#13228,.T.);
#10633=EDGE_CURVE('',#13229,#13230,#13231,.T.);
#10634=EDGE_CURVE('',#13229,#13226,#13232,.T.);
#10635=EDGE_CURVE('',#13230,#13224,#13233,.T.);
#10636=EDGE_CURVE('',#13230,#13229,#13234,.T.);
#10637=EDGE_CURVE('',#13203,#13235,#13236,.T.);
#10638=EDGE_CURVE('',#13201,#13235,#13237,.T.);
#10639=EDGE_CURVE('',#13217,#13235,#13238,.T.);
#10640=EDGE_CURVE('',#13239,#13240,#13241,.T.);
#10641=EDGE_CURVE('',#13242,#13239,#13243,.T.);
#10642=EDGE_CURVE('',#13244,#13242,#13245,.T.);
#10643=EDGE_CURVE('',#13246,#13244,#13247,.T.);
#10644=EDGE_CURVE('',#13248,#13246,#13249,.T.);
#10645=EDGE_CURVE('',#13250,#13248,#13251,.T.);
#10646=EDGE_CURVE('',#13252,#13250,#13253,.T.);
#10647=EDGE_CURVE('',#13254,#13252,#13255,.T.);
#10648=EDGE_CURVE('',#13256,#13254,#13257,.T.);
#10649=EDGE_CURVE('',#13258,#13256,#13259,.T.);
#10650=EDGE_CURVE('',#13260,#13258,#13261,.T.);
#10651=EDGE_CURVE('',#13240,#13260,#13262,.T.);
#10652=EDGE_CURVE('',#12733,#13256,#13263,.T.);
#10653=EDGE_CURVE('',#12713,#13254,#13264,.T.);
#10654=EDGE_CURVE('',#12731,#13258,#13265,.T.);
#10655=EDGE_CURVE('',#12729,#13260,#13266,.T.);
#10656=EDGE_CURVE('',#12727,#13240,#13267,.T.);
#10657=EDGE_CURVE('',#12725,#13239,#13268,.T.);
#10658=EDGE_CURVE('',#12723,#13242,#13269,.T.);
#10659=EDGE_CURVE('',#12721,#13244,#13270,.T.);
#10660=EDGE_CURVE('',#12719,#13246,#13271,.T.);
#10661=EDGE_CURVE('',#12717,#13248,#13272,.T.);
#10662=EDGE_CURVE('',#12715,#13250,#13273,.T.);
#10663=EDGE_CURVE('',#12712,#13252,#13274,.T.);
#10664=EDGE_CURVE('',#13275,#13276,#13277,.T.);
#10665=EDGE_CURVE('',#13278,#13275,#13279,.T.);
#10666=EDGE_CURVE('',#13280,#13278,#13281,.T.);
#10667=EDGE_CURVE('',#13276,#13280,#13282,.T.);
#10668=EDGE_CURVE('',#12741,#13276,#13283,.T.);
#10669=EDGE_CURVE('',#12737,#13280,#13284,.T.);
#10670=EDGE_CURVE('',#12739,#13275,#13285,.T.);
#10671=EDGE_CURVE('',#12736,#13278,#13286,.T.);
#10672=EDGE_CURVE('',#13287,#13288,#13289,.T.);
#10673=EDGE_CURVE('',#13290,#13287,#13291,.T.);
#10674=EDGE_CURVE('',#13292,#13290,#13293,.T.);
#10675=EDGE_CURVE('',#13288,#13292,#13294,.T.);
#10676=EDGE_CURVE('',#12749,#13290,#13295,.T.);
#10677=EDGE_CURVE('',#12745,#13287,#13296,.T.);
#10678=EDGE_CURVE('',#12747,#13292,#13297,.T.);
#10679=EDGE_CURVE('',#12744,#13288,#13298,.T.);
#10680=EDGE_CURVE('',#13299,#13300,#13301,.T.);
#10681=EDGE_CURVE('',#12753,#13299,#13302,.T.);
#10682=EDGE_CURVE('',#13300,#12781,#13303,.T.);
#10683=EDGE_CURVE('',#13304,#12779,#13305,.T.);
#10684=EDGE_CURVE('',#13304,#13300,#13306,.T.);
#10685=EDGE_CURVE('',#12777,#13307,#13308,.T.);
#10686=EDGE_CURVE('',#12775,#13309,#13310,.T.);
#10687=EDGE_CURVE('',#13309,#13307,#13311,.T.);
#10688=EDGE_CURVE('',#13304,#13307,#13312,.T.);
#10689=EDGE_CURVE('',#12773,#13313,#13314,.T.);
#10690=EDGE_CURVE('',#13309,#13313,#13315,.T.);
#10691=EDGE_CURVE('',#13316,#13317,#13318,.T.);
#10692=EDGE_CURVE('',#13316,#13319,#13320,.T.);
#10693=EDGE_CURVE('',#13319,#13321,#13322,.T.);
#10694=EDGE_CURVE('',#13321,#13299,#13323,.T.);
#10695=EDGE_CURVE('',#13313,#13324,#13325,.T.);
#10696=EDGE_CURVE('',#13326,#13324,#13327,.T.);
#10697=EDGE_CURVE('',#13326,#13328,#13329,.T.);
#10698=EDGE_CURVE('',#13330,#13328,#13331,.T.);
#10699=EDGE_CURVE('',#13332,#13330,#13333,.T.);
#10700=EDGE_CURVE('',#13334,#13332,#13335,.T.);
#10701=EDGE_CURVE('',#13317,#13334,#13336,.T.);
#10702=EDGE_CURVE('',#12757,#13316,#13337,.T.);
#10703=EDGE_CURVE('',#12755,#13319,#13338,.T.);
#10704=EDGE_CURVE('',#12752,#13321,#13339,.T.);
#10705=EDGE_CURVE('',#12759,#13317,#13340,.T.);
#10706=EDGE_CURVE('',#12761,#13334,#13341,.T.);
#10707=EDGE_CURVE('',#12763,#13332,#13342,.T.);
#10708=EDGE_CURVE('',#12765,#13330,#13343,.T.);
#10709=EDGE_CURVE('',#13328,#12767,#13344,.T.);
#10710=EDGE_CURVE('',#13326,#12769,#13345,.T.);
#10711=EDGE_CURVE('',#12771,#13324,#13346,.T.);
#10712=EDGE_CURVE('',#13347,#13348,#13349,.T.);
#10713=EDGE_CURVE('',#13348,#13350,#13351,.T.);
#10714=EDGE_CURVE('',#13350,#13352,#13353,.T.);
#10715=EDGE_CURVE('',#13352,#13354,#13355,.T.);
#10716=EDGE_CURVE('',#13354,#13356,#13357,.T.);
#10717=EDGE_CURVE('',#13356,#13358,#13359,.T.);
#10718=EDGE_CURVE('',#13358,#13360,#13361,.T.);
#10719=EDGE_CURVE('',#13360,#13362,#13363,.T.);
#10720=EDGE_CURVE('',#13362,#13364,#13365,.T.);
#10721=EDGE_CURVE('',#13364,#13366,#13367,.T.);
#10722=EDGE_CURVE('',#13366,#13368,#13369,.T.);
#10723=EDGE_CURVE('',#13368,#13370,#13371,.T.);
#10724=EDGE_CURVE('',#13370,#13372,#13373,.T.);
#10725=EDGE_CURVE('',#13372,#13374,#13375,.T.);
#10726=EDGE_CURVE('',#13374,#13376,#13377,.T.);
#10727=EDGE_CURVE('',#13376,#13347,#13378,.T.);
#10728=EDGE_CURVE('',#12813,#13372,#13379,.T.);
#10729=EDGE_CURVE('',#12785,#13370,#13380,.T.);
#10730=EDGE_CURVE('',#12811,#13374,#13381,.T.);
#10731=EDGE_CURVE('',#12809,#13376,#13382,.T.);
#10732=EDGE_CURVE('',#12807,#13347,#13383,.T.);
#10733=EDGE_CURVE('',#12805,#13348,#13384,.T.);
#10734=EDGE_CURVE('',#12803,#13350,#13385,.T.);
#10735=EDGE_CURVE('',#12801,#13352,#13386,.T.);
#10736=EDGE_CURVE('',#12799,#13354,#13387,.T.);
#10737=EDGE_CURVE('',#12797,#13356,#13388,.T.);
#10738=EDGE_CURVE('',#12795,#13358,#13389,.T.);
#10739=EDGE_CURVE('',#12793,#13360,#13390,.T.);
#10740=EDGE_CURVE('',#12791,#13362,#13391,.T.);
#10741=EDGE_CURVE('',#12789,#13364,#13392,.T.);
#10742=EDGE_CURVE('',#12787,#13366,#13393,.T.);
#10743=EDGE_CURVE('',#12784,#13368,#13394,.T.);
#10744=EDGE_CURVE('',#13395,#13396,#13397,.T.);
#10745=EDGE_CURVE('',#13398,#13395,#13399,.T.);
#10746=EDGE_CURVE('',#13400,#13398,#13401,.T.);
#10747=EDGE_CURVE('',#13402,#13400,#13403,.T.);
#10748=EDGE_CURVE('',#13404,#13402,#13405,.T.);
#10749=EDGE_CURVE('',#13406,#13404,#13407,.T.);
#10750=EDGE_CURVE('',#13408,#13406,#13409,.T.);
#10751=EDGE_CURVE('',#13410,#13408,#13411,.T.);
#10752=EDGE_CURVE('',#13412,#13410,#13413,.T.);
#10753=EDGE_CURVE('',#13414,#13412,#13415,.T.);
#10754=EDGE_CURVE('',#13416,#13414,#13417,.T.);
#10755=EDGE_CURVE('',#13396,#13416,#13418,.T.);
#10756=EDGE_CURVE('',#12837,#13414,#13419,.T.);
#10757=EDGE_CURVE('',#12817,#13412,#13420,.T.);
#10758=EDGE_CURVE('',#12835,#13416,#13421,.T.);
#10759=EDGE_CURVE('',#12833,#13396,#13422,.T.);
#10760=EDGE_CURVE('',#12831,#13395,#13423,.T.);
#10761=EDGE_CURVE('',#12829,#13398,#13424,.T.);
#10762=EDGE_CURVE('',#12827,#13400,#13425,.T.);
#10763=EDGE_CURVE('',#12825,#13402,#13426,.T.);
#10764=EDGE_CURVE('',#12823,#13404,#13427,.T.);
#10765=EDGE_CURVE('',#12821,#13406,#13428,.T.);
#10766=EDGE_CURVE('',#12819,#13408,#13429,.T.);
#10767=EDGE_CURVE('',#12816,#13410,#13430,.T.);
#10768=EDGE_CURVE('',#13431,#13432,#13433,.T.);
#10769=EDGE_CURVE('',#13434,#13431,#13435,.T.);
#10770=EDGE_CURVE('',#13436,#13434,#13437,.T.);
#10771=EDGE_CURVE('',#13438,#13436,#13439,.T.);
#10772=EDGE_CURVE('',#13440,#13438,#13441,.T.);
#10773=EDGE_CURVE('',#13442,#13440,#13443,.T.);
#10774=EDGE_CURVE('',#13444,#13442,#13445,.T.);
#10775=EDGE_CURVE('',#13446,#13444,#13447,.T.);
#10776=EDGE_CURVE('',#13448,#13446,#13449,.T.);
#10777=EDGE_CURVE('',#13450,#13448,#13451,.T.);
#10778=EDGE_CURVE('',#13452,#13450,#13453,.T.);
#10779=EDGE_CURVE('',#13432,#13452,#13454,.T.);
#10780=EDGE_CURVE('',#12861,#13450,#13455,.T.);
#10781=EDGE_CURVE('',#12841,#13448,#13456,.T.);
#10782=EDGE_CURVE('',#12859,#13452,#13457,.T.);
#10783=EDGE_CURVE('',#12857,#13432,#13458,.T.);
#10784=EDGE_CURVE('',#12855,#13431,#13459,.T.);
#10785=EDGE_CURVE('',#12853,#13434,#13460,.T.);
#10786=EDGE_CURVE('',#12851,#13436,#13461,.T.);
#10787=EDGE_CURVE('',#12849,#13438,#13462,.T.);
#10788=EDGE_CURVE('',#12847,#13440,#13463,.T.);
#10789=EDGE_CURVE('',#12845,#13442,#13464,.T.);
#10790=EDGE_CURVE('',#12843,#13444,#13465,.T.);
#10791=EDGE_CURVE('',#12840,#13446,#13466,.T.);
#10792=EDGE_CURVE('',#13467,#13468,#13469,.T.);
#10793=EDGE_CURVE('',#13470,#13467,#13471,.T.);
#10794=EDGE_CURVE('',#13472,#13470,#13473,.T.);
#10795=EDGE_CURVE('',#13474,#13472,#13475,.T.);
#10796=EDGE_CURVE('',#13476,#13474,#13477,.T.);
#10797=EDGE_CURVE('',#13478,#13476,#13479,.T.);
#10798=EDGE_CURVE('',#13480,#13478,#13481,.T.);
#10799=EDGE_CURVE('',#13482,#13480,#13483,.T.);
#10800=EDGE_CURVE('',#13484,#13482,#13485,.T.);
#10801=EDGE_CURVE('',#13486,#13484,#13487,.T.);
#10802=EDGE_CURVE('',#13488,#13486,#13489,.T.);
#10803=EDGE_CURVE('',#13468,#13488,#13490,.T.);
#10804=EDGE_CURVE('',#12885,#13484,#13491,.T.);
#10805=EDGE_CURVE('',#12865,#13482,#13492,.T.);
#10806=EDGE_CURVE('',#12883,#13486,#13493,.T.);
#10807=EDGE_CURVE('',#12881,#13488,#13494,.T.);
#10808=EDGE_CURVE('',#12879,#13468,#13495,.T.);
#10809=EDGE_CURVE('',#12877,#13467,#13496,.T.);
#10810=EDGE_CURVE('',#12875,#13470,#13497,.T.);
#10811=EDGE_CURVE('',#12873,#13472,#13498,.T.);
#10812=EDGE_CURVE('',#12871,#13474,#13499,.T.);
#10813=EDGE_CURVE('',#12869,#13476,#13500,.T.);
#10814=EDGE_CURVE('',#12867,#13478,#13501,.T.);
#10815=EDGE_CURVE('',#12864,#13480,#13502,.T.);
#10816=EDGE_CURVE('',#13503,#13504,#13505,.T.);
#10817=EDGE_CURVE('',#13506,#13503,#13507,.T.);
#10818=EDGE_CURVE('',#13508,#13506,#13509,.T.);
#10819=EDGE_CURVE('',#13510,#13508,#13511,.T.);
#10820=EDGE_CURVE('',#13512,#13510,#13513,.T.);
#10821=EDGE_CURVE('',#13514,#13512,#13515,.T.);
#10822=EDGE_CURVE('',#13516,#13514,#13517,.T.);
#10823=EDGE_CURVE('',#13518,#13516,#13519,.T.);
#10824=EDGE_CURVE('',#13520,#13518,#13521,.T.);
#10825=EDGE_CURVE('',#13522,#13520,#13523,.T.);
#10826=EDGE_CURVE('',#13524,#13522,#13525,.T.);
#10827=EDGE_CURVE('',#13504,#13524,#13526,.T.);
#10828=EDGE_CURVE('',#12909,#13506,#13527,.T.);
#10829=EDGE_CURVE('',#12889,#13503,#13528,.T.);
#10830=EDGE_CURVE('',#12907,#13508,#13529,.T.);
#10831=EDGE_CURVE('',#12905,#13510,#13530,.T.);
#10832=EDGE_CURVE('',#12903,#13512,#13531,.T.);
#10833=EDGE_CURVE('',#12901,#13514,#13532,.T.);
#10834=EDGE_CURVE('',#12899,#13516,#13533,.T.);
#10835=EDGE_CURVE('',#12897,#13518,#13534,.T.);
#10836=EDGE_CURVE('',#12895,#13520,#13535,.T.);
#10837=EDGE_CURVE('',#12893,#13522,#13536,.T.);
#10838=EDGE_CURVE('',#12891,#13524,#13537,.T.);
#10839=EDGE_CURVE('',#12888,#13504,#13538,.T.);
#10840=EDGE_CURVE('',#13539,#13540,#13541,.T.);
#10841=EDGE_CURVE('',#13540,#13542,#13543,.T.);
#10842=EDGE_CURVE('',#13542,#13544,#13545,.T.);
#10843=EDGE_CURVE('',#13544,#12913,#13546,.T.);
#10844=EDGE_CURVE('',#13547,#12912,#13548,.T.);
#10845=EDGE_CURVE('',#13547,#13549,#13550,.T.);
#10846=EDGE_CURVE('',#13539,#13549,#13551,.T.);
#10847=EDGE_CURVE('',#13552,#13547,#13553,.T.);
#10848=EDGE_CURVE('',#13549,#13552,#13554,.T.);
#10849=EDGE_CURVE('',#13555,#13552,#13556,.T.);
#10850=EDGE_CURVE('',#13539,#13555,#13557,.T.);
#10851=EDGE_CURVE('',#13558,#13555,#13559,.T.);
#10852=EDGE_CURVE('',#13558,#13540,#13560,.T.);
#10853=EDGE_CURVE('',#13561,#13562,#13563,.T.);
#10854=EDGE_CURVE('',#13562,#13561,#13564,.T.);
#10855=EDGE_CURVE('',#13562,#13565,#13566,.T.);
#10856=EDGE_CURVE('',#13567,#13565,#13568,.T.);
#10857=EDGE_CURVE('',#13561,#13567,#13569,.T.);
#10858=EDGE_CURVE('',#13570,#13571,#13572,.T.);
#10859=EDGE_CURVE('',#13570,#13567,#13573,.T.);
#10860=EDGE_CURVE('',#13571,#13565,#13574,.T.);
#10861=EDGE_CURVE('',#13571,#13570,#13575,.T.);
#10862=EDGE_CURVE('',#13544,#13576,#13577,.T.);
#10863=EDGE_CURVE('',#13542,#13576,#13578,.T.);
#10864=EDGE_CURVE('',#13558,#13576,#13579,.T.);
#10865=EDGE_CURVE('',#13580,#13581,#13582,.T.);
#10866=EDGE_CURVE('',#13581,#13583,#13584,.T.);
#10867=EDGE_CURVE('',#13583,#13585,#13586,.T.);
#10868=EDGE_CURVE('',#13585,#12917,#13587,.T.);
#10869=EDGE_CURVE('',#13588,#12916,#13589,.T.);
#10870=EDGE_CURVE('',#13588,#13590,#13591,.T.);
#10871=EDGE_CURVE('',#13580,#13590,#13592,.T.);
#10872=EDGE_CURVE('',#13593,#13588,#13594,.T.);
#10873=EDGE_CURVE('',#13590,#13593,#13595,.T.);
#10874=EDGE_CURVE('',#13596,#13593,#13597,.T.);
#10875=EDGE_CURVE('',#13580,#13596,#13598,.T.);
#10876=EDGE_CURVE('',#13599,#13596,#13600,.T.);
#10877=EDGE_CURVE('',#13599,#13581,#13601,.T.);
#10878=EDGE_CURVE('',#13602,#13603,#13604,.T.);
#10879=EDGE_CURVE('',#13603,#13602,#13605,.T.);
#10880=EDGE_CURVE('',#13603,#13606,#13607,.T.);
#10881=EDGE_CURVE('',#13608,#13606,#13609,.T.);
#10882=EDGE_CURVE('',#13602,#13608,#13610,.T.);
#10883=EDGE_CURVE('',#13611,#13612,#13613,.T.);
#10884=EDGE_CURVE('',#13611,#13608,#13614,.T.);
#10885=EDGE_CURVE('',#13612,#13606,#13615,.T.);
#10886=EDGE_CURVE('',#13612,#13611,#13616,.T.);
#10887=EDGE_CURVE('',#13585,#13617,#13618,.T.);
#10888=EDGE_CURVE('',#13583,#13617,#13619,.T.);
#10889=EDGE_CURVE('',#13599,#13617,#13620,.T.);
#10890=EDGE_CURVE('',#13621,#13622,#13623,.T.);
#10891=EDGE_CURVE('',#13622,#12935,#13624,.T.);
#10892=EDGE_CURVE('',#13625,#12933,#13626,.T.);
#10893=EDGE_CURVE('',#13625,#13621,#13627,.T.);
#10894=EDGE_CURVE('',#13628,#13621,#13629,.T.);
#10895=EDGE_CURVE('',#13628,#12665,#13630,.T.);
#10896=EDGE_CURVE('',#12669,#13622,#13631,.T.);
#10897=EDGE_CURVE('',#13628,#13632,#13633,.T.);
#10898=EDGE_CURVE('',#12920,#13632,#13634,.T.);
#10899=EDGE_CURVE('',#13635,#13636,#13637,.T.);
#10900=EDGE_CURVE('',#13635,#13638,#13639,.T.);
#10901=EDGE_CURVE('',#12659,#13638,#13640,.T.);
#10902=EDGE_CURVE('',#13641,#13632,#13642,.T.);
#10903=EDGE_CURVE('',#13641,#13636,#13643,.T.);
#10904=EDGE_CURVE('',#13638,#13644,#13645,.T.);
#10905=EDGE_CURVE('',#13635,#13646,#13647,.T.);
#10906=EDGE_CURVE('',#13644,#13646,#13648,.T.);
#10907=EDGE_CURVE('',#12923,#13649,#13650,.T.);
#10908=EDGE_CURVE('',#13651,#13649,#13652,.T.);
#10909=EDGE_CURVE('',#13651,#12925,#13653,.T.);
#10910=EDGE_CURVE('',#13654,#13651,#13655,.T.);
#10911=EDGE_CURVE('',#13656,#13654,#13657,.T.);
#10912=EDGE_CURVE('',#13656,#12927,#13658,.T.);
#10913=EDGE_CURVE('',#13644,#13656,#13659,.T.);
#10914=EDGE_CURVE('',#12661,#13654,#13660,.T.);
#10915=EDGE_CURVE('',#13646,#13661,#13662,.T.);
#10916=EDGE_CURVE('',#13661,#13663,#13664,.T.);
#10917=EDGE_CURVE('',#13663,#12929,#13665,.T.);
#10918=EDGE_CURVE('',#13663,#13666,#13667,.T.);
#10919=EDGE_CURVE('',#13666,#12931,#13668,.T.);
#10920=EDGE_CURVE('',#13669,#13670,#13671,.T.);
#10921=EDGE_CURVE('',#13670,#13672,#13673,.T.);
#10922=EDGE_CURVE('',#13672,#13666,#13674,.T.);
#10923=EDGE_CURVE('',#13669,#13661,#13675,.T.);
#10924=EDGE_CURVE('',#13635,#13669,#13676,.T.);
#10925=EDGE_CURVE('',#13636,#13670,#13677,.T.);
#10926=EDGE_CURVE('',#13636,#13678,#13679,.T.);
#10927=EDGE_CURVE('',#13641,#13680,#13681,.T.);
#10928=EDGE_CURVE('',#13680,#13678,#13682,.T.);
#10929=EDGE_CURVE('',#13678,#13672,#13683,.T.);
#10930=EDGE_CURVE('',#13680,#13625,#13684,.T.);
#10931=EDGE_CURVE('',#12655,#13649,#13685,.T.);
#10932=EDGE_CURVE('',#13686,#13687,#13688,.T.);
#10933=EDGE_CURVE('',#13689,#13686,#13690,.T.);
#10934=EDGE_CURVE('',#13691,#13689,#13692,.T.);
#10935=EDGE_CURVE('',#13687,#13691,#13693,.T.);
#10936=EDGE_CURVE('',#12943,#13687,#13694,.T.);
#10937=EDGE_CURVE('',#12939,#13691,#13695,.T.);
#10938=EDGE_CURVE('',#12941,#13686,#13696,.T.);
#10939=EDGE_CURVE('',#12938,#13689,#13697,.T.);
#10940=EDGE_CURVE('',#13698,#13699,#13700,.T.);
#10941=EDGE_CURVE('',#13701,#13698,#13702,.T.);
#10942=EDGE_CURVE('',#13703,#13701,#13704,.T.);
#10943=EDGE_CURVE('',#13699,#13703,#13705,.T.);
#10944=EDGE_CURVE('',#12951,#13701,#13706,.T.);
#10945=EDGE_CURVE('',#12947,#13698,#13707,.T.);
#10946=EDGE_CURVE('',#12949,#13703,#13708,.T.);
#10947=EDGE_CURVE('',#12946,#13699,#13709,.T.);
#10948=EDGE_CURVE('',#12959,#13710,#13711,.T.);
#10949=EDGE_CURVE('',#13710,#13712,#13713,.T.);
#10950=EDGE_CURVE('',#12961,#13712,#13714,.T.);
#10951=EDGE_CURVE('',#12963,#13715,#13716,.T.);
#10952=EDGE_CURVE('',#13715,#13717,#13718,.T.);
#10953=EDGE_CURVE('',#12965,#13717,#13719,.T.);
#10954=EDGE_CURVE('',#12971,#13720,#13721,.T.);
#10955=EDGE_CURVE('',#13720,#13722,#13723,.T.);
#10956=EDGE_CURVE('',#12973,#13722,#13724,.T.);
#10957=EDGE_CURVE('',#12975,#13725,#13726,.T.);
#10958=EDGE_CURVE('',#13725,#13727,#13728,.T.);
#10959=EDGE_CURVE('',#12955,#13727,#13729,.T.);
#10960=EDGE_CURVE('',#13730,#13710,#13731,.T.);
#10961=EDGE_CURVE('',#13732,#13730,#13733,.T.);
#10962=EDGE_CURVE('',#13727,#13732,#13734,.T.);
#10963=EDGE_CURVE('',#13722,#13725,#13735,.T.);
#10964=EDGE_CURVE('',#13736,#13720,#13737,.T.);
#10965=EDGE_CURVE('',#13738,#13736,#13739,.T.);
#10966=EDGE_CURVE('',#13717,#13738,#13740,.T.);
#10967=EDGE_CURVE('',#13712,#13715,#13741,.T.);
#10968=EDGE_CURVE('',#12969,#13736,#13742,.T.);
#10969=EDGE_CURVE('',#12967,#13738,#13743,.T.);
#10970=EDGE_CURVE('',#12957,#13730,#13744,.T.);
#10971=EDGE_CURVE('',#12954,#13732,#13745,.T.);
#10972=EDGE_CURVE('',#13746,#13747,#13748,.T.);
#10973=EDGE_CURVE('',#13749,#13746,#13750,.T.);
#10974=EDGE_CURVE('',#13751,#13749,#13752,.T.);
#10975=EDGE_CURVE('',#13753,#13751,#13754,.T.);
#10976=EDGE_CURVE('',#13755,#13753,#13756,.T.);
#10977=EDGE_CURVE('',#13757,#13755,#13758,.T.);
#10978=EDGE_CURVE('',#13759,#13757,#13760,.T.);
#10979=EDGE_CURVE('',#13761,#13759,#13762,.T.);
#10980=EDGE_CURVE('',#13763,#13761,#13764,.T.);
#10981=EDGE_CURVE('',#13765,#13763,#13766,.T.);
#10982=EDGE_CURVE('',#13767,#13765,#13768,.T.);
#10983=EDGE_CURVE('',#13747,#13767,#13769,.T.);
#10984=EDGE_CURVE('',#12999,#13753,#13770,.T.);
#10985=EDGE_CURVE('',#12979,#13751,#13771,.T.);
#10986=EDGE_CURVE('',#12997,#13755,#13772,.T.);
#10987=EDGE_CURVE('',#12995,#13757,#13773,.T.);
#10988=EDGE_CURVE('',#12993,#13759,#13774,.T.);
#10989=EDGE_CURVE('',#12991,#13761,#13775,.T.);
#10990=EDGE_CURVE('',#12989,#13763,#13776,.T.);
#10991=EDGE_CURVE('',#12987,#13765,#13777,.T.);
#10992=EDGE_CURVE('',#12985,#13767,#13778,.T.);
#10993=EDGE_CURVE('',#12983,#13747,#13779,.T.);
#10994=EDGE_CURVE('',#12981,#13746,#13780,.T.);
#10995=EDGE_CURVE('',#12978,#13749,#13781,.T.);
#10996=EDGE_CURVE('',#13782,#13783,#13784,.T.);
#10997=EDGE_CURVE('',#13785,#13782,#13786,.T.);
#10998=EDGE_CURVE('',#13787,#13785,#13788,.T.);
#10999=EDGE_CURVE('',#13789,#13787,#13790,.T.);
#11000=EDGE_CURVE('',#13791,#13789,#13792,.T.);
#11001=EDGE_CURVE('',#13793,#13791,#13794,.T.);
#11002=EDGE_CURVE('',#13795,#13793,#13796,.T.);
#11003=EDGE_CURVE('',#13797,#13795,#13798,.T.);
#11004=EDGE_CURVE('',#13799,#13797,#13800,.T.);
#11005=EDGE_CURVE('',#13801,#13799,#13802,.T.);
#11006=EDGE_CURVE('',#13803,#13801,#13804,.T.);
#11007=EDGE_CURVE('',#13783,#13803,#13805,.T.);
#11008=EDGE_CURVE('',#13023,#13795,#13806,.T.);
#11009=EDGE_CURVE('',#13003,#13793,#13807,.T.);
#11010=EDGE_CURVE('',#13021,#13797,#13808,.T.);
#11011=EDGE_CURVE('',#13019,#13799,#13809,.T.);
#11012=EDGE_CURVE('',#13017,#13801,#13810,.T.);
#11013=EDGE_CURVE('',#13015,#13803,#13811,.T.);
#11014=EDGE_CURVE('',#13013,#13783,#13812,.T.);
#11015=EDGE_CURVE('',#13011,#13782,#13813,.T.);
#11016=EDGE_CURVE('',#13009,#13785,#13814,.T.);
#11017=EDGE_CURVE('',#13007,#13787,#13815,.T.);
#11018=EDGE_CURVE('',#13005,#13789,#13816,.T.);
#11019=EDGE_CURVE('',#13002,#13791,#13817,.T.);
#11020=EDGE_CURVE('',#13818,#13819,#13820,.T.);
#11021=EDGE_CURVE('',#13821,#13818,#13822,.T.);
#11022=EDGE_CURVE('',#13823,#13821,#13824,.T.);
#11023=EDGE_CURVE('',#13825,#13823,#13826,.T.);
#11024=EDGE_CURVE('',#13827,#13825,#13828,.T.);
#11025=EDGE_CURVE('',#13829,#13827,#13830,.T.);
#11026=EDGE_CURVE('',#13831,#13829,#13832,.T.);
#11027=EDGE_CURVE('',#13833,#13831,#13834,.T.);
#11028=EDGE_CURVE('',#13835,#13833,#13836,.T.);
#11029=EDGE_CURVE('',#13837,#13835,#13838,.T.);
#11030=EDGE_CURVE('',#13839,#13837,#13840,.T.);
#11031=EDGE_CURVE('',#13819,#13839,#13841,.T.);
#11032=EDGE_CURVE('',#13047,#13833,#13842,.T.);
#11033=EDGE_CURVE('',#13027,#13831,#13843,.T.);
#11034=EDGE_CURVE('',#13045,#13835,#13844,.T.);
#11035=EDGE_CURVE('',#13043,#13837,#13845,.T.);
#11036=EDGE_CURVE('',#13041,#13839,#13846,.T.);
#11037=EDGE_CURVE('',#13039,#13819,#13847,.T.);
#11038=EDGE_CURVE('',#13037,#13818,#13848,.T.);
#11039=EDGE_CURVE('',#13035,#13821,#13849,.T.);
#11040=EDGE_CURVE('',#13033,#13823,#13850,.T.);
#11041=EDGE_CURVE('',#13031,#13825,#13851,.T.);
#11042=EDGE_CURVE('',#13029,#13827,#13852,.T.);
#11043=EDGE_CURVE('',#13026,#13829,#13853,.T.);
#11044=EDGE_CURVE('',#13854,#13855,#13856,.T.);
#11045=EDGE_CURVE('',#13857,#13854,#13858,.T.);
#11046=EDGE_CURVE('',#13859,#13857,#13860,.T.);
#11047=EDGE_CURVE('',#13861,#13859,#13862,.T.);
#11048=EDGE_CURVE('',#13863,#13861,#13864,.T.);
#11049=EDGE_CURVE('',#13865,#13863,#13866,.T.);
#11050=EDGE_CURVE('',#13867,#13865,#13868,.T.);
#11051=EDGE_CURVE('',#13869,#13867,#13870,.T.);
#11052=EDGE_CURVE('',#13871,#13869,#13872,.T.);
#11053=EDGE_CURVE('',#13873,#13871,#13874,.T.);
#11054=EDGE_CURVE('',#13875,#13873,#13876,.T.);
#11055=EDGE_CURVE('',#13855,#13875,#13877,.T.);
#11056=EDGE_CURVE('',#13071,#13873,#13878,.T.);
#11057=EDGE_CURVE('',#13051,#13871,#13879,.T.);
#11058=EDGE_CURVE('',#13069,#13875,#13880,.T.);
#11059=EDGE_CURVE('',#13067,#13855,#13881,.T.);
#11060=EDGE_CURVE('',#13065,#13854,#13882,.T.);
#11061=EDGE_CURVE('',#13063,#13857,#13883,.T.);
#11062=EDGE_CURVE('',#13061,#13859,#13884,.T.);
#11063=EDGE_CURVE('',#13059,#13861,#13885,.T.);
#11064=EDGE_CURVE('',#13057,#13863,#13886,.T.);
#11065=EDGE_CURVE('',#13055,#13865,#13887,.T.);
#11066=EDGE_CURVE('',#13053,#13867,#13888,.T.);
#11067=EDGE_CURVE('',#13050,#13869,#13889,.T.);
#11068=EDGE_CURVE('',#13890,#13891,#13892,.T.);
#11069=EDGE_CURVE('',#13893,#13890,#13894,.T.);
#11070=EDGE_CURVE('',#13895,#13893,#13896,.T.);
#11071=EDGE_CURVE('',#13897,#13895,#13898,.T.);
#11072=EDGE_CURVE('',#13899,#13897,#13900,.T.);
#11073=EDGE_CURVE('',#13901,#13899,#13902,.T.);
#11074=EDGE_CURVE('',#13903,#13901,#13904,.T.);
#11075=EDGE_CURVE('',#13905,#13903,#13906,.T.);
#11076=EDGE_CURVE('',#13907,#13905,#13908,.T.);
#11077=EDGE_CURVE('',#13909,#13907,#13910,.T.);
#11078=EDGE_CURVE('',#13911,#13909,#13912,.T.);
#11079=EDGE_CURVE('',#13891,#13911,#13913,.T.);
#11080=EDGE_CURVE('',#13095,#13909,#13914,.T.);
#11081=EDGE_CURVE('',#13075,#13907,#13915,.T.);
#11082=EDGE_CURVE('',#13093,#13911,#13916,.T.);
#11083=EDGE_CURVE('',#13091,#13891,#13917,.T.);
#11084=EDGE_CURVE('',#13089,#13890,#13918,.T.);
#11085=EDGE_CURVE('',#13087,#13893,#13919,.T.);
#11086=EDGE_CURVE('',#13085,#13895,#13920,.T.);
#11087=EDGE_CURVE('',#13083,#13897,#13921,.T.);
#11088=EDGE_CURVE('',#13081,#13899,#13922,.T.);
#11089=EDGE_CURVE('',#13079,#13901,#13923,.T.);
#11090=EDGE_CURVE('',#13077,#13903,#13924,.T.);
#11091=EDGE_CURVE('',#13074,#13905,#13925,.T.);
#11092=EDGE_CURVE('',#13926,#13927,#13928,.T.);
#11093=EDGE_CURVE('',#13929,#13926,#13930,.T.);
#11094=EDGE_CURVE('',#13931,#13929,#13932,.T.);
#11095=EDGE_CURVE('',#13933,#13931,#13934,.T.);
#11096=EDGE_CURVE('',#13935,#13933,#13936,.T.);
#11097=EDGE_CURVE('',#13937,#13935,#13938,.T.);
#11098=EDGE_CURVE('',#13939,#13937,#13940,.T.);
#11099=EDGE_CURVE('',#13941,#13939,#13942,.T.);
#11100=EDGE_CURVE('',#13943,#13941,#13944,.T.);
#11101=EDGE_CURVE('',#13945,#13943,#13946,.T.);
#11102=EDGE_CURVE('',#13947,#13945,#13948,.T.);
#11103=EDGE_CURVE('',#13927,#13947,#13949,.T.);
#11104=EDGE_CURVE('',#13119,#13947,#13950,.T.);
#11105=EDGE_CURVE('',#13099,#13945,#13951,.T.);
#11106=EDGE_CURVE('',#13117,#13927,#13952,.T.);
#11107=EDGE_CURVE('',#13115,#13926,#13953,.T.);
#11108=EDGE_CURVE('',#13113,#13929,#13954,.T.);
#11109=EDGE_CURVE('',#13111,#13931,#13955,.T.);
#11110=EDGE_CURVE('',#13109,#13933,#13956,.T.);
#11111=EDGE_CURVE('',#13107,#13935,#13957,.T.);
#11112=EDGE_CURVE('',#13105,#13937,#13958,.T.);
#11113=EDGE_CURVE('',#13103,#13939,#13959,.T.);
#11114=EDGE_CURVE('',#13101,#13941,#13960,.T.);
#11115=EDGE_CURVE('',#13098,#13943,#13961,.T.);
#11116=EDGE_CURVE('',#13962,#13963,#13964,.T.);
#11117=EDGE_CURVE('',#13963,#13965,#13966,.T.);
#11118=EDGE_CURVE('',#13965,#13967,#13968,.T.);
#11119=EDGE_CURVE('',#13967,#13123,#13969,.T.);
#11120=EDGE_CURVE('',#13970,#13122,#13971,.T.);
#11121=EDGE_CURVE('',#13970,#13972,#13973,.T.);
#11122=EDGE_CURVE('',#13962,#13972,#13974,.T.);
#11123=EDGE_CURVE('',#13975,#13970,#13976,.T.);
#11124=EDGE_CURVE('',#13972,#13975,#13977,.T.);
#11125=EDGE_CURVE('',#13978,#13975,#13979,.T.);
#11126=EDGE_CURVE('',#13962,#13978,#13980,.T.);
#11127=EDGE_CURVE('',#13981,#13978,#13982,.T.);
#11128=EDGE_CURVE('',#13981,#13963,#13983,.T.);
#11129=EDGE_CURVE('',#13984,#13985,#13986,.T.);
#11130=EDGE_CURVE('',#13985,#13984,#13987,.T.);
#11131=EDGE_CURVE('',#13985,#13988,#13989,.T.);
#11132=EDGE_CURVE('',#13990,#13988,#13991,.T.);
#11133=EDGE_CURVE('',#13984,#13990,#13992,.T.);
#11134=EDGE_CURVE('',#13993,#13994,#13995,.T.);
#11135=EDGE_CURVE('',#13993,#13988,#13996,.T.);
#11136=EDGE_CURVE('',#13988,#13990,#13997,.T.);
#11137=EDGE_CURVE('',#13994,#13990,#13998,.T.);
#11138=EDGE_CURVE('',#13994,#13993,#13999,.T.);
#11139=EDGE_CURVE('',#13981,#14000,#14001,.T.);
#11140=EDGE_CURVE('',#13965,#14000,#14002,.T.);
#11141=EDGE_CURVE('',#13967,#14000,#14003,.T.);
#11142=EDGE_CURVE('',#14004,#14005,#14006,.T.);
#11143=EDGE_CURVE('',#14005,#14007,#14008,.T.);
#11144=EDGE_CURVE('',#14007,#14009,#14010,.T.);
#11145=EDGE_CURVE('',#14009,#13127,#14011,.T.);
#11146=EDGE_CURVE('',#14012,#13126,#14013,.T.);
#11147=EDGE_CURVE('',#14012,#14014,#14015,.T.);
#11148=EDGE_CURVE('',#14004,#14014,#14016,.T.);
#11149=EDGE_CURVE('',#14017,#14012,#14018,.T.);
#11150=EDGE_CURVE('',#14014,#14017,#14019,.T.);
#11151=EDGE_CURVE('',#14020,#14017,#14021,.T.);
#11152=EDGE_CURVE('',#14004,#14020,#14022,.T.);
#11153=EDGE_CURVE('',#14023,#14020,#14024,.T.);
#11154=EDGE_CURVE('',#14023,#14005,#14025,.T.);
#11155=EDGE_CURVE('',#14026,#14027,#14028,.T.);
#11156=EDGE_CURVE('',#14027,#14026,#14029,.T.);
#11157=EDGE_CURVE('',#14027,#14030,#14031,.T.);
#11158=EDGE_CURVE('',#14032,#14030,#14033,.T.);
#11159=EDGE_CURVE('',#14026,#14032,#14034,.T.);
#11160=EDGE_CURVE('',#14035,#14036,#14037,.T.);
#11161=EDGE_CURVE('',#14035,#14030,#14038,.T.);
#11162=EDGE_CURVE('',#14030,#14032,#14039,.T.);
#11163=EDGE_CURVE('',#14036,#14032,#14040,.T.);
#11164=EDGE_CURVE('',#14036,#14035,#14041,.T.);
#11165=EDGE_CURVE('',#14023,#14042,#14043,.T.);
#11166=EDGE_CURVE('',#14007,#14042,#14044,.T.);
#11167=EDGE_CURVE('',#14009,#14042,#14045,.T.);
#11168=EDGE_CURVE('',#14046,#14047,#14048,.T.);
#11169=EDGE_CURVE('',#14047,#14049,#14050,.T.);
#11170=EDGE_CURVE('',#14049,#14051,#14052,.T.);
#11171=EDGE_CURVE('',#14051,#13131,#14053,.T.);
#11172=EDGE_CURVE('',#14054,#13130,#14055,.T.);
#11173=EDGE_CURVE('',#14054,#14056,#14057,.T.);
#11174=EDGE_CURVE('',#14046,#14056,#14058,.T.);
#11175=EDGE_CURVE('',#14059,#14054,#14060,.T.);
#11176=EDGE_CURVE('',#14056,#14059,#14061,.T.);
#11177=EDGE_CURVE('',#14062,#14059,#14063,.T.);
#11178=EDGE_CURVE('',#14046,#14062,#14064,.T.);
#11179=EDGE_CURVE('',#14065,#14062,#14066,.T.);
#11180=EDGE_CURVE('',#14065,#14047,#14067,.T.);
#11181=EDGE_CURVE('',#14068,#14069,#14070,.T.);
#11182=EDGE_CURVE('',#14069,#14068,#14071,.T.);
#11183=EDGE_CURVE('',#14069,#14072,#14073,.T.);
#11184=EDGE_CURVE('',#14074,#14072,#14075,.T.);
#11185=EDGE_CURVE('',#14068,#14074,#14076,.T.);
#11186=EDGE_CURVE('',#14077,#14078,#14079,.T.);
#11187=EDGE_CURVE('',#14077,#14072,#14080,.T.);
#11188=EDGE_CURVE('',#14072,#14074,#14081,.T.);
#11189=EDGE_CURVE('',#14078,#14074,#14082,.T.);
#11190=EDGE_CURVE('',#14078,#14077,#14083,.T.);
#11191=EDGE_CURVE('',#14065,#14084,#14085,.T.);
#11192=EDGE_CURVE('',#14049,#14084,#14086,.T.);
#11193=EDGE_CURVE('',#14051,#14084,#14087,.T.);
#11194=EDGE_CURVE('',#14088,#14089,#14090,.T.);
#11195=EDGE_CURVE('',#14089,#14091,#14092,.T.);
#11196=EDGE_CURVE('',#14091,#14093,#14094,.T.);
#11197=EDGE_CURVE('',#14093,#13135,#14095,.T.);
#11198=EDGE_CURVE('',#14096,#13134,#14097,.T.);
#11199=EDGE_CURVE('',#14096,#14098,#14099,.T.);
#11200=EDGE_CURVE('',#14088,#14098,#14100,.T.);
#11201=EDGE_CURVE('',#14101,#14096,#14102,.T.);
#11202=EDGE_CURVE('',#14098,#14101,#14103,.T.);
#11203=EDGE_CURVE('',#14104,#14101,#14105,.T.);
#11204=EDGE_CURVE('',#14088,#14104,#14106,.T.);
#11205=EDGE_CURVE('',#14107,#14104,#14108,.T.);
#11206=EDGE_CURVE('',#14107,#14089,#14109,.T.);
#11207=EDGE_CURVE('',#14110,#14111,#14112,.T.);
#11208=EDGE_CURVE('',#14111,#14110,#14113,.T.);
#11209=EDGE_CURVE('',#14111,#14114,#14115,.T.);
#11210=EDGE_CURVE('',#14116,#14114,#14117,.T.);
#11211=EDGE_CURVE('',#14110,#14116,#14118,.T.);
#11212=EDGE_CURVE('',#14119,#14120,#14121,.T.);
#11213=EDGE_CURVE('',#14119,#14114,#14122,.T.);
#11214=EDGE_CURVE('',#14114,#14116,#14123,.T.);
#11215=EDGE_CURVE('',#14120,#14116,#14124,.T.);
#11216=EDGE_CURVE('',#14120,#14119,#14125,.T.);
#11217=EDGE_CURVE('',#14107,#14126,#14127,.T.);
#11218=EDGE_CURVE('',#14091,#14126,#14128,.T.);
#11219=EDGE_CURVE('',#14093,#14126,#14129,.T.);
#11220=EDGE_CURVE('',#14130,#14131,#14132,.T.);
#11221=EDGE_CURVE('',#14133,#14131,#14134,.T.);
#11222=EDGE_CURVE('',#14135,#14133,#14136,.T.);
#11223=EDGE_CURVE('',#14135,#14130,#14137,.T.);
#11224=EDGE_CURVE('',#13165,#14138,#14139,.T.);
#11225=EDGE_CURVE('',#14138,#14140,#14141,.T.);
#11226=EDGE_CURVE('',#13167,#14140,#14142,.T.);
#11227=EDGE_CURVE('',#14143,#14144,#14145,.T.);
#11228=EDGE_CURVE('',#14146,#14144,#14147,.T.);
#11229=EDGE_CURVE('',#14148,#14146,#14149,.T.);
#11230=EDGE_CURVE('',#14148,#14143,#14150,.T.);
#11231=EDGE_CURVE('',#14151,#14152,#14153,.T.);
#11232=EDGE_CURVE('',#14154,#14152,#14155,.T.);
#11233=EDGE_CURVE('',#14156,#14154,#14157,.T.);
#11234=EDGE_CURVE('',#14156,#14151,#14158,.T.);
#11235=EDGE_CURVE('',#14159,#14160,#14161,.T.);
#11236=EDGE_CURVE('',#14162,#14160,#14163,.T.);
#11237=EDGE_CURVE('',#14164,#14162,#14165,.T.);
#11238=EDGE_CURVE('',#14164,#14159,#14166,.T.);
#11239=EDGE_CURVE('',#14167,#14168,#14169,.T.);
#11240=EDGE_CURVE('',#14170,#14168,#14171,.T.);
#11241=EDGE_CURVE('',#14172,#14170,#14173,.T.);
#11242=EDGE_CURVE('',#14172,#14167,#14174,.T.);
#11243=EDGE_CURVE('',#14175,#14176,#14177,.T.);
#11244=EDGE_CURVE('',#14176,#14175,#14178,.T.);
#11245=EDGE_CURVE('',#14179,#14180,#14181,.T.);
#11246=EDGE_CURVE('',#14182,#14180,#14183,.T.);
#11247=EDGE_CURVE('',#14184,#14182,#14185,.T.);
#11248=EDGE_CURVE('',#14184,#14179,#14186,.T.);
#11249=EDGE_CURVE('',#13159,#14187,#14188,.T.);
#11250=EDGE_CURVE('',#14187,#14189,#14190,.T.);
#11251=EDGE_CURVE('',#13161,#14189,#14191,.T.);
#11252=EDGE_CURVE('',#14192,#14193,#14194,.T.);
#11253=EDGE_CURVE('',#14192,#14140,#14195,.T.);
#11254=EDGE_CURVE('',#14138,#14196,#14197,.T.);
#11255=EDGE_CURVE('',#14189,#14196,#14198,.T.);
#11256=EDGE_CURVE('',#14199,#14187,#14200,.T.);
#11257=EDGE_CURVE('',#14199,#14201,#14202,.T.);
#11258=EDGE_CURVE('',#14203,#14201,#14204,.T.);
#11259=EDGE_CURVE('',#14203,#14205,#14206,.T.);
#11260=EDGE_CURVE('',#14207,#14205,#14208,.T.);
#11261=EDGE_CURVE('',#14207,#14209,#14210,.T.);
#11262=EDGE_CURVE('',#14211,#14209,#14212,.T.);
#11263=EDGE_CURVE('',#14213,#14211,#14214,.T.);
#11264=EDGE_CURVE('',#14215,#14213,#14216,.T.);
#11265=EDGE_CURVE('',#14217,#14215,#14218,.T.);
#11266=EDGE_CURVE('',#14219,#14217,#14220,.T.);
#11267=EDGE_CURVE('',#14219,#14193,#14221,.T.);
#11268=EDGE_CURVE('',#14222,#14156,#14223,.T.);
#11269=EDGE_CURVE('',#14224,#14222,#14225,.T.);
#11270=EDGE_CURVE('',#14151,#14224,#14226,.T.);
#11271=EDGE_CURVE('',#14227,#14164,#14228,.T.);
#11272=EDGE_CURVE('',#14229,#14227,#14230,.T.);
#11273=EDGE_CURVE('',#14159,#14229,#14231,.T.);
#11274=EDGE_CURVE('',#14167,#14232,#14233,.T.);
#11275=EDGE_CURVE('',#14234,#14172,#14235,.T.);
#11276=EDGE_CURVE('',#14232,#14234,#14236,.T.);
#11277=EDGE_CURVE('',#14237,#14135,#14238,.T.);
#11278=EDGE_CURVE('',#14239,#14237,#14240,.T.);
#11279=EDGE_CURVE('',#14130,#14239,#14241,.T.);
#11280=EDGE_CURVE('',#14242,#14243,#14244,.T.);
#11281=EDGE_CURVE('',#14245,#14242,#14246,.T.);
#11282=EDGE_CURVE('',#14247,#14245,#14248,.T.);
#11283=EDGE_CURVE('',#14243,#14247,#14249,.T.);
#11284=EDGE_CURVE('',#14143,#14250,#14251,.T.);
#11285=EDGE_CURVE('',#14252,#14148,#14253,.T.);
#11286=EDGE_CURVE('',#14250,#14252,#14254,.T.);
#11287=EDGE_CURVE('',#14255,#14256,#14257,.T.);
#11288=EDGE_CURVE('',#14256,#14255,#14258,.T.);
#11289=EDGE_CURVE('',#14259,#14260,#14261,.T.);
#11290=EDGE_CURVE('',#14179,#14259,#14262,.T.);
#11291=EDGE_CURVE('',#14260,#14184,#14263,.T.);
#11292=EDGE_CURVE('',#13169,#14192,#14264,.T.);
#11293=EDGE_CURVE('',#13171,#14193,#14265,.T.);
#11294=EDGE_CURVE('',#13163,#14196,#14266,.T.);
#11295=EDGE_CURVE('',#13139,#14219,#14267,.T.);
#11296=EDGE_CURVE('',#14224,#14268,#14269,.T.);
#11297=EDGE_CURVE('',#14152,#14268,#14270,.T.);
#11298=EDGE_CURVE('',#14271,#14154,#14272,.T.);
#11299=EDGE_CURVE('',#14222,#14271,#14273,.T.);
#11300=EDGE_CURVE('',#14268,#14271,#14274,.T.);
#11301=EDGE_CURVE('',#14275,#14276,#14277,.T.);
#11302=EDGE_CURVE('',#14276,#14278,#14279,.T.);
#11303=EDGE_CURVE('',#14278,#14280,#14281,.T.);
#11304=EDGE_CURVE('',#14280,#14275,#14282,.T.);
#11305=EDGE_CURVE('',#14260,#14283,#14284,.T.);
#11306=EDGE_CURVE('',#14285,#14283,#14286,.T.);
#11307=EDGE_CURVE('',#14259,#14285,#14287,.T.);
#11308=EDGE_CURVE('',#14180,#14285,#14288,.T.);
#11309=EDGE_CURVE('',#14283,#14182,#14289,.T.);
#11310=EDGE_CURVE('',#14290,#14291,#14292,.T.);
#11311=EDGE_CURVE('',#14291,#14293,#14294,.T.);
#11312=EDGE_CURVE('',#14293,#14295,#14296,.T.);
#11313=EDGE_CURVE('',#14295,#14290,#14297,.T.);
#11314=EDGE_CURVE('',#14298,#14299,#14300,.T.);
#11315=EDGE_CURVE('',#14299,#14301,#14302,.T.);
#11316=EDGE_CURVE('',#14301,#14303,#14304,.T.);
#11317=EDGE_CURVE('',#14303,#14298,#14305,.T.);
#11318=EDGE_CURVE('',#14306,#14170,#14307,.T.);
#11319=EDGE_CURVE('',#14234,#14306,#14308,.T.);
#11320=EDGE_CURVE('',#14232,#14309,#14310,.T.);
#11321=EDGE_CURVE('',#14168,#14309,#14311,.T.);
#11322=EDGE_CURVE('',#14309,#14306,#14312,.T.);
#11323=EDGE_CURVE('',#14313,#14146,#14314,.T.);
#11324=EDGE_CURVE('',#14252,#14313,#14315,.T.);
#11325=EDGE_CURVE('',#14316,#14317,#14318,.T.);
#11326=EDGE_CURVE('',#14317,#14319,#14320,.T.);
#11327=EDGE_CURVE('',#14319,#14321,#14322,.T.);
#11328=EDGE_CURVE('',#14321,#14316,#14323,.T.);
#11329=EDGE_CURVE('',#14324,#14313,#14325,.T.);
#11330=EDGE_CURVE('',#14250,#14324,#14326,.T.);
#11331=EDGE_CURVE('',#14144,#14324,#14327,.T.);
#11332=EDGE_CURVE('',#14239,#14328,#14329,.T.);
#11333=EDGE_CURVE('',#14131,#14328,#14330,.T.);
#11334=EDGE_CURVE('',#14237,#14331,#14332,.T.);
#11335=EDGE_CURVE('',#14328,#14331,#14333,.T.);
#11336=EDGE_CURVE('',#14331,#14133,#14334,.T.);
#11337=EDGE_CURVE('',#14335,#14336,#14337,.T.);
#11338=EDGE_CURVE('',#14336,#14338,#14339,.T.);
#11339=EDGE_CURVE('',#14338,#14340,#14341,.T.);
#11340=EDGE_CURVE('',#14340,#14335,#14342,.T.);
#11341=EDGE_CURVE('',#14256,#14176,#14343,.T.);
#11342=EDGE_CURVE('',#14255,#14175,#14344,.T.);
#11343=EDGE_CURVE('',#14345,#14346,#14347,.T.);
#11344=EDGE_CURVE('',#14346,#14348,#14349,.T.);
#11345=EDGE_CURVE('',#14348,#14350,#14351,.T.);
#11346=EDGE_CURVE('',#14350,#14345,#14352,.T.);
#11347=EDGE_CURVE('',#14229,#14353,#14354,.T.);
#11348=EDGE_CURVE('',#14160,#14353,#14355,.T.);
#11349=EDGE_CURVE('',#14356,#14162,#14357,.T.);
#11350=EDGE_CURVE('',#14227,#14356,#14358,.T.);
#11351=EDGE_CURVE('',#14353,#14356,#14359,.T.);
#11352=EDGE_CURVE('',#14205,#13151,#14360,.T.);
#11353=EDGE_CURVE('',#14203,#13153,#14361,.T.);
#11354=EDGE_CURVE('',#13149,#14207,#14362,.T.);
#11355=EDGE_CURVE('',#13147,#14209,#14363,.T.);
#11356=EDGE_CURVE('',#13143,#14213,#14364,.T.);
#11357=EDGE_CURVE('',#14215,#13141,#14365,.T.);
#11358=EDGE_CURVE('',#14217,#13138,#14366,.T.);
#11359=EDGE_CURVE('',#13145,#14211,#14367,.T.);
#11360=EDGE_CURVE('',#13155,#14201,#14368,.T.);
#11361=EDGE_CURVE('',#13157,#14199,#14369,.T.);
#11362=EDGE_CURVE('',#14278,#14271,#14370,.T.);
#11363=EDGE_CURVE('',#14280,#14154,#14371,.T.);
#11364=EDGE_CURVE('',#14152,#14275,#14372,.T.);
#11365=EDGE_CURVE('',#14276,#14268,#14373,.T.);
#11366=EDGE_CURVE('',#14350,#14353,#14374,.T.);
#11367=EDGE_CURVE('',#14356,#14345,#14375,.T.);
#11368=EDGE_CURVE('',#14346,#14162,#14376,.T.);
#11369=EDGE_CURVE('',#14348,#14160,#14377,.T.);
#11370=EDGE_CURVE('',#14293,#14180,#14378,.T.);
#11371=EDGE_CURVE('',#14295,#14285,#14379,.T.);
#11372=EDGE_CURVE('',#14283,#14290,#14380,.T.);
#11373=EDGE_CURVE('',#14291,#14182,#14381,.T.);
#11374=EDGE_CURVE('',#14301,#14170,#14382,.T.);
#11375=EDGE_CURVE('',#14303,#14168,#14383,.T.);
#11376=EDGE_CURVE('',#14309,#14298,#14384,.T.);
#11377=EDGE_CURVE('',#14299,#14306,#14385,.T.);
#11378=EDGE_CURVE('',#14340,#14331,#14386,.T.);
#11379=EDGE_CURVE('',#14133,#14335,#14387,.T.);
#11380=EDGE_CURVE('',#14336,#14131,#14388,.T.);
#11381=EDGE_CURVE('',#14338,#14328,#14389,.T.);
#11382=EDGE_CURVE('',#14319,#14146,#14390,.T.);
#11383=EDGE_CURVE('',#14321,#14144,#14391,.T.);
#11384=EDGE_CURVE('',#14324,#14316,#14392,.T.);
#11385=EDGE_CURVE('',#14317,#14313,#14393,.T.);
#11386=EDGE_CURVE('',#14394,#14395,#14396,.T.);
#11387=EDGE_CURVE('',#14394,#14397,#14398,.T.);
#11388=EDGE_CURVE('',#14397,#14399,#14400,.T.);
#11389=EDGE_CURVE('',#14399,#14395,#14401,.T.);
#11390=EDGE_CURVE('',#14395,#14402,#14403,.T.);
#11391=EDGE_CURVE('',#14399,#14404,#14405,.T.);
#11392=EDGE_CURVE('',#14402,#14404,#14406,.T.);
#11393=EDGE_CURVE('',#14402,#14407,#14408,.T.);
#11394=EDGE_CURVE('',#14404,#14409,#14410,.T.);
#11395=EDGE_CURVE('',#14407,#14409,#14411,.T.);
#11396=EDGE_CURVE('',#14407,#14394,#14412,.T.);
#11397=EDGE_CURVE('',#14409,#14397,#14413,.T.);
#11398=EDGE_CURVE('',#14245,#14399,#14414,.T.);
#11399=EDGE_CURVE('',#14247,#14397,#14415,.T.);
#11400=EDGE_CURVE('',#14243,#14409,#14416,.T.);
#11401=EDGE_CURVE('',#14242,#14404,#14417,.T.);
#11402=EDGE_CURVE('',#13224,#13226,#14418,.T.);
#11403=EDGE_CURVE('',#13606,#13608,#14419,.T.);
#11404=EDGE_CURVE('',#13565,#13567,#14420,.T.);
#11405=EDGE_CURVE('',#14421,#14422,#14423,.T.);
#11406=EDGE_CURVE('',#14424,#14422,#14425,.T.);
#11407=EDGE_CURVE('',#14424,#14426,#14427,.T.);
#11408=EDGE_CURVE('',#14428,#14426,#14429,.T.);
#11409=EDGE_CURVE('',#14430,#14428,#14431,.T.);
#11410=EDGE_CURVE('',#14430,#14432,#14433,.T.);
#11411=EDGE_CURVE('',#14434,#14432,#14435,.T.);
#11412=EDGE_CURVE('',#14436,#14434,#14437,.T.);
#11413=EDGE_CURVE('',#14436,#14438,#14439,.T.);
#11414=EDGE_CURVE('',#14421,#14438,#14440,.T.);
#11415=EDGE_CURVE('',#14441,#14442,#14443,.T.);
#11416=EDGE_CURVE('',#14441,#14444,#14445,.T.);
#11417=EDGE_CURVE('',#14444,#14446,#14447,.T.);
#11418=EDGE_CURVE('',#14442,#14446,#14448,.T.);
#11419=EDGE_CURVE('',#14446,#14444,#14449,.T.);
#11420=EDGE_CURVE('',#14442,#14441,#14450,.T.);
#11421=EDGE_CURVE('',#14451,#14452,#14453,.T.);
#11422=EDGE_CURVE('',#14454,#14452,#14455,.T.);
#11423=EDGE_CURVE('',#14456,#14454,#14457,.T.);
#11424=EDGE_CURVE('',#14451,#14456,#14458,.T.);
#11425=EDGE_CURVE('',#14459,#14460,#14461,.T.);
#11426=EDGE_CURVE('',#14459,#14462,#14463,.T.);
#11427=EDGE_CURVE('',#14462,#14464,#14465,.T.);
#11428=EDGE_CURVE('',#14460,#14464,#14466,.T.);
#11429=EDGE_CURVE('',#14467,#14468,#14469,.T.);
#11430=EDGE_CURVE('',#14470,#14467,#14471,.T.);
#11431=EDGE_CURVE('',#14470,#14472,#14473,.T.);
#11432=EDGE_CURVE('',#14468,#14472,#14474,.T.);
#11433=EDGE_CURVE('',#14475,#14454,#14476,.T.);
#11434=EDGE_CURVE('',#14477,#14452,#14478,.T.);
#11435=EDGE_CURVE('',#14479,#14477,#14480,.T.);
#11436=EDGE_CURVE('',#14481,#14479,#14482,.T.);
#11437=EDGE_CURVE('',#14483,#14481,#14484,.T.);
#11438=EDGE_CURVE('',#14483,#14468,#14485,.T.);
#11439=EDGE_CURVE('',#14486,#14472,#14487,.T.);
#11440=EDGE_CURVE('',#14486,#14475,#14488,.T.);
#11441=EDGE_CURVE('',#14489,#14490,#14491,.T.);
#11442=EDGE_CURVE('',#14489,#14492,#14493,.T.);
#11443=EDGE_CURVE('',#14494,#14492,#14495,.T.);
#11444=EDGE_CURVE('',#14490,#14494,#14496,.T.);
#11445=EDGE_CURVE('',#14497,#14498,#14499,.T.);
#11446=EDGE_CURVE('',#14497,#14483,#14500,.T.);
#11447=EDGE_CURVE('',#14498,#14481,#14501,.T.);
#11448=EDGE_CURVE('',#14467,#14497,#14502,.T.);
#11449=EDGE_CURVE('',#14503,#14504,#14505,.T.);
#11450=EDGE_CURVE('',#14503,#14506,#14507,.T.);
#11451=EDGE_CURVE('',#14506,#14508,#14509,.T.);
#11452=EDGE_CURVE('',#14510,#14508,#14511,.T.);
#11453=EDGE_CURVE('',#14470,#14510,#14512,.T.);
#11454=EDGE_CURVE('',#14513,#14498,#14514,.T.);
#11455=EDGE_CURVE('',#14513,#14515,#14516,.T.);
#11456=EDGE_CURVE('',#14515,#14517,#14518,.T.);
#11457=EDGE_CURVE('',#14517,#14519,#14520,.T.);
#11458=EDGE_CURVE('',#14521,#14519,#14522,.T.);
#11459=EDGE_CURVE('',#14504,#14521,#14523,.T.);
#11460=EDGE_CURVE('',#14486,#14510,#14524,.T.);
#11461=EDGE_CURVE('',#14438,#14525,#14526,.T.);
#11462=EDGE_CURVE('',#14525,#14527,#14528,.T.);
#11463=EDGE_CURVE('',#14421,#14527,#14529,.T.);
#11464=EDGE_CURVE('',#14517,#14426,#14530,.T.);
#11465=EDGE_CURVE('',#14519,#14424,#14531,.T.);
#11466=EDGE_CURVE('',#14521,#14422,#14532,.T.);
#11467=EDGE_CURVE('',#14533,#14534,#14535,.T.);
#11468=EDGE_CURVE('',#14536,#14534,#14537,.T.);
#11469=EDGE_CURVE('',#14538,#14536,#14539,.T.);
#11470=EDGE_CURVE('',#14538,#14533,#14540,.T.);
#11471=EDGE_CURVE('',#14541,#14542,#14543,.T.);
#11472=EDGE_CURVE('',#14542,#14544,#14545,.T.);
#11473=EDGE_CURVE('',#14546,#14544,#14547,.T.);
#11474=EDGE_CURVE('',#14546,#14541,#14548,.T.);
#11475=EDGE_CURVE('',#14513,#14430,#14549,.T.);
#11476=EDGE_CURVE('',#14515,#14428,#14550,.T.);
#11477=EDGE_CURVE('',#14475,#14551,#14552,.T.);
#11478=EDGE_CURVE('',#14456,#14551,#14553,.T.);
#11479=EDGE_CURVE('',#14554,#14527,#14555,.T.);
#11480=EDGE_CURVE('',#14525,#14556,#14557,.T.);
#11481=EDGE_CURVE('',#14558,#14556,#14559,.T.);
#11482=EDGE_CURVE('',#14558,#14560,#14561,.T.);
#11483=EDGE_CURVE('',#14562,#14560,#14563,.T.);
#11484=EDGE_CURVE('',#14562,#14564,#14565,.T.);
#11485=EDGE_CURVE('',#14564,#14451,#14566,.T.);
#11486=EDGE_CURVE('',#14494,#14551,#14567,.T.);
#11487=EDGE_CURVE('',#14568,#14492,#14569,.T.);
#11488=EDGE_CURVE('',#14568,#14554,#14570,.T.);
#11489=EDGE_CURVE('',#14564,#14477,#14571,.T.);
#11490=EDGE_CURVE('',#14568,#14542,#14572,.T.);
#11491=EDGE_CURVE('',#14541,#14554,#14573,.T.);
#11492=EDGE_CURVE('',#14558,#14434,#14574,.T.);
#11493=EDGE_CURVE('',#14560,#14432,#14575,.T.);
#11494=EDGE_CURVE('',#14576,#14546,#14577,.T.);
#11495=EDGE_CURVE('',#14462,#14576,#14578,.T.);
#11496=EDGE_CURVE('',#14504,#14459,#14579,.T.);
#11497=EDGE_CURVE('',#14536,#14538,#14580,.T.);
#11498=EDGE_CURVE('',#14436,#14556,#14581,.T.);
#11499=EDGE_CURVE('',#14562,#14479,#14582,.T.);
#11500=EDGE_CURVE('',#14583,#14544,#14584,.T.);
#11501=EDGE_CURVE('',#14583,#14576,#14585,.T.);
#11502=EDGE_CURVE('',#14490,#14586,#14587,.T.);
#11503=EDGE_CURVE('',#14588,#14586,#14589,.T.);
#11504=EDGE_CURVE('',#14489,#14588,#14590,.T.);
#11505=EDGE_CURVE('',#14591,#14508,#14592,.T.);
#11506=EDGE_CURVE('',#14593,#14591,#14594,.T.);
#11507=EDGE_CURVE('',#14586,#14593,#14595,.T.);
#11508=EDGE_CURVE('',#14596,#14597,#14598,.T.);
#11509=EDGE_CURVE('',#14597,#14596,#14599,.T.);
#11510=EDGE_CURVE('',#14600,#14601,#14602,.T.);
#11511=EDGE_CURVE('',#14601,#14600,#14603,.T.);
#11512=EDGE_CURVE('',#14534,#14533,#14604,.T.);
#11513=EDGE_CURVE('',#14605,#14606,#14607,.T.);
#11514=EDGE_CURVE('',#14606,#14605,#14608,.T.);
#11515=EDGE_CURVE('',#14609,#14610,#14611,.T.);
#11516=EDGE_CURVE('',#14610,#14609,#14612,.T.);
#11517=EDGE_CURVE('',#14600,#14609,#14613,.T.);
#11518=EDGE_CURVE('',#14601,#14610,#14614,.T.);
#11519=EDGE_CURVE('',#14503,#14460,#14615,.T.);
#11520=EDGE_CURVE('',#14583,#14464,#14616,.T.);
#11521=EDGE_CURVE('',#14617,#14588,#14618,.T.);
#11522=EDGE_CURVE('',#14619,#14617,#14620,.T.);
#11523=EDGE_CURVE('',#14506,#14619,#14621,.T.);
#11524=EDGE_CURVE('',#14593,#14617,#14622,.T.);
#11525=EDGE_CURVE('',#14591,#14619,#14623,.T.);
#11526=EDGE_CURVE('',#14597,#14606,#14624,.T.);
#11527=EDGE_CURVE('',#14596,#14605,#14625,.T.);
#11528=VERTEX_POINT('',#14626);
#11529=VERTEX_POINT('',#14627);
#11530=LINE('',#14628,#14629);
#11531=VERTEX_POINT('',#14630);
#11532=LINE('',#14631,#14632);
#11533=VERTEX_POINT('',#14633);
#11534=LINE('',#14634,#14635);
#11535=LINE('',#14636,#14637);
#11536=VERTEX_POINT('',#14638);
#11537=LINE('',#14639,#14640);
#11538=VERTEX_POINT('',#14641);
#11539=LINE('',#14642,#14643);
#11540=LINE('',#14644,#14645);
#11541=VERTEX_POINT('',#14646);
#11542=LINE('',#14647,#14648);
#11543=VERTEX_POINT('',#14649);
#11544=LINE('',#14650,#14651);
#11545=LINE('',#14652,#14653);
#11546=LINE('',#14654,#14655);
#11547=LINE('',#14656,#14657);
#11548=VERTEX_POINT('',#14658);
#11549=VERTEX_POINT('',#14659);
#11550=LINE('',#14660,#14661);
#11551=VERTEX_POINT('',#14662);
#11552=CIRCLE('',#14663,0.5);
#11553=VERTEX_POINT('',#14664);
#11554=LINE('',#14665,#14666);
#11555=CIRCLE('',#14667,0.5);
#11556=VERTEX_POINT('',#14668);
#11557=VERTEX_POINT('',#14669);
#11558=LINE('',#14670,#14671);
#11559=VERTEX_POINT('',#14672);
#11560=CIRCLE('',#14673,0.5);
#11561=VERTEX_POINT('',#14674);
#11562=LINE('',#14675,#14676);
#11563=VERTEX_POINT('',#14677);
#11564=B_SPLINE_CURVE_WITH_KNOTS('',3,(#14678,#14679,#14680,#14681,#14682,#14683,#14684,#14685,#14686,#14687,#14688,#14689,#14690),.UNSPECIFIED.,.F.,.F.,(4,3,3,3,4),(0.0,0.0250425454984005,0.0499916305160342,0.0748686210881015,0.0998456154354419),.UNSPECIFIED.);
#11565=CIRCLE('',#14691,0.5);
#11566=VERTEX_POINT('',#14692);
#11567=VERTEX_POINT('',#14693);
#11568=LINE('',#14694,#14695);
#11569=VERTEX_POINT('',#14696);
#11570=CIRCLE('',#14697,0.537402676957101);
#11571=VERTEX_POINT('',#14698);
#11572=LINE('',#14699,#14700);
#11573=CIRCLE('',#14701,0.537402676957101);
#11574=VERTEX_POINT('',#14702);
#11575=VERTEX_POINT('',#14703);
#11576=LINE('',#14704,#14705);
#11577=VERTEX_POINT('',#14706);
#11578=CIRCLE('',#14707,0.537402676957101);
#11579=VERTEX_POINT('',#14708);
#11580=LINE('',#14709,#14710);
#11581=CIRCLE('',#14711,0.537402676957101);
#11582=VERTEX_POINT('',#14712);
#11583=VERTEX_POINT('',#14713);
#11584=LINE('',#14714,#14715);
#11585=VERTEX_POINT('',#14716);
#11586=CIRCLE('',#14717,0.5);
#11587=VERTEX_POINT('',#14718);
#11588=LINE('',#14719,#14720);
#11589=CIRCLE('',#14721,0.5);
#11590=VERTEX_POINT('',#14722);
#11591=VERTEX_POINT('',#14723);
#11592=LINE('',#14724,#14725);
#11593=VERTEX_POINT('',#14726);
#11594=CIRCLE('',#14727,0.5);
#11595=VERTEX_POINT('',#14728);
#11596=LINE('',#14729,#14730);
#11597=CIRCLE('',#14731,0.5);
#11598=VERTEX_POINT('',#14732);
#11599=VERTEX_POINT('',#14733);
#11600=LINE('',#14734,#14735);
#11601=VERTEX_POINT('',#14736);
#11602=CIRCLE('',#14737,4.075);
#11603=VERTEX_POINT('',#14738);
#11604=LINE('',#14739,#14740);
#11605=CIRCLE('',#14741,4.075);
#11606=VERTEX_POINT('',#14742);
#11607=VERTEX_POINT('',#14743);
#11608=LINE('',#14744,#14745);
#11609=VERTEX_POINT('',#14746);
#11610=CIRCLE('',#14747,11.025);
#11611=VERTEX_POINT('',#14748);
#11612=LINE('',#14749,#14750);
#11613=CIRCLE('',#14751,11.025);
#11614=VERTEX_POINT('',#14752);
#11615=VERTEX_POINT('',#14753);
#11616=LINE('',#14754,#14755);
#11617=CIRCLE('',#14756,11.025);
#11618=CIRCLE('',#14757,11.025);
#11619=VERTEX_POINT('',#14758);
#11620=VERTEX_POINT('',#14759);
#11621=LINE('',#14760,#14761);
#11622=VERTEX_POINT('',#14762);
#11623=CIRCLE('',#14763,11.025);
#11624=VERTEX_POINT('',#14764);
#11625=LINE('',#14765,#14766);
#11626=CIRCLE('',#14767,11.025);
#11627=VERTEX_POINT('',#14768);
#11628=VERTEX_POINT('',#14769);
#11629=LINE('',#14770,#14771);
#11630=VERTEX_POINT('',#14772);
#11631=CIRCLE('',#14773,4.075);
#11632=VERTEX_POINT('',#14774);
#11633=LINE('',#14775,#14776);
#11634=CIRCLE('',#14777,4.075);
#11635=VERTEX_POINT('',#14778);
#11636=VERTEX_POINT('',#14779);
#11637=LINE('',#14780,#14781);
#11638=VERTEX_POINT('',#14782);
#11639=CIRCLE('',#14783,11.025);
#11640=VERTEX_POINT('',#14784);
#11641=LINE('',#14785,#14786);
#11642=CIRCLE('',#14787,11.025);
#11643=VERTEX_POINT('',#14788);
#11644=VERTEX_POINT('',#14789);
#11645=LINE('',#14790,#14791);
#11646=VERTEX_POINT('',#14792);
#11647=LINE('',#14793,#14794);
#11648=VERTEX_POINT('',#14795);
#11649=LINE('',#14796,#14797);
#11650=LINE('',#14798,#14799);
#11651=VERTEX_POINT('',#14800);
#11652=LINE('',#14801,#14802);
#11653=VERTEX_POINT('',#14803);
#11654=LINE('',#14804,#14805);
#11655=LINE('',#14806,#14807);
#11656=VERTEX_POINT('',#14808);
#11657=LINE('',#14809,#14810);
#11658=VERTEX_POINT('',#14811);
#11659=LINE('',#14812,#14813);
#11660=LINE('',#14814,#14815);
#11661=LINE('',#14816,#14817);
#11662=LINE('',#14818,#14819);
#11663=VERTEX_POINT('',#14820);
#11664=VERTEX_POINT('',#14821);
#11665=LINE('',#14822,#14823);
#11666=VERTEX_POINT('',#14824);
#11667=LINE('',#14825,#14826);
#11668=VERTEX_POINT('',#14827);
#11669=LINE('',#14828,#14829);
#11670=LINE('',#14830,#14831);
#11671=VERTEX_POINT('',#14832);
#11672=CIRCLE('',#14833,0.8);
#11673=VERTEX_POINT('',#14834);
#11674=LINE('',#14835,#14836);
#11675=CIRCLE('',#14837,0.8);
#11676=VERTEX_POINT('',#14838);
#11677=VERTEX_POINT('',#14839);
#11678=LINE('',#14840,#14841);
#11679=LINE('',#14842,#14843);
#11680=LINE('',#14844,#14845);
#11681=VERTEX_POINT('',#14846);
#11682=CIRCLE('',#14847,0.8);
#11683=VERTEX_POINT('',#14848);
#11684=LINE('',#14849,#14850);
#11685=CIRCLE('',#14851,0.8);
#11686=VERTEX_POINT('',#14852);
#11687=LINE('',#14853,#14854);
#11688=VERTEX_POINT('',#14855);
#11689=LINE('',#14856,#14857);
#11690=VERTEX_POINT('',#14858);
#11691=LINE('',#14859,#14860);
#11692=VERTEX_POINT('',#14861);
#11693=LINE('',#14862,#14863);
#11694=VERTEX_POINT('',#14864);
#11695=LINE('',#14865,#14866);
#11696=VERTEX_POINT('',#14867);
#11697=LINE('',#14868,#14869);
#11698=LINE('',#14870,#14871);
#11699=VERTEX_POINT('',#14872);
#11700=CIRCLE('',#14873,0.8);
#11701=VERTEX_POINT('',#14874);
#11702=LINE('',#14875,#14876);
#11703=CIRCLE('',#14877,0.8);
#11704=VERTEX_POINT('',#14878);
#11705=VERTEX_POINT('',#14879);
#11706=CIRCLE('',#14880,0.8);
#11707=VERTEX_POINT('',#14881);
#11708=LINE('',#14882,#14883);
#11709=VERTEX_POINT('',#14884);
#11710=CIRCLE('',#14885,0.8);
#11711=LINE('',#14886,#14887);
#11712=VERTEX_POINT('',#14888);
#11713=VERTEX_POINT('',#14889);
#11714=CIRCLE('',#14890,0.8);
#11715=VERTEX_POINT('',#14891);
#11716=LINE('',#14892,#14893);
#11717=VERTEX_POINT('',#14894);
#11718=CIRCLE('',#14895,0.8);
#11719=LINE('',#14896,#14897);
#11720=VERTEX_POINT('',#14898);
#11721=LINE('',#14899,#14900);
#11722=VERTEX_POINT('',#14901);
#11723=LINE('',#14902,#14903);
#11724=LINE('',#14904,#14905);
#11725=VERTEX_POINT('',#14906);
#11726=VERTEX_POINT('',#14907);
#11727=LINE('',#14908,#14909);
#11728=CIRCLE('',#14910,0.8);
#11729=VERTEX_POINT('',#14911);
#11730=CIRCLE('',#14912,0.8);
#11731=VERTEX_POINT('',#14913);
#11732=CIRCLE('',#14914,12.2490908727603);
#11733=VERTEX_POINT('',#14915);
#11734=CIRCLE('',#14916,12.2490908727603);
#11735=VERTEX_POINT('',#14917);
#11736=CIRCLE('',#14918,0.8);
#11737=LINE('',#14919,#14920);
#11738=VERTEX_POINT('',#14921);
#11739=CIRCLE('',#14922,0.8);
#11740=VERTEX_POINT('',#14923);
#11741=LINE('',#14924,#14925);
#11742=CIRCLE('',#14926,0.8);
#11743=VERTEX_POINT('',#14927);
#11744=CIRCLE('',#14928,0.8);
#11745=LINE('',#14929,#14930);
#11746=VERTEX_POINT('',#14931);
#11747=LINE('',#14932,#14933);
#11748=LINE('',#14934,#14935);
#11749=VERTEX_POINT('',#14936);
#11750=LINE('',#14937,#14938);
#11751=VERTEX_POINT('',#14939);
#11752=LINE('',#14940,#14941);
#11753=LINE('',#14942,#14943);
#11754=CIRCLE('',#14944,0.8);
#11755=CIRCLE('',#14945,0.8);
#11756=VERTEX_POINT('',#14946);
#11757=VERTEX_POINT('',#14947);
#11758=CIRCLE('',#14948,12.2490908727603);
#11759=VERTEX_POINT('',#14949);
#11760=CIRCLE('',#14950,12.2490908727603);
#11761=CIRCLE('',#14951,0.8);
#11762=VERTEX_POINT('',#14952);
#11763=CIRCLE('',#14953,0.8);
#11764=VERTEX_POINT('',#14954);
#11765=CIRCLE('',#14955,12.2490908727588);
#11766=VERTEX_POINT('',#14956);
#11767=CIRCLE('',#14957,12.2490908727588);
#11768=VERTEX_POINT('',#14958);
#11769=CIRCLE('',#14959,0.8);
#11770=VERTEX_POINT('',#14960);
#11771=LINE('',#14961,#14962);
#11772=CIRCLE('',#14963,0.8);
#11773=CIRCLE('',#14964,11.025);
#11774=VERTEX_POINT('',#14965);
#11775=CIRCLE('',#14966,4.075);
#11776=CIRCLE('',#14967,11.025);
#11777=CIRCLE('',#14968,11.025);
#11778=CIRCLE('',#14969,4.075);
#11779=CIRCLE('',#14970,11.025);
#11780=LINE('',#14971,#14972);
#11781=VERTEX_POINT('',#14973);
#11782=VERTEX_POINT('',#14974);
#11783=CIRCLE('',#14975,12.2490908727588);
#11784=LINE('',#14976,#14977);
#11785=LINE('',#14978,#14979);
#11786=VERTEX_POINT('',#14980);
#11787=LINE('',#14981,#14982);
#11788=CIRCLE('',#14983,12.2490908727588);
#11789=CIRCLE('',#14984,0.8);
#11790=LINE('',#14985,#14986);
#11791=VERTEX_POINT('',#14987);
#11792=LINE('',#14988,#14989);
#11793=CIRCLE('',#14990,0.8);
#11794=LINE('',#14991,#14992);
#11795=LINE('',#14993,#14994);
#11796=LINE('',#14995,#14996);
#11797=VERTEX_POINT('',#14997);
#11798=LINE('',#14998,#14999);
#11799=CIRCLE('',#15000,11.025);
#11800=CIRCLE('',#15001,4.075);
#11801=CIRCLE('',#15002,11.025);
#11802=CIRCLE('',#15003,11.025);
#11803=CIRCLE('',#15004,11.025);
#11804=CIRCLE('',#15005,4.075);
#11805=LINE('',#15006,#15007);
#11806=LINE('',#15008,#15009);
#11807=LINE('',#15010,#15011);
#11808=VERTEX_POINT('',#15012);
#11809=LINE('',#15013,#15014);
#11810=LINE('',#15015,#15016);
#11811=VERTEX_POINT('',#15017);
#11812=LINE('',#15018,#15019);
#11813=VERTEX_POINT('',#15020);
#11814=LINE('',#15021,#15022);
#11815=VERTEX_POINT('',#15023);
#11816=LINE('',#15024,#15025);
#11817=LINE('',#15026,#15027);
#11818=VERTEX_POINT('',#15028);
#11819=CIRCLE('',#15029,0.5);
#11820=VERTEX_POINT('',#15030);
#11821=LINE('',#15031,#15032);
#11822=CIRCLE('',#15033,0.5);
#11823=VERTEX_POINT('',#15034);
#11824=VERTEX_POINT('',#15035);
#11825=LINE('',#15036,#15037);
#11826=LINE('',#15038,#15039);
#11827=LINE('',#15040,#15041);
#11828=VERTEX_POINT('',#15042);
#11829=VERTEX_POINT('',#15043);
#11830=LINE('',#15044,#15045);
#11831=VERTEX_POINT('',#15046);
#11832=CIRCLE('',#15047,0.87);
#11833=VERTEX_POINT('',#15048);
#11834=LINE('',#15049,#15050);
#11835=CIRCLE('',#15051,0.87);
#11836=CIRCLE('',#15052,0.87);
#11837=VERTEX_POINT('',#15053);
#11838=VERTEX_POINT('',#15054);
#11839=LINE('',#15055,#15056);
#11840=LINE('',#15057,#15058);
#11841=LINE('',#15059,#15060);
#11842=VERTEX_POINT('',#15061);
#11843=LINE('',#15062,#15063);
#11844=CIRCLE('',#15064,0.5);
#11845=CIRCLE('',#15065,0.537402676957101);
#11846=VERTEX_POINT('',#15066);
#11847=CIRCLE('',#15067,12.1220683411386);
#11848=VERTEX_POINT('',#15068);
#11849=CIRCLE('',#15069,0.87);
#11850=VERTEX_POINT('',#15070);
#11851=LINE('',#15071,#15072);
#11852=CIRCLE('',#15073,0.87);
#11853=VERTEX_POINT('',#15074);
#11854=LINE('',#15075,#15076);
#11855=CIRCLE('',#15077,12.1220683411386);
#11856=VERTEX_POINT('',#15078);
#11857=CIRCLE('',#15079,0.537402676957101);
#11858=VERTEX_POINT('',#15080);
#11859=CIRCLE('',#15081,12.1220683411386);
#11860=CIRCLE('',#15082,0.87);
#11861=VERTEX_POINT('',#15083);
#11862=LINE('',#15084,#15085);
#11863=VERTEX_POINT('',#15086);
#11864=CIRCLE('',#15087,4.15);
#11865=VERTEX_POINT('',#15088);
#11866=CIRCLE('',#15089,4.15);
#11867=VERTEX_POINT('',#15090);
#11868=CIRCLE('',#15091,4.15);
#11869=VERTEX_POINT('',#15092);
#11870=LINE('',#15093,#15094);
#11871=VERTEX_POINT('',#15095);
#11872=CIRCLE('',#15096,0.87);
#11873=VERTEX_POINT('',#15097);
#11874=LINE('',#15098,#15099);
#11875=CIRCLE('',#15100,0.87);
#11876=CIRCLE('',#15101,0.537402676957101);
#11877=VERTEX_POINT('',#15102);
#11878=CIRCLE('',#15103,0.87);
#11879=VERTEX_POINT('',#15104);
#11880=CIRCLE('',#15105,12.1220683411386);
#11881=CIRCLE('',#15106,0.537402676957101);
#11882=LINE('',#15107,#15108);
#11883=LINE('',#15109,#15110);
#11884=VERTEX_POINT('',#15111);
#11885=LINE('',#15112,#15113);
#11886=LINE('',#15114,#15115);
#11887=VERTEX_POINT('',#15116);
#11888=CIRCLE('',#15117,4.15);
#11889=LINE('',#15118,#15119);
#11890=VERTEX_POINT('',#15120);
#11891=LINE('',#15121,#15122);
#11892=VERTEX_POINT('',#15123);
#11893=CIRCLE('',#15124,4.15);
#11894=LINE('',#15125,#15126);
#11895=LINE('',#15127,#15128);
#11896=LINE('',#15129,#15130);
#11897=VERTEX_POINT('',#15131);
#11898=VERTEX_POINT('',#15132);
#11899=CIRCLE('',#15133,0.87);
#11900=LINE('',#15134,#15135);
#11901=LINE('',#15136,#15137);
#11902=LINE('',#15138,#15139);
#11903=CIRCLE('',#15140,0.5);
#11904=LINE('',#15141,#15142);
#11905=CIRCLE('',#15143,4.15);
#11906=VERTEX_POINT('',#15144);
#11907=VERTEX_POINT('',#15145);
#11908=LINE('',#15146,#15147);
#11909=VERTEX_POINT('',#15148);
#11910=LINE('',#15149,#15150);
#11911=VERTEX_POINT('',#15151);
#11912=LINE('',#15152,#15153);
#11913=VERTEX_POINT('',#15154);
#11914=LINE('',#15155,#15156);
#11915=VERTEX_POINT('',#15157);
#11916=LINE('',#15158,#15159);
#11917=VERTEX_POINT('',#15160);
#11918=LINE('',#15161,#15162);
#11919=VERTEX_POINT('',#15163);
#11920=LINE('',#15164,#15165);
#11921=VERTEX_POINT('',#15166);
#11922=LINE('',#15167,#15168);
#11923=VERTEX_POINT('',#15169);
#11924=LINE('',#15170,#15171);
#11925=VERTEX_POINT('',#15172);
#11926=LINE('',#15173,#15174);
#11927=VERTEX_POINT('',#15175);
#11928=LINE('',#15176,#15177);
#11929=LINE('',#15178,#15179);
#11930=VERTEX_POINT('',#15180);
#11931=VERTEX_POINT('',#15181);
#11932=LINE('',#15182,#15183);
#11933=VERTEX_POINT('',#15184);
#11934=LINE('',#15185,#15186);
#11935=VERTEX_POINT('',#15187);
#11936=LINE('',#15188,#15189);
#11937=LINE('',#15190,#15191);
#11938=VERTEX_POINT('',#15192);
#11939=VERTEX_POINT('',#15193);
#11940=LINE('',#15194,#15195);
#11941=VERTEX_POINT('',#15196);
#11942=LINE('',#15197,#15198);
#11943=VERTEX_POINT('',#15199);
#11944=LINE('',#15200,#15201);
#11945=LINE('',#15202,#15203);
#11946=VERTEX_POINT('',#15204);
#11947=VERTEX_POINT('',#15205);
#11948=CIRCLE('',#15206,0.8);
#11949=VERTEX_POINT('',#15207);
#11950=LINE('',#15208,#15209);
#11951=VERTEX_POINT('',#15210);
#11952=CIRCLE('',#15211,0.8);
#11953=VERTEX_POINT('',#15212);
#11954=LINE('',#15213,#15214);
#11955=VERTEX_POINT('',#15215);
#11956=CIRCLE('',#15216,0.8);
#11957=VERTEX_POINT('',#15217);
#11958=LINE('',#15218,#15219);
#11959=VERTEX_POINT('',#15220);
#11960=CIRCLE('',#15221,0.8);
#11961=VERTEX_POINT('',#15222);
#11962=LINE('',#15223,#15224);
#11963=VERTEX_POINT('',#15225);
#11964=CIRCLE('',#15226,0.8);
#11965=VERTEX_POINT('',#15227);
#11966=LINE('',#15228,#15229);
#11967=VERTEX_POINT('',#15230);
#11968=CIRCLE('',#15231,0.8);
#11969=VERTEX_POINT('',#15232);
#11970=LINE('',#15233,#15234);
#11971=VERTEX_POINT('',#15235);
#11972=CIRCLE('',#15236,0.8);
#11973=VERTEX_POINT('',#15237);
#11974=LINE('',#15238,#15239);
#11975=VERTEX_POINT('',#15240);
#11976=CIRCLE('',#15241,0.8);
#11977=LINE('',#15242,#15243);
#11978=VERTEX_POINT('',#15244);
#11979=CIRCLE('',#15245,0.5);
#11980=VERTEX_POINT('',#15246);
#11981=LINE('',#15247,#15248);
#11982=VERTEX_POINT('',#15249);
#11983=CIRCLE('',#15250,0.87);
#11984=VERTEX_POINT('',#15251);
#11985=LINE('',#15252,#15253);
#11986=VERTEX_POINT('',#15254);
#11987=CIRCLE('',#15255,4.15);
#11988=VERTEX_POINT('',#15256);
#11989=LINE('',#15257,#15258);
#11990=VERTEX_POINT('',#15259);
#11991=CIRCLE('',#15260,0.87);
#11992=LINE('',#15261,#15262);
#11993=VERTEX_POINT('',#15263);
#11994=CIRCLE('',#15264,0.5);
#11995=LINE('',#15265,#15266);
#11996=VERTEX_POINT('',#15267);
#11997=VERTEX_POINT('',#15268);
#11998=LINE('',#15269,#15270);
#11999=VERTEX_POINT('',#15271);
#12000=LINE('',#15272,#15273);
#12001=VERTEX_POINT('',#15274);
#12002=LINE('',#15275,#15276);
#12003=VERTEX_POINT('',#15277);
#12004=LINE('',#15278,#15279);
#12005=VERTEX_POINT('',#15280);
#12006=LINE('',#15281,#15282);
#12007=VERTEX_POINT('',#15283);
#12008=LINE('',#15284,#15285);
#12009=VERTEX_POINT('',#15286);
#12010=LINE('',#15287,#15288);
#12011=VERTEX_POINT('',#15289);
#12012=LINE('',#15290,#15291);
#12013=VERTEX_POINT('',#15292);
#12014=LINE('',#15293,#15294);
#12015=VERTEX_POINT('',#15295);
#12016=LINE('',#15296,#15297);
#12017=VERTEX_POINT('',#15298);
#12018=LINE('',#15299,#15300);
#12019=LINE('',#15301,#15302);
#12020=VERTEX_POINT('',#15303);
#12021=VERTEX_POINT('',#15304);
#12022=LINE('',#15305,#15306);
#12023=VERTEX_POINT('',#15307);
#12024=LINE('',#15308,#15309);
#12025=VERTEX_POINT('',#15310);
#12026=LINE('',#15311,#15312);
#12027=VERTEX_POINT('',#15313);
#12028=LINE('',#15314,#15315);
#12029=VERTEX_POINT('',#15316);
#12030=LINE('',#15317,#15318);
#12031=VERTEX_POINT('',#15319);
#12032=LINE('',#15320,#15321);
#12033=VERTEX_POINT('',#15322);
#12034=LINE('',#15323,#15324);
#12035=VERTEX_POINT('',#15325);
#12036=LINE('',#15326,#15327);
#12037=VERTEX_POINT('',#15328);
#12038=LINE('',#15329,#15330);
#12039=VERTEX_POINT('',#15331);
#12040=LINE('',#15332,#15333);
#12041=VERTEX_POINT('',#15334);
#12042=LINE('',#15335,#15336);
#12043=LINE('',#15337,#15338);
#12044=VERTEX_POINT('',#15339);
#12045=VERTEX_POINT('',#15340);
#12046=LINE('',#15341,#15342);
#12047=VERTEX_POINT('',#15343);
#12048=LINE('',#15344,#15345);
#12049=VERTEX_POINT('',#15346);
#12050=LINE('',#15347,#15348);
#12051=VERTEX_POINT('',#15349);
#12052=LINE('',#15350,#15351);
#12053=VERTEX_POINT('',#15352);
#12054=LINE('',#15353,#15354);
#12055=VERTEX_POINT('',#15355);
#12056=LINE('',#15356,#15357);
#12057=VERTEX_POINT('',#15358);
#12058=LINE('',#15359,#15360);
#12059=VERTEX_POINT('',#15361);
#12060=LINE('',#15362,#15363);
#12061=VERTEX_POINT('',#15364);
#12062=LINE('',#15365,#15366);
#12063=VERTEX_POINT('',#15367);
#12064=LINE('',#15368,#15369);
#12065=VERTEX_POINT('',#15370);
#12066=LINE('',#15371,#15372);
#12067=LINE('',#15373,#15374);
#12068=VERTEX_POINT('',#15375);
#12069=VERTEX_POINT('',#15376);
#12070=LINE('',#15377,#15378);
#12071=VERTEX_POINT('',#15379);
#12072=LINE('',#15380,#15381);
#12073=VERTEX_POINT('',#15382);
#12074=LINE('',#15383,#15384);
#12075=LINE('',#15385,#15386);
#12076=VERTEX_POINT('',#15387);
#12077=VERTEX_POINT('',#15388);
#12078=LINE('',#15389,#15390);
#12079=VERTEX_POINT('',#15391);
#12080=LINE('',#15392,#15393);
#12081=VERTEX_POINT('',#15394);
#12082=LINE('',#15395,#15396);
#12083=VERTEX_POINT('',#15397);
#12084=LINE('',#15398,#15399);
#12085=VERTEX_POINT('',#15400);
#12086=LINE('',#15401,#15402);
#12087=VERTEX_POINT('',#15403);
#12088=LINE('',#15404,#15405);
#12089=VERTEX_POINT('',#15406);
#12090=LINE('',#15407,#15408);
#12091=VERTEX_POINT('',#15409);
#12092=LINE('',#15410,#15411);
#12093=VERTEX_POINT('',#15412);
#12094=LINE('',#15413,#15414);
#12095=VERTEX_POINT('',#15415);
#12096=LINE('',#15416,#15417);
#12097=VERTEX_POINT('',#15418);
#12098=LINE('',#15419,#15420);
#12099=LINE('',#15421,#15422);
#12100=VERTEX_POINT('',#15423);
#12101=VERTEX_POINT('',#15424);
#12102=LINE('',#15425,#15426);
#12103=VERTEX_POINT('',#15427);
#12104=LINE('',#15428,#15429);
#12105=VERTEX_POINT('',#15430);
#12106=LINE('',#15431,#15432);
#12107=VERTEX_POINT('',#15433);
#12108=LINE('',#15434,#15435);
#12109=VERTEX_POINT('',#15436);
#12110=LINE('',#15437,#15438);
#12111=VERTEX_POINT('',#15439);
#12112=LINE('',#15440,#15441);
#12113=VERTEX_POINT('',#15442);
#12114=LINE('',#15443,#15444);
#12115=VERTEX_POINT('',#15445);
#12116=LINE('',#15446,#15447);
#12117=VERTEX_POINT('',#15448);
#12118=LINE('',#15449,#15450);
#12119=VERTEX_POINT('',#15451);
#12120=LINE('',#15452,#15453);
#12121=VERTEX_POINT('',#15454);
#12122=LINE('',#15455,#15456);
#12123=LINE('',#15457,#15458);
#12124=VERTEX_POINT('',#15459);
#12125=VERTEX_POINT('',#15460);
#12126=LINE('',#15461,#15462);
#12127=VERTEX_POINT('',#15463);
#12128=LINE('',#15464,#15465);
#12129=VERTEX_POINT('',#15466);
#12130=LINE('',#15467,#15468);
#12131=VERTEX_POINT('',#15469);
#12132=LINE('',#15470,#15471);
#12133=VERTEX_POINT('',#15472);
#12134=LINE('',#15473,#15474);
#12135=VERTEX_POINT('',#15475);
#12136=LINE('',#15476,#15477);
#12137=VERTEX_POINT('',#15478);
#12138=LINE('',#15479,#15480);
#12139=VERTEX_POINT('',#15481);
#12140=LINE('',#15482,#15483);
#12141=VERTEX_POINT('',#15484);
#12142=LINE('',#15485,#15486);
#12143=VERTEX_POINT('',#15487);
#12144=LINE('',#15488,#15489);
#12145=VERTEX_POINT('',#15490);
#12146=LINE('',#15491,#15492);
#12147=VERTEX_POINT('',#15493);
#12148=LINE('',#15494,#15495);
#12149=LINE('',#15496,#15497);
#12150=VERTEX_POINT('',#15498);
#12151=VERTEX_POINT('',#15499);
#12152=LINE('',#15500,#15501);
#12153=VERTEX_POINT('',#15502);
#12154=LINE('',#15503,#15504);
#12155=VERTEX_POINT('',#15505);
#12156=LINE('',#15506,#15507);
#12157=LINE('',#15508,#15509);
#12158=VERTEX_POINT('',#15510);
#12159=VERTEX_POINT('',#15511);
#12160=LINE('',#15512,#15513);
#12161=VERTEX_POINT('',#15514);
#12162=LINE('',#15515,#15516);
#12163=VERTEX_POINT('',#15517);
#12164=LINE('',#15518,#15519);
#12165=LINE('',#15520,#15521);
#12166=VERTEX_POINT('',#15522);
#12167=VERTEX_POINT('',#15523);
#12168=LINE('',#15524,#15525);
#12169=VERTEX_POINT('',#15526);
#12170=LINE('',#15527,#15528);
#12171=VERTEX_POINT('',#15529);
#12172=LINE('',#15530,#15531);
#12173=LINE('',#15532,#15533);
#12174=VERTEX_POINT('',#15534);
#12175=VERTEX_POINT('',#15535);
#12176=LINE('',#15536,#15537);
#12177=VERTEX_POINT('',#15538);
#12178=LINE('',#15539,#15540);
#12179=VERTEX_POINT('',#15541);
#12180=LINE('',#15542,#15543);
#12181=LINE('',#15544,#15545);
#12182=VERTEX_POINT('',#15546);
#12183=VERTEX_POINT('',#15547);
#12184=LINE('',#15548,#15549);
#12185=VERTEX_POINT('',#15550);
#12186=LINE('',#15551,#15552);
#12187=VERTEX_POINT('',#15553);
#12188=LINE('',#15554,#15555);
#12189=LINE('',#15556,#15557);
#12190=VERTEX_POINT('',#15558);
#12191=LINE('',#15559,#15560);
#12192=VERTEX_POINT('',#15561);
#12193=LINE('',#15562,#15563);
#12194=LINE('',#15564,#15565);
#12195=VERTEX_POINT('',#15566);
#12196=LINE('',#15567,#15568);
#12197=VERTEX_POINT('',#15569);
#12198=LINE('',#15570,#15571);
#12199=LINE('',#15572,#15573);
#12200=VERTEX_POINT('',#15574);
#12201=LINE('',#15575,#15576);
#12202=VERTEX_POINT('',#15577);
#12203=LINE('',#15578,#15579);
#12204=LINE('',#15580,#15581);
#12205=VERTEX_POINT('',#15582);
#12206=LINE('',#15583,#15584);
#12207=VERTEX_POINT('',#15585);
#12208=LINE('',#15586,#15587);
#12209=LINE('',#15588,#15589);
#12210=VERTEX_POINT('',#15590);
#12211=LINE('',#15591,#15592);
#12212=VERTEX_POINT('',#15593);
#12213=LINE('',#15594,#15595);
#12214=LINE('',#15596,#15597);
#12215=LINE('',#15598,#15599);
#12216=VERTEX_POINT('',#15600);
#12217=LINE('',#15601,#15602);
#12218=VERTEX_POINT('',#15603);
#12219=LINE('',#15604,#15605);
#12220=LINE('',#15606,#15607);
#12221=LINE('',#15608,#15609);
#12222=LINE('',#15610,#15611);
#12223=LINE('',#15612,#15613);
#12224=LINE('',#15614,#15615);
#12225=LINE('',#15616,#15617);
#12226=VERTEX_POINT('',#15618);
#12227=VERTEX_POINT('',#15619);
#12228=LINE('',#15620,#15621);
#12229=VERTEX_POINT('',#15622);
#12230=LINE('',#15623,#15624);
#12231=VERTEX_POINT('',#15625);
#12232=LINE('',#15626,#15627);
#12233=LINE('',#15628,#15629);
#12234=LINE('',#15630,#15631);
#12235=LINE('',#15632,#15633);
#12236=LINE('',#15634,#15635);
#12237=LINE('',#15636,#15637);
#12238=VERTEX_POINT('',#15638);
#12239=VERTEX_POINT('',#15639);
#12240=LINE('',#15640,#15641);
#12241=VERTEX_POINT('',#15642);
#12242=LINE('',#15643,#15644);
#12243=VERTEX_POINT('',#15645);
#12244=LINE('',#15646,#15647);
#12245=LINE('',#15648,#15649);
#12246=LINE('',#15650,#15651);
#12247=LINE('',#15652,#15653);
#12248=LINE('',#15654,#15655);
#12249=LINE('',#15656,#15657);
#12250=VERTEX_POINT('',#15658);
#12251=LINE('',#15659,#15660);
#12252=VERTEX_POINT('',#15661);
#12253=LINE('',#15662,#15663);
#12254=LINE('',#15664,#15665);
#12255=VERTEX_POINT('',#15666);
#12256=CIRCLE('',#15667,0.8);
#12257=LINE('',#15668,#15669);
#12258=VERTEX_POINT('',#15670);
#12259=LINE('',#15671,#15672);
#12260=LINE('',#15673,#15674);
#12261=VERTEX_POINT('',#15675);
#12262=CIRCLE('',#15676,0.8);
#12263=LINE('',#15677,#15678);
#12264=VERTEX_POINT('',#15679);
#12265=LINE('',#15680,#15681);
#12266=LINE('',#15682,#15683);
#12267=VERTEX_POINT('',#15684);
#12268=VERTEX_POINT('',#15685);
#12269=LINE('',#15686,#15687);
#12270=VERTEX_POINT('',#15688);
#12271=CIRCLE('',#15689,0.8);
#12272=VERTEX_POINT('',#15690);
#12273=LINE('',#15691,#15692);
#12274=VERTEX_POINT('',#15693);
#12275=CIRCLE('',#15694,0.8);
#12276=VERTEX_POINT('',#15695);
#12277=LINE('',#15696,#15697);
#12278=VERTEX_POINT('',#15698);
#12279=CIRCLE('',#15699,0.8);
#12280=VERTEX_POINT('',#15700);
#12281=LINE('',#15701,#15702);
#12282=VERTEX_POINT('',#15703);
#12283=CIRCLE('',#15704,0.8);
#12284=VERTEX_POINT('',#15705);
#12285=LINE('',#15706,#15707);
#12286=CIRCLE('',#15708,0.8);
#12287=CIRCLE('',#15709,0.8);
#12288=LINE('',#15710,#15711);
#12289=LINE('',#15712,#15713);
#12290=LINE('',#15714,#15715);
#12291=LINE('',#15716,#15717);
#12292=LINE('',#15718,#15719);
#12293=LINE('',#15720,#15721);
#12294=LINE('',#15722,#15723);
#12295=LINE('',#15724,#15725);
#12296=LINE('',#15726,#15727);
#12297=LINE('',#15728,#15729);
#12298=VERTEX_POINT('',#15730);
#12299=LINE('',#15731,#15732);
#12300=VERTEX_POINT('',#15733);
#12301=CIRCLE('',#15734,0.87);
#12302=VERTEX_POINT('',#15735);
#12303=LINE('',#15736,#15737);
#12304=CIRCLE('',#15738,0.5);
#12305=LINE('',#15739,#15740);
#12306=LINE('',#15741,#15742);
#12307=VERTEX_POINT('',#15743);
#12308=B_SPLINE_CURVE_WITH_KNOTS('',3,(#15744,#15745,#15746,#15747,#15748,#15749,#15750,#15751,#15752,#15753,#15754,#15755,#15756,#15757,#15758,#15759,#15760,#15761,#15762,#15763,#15764,#15765,#15766,#15767,#15768,#15769,#15770,#15771,#15772,#15773,#15774,#15775,#15776,#15777,#15778,#15779,#15780,#15781,#15782,#15783,#15784,#15785,#15786,#15787,#15788,#15789,#15790,#15791,#15792),.UNSPECIFIED.,.F.,.F.,(4,3,3,3,3,3,3,3,3,3,3,3,3,3,3,3,4),(3.17469173332699E-14,0.0372659937750241,0.0746417191088547,0.111998333454866,0.149207254700155,0.186283639704477,0.223508398003927,0.260834555172158,0.298162467415219,0.335373828458693,0.372431913880176,0.409578357865342,0.446819702248194,0.484111390492853,0.521388686995184,0.558572718165215,0.595625935943088),.UNSPECIFIED.);
#12309=LINE('',#15793,#15794);
#12310=VERTEX_POINT('',#15795);
#12311=VERTEX_POINT('',#15796);
#12312=LINE('',#15797,#15798);
#12313=VERTEX_POINT('',#15799);
#12314=LINE('',#15800,#15801);
#12315=VERTEX_POINT('',#15802);
#12316=LINE('',#15803,#15804);
#12317=LINE('',#15805,#15806);
#12318=ELLIPSE('',#15807,0.558679622786313,0.5);
#12319=VERTEX_POINT('',#15808);
#12320=CIRCLE('',#15809,4.15);
#12321=LINE('',#15810,#15811);
#12322=VERTEX_POINT('',#15812);
#12323=VERTEX_POINT('',#15813);
#12324=LINE('',#15814,#15815);
#12325=VERTEX_POINT('',#15816);
#12326=LINE('',#15817,#15818);
#12327=LINE('',#15819,#15820);
#12328=LINE('',#15821,#15822);
#12329=VERTEX_POINT('',#15823);
#12330=LINE('',#15824,#15825);
#12331=LINE('',#15826,#15827);
#12332=VERTEX_POINT('',#15828);
#12333=LINE('',#15829,#15830);
#12334=LINE('',#15831,#15832);
#12335=VERTEX_POINT('',#15833);
#12336=LINE('',#15834,#15835);
#12337=VERTEX_POINT('',#15836);
#12338=LINE('',#15837,#15838);
#12339=VERTEX_POINT('',#15839);
#12340=LINE('',#15840,#15841);
#12341=LINE('',#15842,#15843);
#12342=LINE('',#15844,#15845);
#12343=VERTEX_POINT('',#15846);
#12344=ELLIPSE('',#15847,0.558679622786313,0.5);
#12345=LINE('',#15848,#15849);
#12346=VERTEX_POINT('',#15850);
#12347=VERTEX_POINT('',#15851);
#12348=CIRCLE('',#15852,0.87);
#12349=LINE('',#15853,#15854);
#12350=B_SPLINE_CURVE_WITH_KNOTS('',3,(#15855,#15856,#15857,#15858,#15859,#15860,#15861,#15862,#15863,#15864,#15865,#15866,#15867,#15868,#15869,#15870,#15871,#15872,#15873,#15874,#15875,#15876,#15877,#15878,#15879,#15880,#15881,#15882,#15883,#15884,#15885,#15886,#15887,#15888,#15889,#15890,#15891,#15892,#15893,#15894,#15895,#15896,#15897,#15898,#15899,#15900,#15901,#15902,#15903),.UNSPECIFIED.,.F.,.F.,(4,3,3,3,3,3,3,3,3,3,3,3,3,3,3,3,4),(1.51833176180324E-14,0.0372660252563599,0.0746417838861737,0.111998433118097,0.149207390363691,0.186283808447455,0.223508599063251,0.26083478946324,0.298162735870618,0.335374131829867,0.372432250978392,0.409578727974245,0.446820105662706,0.484111827554104,0.521389158010723,0.558573223350154,0.595626474837991),.UNSPECIFIED.);
#12351=LINE('',#15904,#15905);
#12352=VERTEX_POINT('',#15906);
#12353=CIRCLE('',#15907,0.5);
#12354=VERTEX_POINT('',#15908);
#12355=B_SPLINE_CURVE_WITH_KNOTS('',3,(#15909,#15910,#15911,#15912,#15913,#15914,#15915,#15916,#15917,#15918,#15919,#15920,#15921),.UNSPECIFIED.,.F.,.F.,(4,3,3,3,4),(0.0,0.0250426017003387,0.0499917430162407,0.0748687883328777,0.0998458372577572),.UNSPECIFIED.);
#12356=LINE('',#15922,#15923);
#12357=VERTEX_POINT('',#15924);
#12358=LINE('',#15925,#15926);
#12359=CIRCLE('',#15927,0.5);
#12360=LINE('',#15928,#15929);
#12361=LINE('',#15930,#15931);
#12362=CIRCLE('',#15932,0.5);
#12363=VERTEX_POINT('',#15933);
#12364=VERTEX_POINT('',#15934);
#12365=LINE('',#15935,#15936);
#12366=VERTEX_POINT('',#15937);
#12367=LINE('',#15938,#15939);
#12368=VERTEX_POINT('',#15940);
#12369=LINE('',#15941,#15942);
#12370=VERTEX_POINT('',#15943);
#12371=LINE('',#15944,#15945);
#12372=VERTEX_POINT('',#15946);
#12373=LINE('',#15947,#15948);
#12374=VERTEX_POINT('',#15949);
#12375=LINE('',#15950,#15951);
#12376=VERTEX_POINT('',#15952);
#12377=LINE('',#15953,#15954);
#12378=VERTEX_POINT('',#15955);
#12379=LINE('',#15956,#15957);
#12380=VERTEX_POINT('',#15958);
#12381=LINE('',#15959,#15960);
#12382=VERTEX_POINT('',#15961);
#12383=LINE('',#15962,#15963);
#12384=VERTEX_POINT('',#15964);
#12385=LINE('',#15965,#15966);
#12386=LINE('',#15967,#15968);
#12387=LINE('',#15969,#15970);
#12388=LINE('',#15971,#15972);
#12389=LINE('',#15973,#15974);
#12390=LINE('',#15975,#15976);
#12391=LINE('',#15977,#15978);
#12392=LINE('',#15979,#15980);
#12393=LINE('',#15981,#15982);
#12394=LINE('',#15983,#15984);
#12395=LINE('',#15985,#15986);
#12396=LINE('',#15987,#15988);
#12397=LINE('',#15989,#15990);
#12398=LINE('',#15991,#15992);
#12399=VERTEX_POINT('',#15993);
#12400=VERTEX_POINT('',#15994);
#12401=LINE('',#15995,#15996);
#12402=VERTEX_POINT('',#15997);
#12403=LINE('',#15998,#15999);
#12404=VERTEX_POINT('',#16000);
#12405=LINE('',#16001,#16002);
#12406=VERTEX_POINT('',#16003);
#12407=LINE('',#16004,#16005);
#12408=VERTEX_POINT('',#16006);
#12409=LINE('',#16007,#16008);
#12410=VERTEX_POINT('',#16009);
#12411=LINE('',#16010,#16011);
#12412=VERTEX_POINT('',#16012);
#12413=LINE('',#16013,#16014);
#12414=VERTEX_POINT('',#16015);
#12415=LINE('',#16016,#16017);
#12416=VERTEX_POINT('',#16018);
#12417=LINE('',#16019,#16020);
#12418=VERTEX_POINT('',#16021);
#12419=LINE('',#16022,#16023);
#12420=VERTEX_POINT('',#16024);
#12421=LINE('',#16025,#16026);
#12422=LINE('',#16027,#16028);
#12423=LINE('',#16029,#16030);
#12424=LINE('',#16031,#16032);
#12425=LINE('',#16033,#16034);
#12426=LINE('',#16035,#16036);
#12427=LINE('',#16037,#16038);
#12428=LINE('',#16039,#16040);
#12429=LINE('',#16041,#16042);
#12430=LINE('',#16043,#16044);
#12431=LINE('',#16045,#16046);
#12432=LINE('',#16047,#16048);
#12433=LINE('',#16049,#16050);
#12434=LINE('',#16051,#16052);
#12435=VERTEX_POINT('',#16053);
#12436=VERTEX_POINT('',#16054);
#12437=LINE('',#16055,#16056);
#12438=VERTEX_POINT('',#16057);
#12439=LINE('',#16058,#16059);
#12440=VERTEX_POINT('',#16060);
#12441=LINE('',#16061,#16062);
#12442=VERTEX_POINT('',#16063);
#12443=LINE('',#16064,#16065);
#12444=VERTEX_POINT('',#16066);
#12445=LINE('',#16067,#16068);
#12446=VERTEX_POINT('',#16069);
#12447=LINE('',#16070,#16071);
#12448=VERTEX_POINT('',#16072);
#12449=LINE('',#16073,#16074);
#12450=VERTEX_POINT('',#16075);
#12451=LINE('',#16076,#16077);
#12452=VERTEX_POINT('',#16078);
#12453=LINE('',#16079,#16080);
#12454=VERTEX_POINT('',#16081);
#12455=LINE('',#16082,#16083);
#12456=VERTEX_POINT('',#16084);
#12457=LINE('',#16085,#16086);
#12458=LINE('',#16087,#16088);
#12459=LINE('',#16089,#16090);
#12460=LINE('',#16091,#16092);
#12461=LINE('',#16093,#16094);
#12462=LINE('',#16095,#16096);
#12463=LINE('',#16097,#16098);
#12464=LINE('',#16099,#16100);
#12465=LINE('',#16101,#16102);
#12466=LINE('',#16103,#16104);
#12467=LINE('',#16105,#16106);
#12468=LINE('',#16107,#16108);
#12469=LINE('',#16109,#16110);
#12470=LINE('',#16111,#16112);
#12471=VERTEX_POINT('',#16113);
#12472=VERTEX_POINT('',#16114);
#12473=LINE('',#16115,#16116);
#12474=VERTEX_POINT('',#16117);
#12475=LINE('',#16118,#16119);
#12476=VERTEX_POINT('',#16120);
#12477=LINE('',#16121,#16122);
#12478=LINE('',#16123,#16124);
#12479=LINE('',#16125,#16126);
#12480=LINE('',#16127,#16128);
#12481=LINE('',#16129,#16130);
#12482=LINE('',#16131,#16132);
#12483=VERTEX_POINT('',#16133);
#12484=VERTEX_POINT('',#16134);
#12485=LINE('',#16135,#16136);
#12486=VERTEX_POINT('',#16137);
#12487=LINE('',#16138,#16139);
#12488=VERTEX_POINT('',#16140);
#12489=LINE('',#16141,#16142);
#12490=VERTEX_POINT('',#16143);
#12491=LINE('',#16144,#16145);
#12492=VERTEX_POINT('',#16146);
#12493=LINE('',#16147,#16148);
#12494=VERTEX_POINT('',#16149);
#12495=LINE('',#16150,#16151);
#12496=VERTEX_POINT('',#16152);
#12497=LINE('',#16153,#16154);
#12498=VERTEX_POINT('',#16155);
#12499=LINE('',#16156,#16157);
#12500=VERTEX_POINT('',#16158);
#12501=LINE('',#16159,#16160);
#12502=VERTEX_POINT('',#16161);
#12503=LINE('',#16162,#16163);
#12504=VERTEX_POINT('',#16164);
#12505=LINE('',#16165,#16166);
#12506=LINE('',#16167,#16168);
#12507=LINE('',#16169,#16170);
#12508=LINE('',#16171,#16172);
#12509=LINE('',#16173,#16174);
#12510=LINE('',#16175,#16176);
#12511=LINE('',#16177,#16178);
#12512=LINE('',#16179,#16180);
#12513=LINE('',#16181,#16182);
#12514=LINE('',#16183,#16184);
#12515=LINE('',#16185,#16186);
#12516=LINE('',#16187,#16188);
#12517=LINE('',#16189,#16190);
#12518=LINE('',#16191,#16192);
#12519=VERTEX_POINT('',#16193);
#12520=VERTEX_POINT('',#16194);
#12521=LINE('',#16195,#16196);
#12522=VERTEX_POINT('',#16197);
#12523=LINE('',#16198,#16199);
#12524=VERTEX_POINT('',#16200);
#12525=LINE('',#16201,#16202);
#12526=VERTEX_POINT('',#16203);
#12527=LINE('',#16204,#16205);
#12528=VERTEX_POINT('',#16206);
#12529=LINE('',#16207,#16208);
#12530=VERTEX_POINT('',#16209);
#12531=LINE('',#16210,#16211);
#12532=VERTEX_POINT('',#16212);
#12533=LINE('',#16213,#16214);
#12534=VERTEX_POINT('',#16215);
#12535=LINE('',#16216,#16217);
#12536=VERTEX_POINT('',#16218);
#12537=LINE('',#16219,#16220);
#12538=VERTEX_POINT('',#16221);
#12539=LINE('',#16222,#16223);
#12540=VERTEX_POINT('',#16224);
#12541=LINE('',#16225,#16226);
#12542=LINE('',#16227,#16228);
#12543=LINE('',#16229,#16230);
#12544=LINE('',#16231,#16232);
#12545=LINE('',#16233,#16234);
#12546=LINE('',#16235,#16236);
#12547=LINE('',#16237,#16238);
#12548=LINE('',#16239,#16240);
#12549=LINE('',#16241,#16242);
#12550=LINE('',#16243,#16244);
#12551=LINE('',#16245,#16246);
#12552=LINE('',#16247,#16248);
#12553=LINE('',#16249,#16250);
#12554=LINE('',#16251,#16252);
#12555=VERTEX_POINT('',#16253);
#12556=LINE('',#16254,#16255);
#12557=VERTEX_POINT('',#16256);
#12558=LINE('',#16257,#16258);
#12559=LINE('',#16259,#16260);
#12560=VERTEX_POINT('',#16261);
#12561=LINE('',#16262,#16263);
#12562=VERTEX_POINT('',#16264);
#12563=LINE('',#16265,#16266);
#12564=LINE('',#16267,#16268);
#12565=VERTEX_POINT('',#16269);
#12566=LINE('',#16270,#16271);
#12567=VERTEX_POINT('',#16272);
#12568=LINE('',#16273,#16274);
#12569=LINE('',#16275,#16276);
#12570=VERTEX_POINT('',#16277);
#12571=LINE('',#16278,#16279);
#12572=VERTEX_POINT('',#16280);
#12573=LINE('',#16281,#16282);
#12574=LINE('',#16283,#16284);
#12575=VERTEX_POINT('',#16285);
#12576=LINE('',#16286,#16287);
#12577=LINE('',#16288,#16289);
#12578=VERTEX_POINT('',#16290);
#12579=LINE('',#16291,#16292);
#12580=VERTEX_POINT('',#16293);
#12581=LINE('',#16294,#16295);
#12582=LINE('',#16296,#16297);
#12583=VERTEX_POINT('',#16298);
#12584=LINE('',#16299,#16300);
#12585=LINE('',#16301,#16302);
#12586=VERTEX_POINT('',#16303);
#12587=LINE('',#16304,#16305);
#12588=LINE('',#16306,#16307);
#12589=LINE('',#16308,#16309);
#12590=LINE('',#16310,#16311);
#12591=LINE('',#16312,#16313);
#12592=LINE('',#16314,#16315);
#12593=LINE('',#16316,#16317);
#12594=VERTEX_POINT('',#16318);
#12595=VERTEX_POINT('',#16319);
#12596=LINE('',#16320,#16321);
#12597=VERTEX_POINT('',#16322);
#12598=LINE('',#16323,#16324);
#12599=VERTEX_POINT('',#16325);
#12600=LINE('',#16326,#16327);
#12601=LINE('',#16328,#16329);
#12602=LINE('',#16330,#16331);
#12603=LINE('',#16332,#16333);
#12604=LINE('',#16334,#16335);
#12605=LINE('',#16336,#16337);
#12606=VERTEX_POINT('',#16338);
#12607=VERTEX_POINT('',#16339);
#12608=LINE('',#16340,#16341);
#12609=VERTEX_POINT('',#16342);
#12610=LINE('',#16343,#16344);
#12611=VERTEX_POINT('',#16345);
#12612=LINE('',#16346,#16347);
#12613=LINE('',#16348,#16349);
#12614=LINE('',#16350,#16351);
#12615=LINE('',#16352,#16353);
#12616=LINE('',#16354,#16355);
#12617=LINE('',#16356,#16357);
#12618=VERTEX_POINT('',#16358);
#12619=VERTEX_POINT('',#16359);
#12620=LINE('',#16360,#16361);
#12621=VERTEX_POINT('',#16362);
#12622=LINE('',#16363,#16364);
#12623=VERTEX_POINT('',#16365);
#12624=LINE('',#16366,#16367);
#12625=LINE('',#16368,#16369);
#12626=LINE('',#16370,#16371);
#12627=LINE('',#16372,#16373);
#12628=LINE('',#16374,#16375);
#12629=LINE('',#16376,#16377);
#12630=VERTEX_POINT('',#16378);
#12631=VERTEX_POINT('',#16379);
#12632=LINE('',#16380,#16381);
#12633=VERTEX_POINT('',#16382);
#12634=LINE('',#16383,#16384);
#12635=VERTEX_POINT('',#16385);
#12636=LINE('',#16386,#16387);
#12637=LINE('',#16388,#16389);
#12638=LINE('',#16390,#16391);
#12639=LINE('',#16392,#16393);
#12640=LINE('',#16394,#16395);
#12641=LINE('',#16396,#16397);
#12642=VERTEX_POINT('',#16398);
#12643=VERTEX_POINT('',#16399);
#12644=LINE('',#16400,#16401);
#12645=VERTEX_POINT('',#16402);
#12646=LINE('',#16403,#16404);
#12647=VERTEX_POINT('',#16405);
#12648=LINE('',#16406,#16407);
#12649=LINE('',#16408,#16409);
#12650=LINE('',#16410,#16411);
#12651=LINE('',#16412,#16413);
#12652=LINE('',#16414,#16415);
#12653=LINE('',#16416,#16417);
#12654=VERTEX_POINT('',#16418);
#12655=VERTEX_POINT('',#16419);
#12656=LINE('',#16420,#16421);
#12657=VERTEX_POINT('',#16422);
#12658=CIRCLE('',#16423,0.5);
#12659=VERTEX_POINT('',#16424);
#12660=LINE('',#16425,#16426);
#12661=VERTEX_POINT('',#16427);
#12662=B_SPLINE_CURVE_WITH_KNOTS('',3,(#16428,#16429,#16430,#16431,#16432,#16433,#16434,#16435,#16436,#16437,#16438,#16439,#16440),.UNSPECIFIED.,.F.,.F.,(4,3,3,3,4),(0.0,0.0250425454983728,0.0499916305160167,0.0748686210880929,0.099845615435433),.UNSPECIFIED.);
#12663=CIRCLE('',#16441,0.5);
#12664=VERTEX_POINT('',#16442);
#12665=VERTEX_POINT('',#16443);
#12666=LINE('',#16444,#16445);
#12667=VERTEX_POINT('',#16446);
#12668=CIRCLE('',#16447,0.5);
#12669=VERTEX_POINT('',#16448);
#12670=LINE('',#16449,#16450);
#12671=CIRCLE('',#16451,0.5);
#12672=VERTEX_POINT('',#16452);
#12673=VERTEX_POINT('',#16453);
#12674=LINE('',#16454,#16455);
#12675=VERTEX_POINT('',#16456);
#12676=LINE('',#16457,#16458);
#12677=VERTEX_POINT('',#16459);
#12678=LINE('',#16460,#16461);
#12679=LINE('',#16462,#16463);
#12680=VERTEX_POINT('',#16464);
#12681=LINE('',#16465,#16466);
#12682=VERTEX_POINT('',#16467);
#12683=LINE('',#16468,#16469);
#12684=LINE('',#16470,#16471);
#12685=VERTEX_POINT('',#16472);
#12686=LINE('',#16473,#16474);
#12687=VERTEX_POINT('',#16475);
#12688=LINE('',#16476,#16477);
#12689=LINE('',#16478,#16479);
#12690=LINE('',#16480,#16481);
#12691=LINE('',#16482,#16483);
#12692=VERTEX_POINT('',#16484);
#12693=VERTEX_POINT('',#16485);
#12694=LINE('',#16486,#16487);
#12695=VERTEX_POINT('',#16488);
#12696=LINE('',#16489,#16490);
#12697=VERTEX_POINT('',#16491);
#12698=LINE('',#16492,#16493);
#12699=LINE('',#16494,#16495);
#12700=VERTEX_POINT('',#16496);
#12701=VERTEX_POINT('',#16497);
#12702=LINE('',#16498,#16499);
#12703=VERTEX_POINT('',#16500);
#12704=LINE('',#16501,#16502);
#12705=VERTEX_POINT('',#16503);
#12706=LINE('',#16504,#16505);
#12707=LINE('',#16506,#16507);
#12708=VERTEX_POINT('',#16508);
#12709=VERTEX_POINT('',#16509);
#12710=CIRCLE('',#16510,1.1);
#12711=CIRCLE('',#16511,1.1);
#12712=VERTEX_POINT('',#16512);
#12713=VERTEX_POINT('',#16513);
#12714=LINE('',#16514,#16515);
#12715=VERTEX_POINT('',#16516);
#12716=LINE('',#16517,#16518);
#12717=VERTEX_POINT('',#16519);
#12718=LINE('',#16520,#16521);
#12719=VERTEX_POINT('',#16522);
#12720=LINE('',#16523,#16524);
#12721=VERTEX_POINT('',#16525);
#12722=LINE('',#16526,#16527);
#12723=VERTEX_POINT('',#16528);
#12724=LINE('',#16529,#16530);
#12725=VERTEX_POINT('',#16531);
#12726=LINE('',#16532,#16533);
#12727=VERTEX_POINT('',#16534);
#12728=LINE('',#16535,#16536);
#12729=VERTEX_POINT('',#16537);
#12730=LINE('',#16538,#16539);
#12731=VERTEX_POINT('',#16540);
#12732=LINE('',#16541,#16542);
#12733=VERTEX_POINT('',#16543);
#12734=LINE('',#16544,#16545);
#12735=LINE('',#16546,#16547);
#12736=VERTEX_POINT('',#16548);
#12737=VERTEX_POINT('',#16549);
#12738=LINE('',#16550,#16551);
#12739=VERTEX_POINT('',#16552);
#12740=LINE('',#16553,#16554);
#12741=VERTEX_POINT('',#16555);
#12742=LINE('',#16556,#16557);
#12743=LINE('',#16558,#16559);
#12744=VERTEX_POINT('',#16560);
#12745=VERTEX_POINT('',#16561);
#12746=LINE('',#16562,#16563);
#12747=VERTEX_POINT('',#16564);
#12748=LINE('',#16565,#16566);
#12749=VERTEX_POINT('',#16567);
#12750=LINE('',#16568,#16569);
#12751=LINE('',#16570,#16571);
#12752=VERTEX_POINT('',#16572);
#12753=VERTEX_POINT('',#16573);
#12754=CIRCLE('',#16574,0.8);
#12755=VERTEX_POINT('',#16575);
#12756=LINE('',#16576,#16577);
#12757=VERTEX_POINT('',#16578);
#12758=CIRCLE('',#16579,0.8);
#12759=VERTEX_POINT('',#16580);
#12760=LINE('',#16581,#16582);
#12761=VERTEX_POINT('',#16583);
#12762=CIRCLE('',#16584,0.8);
#12763=VERTEX_POINT('',#16585);
#12764=LINE('',#16586,#16587);
#12765=VERTEX_POINT('',#16588);
#12766=CIRCLE('',#16589,0.8);
#12767=VERTEX_POINT('',#16590);
#12768=LINE('',#16591,#16592);
#12769=VERTEX_POINT('',#16593);
#12770=CIRCLE('',#16594,0.8);
#12771=VERTEX_POINT('',#16595);
#12772=LINE('',#16596,#16597);
#12773=VERTEX_POINT('',#16598);
#12774=CIRCLE('',#16599,0.8);
#12775=VERTEX_POINT('',#16600);
#12776=LINE('',#16601,#16602);
#12777=VERTEX_POINT('',#16603);
#12778=CIRCLE('',#16604,0.8);
#12779=VERTEX_POINT('',#16605);
#12780=LINE('',#16606,#16607);
#12781=VERTEX_POINT('',#16608);
#12782=CIRCLE('',#16609,0.8);
#12783=LINE('',#16610,#16611);
#12784=VERTEX_POINT('',#16612);
#12785=VERTEX_POINT('',#16613);
#12786=LINE('',#16614,#16615);
#12787=VERTEX_POINT('',#16616);
#12788=LINE('',#16617,#16618);
#12789=VERTEX_POINT('',#16619);
#12790=LINE('',#16620,#16621);
#12791=VERTEX_POINT('',#16622);
#12792=CIRCLE('',#16623,0.0500000000000007);
#12793=VERTEX_POINT('',#16624);
#12794=LINE('',#16625,#16626);
#12795=VERTEX_POINT('',#16627);
#12796=CIRCLE('',#16628,0.0499999999999998);
#12797=VERTEX_POINT('',#16629);
#12798=LINE('',#16630,#16631);
#12799=VERTEX_POINT('',#16632);
#12800=LINE('',#16633,#16634);
#12801=VERTEX_POINT('',#16635);
#12802=LINE('',#16636,#16637);
#12803=VERTEX_POINT('',#16638);
#12804=LINE('',#16639,#16640);
#12805=VERTEX_POINT('',#16641);
#12806=LINE('',#16642,#16643);
#12807=VERTEX_POINT('',#16644);
#12808=CIRCLE('',#16645,0.0499999999999998);
#12809=VERTEX_POINT('',#16646);
#12810=LINE('',#16647,#16648);
#12811=VERTEX_POINT('',#16649);
#12812=CIRCLE('',#16650,0.0499999999999998);
#12813=VERTEX_POINT('',#16651);
#12814=LINE('',#16652,#16653);
#12815=LINE('',#16654,#16655);
#12816=VERTEX_POINT('',#16656);
#12817=VERTEX_POINT('',#16657);
#12818=LINE('',#16658,#16659);
#12819=VERTEX_POINT('',#16660);
#12820=LINE('',#16661,#16662);
#12821=VERTEX_POINT('',#16663);
#12822=LINE('',#16664,#16665);
#12823=VERTEX_POINT('',#16666);
#12824=LINE('',#16667,#16668);
#12825=VERTEX_POINT('',#16669);
#12826=LINE('',#16670,#16671);
#12827=VERTEX_POINT('',#16672);
#12828=LINE('',#16673,#16674);
#12829=VERTEX_POINT('',#16675);
#12830=LINE('',#16676,#16677);
#12831=VERTEX_POINT('',#16678);
#12832=LINE('',#16679,#16680);
#12833=VERTEX_POINT('',#16681);
#12834=LINE('',#16682,#16683);
#12835=VERTEX_POINT('',#16684);
#12836=LINE('',#16685,#16686);
#12837=VERTEX_POINT('',#16687);
#12838=LINE('',#16688,#16689);
#12839=LINE('',#16690,#16691);
#12840=VERTEX_POINT('',#16692);
#12841=VERTEX_POINT('',#16693);
#12842=LINE('',#16694,#16695);
#12843=VERTEX_POINT('',#16696);
#12844=LINE('',#16697,#16698);
#12845=VERTEX_POINT('',#16699);
#12846=LINE('',#16700,#16701);
#12847=VERTEX_POINT('',#16702);
#12848=LINE('',#16703,#16704);
#12849=VERTEX_POINT('',#16705);
#12850=LINE('',#16706,#16707);
#12851=VERTEX_POINT('',#16708);
#12852=LINE('',#16709,#16710);
#12853=VERTEX_POINT('',#16711);
#12854=LINE('',#16712,#16713);
#12855=VERTEX_POINT('',#16714);
#12856=LINE('',#16715,#16716);
#12857=VERTEX_POINT('',#16717);
#12858=LINE('',#16718,#16719);
#12859=VERTEX_POINT('',#16720);
#12860=LINE('',#16721,#16722);
#12861=VERTEX_POINT('',#16723);
#12862=LINE('',#16724,#16725);
#12863=LINE('',#16726,#16727);
#12864=VERTEX_POINT('',#16728);
#12865=VERTEX_POINT('',#16729);
#12866=LINE('',#16730,#16731);
#12867=VERTEX_POINT('',#16732);
#12868=LINE('',#16733,#16734);
#12869=VERTEX_POINT('',#16735);
#12870=LINE('',#16736,#16737);
#12871=VERTEX_POINT('',#16738);
#12872=LINE('',#16739,#16740);
#12873=VERTEX_POINT('',#16741);
#12874=LINE('',#16742,#16743);
#12875=VERTEX_POINT('',#16744);
#12876=LINE('',#16745,#16746);
#12877=VERTEX_POINT('',#16747);
#12878=LINE('',#16748,#16749);
#12879=VERTEX_POINT('',#16750);
#12880=LINE('',#16751,#16752);
#12881=VERTEX_POINT('',#16753);
#12882=LINE('',#16754,#16755);
#12883=VERTEX_POINT('',#16756);
#12884=LINE('',#16757,#16758);
#12885=VERTEX_POINT('',#16759);
#12886=LINE('',#16760,#16761);
#12887=LINE('',#16762,#16763);
#12888=VERTEX_POINT('',#16764);
#12889=VERTEX_POINT('',#16765);
#12890=LINE('',#16766,#16767);
#12891=VERTEX_POINT('',#16768);
#12892=LINE('',#16769,#16770);
#12893=VERTEX_POINT('',#16771);
#12894=LINE('',#16772,#16773);
#12895=VERTEX_POINT('',#16774);
#12896=LINE('',#16775,#16776);
#12897=VERTEX_POINT('',#16777);
#12898=LINE('',#16778,#16779);
#12899=VERTEX_POINT('',#16780);
#12900=LINE('',#16781,#16782);
#12901=VERTEX_POINT('',#16783);
#12902=LINE('',#16784,#16785);
#12903=VERTEX_POINT('',#16786);
#12904=LINE('',#16787,#16788);
#12905=VERTEX_POINT('',#16789);
#12906=LINE('',#16790,#16791);
#12907=VERTEX_POINT('',#16792);
#12908=LINE('',#16793,#16794);
#12909=VERTEX_POINT('',#16795);
#12910=LINE('',#16796,#16797);
#12911=LINE('',#16798,#16799);
#12912=VERTEX_POINT('',#16800);
#12913=VERTEX_POINT('',#16801);
#12914=CIRCLE('',#16802,1.1);
#12915=CIRCLE('',#16803,1.1);
#12916=VERTEX_POINT('',#16804);
#12917=VERTEX_POINT('',#16805);
#12918=CIRCLE('',#16806,1.1);
#12919=CIRCLE('',#16807,1.1);
#12920=VERTEX_POINT('',#16808);
#12921=CIRCLE('',#16809,0.5);
#12922=LINE('',#16810,#16811);
#12923=VERTEX_POINT('',#16812);
#12924=CIRCLE('',#16813,0.5);
#12925=VERTEX_POINT('',#16814);
#12926=LINE('',#16815,#16816);
#12927=VERTEX_POINT('',#16817);
#12928=CIRCLE('',#16818,0.87);
#12929=VERTEX_POINT('',#16819);
#12930=LINE('',#16820,#16821);
#12931=VERTEX_POINT('',#16822);
#12932=CIRCLE('',#16823,4.15);
#12933=VERTEX_POINT('',#16824);
#12934=LINE('',#16825,#16826);
#12935=VERTEX_POINT('',#16827);
#12936=CIRCLE('',#16828,0.87);
#12937=LINE('',#16829,#16830);
#12938=VERTEX_POINT('',#16831);
#12939=VERTEX_POINT('',#16832);
#12940=LINE('',#16833,#16834);
#12941=VERTEX_POINT('',#16835);
#12942=LINE('',#16836,#16837);
#12943=VERTEX_POINT('',#16838);
#12944=LINE('',#16839,#16840);
#12945=LINE('',#16841,#16842);
#12946=VERTEX_POINT('',#16843);
#12947=VERTEX_POINT('',#16844);
#12948=LINE('',#16845,#16846);
#12949=VERTEX_POINT('',#16847);
#12950=LINE('',#16848,#16849);
#12951=VERTEX_POINT('',#16850);
#12952=LINE('',#16851,#16852);
#12953=LINE('',#16853,#16854);
#12954=VERTEX_POINT('',#16855);
#12955=VERTEX_POINT('',#16856);
#12956=LINE('',#16857,#16858);
#12957=VERTEX_POINT('',#16859);
#12958=LINE('',#16860,#16861);
#12959=VERTEX_POINT('',#16862);
#12960=LINE('',#16863,#16864);
#12961=VERTEX_POINT('',#16865);
#12962=LINE('',#16866,#16867);
#12963=VERTEX_POINT('',#16868);
#12964=LINE('',#16869,#16870);
#12965=VERTEX_POINT('',#16871);
#12966=LINE('',#16872,#16873);
#12967=VERTEX_POINT('',#16874);
#12968=LINE('',#16875,#16876);
#12969=VERTEX_POINT('',#16877);
#12970=LINE('',#16878,#16879);
#12971=VERTEX_POINT('',#16880);
#12972=LINE('',#16881,#16882);
#12973=VERTEX_POINT('',#16883);
#12974=LINE('',#16884,#16885);
#12975=VERTEX_POINT('',#16886);
#12976=LINE('',#16887,#16888);
#12977=LINE('',#16889,#16890);
#12978=VERTEX_POINT('',#16891);
#12979=VERTEX_POINT('',#16892);
#12980=LINE('',#16893,#16894);
#12981=VERTEX_POINT('',#16895);
#12982=LINE('',#16896,#16897);
#12983=VERTEX_POINT('',#16898);
#12984=LINE('',#16899,#16900);
#12985=VERTEX_POINT('',#16901);
#12986=LINE('',#16902,#16903);
#12987=VERTEX_POINT('',#16904);
#12988=LINE('',#16905,#16906);
#12989=VERTEX_POINT('',#16907);
#12990=LINE('',#16908,#16909);
#12991=VERTEX_POINT('',#16910);
#12992=LINE('',#16911,#16912);
#12993=VERTEX_POINT('',#16913);
#12994=LINE('',#16914,#16915);
#12995=VERTEX_POINT('',#16916);
#12996=LINE('',#16917,#16918);
#12997=VERTEX_POINT('',#16919);
#12998=LINE('',#16920,#16921);
#12999=VERTEX_POINT('',#16922);
#13000=LINE('',#16923,#16924);
#13001=LINE('',#16925,#16926);
#13002=VERTEX_POINT('',#16927);
#13003=VERTEX_POINT('',#16928);
#13004=LINE('',#16929,#16930);
#13005=VERTEX_POINT('',#16931);
#13006=LINE('',#16932,#16933);
#13007=VERTEX_POINT('',#16934);
#13008=LINE('',#16935,#16936);
#13009=VERTEX_POINT('',#16937);
#13010=LINE('',#16938,#16939);
#13011=VERTEX_POINT('',#16940);
#13012=LINE('',#16941,#16942);
#13013=VERTEX_POINT('',#16943);
#13014=LINE('',#16944,#16945);
#13015=VERTEX_POINT('',#16946);
#13016=LINE('',#16947,#16948);
#13017=VERTEX_POINT('',#16949);
#13018=LINE('',#16950,#16951);
#13019=VERTEX_POINT('',#16952);
#13020=LINE('',#16953,#16954);
#13021=VERTEX_POINT('',#16955);
#13022=LINE('',#16956,#16957);
#13023=VERTEX_POINT('',#16958);
#13024=LINE('',#16959,#16960);
#13025=LINE('',#16961,#16962);
#13026=VERTEX_POINT('',#16963);
#13027=VERTEX_POINT('',#16964);
#13028=LINE('',#16965,#16966);
#13029=VERTEX_POINT('',#16967);
#13030=LINE('',#16968,#16969);
#13031=VERTEX_POINT('',#16970);
#13032=LINE('',#16971,#16972);
#13033=VERTEX_POINT('',#16973);
#13034=LINE('',#16974,#16975);
#13035=VERTEX_POINT('',#16976);
#13036=LINE('',#16977,#16978);
#13037=VERTEX_POINT('',#16979);
#13038=LINE('',#16980,#16981);
#13039=VERTEX_POINT('',#16982);
#13040=LINE('',#16983,#16984);
#13041=VERTEX_POINT('',#16985);
#13042=LINE('',#16986,#16987);
#13043=VERTEX_POINT('',#16988);
#13044=LINE('',#16989,#16990);
#13045=VERTEX_POINT('',#16991);
#13046=LINE('',#16992,#16993);
#13047=VERTEX_POINT('',#16994);
#13048=LINE('',#16995,#16996);
#13049=LINE('',#16997,#16998);
#13050=VERTEX_POINT('',#16999);
#13051=VERTEX_POINT('',#17000);
#13052=LINE('',#17001,#17002);
#13053=VERTEX_POINT('',#17003);
#13054=LINE('',#17004,#17005);
#13055=VERTEX_POINT('',#17006);
#13056=LINE('',#17007,#17008);
#13057=VERTEX_POINT('',#17009);
#13058=LINE('',#17010,#17011);
#13059=VERTEX_POINT('',#17012);
#13060=LINE('',#17013,#17014);
#13061=VERTEX_POINT('',#17015);
#13062=LINE('',#17016,#17017);
#13063=VERTEX_POINT('',#17018);
#13064=LINE('',#17019,#17020);
#13065=VERTEX_POINT('',#17021);
#13066=LINE('',#17022,#17023);
#13067=VERTEX_POINT('',#17024);
#13068=LINE('',#17025,#17026);
#13069=VERTEX_POINT('',#17027);
#13070=LINE('',#17028,#17029);
#13071=VERTEX_POINT('',#17030);
#13072=LINE('',#17031,#17032);
#13073=LINE('',#17033,#17034);
#13074=VERTEX_POINT('',#17035);
#13075=VERTEX_POINT('',#17036);
#13076=LINE('',#17037,#17038);
#13077=VERTEX_POINT('',#17039);
#13078=LINE('',#17040,#17041);
#13079=VERTEX_POINT('',#17042);
#13080=LINE('',#17043,#17044);
#13081=VERTEX_POINT('',#17045);
#13082=LINE('',#17046,#17047);
#13083=VERTEX_POINT('',#17048);
#13084=LINE('',#17049,#17050);
#13085=VERTEX_POINT('',#17051);
#13086=LINE('',#17052,#17053);
#13087=VERTEX_POINT('',#17054);
#13088=LINE('',#17055,#17056);
#13089=VERTEX_POINT('',#17057);
#13090=LINE('',#17058,#17059);
#13091=VERTEX_POINT('',#17060);
#13092=LINE('',#17061,#17062);
#13093=VERTEX_POINT('',#17063);
#13094=LINE('',#17064,#17065);
#13095=VERTEX_POINT('',#17066);
#13096=LINE('',#17067,#17068);
#13097=LINE('',#17069,#17070);
#13098=VERTEX_POINT('',#17071);
#13099=VERTEX_POINT('',#17072);
#13100=LINE('',#17073,#17074);
#13101=VERTEX_POINT('',#17075);
#13102=LINE('',#17076,#17077);
#13103=VERTEX_POINT('',#17078);
#13104=LINE('',#17079,#17080);
#13105=VERTEX_POINT('',#17081);
#13106=LINE('',#17082,#17083);
#13107=VERTEX_POINT('',#17084);
#13108=LINE('',#17085,#17086);
#13109=VERTEX_POINT('',#17087);
#13110=LINE('',#17088,#17089);
#13111=VERTEX_POINT('',#17090);
#13112=LINE('',#17091,#17092);
#13113=VERTEX_POINT('',#17093);
#13114=LINE('',#17094,#17095);
#13115=VERTEX_POINT('',#17096);
#13116=LINE('',#17097,#17098);
#13117=VERTEX_POINT('',#17099);
#13118=LINE('',#17100,#17101);
#13119=VERTEX_POINT('',#17102);
#13120=LINE('',#17103,#17104);
#13121=LINE('',#17105,#17106);
#13122=VERTEX_POINT('',#17107);
#13123=VERTEX_POINT('',#17108);
#13124=CIRCLE('',#17109,1.35);
#13125=CIRCLE('',#17110,1.35);
#13126=VERTEX_POINT('',#17111);
#13127=VERTEX_POINT('',#17112);
#13128=CIRCLE('',#17113,1.35);
#13129=CIRCLE('',#17114,1.35);
#13130=VERTEX_POINT('',#17115);
#13131=VERTEX_POINT('',#17116);
#13132=CIRCLE('',#17117,1.35);
#13133=CIRCLE('',#17118,1.35);
#13134=VERTEX_POINT('',#17119);
#13135=VERTEX_POINT('',#17120);
#13136=CIRCLE('',#17121,1.35);
#13137=CIRCLE('',#17122,1.35);
#13138=VERTEX_POINT('',#17123);
#13139=VERTEX_POINT('',#17124);
#13140=LINE('',#17125,#17126);
#13141=VERTEX_POINT('',#17127);
#13142=CIRCLE('',#17128,0.8);
#13143=VERTEX_POINT('',#17129);
#13144=LINE('',#17130,#17131);
#13145=VERTEX_POINT('',#17132);
#13146=CIRCLE('',#17133,0.3);
#13147=VERTEX_POINT('',#17134);
#13148=CIRCLE('',#17135,0.5);
#13149=VERTEX_POINT('',#17136);
#13150=LINE('',#17137,#17138);
#13151=VERTEX_POINT('',#17139);
#13152=CIRCLE('',#17140,0.8);
#13153=VERTEX_POINT('',#17141);
#13154=LINE('',#17142,#17143);
#13155=VERTEX_POINT('',#17144);
#13156=CIRCLE('',#17145,0.8);
#13157=VERTEX_POINT('',#17146);
#13158=LINE('',#17147,#17148);
#13159=VERTEX_POINT('',#17149);
#13160=CIRCLE('',#17150,0.5);
#13161=VERTEX_POINT('',#17151);
#13162=CIRCLE('',#17152,0.3);
#13163=VERTEX_POINT('',#17153);
#13164=LINE('',#17154,#17155);
#13165=VERTEX_POINT('',#17156);
#13166=CIRCLE('',#17157,0.8);
#13167=VERTEX_POINT('',#17158);
#13168=LINE('',#17159,#17160);
#13169=VERTEX_POINT('',#17161);
#13170=CIRCLE('',#17162,0.8);
#13171=VERTEX_POINT('',#17163);
#13172=LINE('',#17164,#17165);
#13173=CIRCLE('',#17166,0.8);
#13174=VERTEX_POINT('',#17167);
#13175=VERTEX_POINT('',#17168);
#13176=LINE('',#17169,#17170);
#13177=VERTEX_POINT('',#17171);
#13178=LINE('',#17172,#17173);
#13179=VERTEX_POINT('',#17174);
#13180=LINE('',#17175,#17176);
#13181=LINE('',#17177,#17178);
#13182=LINE('',#17179,#17180);
#13183=LINE('',#17181,#17182);
#13184=LINE('',#17183,#17184);
#13185=LINE('',#17185,#17186);
#13186=VERTEX_POINT('',#17187);
#13187=VERTEX_POINT('',#17188);
#13188=LINE('',#17189,#17190);
#13189=VERTEX_POINT('',#17191);
#13190=LINE('',#17192,#17193);
#13191=VERTEX_POINT('',#17194);
#13192=LINE('',#17195,#17196);
#13193=LINE('',#17197,#17198);
#13194=LINE('',#17199,#17200);
#13195=LINE('',#17201,#17202);
#13196=LINE('',#17203,#17204);
#13197=LINE('',#17205,#17206);
#13198=VERTEX_POINT('',#17207);
#13199=VERTEX_POINT('',#17208);
#13200=CIRCLE('',#17209,1.1);
#13201=VERTEX_POINT('',#17210);
#13202=LINE('',#17211,#17212);
#13203=VERTEX_POINT('',#17213);
#13204=CIRCLE('',#17214,1.1);
#13205=LINE('',#17215,#17216);
#13206=VERTEX_POINT('',#17217);
#13207=LINE('',#17218,#17219);
#13208=VERTEX_POINT('',#17220);
#13209=CIRCLE('',#17221,1.1);
#13210=LINE('',#17222,#17223);
#13211=VERTEX_POINT('',#17224);
#13212=CIRCLE('',#17225,1.1);
#13213=LINE('',#17226,#17227);
#13214=VERTEX_POINT('',#17228);
#13215=LINE('',#17229,#17230);
#13216=LINE('',#17231,#17232);
#13217=VERTEX_POINT('',#17233);
#13218=CIRCLE('',#17234,1.1);
#13219=LINE('',#17235,#17236);
#13220=VERTEX_POINT('',#17237);
#13221=VERTEX_POINT('',#17238);
#13222=CIRCLE('',#17239,0.508);
#13223=CIRCLE('',#17240,0.508);
#13224=VERTEX_POINT('',#17241);
#13225=LINE('',#17242,#17243);
#13226=VERTEX_POINT('',#17244);
#13227=CIRCLE('',#17245,0.508000000000003);
#13228=LINE('',#17246,#17247);
#13229=VERTEX_POINT('',#17248);
#13230=VERTEX_POINT('',#17249);
#13231=CIRCLE('',#17250,0.00800000000000267);
#13232=CIRCLE('',#17251,0.5);
#13233=CIRCLE('',#17252,0.5);
#13234=CIRCLE('',#17253,0.00800000000000267);
#13235=VERTEX_POINT('',#17254);
#13236=CIRCLE('',#17255,1.1);
#13237=LINE('',#17256,#17257);
#13238=LINE('',#17258,#17259);
#13239=VERTEX_POINT('',#17260);
#13240=VERTEX_POINT('',#17261);
#13241=LINE('',#17262,#17263);
#13242=VERTEX_POINT('',#17264);
#13243=LINE('',#17265,#17266);
#13244=VERTEX_POINT('',#17267);
#13245=LINE('',#17268,#17269);
#13246=VERTEX_POINT('',#17270);
#13247=LINE('',#17271,#17272);
#13248=VERTEX_POINT('',#17273);
#13249=LINE('',#17274,#17275);
#13250=VERTEX_POINT('',#17276);
#13251=LINE('',#17277,#17278);
#13252=VERTEX_POINT('',#17279);
#13253=LINE('',#17280,#17281);
#13254=VERTEX_POINT('',#17282);
#13255=LINE('',#17283,#17284);
#13256=VERTEX_POINT('',#17285);
#13257=LINE('',#17286,#17287);
#13258=VERTEX_POINT('',#17288);
#13259=LINE('',#17289,#17290);
#13260=VERTEX_POINT('',#17291);
#13261=LINE('',#17292,#17293);
#13262=LINE('',#17294,#17295);
#13263=LINE('',#17296,#17297);
#13264=LINE('',#17298,#17299);
#13265=LINE('',#17300,#17301);
#13266=LINE('',#17302,#17303);
#13267=LINE('',#17304,#17305);
#13268=LINE('',#17306,#17307);
#13269=LINE('',#17308,#17309);
#13270=LINE('',#17310,#17311);
#13271=LINE('',#17312,#17313);
#13272=LINE('',#17314,#17315);
#13273=LINE('',#17316,#17317);
#13274=LINE('',#17318,#17319);
#13275=VERTEX_POINT('',#17320);
#13276=VERTEX_POINT('',#17321);
#13277=LINE('',#17322,#17323);
#13278=VERTEX_POINT('',#17324);
#13279=LINE('',#17325,#17326);
#13280=VERTEX_POINT('',#17327);
#13281=LINE('',#17328,#17329);
#13282=LINE('',#17330,#17331);
#13283=LINE('',#17332,#17333);
#13284=LINE('',#17334,#17335);
#13285=LINE('',#17336,#17337);
#13286=LINE('',#17338,#17339);
#13287=VERTEX_POINT('',#17340);
#13288=VERTEX_POINT('',#17341);
#13289=LINE('',#17342,#17343);
#13290=VERTEX_POINT('',#17344);
#13291=LINE('',#17345,#17346);
#13292=VERTEX_POINT('',#17347);
#13293=LINE('',#17348,#17349);
#13294=LINE('',#17350,#17351);
#13295=LINE('',#17352,#17353);
#13296=LINE('',#17354,#17355);
#13297=LINE('',#17356,#17357);
#13298=LINE('',#17358,#17359);
#13299=VERTEX_POINT('',#17360);
#13300=VERTEX_POINT('',#17361);
#13301=LINE('',#17362,#17363);
#13302=LINE('',#17364,#17365);
#13303=LINE('',#17366,#17367);
#13304=VERTEX_POINT('',#17368);
#13305=LINE('',#17369,#17370);
#13306=CIRCLE('',#17371,0.8);
#13307=VERTEX_POINT('',#17372);
#13308=LINE('',#17373,#17374);
#13309=VERTEX_POINT('',#17375);
#13310=LINE('',#17376,#17377);
#13311=CIRCLE('',#17378,0.8);
#13312=LINE('',#17379,#17380);
#13313=VERTEX_POINT('',#17381);
#13314=LINE('',#17382,#17383);
#13315=LINE('',#17384,#17385);
#13316=VERTEX_POINT('',#17386);
#13317=VERTEX_POINT('',#17387);
#13318=LINE('',#17388,#17389);
#13319=VERTEX_POINT('',#17390);
#13320=CIRCLE('',#17391,0.8);
#13321=VERTEX_POINT('',#17392);
#13322=LINE('',#17393,#17394);
#13323=CIRCLE('',#17395,0.8);
#13324=VERTEX_POINT('',#17396);
#13325=CIRCLE('',#17397,0.8);
#13326=VERTEX_POINT('',#17398);
#13327=LINE('',#17399,#17400);
#13328=VERTEX_POINT('',#17401);
#13329=CIRCLE('',#17402,0.8);
#13330=VERTEX_POINT('',#17403);
#13331=LINE('',#17404,#17405);
#13332=VERTEX_POINT('',#17406);
#13333=CIRCLE('',#17407,0.8);
#13334=VERTEX_POINT('',#17408);
#13335=LINE('',#17409,#17410);
#13336=CIRCLE('',#17411,0.8);
#13337=LINE('',#17412,#17413);
#13338=LINE('',#17414,#17415);
#13339=LINE('',#17416,#17417);
#13340=LINE('',#17418,#17419);
#13341=LINE('',#17420,#17421);
#13342=LINE('',#17422,#17423);
#13343=LINE('',#17424,#17425);
#13344=LINE('',#17426,#17427);
#13345=LINE('',#17428,#17429);
#13346=LINE('',#17430,#17431);
#13347=VERTEX_POINT('',#17432);
#13348=VERTEX_POINT('',#17433);
#13349=CIRCLE('',#17434,0.0499999999999998);
#13350=VERTEX_POINT('',#17435);
#13351=LINE('',#17436,#17437);
#13352=VERTEX_POINT('',#17438);
#13353=LINE('',#17439,#17440);
#13354=VERTEX_POINT('',#17441);
#13355=LINE('',#17442,#17443);
#13356=VERTEX_POINT('',#17444);
#13357=LINE('',#17445,#17446);
#13358=VERTEX_POINT('',#17447);
#13359=LINE('',#17448,#17449);
#13360=VERTEX_POINT('',#17450);
#13361=CIRCLE('',#17451,0.0499999999999998);
#13362=VERTEX_POINT('',#17452);
#13363=LINE('',#17453,#17454);
#13364=VERTEX_POINT('',#17455);
#13365=CIRCLE('',#17456,0.0500000000000007);
#13366=VERTEX_POINT('',#17457);
#13367=LINE('',#17458,#17459);
#13368=VERTEX_POINT('',#17460);
#13369=LINE('',#17461,#17462);
#13370=VERTEX_POINT('',#17463);
#13371=LINE('',#17464,#17465);
#13372=VERTEX_POINT('',#17466);
#13373=LINE('',#17467,#17468);
#13374=VERTEX_POINT('',#17469);
#13375=LINE('',#17470,#17471);
#13376=VERTEX_POINT('',#17472);
#13377=CIRCLE('',#17473,0.0499999999999998);
#13378=LINE('',#17474,#17475);
#13379=LINE('',#17476,#17477);
#13380=LINE('',#17478,#17479);
#13381=LINE('',#17480,#17481);
#13382=LINE('',#17482,#17483);
#13383=LINE('',#17484,#17485);
#13384=LINE('',#17486,#17487);
#13385=LINE('',#17488,#17489);
#13386=LINE('',#17490,#17491);
#13387=LINE('',#17492,#17493);
#13388=LINE('',#17494,#17495);
#13389=LINE('',#17496,#17497);
#13390=LINE('',#17498,#17499);
#13391=LINE('',#17500,#17501);
#13392=LINE('',#17502,#17503);
#13393=LINE('',#17504,#17505);
#13394=LINE('',#17506,#17507);
#13395=VERTEX_POINT('',#17508);
#13396=VERTEX_POINT('',#17509);
#13397=LINE('',#17510,#17511);
#13398=VERTEX_POINT('',#17512);
#13399=LINE('',#17513,#17514);
#13400=VERTEX_POINT('',#17515);
#13401=LINE('',#17516,#17517);
#13402=VERTEX_POINT('',#17518);
#13403=LINE('',#17519,#17520);
#13404=VERTEX_POINT('',#17521);
#13405=LINE('',#17522,#17523);
#13406=VERTEX_POINT('',#17524);
#13407=LINE('',#17525,#17526);
#13408=VERTEX_POINT('',#17527);
#13409=LINE('',#17528,#17529);
#13410=VERTEX_POINT('',#17530);
#13411=LINE('',#17531,#17532);
#13412=VERTEX_POINT('',#17533);
#13413=LINE('',#17534,#17535);
#13414=VERTEX_POINT('',#17536);
#13415=LINE('',#17537,#17538);
#13416=VERTEX_POINT('',#17539);
#13417=LINE('',#17540,#17541);
#13418=LINE('',#17542,#17543);
#13419=LINE('',#17544,#17545);
#13420=LINE('',#17546,#17547);
#13421=LINE('',#17548,#17549);
#13422=LINE('',#17550,#17551);
#13423=LINE('',#17552,#17553);
#13424=LINE('',#17554,#17555);
#13425=LINE('',#17556,#17557);
#13426=LINE('',#17558,#17559);
#13427=LINE('',#17560,#17561);
#13428=LINE('',#17562,#17563);
#13429=LINE('',#17564,#17565);
#13430=LINE('',#17566,#17567);
#13431=VERTEX_POINT('',#17568);
#13432=VERTEX_POINT('',#17569);
#13433=LINE('',#17570,#17571);
#13434=VERTEX_POINT('',#17572);
#13435=LINE('',#17573,#17574);
#13436=VERTEX_POINT('',#17575);
#13437=LINE('',#17576,#17577);
#13438=VERTEX_POINT('',#17578);
#13439=LINE('',#17579,#17580);
#13440=VERTEX_POINT('',#17581);
#13441=LINE('',#17582,#17583);
#13442=VERTEX_POINT('',#17584);
#13443=LINE('',#17585,#17586);
#13444=VERTEX_POINT('',#17587);
#13445=LINE('',#17588,#17589);
#13446=VERTEX_POINT('',#17590);
#13447=LINE('',#17591,#17592);
#13448=VERTEX_POINT('',#17593);
#13449=LINE('',#17594,#17595);
#13450=VERTEX_POINT('',#17596);
#13451=LINE('',#17597,#17598);
#13452=VERTEX_POINT('',#17599);
#13453=LINE('',#17600,#17601);
#13454=LINE('',#17602,#17603);
#13455=LINE('',#17604,#17605);
#13456=LINE('',#17606,#17607);
#13457=LINE('',#17608,#17609);
#13458=LINE('',#17610,#17611);
#13459=LINE('',#17612,#17613);
#13460=LINE('',#17614,#17615);
#13461=LINE('',#17616,#17617);
#13462=LINE('',#17618,#17619);
#13463=LINE('',#17620,#17621);
#13464=LINE('',#17622,#17623);
#13465=LINE('',#17624,#17625);
#13466=LINE('',#17626,#17627);
#13467=VERTEX_POINT('',#17628);
#13468=VERTEX_POINT('',#17629);
#13469=LINE('',#17630,#17631);
#13470=VERTEX_POINT('',#17632);
#13471=LINE('',#17633,#17634);
#13472=VERTEX_POINT('',#17635);
#13473=LINE('',#17636,#17637);
#13474=VERTEX_POINT('',#17638);
#13475=LINE('',#17639,#17640);
#13476=VERTEX_POINT('',#17641);
#13477=LINE('',#17642,#17643);
#13478=VERTEX_POINT('',#17644);
#13479=LINE('',#17645,#17646);
#13480=VERTEX_POINT('',#17647);
#13481=LINE('',#17648,#17649);
#13482=VERTEX_POINT('',#17650);
#13483=LINE('',#17651,#17652);
#13484=VERTEX_POINT('',#17653);
#13485=LINE('',#17654,#17655);
#13486=VERTEX_POINT('',#17656);
#13487=LINE('',#17657,#17658);
#13488=VERTEX_POINT('',#17659);
#13489=LINE('',#17660,#17661);
#13490=LINE('',#17662,#17663);
#13491=LINE('',#17664,#17665);
#13492=LINE('',#17666,#17667);
#13493=LINE('',#17668,#17669);
#13494=LINE('',#17670,#17671);
#13495=LINE('',#17672,#17673);
#13496=LINE('',#17674,#17675);
#13497=LINE('',#17676,#17677);
#13498=LINE('',#17678,#17679);
#13499=LINE('',#17680,#17681);
#13500=LINE('',#17682,#17683);
#13501=LINE('',#17684,#17685);
#13502=LINE('',#17686,#17687);
#13503=VERTEX_POINT('',#17688);
#13504=VERTEX_POINT('',#17689);
#13505=LINE('',#17690,#17691);
#13506=VERTEX_POINT('',#17692);
#13507=LINE('',#17693,#17694);
#13508=VERTEX_POINT('',#17695);
#13509=LINE('',#17696,#17697);
#13510=VERTEX_POINT('',#17698);
#13511=LINE('',#17699,#17700);
#13512=VERTEX_POINT('',#17701);
#13513=LINE('',#17702,#17703);
#13514=VERTEX_POINT('',#17704);
#13515=LINE('',#17705,#17706);
#13516=VERTEX_POINT('',#17707);
#13517=LINE('',#17708,#17709);
#13518=VERTEX_POINT('',#17710);
#13519=LINE('',#17711,#17712);
#13520=VERTEX_POINT('',#17713);
#13521=LINE('',#17714,#17715);
#13522=VERTEX_POINT('',#17716);
#13523=LINE('',#17717,#17718);
#13524=VERTEX_POINT('',#17719);
#13525=LINE('',#17720,#17721);
#13526=LINE('',#17722,#17723);
#13527=LINE('',#17724,#17725);
#13528=LINE('',#17726,#17727);
#13529=LINE('',#17728,#17729);
#13530=LINE('',#17730,#17731);
#13531=LINE('',#17732,#17733);
#13532=LINE('',#17734,#17735);
#13533=LINE('',#17736,#17737);
#13534=LINE('',#17738,#17739);
#13535=LINE('',#17740,#17741);
#13536=LINE('',#17742,#17743);
#13537=LINE('',#17744,#17745);
#13538=LINE('',#17746,#17747);
#13539=VERTEX_POINT('',#17748);
#13540=VERTEX_POINT('',#17749);
#13541=CIRCLE('',#17750,1.1);
#13542=VERTEX_POINT('',#17751);
#13543=LINE('',#17752,#17753);
#13544=VERTEX_POINT('',#17754);
#13545=CIRCLE('',#17755,1.1);
#13546=LINE('',#17756,#17757);
#13547=VERTEX_POINT('',#17758);
#13548=LINE('',#17759,#17760);
#13549=VERTEX_POINT('',#17761);
#13550=CIRCLE('',#17762,1.1);
#13551=LINE('',#17763,#17764);
#13552=VERTEX_POINT('',#17765);
#13553=CIRCLE('',#17766,1.1);
#13554=LINE('',#17767,#17768);
#13555=VERTEX_POINT('',#17769);
#13556=LINE('',#17770,#17771);
#13557=LINE('',#17772,#17773);
#13558=VERTEX_POINT('',#17774);
#13559=CIRCLE('',#17775,1.1);
#13560=LINE('',#17776,#17777);
#13561=VERTEX_POINT('',#17778);
#13562=VERTEX_POINT('',#17779);
#13563=CIRCLE('',#17780,0.508);
#13564=CIRCLE('',#17781,0.508);
#13565=VERTEX_POINT('',#17782);
#13566=LINE('',#17783,#17784);
#13567=VERTEX_POINT('',#17785);
#13568=CIRCLE('',#17786,0.508000000000003);
#13569=LINE('',#17787,#17788);
#13570=VERTEX_POINT('',#17789);
#13571=VERTEX_POINT('',#17790);
#13572=CIRCLE('',#17791,0.00800000000000267);
#13573=CIRCLE('',#17792,0.5);
#13574=CIRCLE('',#17793,0.5);
#13575=CIRCLE('',#17794,0.00800000000000267);
#13576=VERTEX_POINT('',#17795);
#13577=CIRCLE('',#17796,1.1);
#13578=LINE('',#17797,#17798);
#13579=LINE('',#17799,#17800);
#13580=VERTEX_POINT('',#17801);
#13581=VERTEX_POINT('',#17802);
#13582=CIRCLE('',#17803,1.1);
#13583=VERTEX_POINT('',#17804);
#13584=LINE('',#17805,#17806);
#13585=VERTEX_POINT('',#17807);
#13586=CIRCLE('',#17808,1.1);
#13587=LINE('',#17809,#17810);
#13588=VERTEX_POINT('',#17811);
#13589=LINE('',#17812,#17813);
#13590=VERTEX_POINT('',#17814);
#13591=CIRCLE('',#17815,1.1);
#13592=LINE('',#17816,#17817);
#13593=VERTEX_POINT('',#17818);
#13594=CIRCLE('',#17819,1.1);
#13595=LINE('',#17820,#17821);
#13596=VERTEX_POINT('',#17822);
#13597=LINE('',#17823,#17824);
#13598=LINE('',#17825,#17826);
#13599=VERTEX_POINT('',#17827);
#13600=CIRCLE('',#17828,1.1);
#13601=LINE('',#17829,#17830);
#13602=VERTEX_POINT('',#17831);
#13603=VERTEX_POINT('',#17832);
#13604=CIRCLE('',#17833,0.508);
#13605=CIRCLE('',#17834,0.508);
#13606=VERTEX_POINT('',#17835);
#13607=LINE('',#17836,#17837);
#13608=VERTEX_POINT('',#17838);
#13609=CIRCLE('',#17839,0.508000000000003);
#13610=LINE('',#17840,#17841);
#13611=VERTEX_POINT('',#17842);
#13612=VERTEX_POINT('',#17843);
#13613=CIRCLE('',#17844,0.00800000000000267);
#13614=CIRCLE('',#17845,0.5);
#13615=CIRCLE('',#17846,0.5);
#13616=CIRCLE('',#17847,0.00800000000000267);
#13617=VERTEX_POINT('',#17848);
#13618=CIRCLE('',#17849,1.1);
#13619=LINE('',#17850,#17851);
#13620=LINE('',#17852,#17853);
#13621=VERTEX_POINT('',#17854);
#13622=VERTEX_POINT('',#17855);
#13623=CIRCLE('',#17856,0.87);
#13624=LINE('',#17857,#17858);
#13625=VERTEX_POINT('',#17859);
#13626=LINE('',#17860,#17861);
#13627=B_SPLINE_CURVE_WITH_KNOTS('',3,(#17862,#17863,#17864,#17865,#17866,#17867,#17868,#17869,#17870,#17871,#17872,#17873,#17874,#17875,#17876,#17877,#17878,#17879,#17880,#17881,#17882,#17883,#17884,#17885,#17886,#17887,#17888,#17889,#17890,#17891,#17892,#17893,#17894,#17895,#17896,#17897,#17898,#17899,#17900,#17901,#17902,#17903,#17904,#17905,#17906,#17907,#17908,#17909,#17910),.UNSPECIFIED.,.F.,.F.,(4,3,3,3,3,3,3,3,3,3,3,3,3,3,3,3,4),(0.0,0.0372660252563655,0.0746417838861737,0.111998433118105,0.149207390363705,0.186283808447469,0.223508599063269,0.260834789463224,0.298162735870636,0.335374131829878,0.372432250978399,0.409578727974266,0.446820105662718,0.48411182755412,0.521389158010743,0.5585732233502,0.59562647483798),.UNSPECIFIED.);
#13628=VERTEX_POINT('',#17911);
#13629=LINE('',#17912,#17913);
#13630=CIRCLE('',#17914,0.5);
#13631=LINE('',#17915,#17916);
#13632=VERTEX_POINT('',#17917);
#13633=B_SPLINE_CURVE_WITH_KNOTS('',3,(#17918,#17919,#17920,#17921,#17922,#17923,#17924,#17925,#17926,#17927,#17928,#17929,#17930),.UNSPECIFIED.,.F.,.F.,(4,3,3,3,4),(0.0,0.025042601700328,0.0499917430162441,0.0748687883328662,0.099845837257753),.UNSPECIFIED.);
#13634=LINE('',#17931,#17932);
#13635=VERTEX_POINT('',#17933);
#13636=VERTEX_POINT('',#17934);
#13637=LINE('',#17935,#17936);
#13638=VERTEX_POINT('',#17937);
#13639=LINE('',#17938,#17939);
#13640=CIRCLE('',#17940,0.5);
#13641=VERTEX_POINT('',#17941);
#13642=CIRCLE('',#17942,0.5);
#13643=LINE('',#17943,#17944);
#13644=VERTEX_POINT('',#17945);
#13645=LINE('',#17946,#17947);
#13646=VERTEX_POINT('',#17948);
#13647=LINE('',#17949,#17950);
#13648=LINE('',#17951,#17952);
#13649=VERTEX_POINT('',#17953);
#13650=LINE('',#17954,#17955);
#13651=VERTEX_POINT('',#17956);
#13652=LINE('',#17957,#17958);
#13653=LINE('',#17959,#17960);
#13654=VERTEX_POINT('',#17961);
#13655=CIRCLE('',#17962,0.87);
#13656=VERTEX_POINT('',#17963);
#13657=B_SPLINE_CURVE_WITH_KNOTS('',3,(#17964,#17965,#17966,#17967,#17968,#17969,#17970,#17971,#17972,#17973,#17974,#17975,#17976,#17977,#17978,#17979,#17980,#17981,#17982,#17983,#17984,#17985,#17986,#17987,#17988,#17989,#17990,#17991,#17992,#17993,#17994,#17995,#17996,#17997,#17998,#17999,#18000,#18001,#18002,#18003,#18004,#18005,#18006,#18007,#18008,#18009,#18010,#18011,#18012),.UNSPECIFIED.,.F.,.F.,(4,3,3,3,3,3,3,3,3,3,3,3,3,3,3,3,4),(1.51833082898311E-14,0.0372659937750235,0.0746417191088664,0.111998333454863,0.149207254700138,0.186283639704512,0.223508398003938,0.260834555172166,0.298162467415227,0.335373828458703,0.372431913880164,0.409578357865343,0.4468197022482,0.48411139049283,0.521388686995223,0.558572718165206,0.595625935943101),.UNSPECIFIED.);
#13658=LINE('',#18013,#18014);
#13659=ELLIPSE('',#18015,0.558679622786313,0.5);
#13660=LINE('',#18016,#18017);
#13661=VERTEX_POINT('',#18018);
#13662=LINE('',#18019,#18020);
#13663=VERTEX_POINT('',#18021);
#13664=LINE('',#18022,#18023);
#13665=LINE('',#18024,#18025);
#13666=VERTEX_POINT('',#18026);
#13667=CIRCLE('',#18027,4.15);
#13668=LINE('',#18028,#18029);
#13669=VERTEX_POINT('',#18030);
#13670=VERTEX_POINT('',#18031);
#13671=LINE('',#18032,#18033);
#13672=VERTEX_POINT('',#18034);
#13673=LINE('',#18035,#18036);
#13674=LINE('',#18037,#18038);
#13675=LINE('',#18039,#18040);
#13676=LINE('',#18041,#18042);
#13677=LINE('',#18043,#18044);
#13678=VERTEX_POINT('',#18045);
#13679=LINE('',#18046,#18047);
#13680=VERTEX_POINT('',#18048);
#13681=LINE('',#18049,#18050);
#13682=LINE('',#18051,#18052);
#13683=LINE('',#18053,#18054);
#13684=ELLIPSE('',#18055,0.558679622786313,0.5);
#13685=CIRCLE('',#18056,0.5);
#13686=VERTEX_POINT('',#18057);
#13687=VERTEX_POINT('',#18058);
#13688=LINE('',#18059,#18060);
#13689=VERTEX_POINT('',#18061);
#13690=LINE('',#18062,#18063);
#13691=VERTEX_POINT('',#18064);
#13692=LINE('',#18065,#18066);
#13693=LINE('',#18067,#18068);
#13694=LINE('',#18069,#18070);
#13695=LINE('',#18071,#18072);
#13696=LINE('',#18073,#18074);
#13697=LINE('',#18075,#18076);
#13698=VERTEX_POINT('',#18077);
#13699=VERTEX_POINT('',#18078);
#13700=LINE('',#18079,#18080);
#13701=VERTEX_POINT('',#18081);
#13702=LINE('',#18082,#18083);
#13703=VERTEX_POINT('',#18084);
#13704=LINE('',#18085,#18086);
#13705=LINE('',#18087,#18088);
#13706=LINE('',#18089,#18090);
#13707=LINE('',#18091,#18092);
#13708=LINE('',#18093,#18094);
#13709=LINE('',#18095,#18096);
#13710=VERTEX_POINT('',#18097);
#13711=LINE('',#18098,#18099);
#13712=VERTEX_POINT('',#18100);
#13713=LINE('',#18101,#18102);
#13714=LINE('',#18103,#18104);
#13715=VERTEX_POINT('',#18105);
#13716=LINE('',#18106,#18107);
#13717=VERTEX_POINT('',#18108);
#13718=LINE('',#18109,#18110);
#13719=LINE('',#18111,#18112);
#13720=VERTEX_POINT('',#18113);
#13721=LINE('',#18114,#18115);
#13722=VERTEX_POINT('',#18116);
#13723=LINE('',#18117,#18118);
#13724=LINE('',#18119,#18120);
#13725=VERTEX_POINT('',#18121);
#13726=LINE('',#18122,#18123);
#13727=VERTEX_POINT('',#18124);
#13728=LINE('',#18125,#18126);
#13729=LINE('',#18127,#18128);
#13730=VERTEX_POINT('',#18129);
#13731=LINE('',#18130,#18131);
#13732=VERTEX_POINT('',#18132);
#13733=LINE('',#18133,#18134);
#13734=LINE('',#18135,#18136);
#13735=LINE('',#18137,#18138);
#13736=VERTEX_POINT('',#18139);
#13737=LINE('',#18140,#18141);
#13738=VERTEX_POINT('',#18142);
#13739=LINE('',#18143,#18144);
#13740=LINE('',#18145,#18146);
#13741=LINE('',#18147,#18148);
#13742=LINE('',#18149,#18150);
#13743=LINE('',#18151,#18152);
#13744=LINE('',#18153,#18154);
#13745=LINE('',#18155,#18156);
#13746=VERTEX_POINT('',#18157);
#13747=VERTEX_POINT('',#18158);
#13748=LINE('',#18159,#18160);
#13749=VERTEX_POINT('',#18161);
#13750=LINE('',#18162,#18163);
#13751=VERTEX_POINT('',#18164);
#13752=LINE('',#18165,#18166);
#13753=VERTEX_POINT('',#18167);
#13754=LINE('',#18168,#18169);
#13755=VERTEX_POINT('',#18170);
#13756=LINE('',#18171,#18172);
#13757=VERTEX_POINT('',#18173);
#13758=LINE('',#18174,#18175);
#13759=VERTEX_POINT('',#18176);
#13760=LINE('',#18177,#18178);
#13761=VERTEX_POINT('',#18179);
#13762=LINE('',#18180,#18181);
#13763=VERTEX_POINT('',#18182);
#13764=LINE('',#18183,#18184);
#13765=VERTEX_POINT('',#18185);
#13766=LINE('',#18186,#18187);
#13767=VERTEX_POINT('',#18188);
#13768=LINE('',#18189,#18190);
#13769=LINE('',#18191,#18192);
#13770=LINE('',#18193,#18194);
#13771=LINE('',#18195,#18196);
#13772=LINE('',#18197,#18198);
#13773=LINE('',#18199,#18200);
#13774=LINE('',#18201,#18202);
#13775=LINE('',#18203,#18204);
#13776=LINE('',#18205,#18206);
#13777=LINE('',#18207,#18208);
#13778=LINE('',#18209,#18210);
#13779=LINE('',#18211,#18212);
#13780=LINE('',#18213,#18214);
#13781=LINE('',#18215,#18216);
#13782=VERTEX_POINT('',#18217);
#13783=VERTEX_POINT('',#18218);
#13784=LINE('',#18219,#18220);
#13785=VERTEX_POINT('',#18221);
#13786=LINE('',#18222,#18223);
#13787=VERTEX_POINT('',#18224);
#13788=LINE('',#18225,#18226);
#13789=VERTEX_POINT('',#18227);
#13790=LINE('',#18228,#18229);
#13791=VERTEX_POINT('',#18230);
#13792=LINE('',#18231,#18232);
#13793=VERTEX_POINT('',#18233);
#13794=LINE('',#18234,#18235);
#13795=VERTEX_POINT('',#18236);
#13796=LINE('',#18237,#18238);
#13797=VERTEX_POINT('',#18239);
#13798=LINE('',#18240,#18241);
#13799=VERTEX_POINT('',#18242);
#13800=LINE('',#18243,#18244);
#13801=VERTEX_POINT('',#18245);
#13802=LINE('',#18246,#18247);
#13803=VERTEX_POINT('',#18248);
#13804=LINE('',#18249,#18250);
#13805=LINE('',#18251,#18252);
#13806=LINE('',#18253,#18254);
#13807=LINE('',#18255,#18256);
#13808=LINE('',#18257,#18258);
#13809=LINE('',#18259,#18260);
#13810=LINE('',#18261,#18262);
#13811=LINE('',#18263,#18264);
#13812=LINE('',#18265,#18266);
#13813=LINE('',#18267,#18268);
#13814=LINE('',#18269,#18270);
#13815=LINE('',#18271,#18272);
#13816=LINE('',#18273,#18274);
#13817=LINE('',#18275,#18276);
#13818=VERTEX_POINT('',#18277);
#13819=VERTEX_POINT('',#18278);
#13820=LINE('',#18279,#18280);
#13821=VERTEX_POINT('',#18281);
#13822=LINE('',#18282,#18283);
#13823=VERTEX_POINT('',#18284);
#13824=LINE('',#18285,#18286);
#13825=VERTEX_POINT('',#18287);
#13826=LINE('',#18288,#18289);
#13827=VERTEX_POINT('',#18290);
#13828=LINE('',#18291,#18292);
#13829=VERTEX_POINT('',#18293);
#13830=LINE('',#18294,#18295);
#13831=VERTEX_POINT('',#18296);
#13832=LINE('',#18297,#18298);
#13833=VERTEX_POINT('',#18299);
#13834=LINE('',#18300,#18301);
#13835=VERTEX_POINT('',#18302);
#13836=LINE('',#18303,#18304);
#13837=VERTEX_POINT('',#18305);
#13838=LINE('',#18306,#18307);
#13839=VERTEX_POINT('',#18308);
#13840=LINE('',#18309,#18310);
#13841=LINE('',#18311,#18312);
#13842=LINE('',#18313,#18314);
#13843=LINE('',#18315,#18316);
#13844=LINE('',#18317,#18318);
#13845=LINE('',#18319,#18320);
#13846=LINE('',#18321,#18322);
#13847=LINE('',#18323,#18324);
#13848=LINE('',#18325,#18326);
#13849=LINE('',#18327,#18328);
#13850=LINE('',#18329,#18330);
#13851=LINE('',#18331,#18332);
#13852=LINE('',#18333,#18334);
#13853=LINE('',#18335,#18336);
#13854=VERTEX_POINT('',#18337);
#13855=VERTEX_POINT('',#18338);
#13856=LINE('',#18339,#18340);
#13857=VERTEX_POINT('',#18341);
#13858=LINE('',#18342,#18343);
#13859=VERTEX_POINT('',#18344);
#13860=LINE('',#18345,#18346);
#13861=VERTEX_POINT('',#18347);
#13862=LINE('',#18348,#18349);
#13863=VERTEX_POINT('',#18350);
#13864=LINE('',#18351,#18352);
#13865=VERTEX_POINT('',#18353);
#13866=LINE('',#18354,#18355);
#13867=VERTEX_POINT('',#18356);
#13868=LINE('',#18357,#18358);
#13869=VERTEX_POINT('',#18359);
#13870=LINE('',#18360,#18361);
#13871=VERTEX_POINT('',#18362);
#13872=LINE('',#18363,#18364);
#13873=VERTEX_POINT('',#18365);
#13874=LINE('',#18366,#18367);
#13875=VERTEX_POINT('',#18368);
#13876=LINE('',#18369,#18370);
#13877=LINE('',#18371,#18372);
#13878=LINE('',#18373,#18374);
#13879=LINE('',#18375,#18376);
#13880=LINE('',#18377,#18378);
#13881=LINE('',#18379,#18380);
#13882=LINE('',#18381,#18382);
#13883=LINE('',#18383,#18384);
#13884=LINE('',#18385,#18386);
#13885=LINE('',#18387,#18388);
#13886=LINE('',#18389,#18390);
#13887=LINE('',#18391,#18392);
#13888=LINE('',#18393,#18394);
#13889=LINE('',#18395,#18396);
#13890=VERTEX_POINT('',#18397);
#13891=VERTEX_POINT('',#18398);
#13892=LINE('',#18399,#18400);
#13893=VERTEX_POINT('',#18401);
#13894=LINE('',#18402,#18403);
#13895=VERTEX_POINT('',#18404);
#13896=LINE('',#18405,#18406);
#13897=VERTEX_POINT('',#18407);
#13898=LINE('',#18408,#18409);
#13899=VERTEX_POINT('',#18410);
#13900=LINE('',#18411,#18412);
#13901=VERTEX_POINT('',#18413);
#13902=LINE('',#18414,#18415);
#13903=VERTEX_POINT('',#18416);
#13904=LINE('',#18417,#18418);
#13905=VERTEX_POINT('',#18419);
#13906=LINE('',#18420,#18421);
#13907=VERTEX_POINT('',#18422);
#13908=LINE('',#18423,#18424);
#13909=VERTEX_POINT('',#18425);
#13910=LINE('',#18426,#18427);
#13911=VERTEX_POINT('',#18428);
#13912=LINE('',#18429,#18430);
#13913=LINE('',#18431,#18432);
#13914=LINE('',#18433,#18434);
#13915=LINE('',#18435,#18436);
#13916=LINE('',#18437,#18438);
#13917=LINE('',#18439,#18440);
#13918=LINE('',#18441,#18442);
#13919=LINE('',#18443,#18444);
#13920=LINE('',#18445,#18446);
#13921=LINE('',#18447,#18448);
#13922=LINE('',#18449,#18450);
#13923=LINE('',#18451,#18452);
#13924=LINE('',#18453,#18454);
#13925=LINE('',#18455,#18456);
#13926=VERTEX_POINT('',#18457);
#13927=VERTEX_POINT('',#18458);
#13928=LINE('',#18459,#18460);
#13929=VERTEX_POINT('',#18461);
#13930=LINE('',#18462,#18463);
#13931=VERTEX_POINT('',#18464);
#13932=LINE('',#18465,#18466);
#13933=VERTEX_POINT('',#18467);
#13934=LINE('',#18468,#18469);
#13935=VERTEX_POINT('',#18470);
#13936=LINE('',#18471,#18472);
#13937=VERTEX_POINT('',#18473);
#13938=LINE('',#18474,#18475);
#13939=VERTEX_POINT('',#18476);
#13940=LINE('',#18477,#18478);
#13941=VERTEX_POINT('',#18479);
#13942=LINE('',#18480,#18481);
#13943=VERTEX_POINT('',#18482);
#13944=LINE('',#18483,#18484);
#13945=VERTEX_POINT('',#18485);
#13946=LINE('',#18486,#18487);
#13947=VERTEX_POINT('',#18488);
#13948=LINE('',#18489,#18490);
#13949=LINE('',#18491,#18492);
#13950=LINE('',#18493,#18494);
#13951=LINE('',#18495,#18496);
#13952=LINE('',#18497,#18498);
#13953=LINE('',#18499,#18500);
#13954=LINE('',#18501,#18502);
#13955=LINE('',#18503,#18504);
#13956=LINE('',#18505,#18506);
#13957=LINE('',#18507,#18508);
#13958=LINE('',#18509,#18510);
#13959=LINE('',#18511,#18512);
#13960=LINE('',#18513,#18514);
#13961=LINE('',#18515,#18516);
#13962=VERTEX_POINT('',#18517);
#13963=VERTEX_POINT('',#18518);
#13964=CIRCLE('',#18519,1.35);
#13965=VERTEX_POINT('',#18520);
#13966=LINE('',#18521,#18522);
#13967=VERTEX_POINT('',#18523);
#13968=CIRCLE('',#18524,1.35);
#13969=LINE('',#18525,#18526);
#13970=VERTEX_POINT('',#18527);
#13971=LINE('',#18528,#18529);
#13972=VERTEX_POINT('',#18530);
#13973=CIRCLE('',#18531,1.35);
#13974=LINE('',#18532,#18533);
#13975=VERTEX_POINT('',#18534);
#13976=CIRCLE('',#18535,1.35);
#13977=LINE('',#18536,#18537);
#13978=VERTEX_POINT('',#18538);
#13979=LINE('',#18539,#18540);
#13980=LINE('',#18541,#18542);
#13981=VERTEX_POINT('',#18543);
#13982=CIRCLE('',#18544,1.35);
#13983=LINE('',#18545,#18546);
#13984=VERTEX_POINT('',#18547);
#13985=VERTEX_POINT('',#18548);
#13986=CIRCLE('',#18549,0.76);
#13987=CIRCLE('',#18550,0.76);
#13988=VERTEX_POINT('',#18551);
#13989=LINE('',#18552,#18553);
#13990=VERTEX_POINT('',#18554);
#13991=CIRCLE('',#18555,0.759999999999998);
#13992=LINE('',#18556,#18557);
#13993=VERTEX_POINT('',#18558);
#13994=VERTEX_POINT('',#18559);
#13995=CIRCLE('',#18560,0.00999999999999801);
#13996=CIRCLE('',#18561,0.75);
#13997=CIRCLE('',#18562,0.759999999999998);
#13998=CIRCLE('',#18563,0.75);
#13999=CIRCLE('',#18564,0.00999999999999801);
#14000=VERTEX_POINT('',#18565);
#14001=LINE('',#18566,#18567);
#14002=LINE('',#18568,#18569);
#14003=CIRCLE('',#18570,1.35);
#14004=VERTEX_POINT('',#18571);
#14005=VERTEX_POINT('',#18572);
#14006=CIRCLE('',#18573,1.35);
#14007=VERTEX_POINT('',#18574);
#14008=LINE('',#18575,#18576);
#14009=VERTEX_POINT('',#18577);
#14010=CIRCLE('',#18578,1.35);
#14011=LINE('',#18579,#18580);
#14012=VERTEX_POINT('',#18581);
#14013=LINE('',#18582,#18583);
#14014=VERTEX_POINT('',#18584);
#14015=CIRCLE('',#18585,1.35);
#14016=LINE('',#18586,#18587);
#14017=VERTEX_POINT('',#18588);
#14018=CIRCLE('',#18589,1.35);
#14019=LINE('',#18590,#18591);
#14020=VERTEX_POINT('',#18592);
#14021=LINE('',#18593,#18594);
#14022=LINE('',#18595,#18596);
#14023=VERTEX_POINT('',#18597);
#14024=CIRCLE('',#18598,1.35);
#14025=LINE('',#18599,#18600);
#14026=VERTEX_POINT('',#18601);
#14027=VERTEX_POINT('',#18602);
#14028=CIRCLE('',#18603,0.76);
#14029=CIRCLE('',#18604,0.76);
#14030=VERTEX_POINT('',#18605);
#14031=LINE('',#18606,#18607);
#14032=VERTEX_POINT('',#18608);
#14033=CIRCLE('',#18609,0.759999999999998);
#14034=LINE('',#18610,#18611);
#14035=VERTEX_POINT('',#18612);
#14036=VERTEX_POINT('',#18613);
#14037=CIRCLE('',#18614,0.00999999999999801);
#14038=CIRCLE('',#18615,0.75);
#14039=CIRCLE('',#18616,0.759999999999998);
#14040=CIRCLE('',#18617,0.75);
#14041=CIRCLE('',#18618,0.00999999999999801);
#14042=VERTEX_POINT('',#18619);
#14043=LINE('',#18620,#18621);
#14044=LINE('',#18622,#18623);
#14045=CIRCLE('',#18624,1.35);
#14046=VERTEX_POINT('',#18625);
#14047=VERTEX_POINT('',#18626);
#14048=CIRCLE('',#18627,1.35);
#14049=VERTEX_POINT('',#18628);
#14050=LINE('',#18629,#18630);
#14051=VERTEX_POINT('',#18631);
#14052=CIRCLE('',#18632,1.35);
#14053=LINE('',#18633,#18634);
#14054=VERTEX_POINT('',#18635);
#14055=LINE('',#18636,#18637);
#14056=VERTEX_POINT('',#18638);
#14057=CIRCLE('',#18639,1.35);
#14058=LINE('',#18640,#18641);
#14059=VERTEX_POINT('',#18642);
#14060=CIRCLE('',#18643,1.35);
#14061=LINE('',#18644,#18645);
#14062=VERTEX_POINT('',#18646);
#14063=LINE('',#18647,#18648);
#14064=LINE('',#18649,#18650);
#14065=VERTEX_POINT('',#18651);
#14066=CIRCLE('',#18652,1.35);
#14067=LINE('',#18653,#18654);
#14068=VERTEX_POINT('',#18655);
#14069=VERTEX_POINT('',#18656);
#14070=CIRCLE('',#18657,0.76);
#14071=CIRCLE('',#18658,0.76);
#14072=VERTEX_POINT('',#18659);
#14073=LINE('',#18660,#18661);
#14074=VERTEX_POINT('',#18662);
#14075=CIRCLE('',#18663,0.759999999999998);
#14076=LINE('',#18664,#18665);
#14077=VERTEX_POINT('',#18666);
#14078=VERTEX_POINT('',#18667);
#14079=CIRCLE('',#18668,0.00999999999999801);
#14080=CIRCLE('',#18669,0.75);
#14081=CIRCLE('',#18670,0.759999999999998);
#14082=CIRCLE('',#18671,0.75);
#14083=CIRCLE('',#18672,0.00999999999999801);
#14084=VERTEX_POINT('',#18673);
#14085=LINE('',#18674,#18675);
#14086=LINE('',#18676,#18677);
#14087=CIRCLE('',#18678,1.35);
#14088=VERTEX_POINT('',#18679);
#14089=VERTEX_POINT('',#18680);
#14090=CIRCLE('',#18681,1.35);
#14091=VERTEX_POINT('',#18682);
#14092=LINE('',#18683,#18684);
#14093=VERTEX_POINT('',#18685);
#14094=CIRCLE('',#18686,1.35);
#14095=LINE('',#18687,#18688);
#14096=VERTEX_POINT('',#18689);
#14097=LINE('',#18690,#18691);
#14098=VERTEX_POINT('',#18692);
#14099=CIRCLE('',#18693,1.35);
#14100=LINE('',#18694,#18695);
#14101=VERTEX_POINT('',#18696);
#14102=CIRCLE('',#18697,1.35);
#14103=LINE('',#18698,#18699);
#14104=VERTEX_POINT('',#18700);
#14105=LINE('',#18701,#18702);
#14106=LINE('',#18703,#18704);
#14107=VERTEX_POINT('',#18705);
#14108=CIRCLE('',#18706,1.35);
#14109=LINE('',#18707,#18708);
#14110=VERTEX_POINT('',#18709);
#14111=VERTEX_POINT('',#18710);
#14112=CIRCLE('',#18711,0.76);
#14113=CIRCLE('',#18712,0.76);
#14114=VERTEX_POINT('',#18713);
#14115=LINE('',#18714,#18715);
#14116=VERTEX_POINT('',#18716);
#14117=CIRCLE('',#18717,0.759999999999998);
#14118=LINE('',#18718,#18719);
#14119=VERTEX_POINT('',#18720);
#14120=VERTEX_POINT('',#18721);
#14121=CIRCLE('',#18722,0.00999999999999801);
#14122=CIRCLE('',#18723,0.75);
#14123=CIRCLE('',#18724,0.759999999999998);
#14124=CIRCLE('',#18725,0.75);
#14125=CIRCLE('',#18726,0.00999999999999801);
#14126=VERTEX_POINT('',#18727);
#14127=LINE('',#18728,#18729);
#14128=LINE('',#18730,#18731);
#14129=CIRCLE('',#18732,1.35);
#14130=VERTEX_POINT('',#18733);
#14131=VERTEX_POINT('',#18734);
#14132=LINE('',#18735,#18736);
#14133=VERTEX_POINT('',#18737);
#14134=LINE('',#18738,#18739);
#14135=VERTEX_POINT('',#18740);
#14136=LINE('',#18741,#18742);
#14137=LINE('',#18743,#18744);
#14138=VERTEX_POINT('',#18745);
#14139=LINE('',#18746,#18747);
#14140=VERTEX_POINT('',#18748);
#14141=LINE('',#18749,#18750);
#14142=LINE('',#18751,#18752);
#14143=VERTEX_POINT('',#18753);
#14144=VERTEX_POINT('',#18754);
#14145=LINE('',#18755,#18756);
#14146=VERTEX_POINT('',#18757);
#14147=LINE('',#18758,#18759);
#14148=VERTEX_POINT('',#18760);
#14149=LINE('',#18761,#18762);
#14150=LINE('',#18763,#18764);
#14151=VERTEX_POINT('',#18765);
#14152=VERTEX_POINT('',#18766);
#14153=LINE('',#18767,#18768);
#14154=VERTEX_POINT('',#18769);
#14155=LINE('',#18770,#18771);
#14156=VERTEX_POINT('',#18772);
#14157=LINE('',#18773,#18774);
#14158=LINE('',#18775,#18776);
#14159=VERTEX_POINT('',#18777);
#14160=VERTEX_POINT('',#18778);
#14161=LINE('',#18779,#18780);
#14162=VERTEX_POINT('',#18781);
#14163=LINE('',#18782,#18783);
#14164=VERTEX_POINT('',#18784);
#14165=LINE('',#18785,#18786);
#14166=LINE('',#18787,#18788);
#14167=VERTEX_POINT('',#18789);
#14168=VERTEX_POINT('',#18790);
#14169=LINE('',#18791,#18792);
#14170=VERTEX_POINT('',#18793);
#14171=LINE('',#18794,#18795);
#14172=VERTEX_POINT('',#18796);
#14173=LINE('',#18797,#18798);
#14174=LINE('',#18799,#18800);
#14175=VERTEX_POINT('',#18801);
#14176=VERTEX_POINT('',#18802);
#14177=CIRCLE('',#18803,0.5);
#14178=CIRCLE('',#18804,0.5);
#14179=VERTEX_POINT('',#18805);
#14180=VERTEX_POINT('',#18806);
#14181=LINE('',#18807,#18808);
#14182=VERTEX_POINT('',#18809);
#14183=LINE('',#18810,#18811);
#14184=VERTEX_POINT('',#18812);
#14185=LINE('',#18813,#18814);
#14186=LINE('',#18815,#18816);
#14187=VERTEX_POINT('',#18817);
#14188=LINE('',#18818,#18819);
#14189=VERTEX_POINT('',#18820);
#14190=CIRCLE('',#18821,0.3);
#14191=LINE('',#18822,#18823);
#14192=VERTEX_POINT('',#18824);
#14193=VERTEX_POINT('',#18825);
#14194=LINE('',#18826,#18827);
#14195=CIRCLE('',#18828,0.8);
#14196=VERTEX_POINT('',#18829);
#14197=CIRCLE('',#18830,0.8);
#14198=LINE('',#18831,#18832);
#14199=VERTEX_POINT('',#18833);
#14200=CIRCLE('',#18834,0.5);
#14201=VERTEX_POINT('',#18835);
#14202=LINE('',#18836,#18837);
#14203=VERTEX_POINT('',#18838);
#14204=CIRCLE('',#18839,0.8);
#14205=VERTEX_POINT('',#18840);
#14206=LINE('',#18841,#18842);
#14207=VERTEX_POINT('',#18843);
#14208=CIRCLE('',#18844,0.8);
#14209=VERTEX_POINT('',#18845);
#14210=LINE('',#18846,#18847);
#14211=VERTEX_POINT('',#18848);
#14212=CIRCLE('',#18849,0.5);
#14213=VERTEX_POINT('',#18850);
#14214=CIRCLE('',#18851,0.3);
#14215=VERTEX_POINT('',#18852);
#14216=LINE('',#18853,#18854);
#14217=VERTEX_POINT('',#18855);
#14218=CIRCLE('',#18856,0.8);
#14219=VERTEX_POINT('',#18857);
#14220=LINE('',#18858,#18859);
#14221=CIRCLE('',#18860,0.8);
#14222=VERTEX_POINT('',#18861);
#14223=LINE('',#18862,#18863);
#14224=VERTEX_POINT('',#18864);
#14225=LINE('',#18865,#18866);
#14226=LINE('',#18867,#18868);
#14227=VERTEX_POINT('',#18869);
#14228=LINE('',#18870,#18871);
#14229=VERTEX_POINT('',#18872);
#14230=LINE('',#18873,#18874);
#14231=LINE('',#18875,#18876);
#14232=VERTEX_POINT('',#18877);
#14233=LINE('',#18878,#18879);
#14234=VERTEX_POINT('',#18880);
#14235=LINE('',#18881,#18882);
#14236=LINE('',#18883,#18884);
#14237=VERTEX_POINT('',#18885);
#14238=LINE('',#18886,#18887);
#14239=VERTEX_POINT('',#18888);
#14240=LINE('',#18889,#18890);
#14241=LINE('',#18891,#18892);
#14242=VERTEX_POINT('',#18893);
#14243=VERTEX_POINT('',#18894);
#14244=LINE('',#18895,#18896);
#14245=VERTEX_POINT('',#18897);
#14246=LINE('',#18898,#18899);
#14247=VERTEX_POINT('',#18900);
#14248=LINE('',#18901,#18902);
#14249=LINE('',#18903,#18904);
#14250=VERTEX_POINT('',#18905);
#14251=LINE('',#18906,#18907);
#14252=VERTEX_POINT('',#18908);
#14253=LINE('',#18909,#18910);
#14254=LINE('',#18911,#18912);
#14255=VERTEX_POINT('',#18913);
#14256=VERTEX_POINT('',#18914);
#14257=CIRCLE('',#18915,0.5);
#14258=CIRCLE('',#18916,0.5);
#14259=VERTEX_POINT('',#18917);
#14260=VERTEX_POINT('',#18918);
#14261=LINE('',#18919,#18920);
#14262=LINE('',#18921,#18922);
#14263=LINE('',#18923,#18924);
#14264=LINE('',#18925,#18926);
#14265=LINE('',#18927,#18928);
#14266=LINE('',#18929,#18930);
#14267=LINE('',#18931,#18932);
#14268=VERTEX_POINT('',#18933);
#14269=LINE('',#18934,#18935);
#14270=LINE('',#18936,#18937);
#14271=VERTEX_POINT('',#18938);
#14272=LINE('',#18939,#18940);
#14273=LINE('',#18941,#18942);
#14274=LINE('',#18943,#18944);
#14275=VERTEX_POINT('',#18945);
#14276=VERTEX_POINT('',#18946);
#14277=LINE('',#18947,#18948);
#14278=VERTEX_POINT('',#18949);
#14279=LINE('',#18950,#18951);
#14280=VERTEX_POINT('',#18952);
#14281=LINE('',#18953,#18954);
#14282=LINE('',#18955,#18956);
#14283=VERTEX_POINT('',#18957);
#14284=LINE('',#18958,#18959);
#14285=VERTEX_POINT('',#18960);
#14286=LINE('',#18961,#18962);
#14287=LINE('',#18963,#18964);
#14288=LINE('',#18965,#18966);
#14289=LINE('',#18967,#18968);
#14290=VERTEX_POINT('',#18969);
#14291=VERTEX_POINT('',#18970);
#14292=LINE('',#18971,#18972);
#14293=VERTEX_POINT('',#18973);
#14294=LINE('',#18974,#18975);
#14295=VERTEX_POINT('',#18976);
#14296=LINE('',#18977,#18978);
#14297=LINE('',#18979,#18980);
#14298=VERTEX_POINT('',#18981);
#14299=VERTEX_POINT('',#18982);
#14300=LINE('',#18983,#18984);
#14301=VERTEX_POINT('',#18985);
#14302=LINE('',#18986,#18987);
#14303=VERTEX_POINT('',#18988);
#14304=LINE('',#18989,#18990);
#14305=LINE('',#18991,#18992);
#14306=VERTEX_POINT('',#18993);
#14307=LINE('',#18994,#18995);
#14308=LINE('',#18996,#18997);
#14309=VERTEX_POINT('',#18998);
#14310=LINE('',#18999,#19000);
#14311=LINE('',#19001,#19002);
#14312=LINE('',#19003,#19004);
#14313=VERTEX_POINT('',#19005);
#14314=LINE('',#19006,#19007);
#14315=LINE('',#19008,#19009);
#14316=VERTEX_POINT('',#19010);
#14317=VERTEX_POINT('',#19011);
#14318=LINE('',#19012,#19013);
#14319=VERTEX_POINT('',#19014);
#14320=LINE('',#19015,#19016);
#14321=VERTEX_POINT('',#19017);
#14322=LINE('',#19018,#19019);
#14323=LINE('',#19020,#19021);
#14324=VERTEX_POINT('',#19022);
#14325=LINE('',#19023,#19024);
#14326=LINE('',#19025,#19026);
#14327=LINE('',#19027,#19028);
#14328=VERTEX_POINT('',#19029);
#14329=LINE('',#19030,#19031);
#14330=LINE('',#19032,#19033);
#14331=VERTEX_POINT('',#19034);
#14332=LINE('',#19035,#19036);
#14333=LINE('',#19037,#19038);
#14334=LINE('',#19039,#19040);
#14335=VERTEX_POINT('',#19041);
#14336=VERTEX_POINT('',#19042);
#14337=LINE('',#19043,#19044);
#14338=VERTEX_POINT('',#19045);
#14339=LINE('',#19046,#19047);
#14340=VERTEX_POINT('',#19048);
#14341=LINE('',#19049,#19050);
#14342=LINE('',#19051,#19052);
#14343=LINE('',#19053,#19054);
#14344=LINE('',#19055,#19056);
#14345=VERTEX_POINT('',#19057);
#14346=VERTEX_POINT('',#19058);
#14347=LINE('',#19059,#19060);
#14348=VERTEX_POINT('',#19061);
#14349=LINE('',#19062,#19063);
#14350=VERTEX_POINT('',#19064);
#14351=LINE('',#19065,#19066);
#14352=LINE('',#19067,#19068);
#14353=VERTEX_POINT('',#19069);
#14354=LINE('',#19070,#19071);
#14355=LINE('',#19072,#19073);
#14356=VERTEX_POINT('',#19074);
#14357=LINE('',#19075,#19076);
#14358=LINE('',#19077,#19078);
#14359=LINE('',#19079,#19080);
#14360=LINE('',#19081,#19082);
#14361=LINE('',#19083,#19084);
#14362=LINE('',#19085,#19086);
#14363=LINE('',#19087,#19088);
#14364=LINE('',#19089,#19090);
#14365=LINE('',#19091,#19092);
#14366=LINE('',#19093,#19094);
#14367=LINE('',#19095,#19096);
#14368=LINE('',#19097,#19098);
#14369=LINE('',#19099,#19100);
#14370=LINE('',#19101,#19102);
#14371=LINE('',#19103,#19104);
#14372=LINE('',#19105,#19106);
#14373=LINE('',#19107,#19108);
#14374=LINE('',#19109,#19110);
#14375=LINE('',#19111,#19112);
#14376=LINE('',#19113,#19114);
#14377=LINE('',#19115,#19116);
#14378=LINE('',#19117,#19118);
#14379=LINE('',#19119,#19120);
#14380=LINE('',#19121,#19122);
#14381=LINE('',#19123,#19124);
#14382=LINE('',#19125,#19126);
#14383=LINE('',#19127,#19128);
#14384=LINE('',#19129,#19130);
#14385=LINE('',#19131,#19132);
#14386=LINE('',#19133,#19134);
#14387=LINE('',#19135,#19136);
#14388=LINE('',#19137,#19138);
#14389=LINE('',#19139,#19140);
#14390=LINE('',#19141,#19142);
#14391=LINE('',#19143,#19144);
#14392=LINE('',#19145,#19146);
#14393=LINE('',#19147,#19148);
#14394=VERTEX_POINT('',#19149);
#14395=VERTEX_POINT('',#19150);
#14396=LINE('',#19151,#19152);
#14397=VERTEX_POINT('',#19153);
#14398=LINE('',#19154,#19155);
#14399=VERTEX_POINT('',#19156);
#14400=LINE('',#19157,#19158);
#14401=LINE('',#19159,#19160);
#14402=VERTEX_POINT('',#19161);
#14403=LINE('',#19162,#19163);
#14404=VERTEX_POINT('',#19164);
#14405=LINE('',#19165,#19166);
#14406=LINE('',#19167,#19168);
#14407=VERTEX_POINT('',#19169);
#14408=LINE('',#19170,#19171);
#14409=VERTEX_POINT('',#19172);
#14410=LINE('',#19173,#19174);
#14411=LINE('',#19175,#19176);
#14412=LINE('',#19177,#19178);
#14413=LINE('',#19179,#19180);
#14414=LINE('',#19181,#19182);
#14415=LINE('',#19183,#19184);
#14416=LINE('',#19185,#19186);
#14417=LINE('',#19187,#19188);
#14418=CIRCLE('',#19189,0.508000000000003);
#14419=CIRCLE('',#19190,0.508000000000003);
#14420=CIRCLE('',#19191,0.508000000000003);
#14421=VERTEX_POINT('',#19192);
#14422=VERTEX_POINT('',#19193);
#14423=LINE('',#19194,#19195);
#14424=VERTEX_POINT('',#19196);
#14425=LINE('',#19197,#19198);
#14426=VERTEX_POINT('',#19199);
#14427=ELLIPSE('',#19200,0.282842712474619,0.2);
#14428=VERTEX_POINT('',#19201);
#14429=LINE('',#19202,#19203);
#14430=VERTEX_POINT('',#19204);
#14431=LINE('',#19205,#19206);
#14432=VERTEX_POINT('',#19207);
#14433=LINE('',#19208,#19209);
#14434=VERTEX_POINT('',#19210);
#14435=LINE('',#19211,#19212);
#14436=VERTEX_POINT('',#19213);
#14437=LINE('',#19214,#19215);
#14438=VERTEX_POINT('',#19216);
#14439=ELLIPSE('',#19217,0.14142135623731,0.1);
#14440=LINE('',#19218,#19219);
#14441=VERTEX_POINT('',#19220);
#14442=VERTEX_POINT('',#19221);
#14443=CIRCLE('',#19222,1.25);
#14444=VERTEX_POINT('',#19223);
#14445=LINE('',#19224,#19225);
#14446=VERTEX_POINT('',#19226);
#14447=CIRCLE('',#19227,1.25);
#14448=LINE('',#19228,#19229);
#14449=CIRCLE('',#19230,1.25);
#14450=CIRCLE('',#19231,1.25);
#14451=VERTEX_POINT('',#19232);
#14452=VERTEX_POINT('',#19233);
#14453=LINE('',#19234,#19235);
#14454=VERTEX_POINT('',#19236);
#14455=ELLIPSE('',#19237,0.283156964985942,0.2);
#14456=VERTEX_POINT('',#19238);
#14457=LINE('',#19239,#19240);
#14458=ELLIPSE('',#19241,0.282529503934939,0.2);
#14459=VERTEX_POINT('',#19242);
#14460=VERTEX_POINT('',#19243);
#14461=LINE('',#19244,#19245);
#14462=VERTEX_POINT('',#19246);
#14463=CIRCLE('',#19247,1.5);
#14464=VERTEX_POINT('',#19248);
#14465=LINE('',#19249,#19250);
#14466=CIRCLE('',#19251,1.5);
#14467=VERTEX_POINT('',#19252);
#14468=VERTEX_POINT('',#19253);
#14469=LINE('',#19254,#19255);
#14470=VERTEX_POINT('',#19256);
#14471=ELLIPSE('',#19257,0.282842712474619,0.2);
#14472=VERTEX_POINT('',#19258);
#14473=LINE('',#19259,#19260);
#14474=ELLIPSE('',#19261,0.282842712474619,0.2);
#14475=VERTEX_POINT('',#19262);
#14476=LINE('',#19263,#19264);
#14477=VERTEX_POINT('',#19265);
#14478=LINE('',#19266,#19267);
#14479=VERTEX_POINT('',#19268);
#14480=LINE('',#19269,#19270);
#14481=VERTEX_POINT('',#19271);
#14482=LINE('',#19272,#19273);
#14483=VERTEX_POINT('',#19274);
#14484=LINE('',#19275,#19276);
#14485=LINE('',#19277,#19278);
#14486=VERTEX_POINT('',#19279);
#14487=LINE('',#19280,#19281);
#14488=LINE('',#19282,#19283);
#14489=VERTEX_POINT('',#19284);
#14490=VERTEX_POINT('',#19285);
#14491=LINE('',#19286,#19287);
#14492=VERTEX_POINT('',#19288);
#14493=LINE('',#19289,#19290);
#14494=VERTEX_POINT('',#19291);
#14495=LINE('',#19292,#19293);
#14496=LINE('',#19294,#19295);
#14497=VERTEX_POINT('',#19296);
#14498=VERTEX_POINT('',#19297);
#14499=LINE('',#19298,#19299);
#14500=CIRCLE('',#19300,0.6);
#14501=CIRCLE('',#19301,0.6);
#14502=LINE('',#19302,#19303);
#14503=VERTEX_POINT('',#19304);
#14504=VERTEX_POINT('',#19305);
#14505=LINE('',#19306,#19307);
#14506=VERTEX_POINT('',#19308);
#14507=LINE('',#19309,#19310);
#14508=VERTEX_POINT('',#19311);
#14509=LINE('',#19312,#19313);
#14510=VERTEX_POINT('',#19314);
#14511=LINE('',#19315,#19316);
#14512=LINE('',#19317,#19318);
#14513=VERTEX_POINT('',#19319);
#14514=LINE('',#19320,#19321);
#14515=VERTEX_POINT('',#19322);
#14516=LINE('',#19323,#19324);
#14517=VERTEX_POINT('',#19325);
#14518=LINE('',#19326,#19327);
#14519=VERTEX_POINT('',#19328);
#14520=ELLIPSE('',#19329,0.282842712474619,0.2);
#14521=VERTEX_POINT('',#19330);
#14522=LINE('',#19331,#19332);
#14523=LINE('',#19333,#19334);
#14524=LINE('',#19335,#19336);
#14525=VERTEX_POINT('',#19337);
#14526=LINE('',#19338,#19339);
#14527=VERTEX_POINT('',#19340);
#14528=LINE('',#19341,#19342);
#14529=LINE('',#19343,#19344);
#14530=LINE('',#19345,#19346);
#14531=LINE('',#19347,#19348);
#14532=LINE('',#19349,#19350);
#14533=VERTEX_POINT('',#19351);
#14534=VERTEX_POINT('',#19352);
#14535=CIRCLE('',#19353,1.25);
#14536=VERTEX_POINT('',#19354);
#14537=LINE('',#19355,#19356);
#14538=VERTEX_POINT('',#19357);
#14539=CIRCLE('',#19358,1.25);
#14540=LINE('',#19359,#19360);
#14541=VERTEX_POINT('',#19361);
#14542=VERTEX_POINT('',#19362);
#14543=LINE('',#19363,#19364);
#14544=VERTEX_POINT('',#19365);
#14545=LINE('',#19366,#19367);
#14546=VERTEX_POINT('',#19368);
#14547=LINE('',#19369,#19370);
#14548=LINE('',#19371,#19372);
#14549=CIRCLE('',#19373,0.6);
#14550=CIRCLE('',#19374,0.6);
#14551=VERTEX_POINT('',#19375);
#14552=LINE('',#19376,#19377);
#14553=LINE('',#19378,#19379);
#14554=VERTEX_POINT('',#19380);
#14555=LINE('',#19381,#19382);
#14556=VERTEX_POINT('',#19383);
#14557=ELLIPSE('',#19384,0.14142135623731,0.1);
#14558=VERTEX_POINT('',#19385);
#14559=LINE('',#19386,#19387);
#14560=VERTEX_POINT('',#19388);
#14561=LINE('',#19389,#19390);
#14562=VERTEX_POINT('',#19391);
#14563=LINE('',#19392,#19393);
#14564=VERTEX_POINT('',#19394);
#14565=LINE('',#19395,#19396);
#14566=LINE('',#19397,#19398);
#14567=LINE('',#19399,#19400);
#14568=VERTEX_POINT('',#19401);
#14569=LINE('',#19402,#19403);
#14570=LINE('',#19404,#19405);
#14571=CIRCLE('',#19406,0.6);
#14572=LINE('',#19407,#19408);
#14573=LINE('',#19409,#19410);
#14574=CIRCLE('',#19411,0.5);
#14575=CIRCLE('',#19412,0.5);
#14576=VERTEX_POINT('',#19413);
#14577=CIRCLE('',#19414,4.85);
#14578=LINE('',#19415,#19416);
#14579=LINE('',#19417,#19418);
#14580=CIRCLE('',#19419,1.25);
#14581=LINE('',#19420,#19421);
#14582=CIRCLE('',#19422,0.6);
#14583=VERTEX_POINT('',#19423);
#14584=CIRCLE('',#19424,4.85);
#14585=LINE('',#19425,#19426);
#14586=VERTEX_POINT('',#19427);
#14587=CIRCLE('',#19428,1.5);
#14588=VERTEX_POINT('',#19429);
#14589=LINE('',#19430,#19431);
#14590=CIRCLE('',#19432,1.5);
#14591=VERTEX_POINT('',#19433);
#14592=LINE('',#19434,#19435);
#14593=VERTEX_POINT('',#19436);
#14594=LINE('',#19437,#19438);
#14595=LINE('',#19439,#19440);
#14596=VERTEX_POINT('',#19441);
#14597=VERTEX_POINT('',#19442);
#14598=CIRCLE('',#19443,1.25);
#14599=CIRCLE('',#19444,1.25);
#14600=VERTEX_POINT('',#19445);
#14601=VERTEX_POINT('',#19446);
#14602=CIRCLE('',#19447,1.25);
#14603=CIRCLE('',#19448,1.25);
#14604=CIRCLE('',#19449,1.25);
#14605=VERTEX_POINT('',#19450);
#14606=VERTEX_POINT('',#19451);
#14607=CIRCLE('',#19452,1.25);
#14608=CIRCLE('',#19453,1.25);
#14609=VERTEX_POINT('',#19454);
#14610=VERTEX_POINT('',#19455);
#14611=CIRCLE('',#19456,1.25);
#14612=CIRCLE('',#19457,1.25);
#14613=LINE('',#19458,#19459);
#14614=LINE('',#19460,#19461);
#14615=LINE('',#19462,#19463);
#14616=LINE('',#19464,#19465);
#14617=VERTEX_POINT('',#19466);
#14618=LINE('',#19467,#19468);
#14619=VERTEX_POINT('',#19469);
#14620=LINE('',#19470,#19471);
#14621=LINE('',#19472,#19473);
#14622=LINE('',#19474,#19475);
#14623=LINE('',#19476,#19477);
#14624=LINE('',#19478,#19479);
#14625=LINE('',#19480,#19481);
#14626=CARTESIAN_POINT('',(0.0,180.8,0.0));
#14627=CARTESIAN_POINT('',(0.0,180.8,3.9));
#14628=CARTESIAN_POINT('',(0.0,180.8,0.0));
#14629=VECTOR('',#19482,1.0);
#14630=CARTESIAN_POINT('',(58.4,180.8,3.9));
#14631=CARTESIAN_POINT('',(58.4,180.8,3.9));
#14632=VECTOR('',#19483,1.0);
#14633=CARTESIAN_POINT('',(58.4,180.8,0.0));
#14634=CARTESIAN_POINT('',(58.4,180.8,0.0));
#14635=VECTOR('',#19484,1.0);
#14636=CARTESIAN_POINT('',(58.4,180.8,0.0));
#14637=VECTOR('',#19485,1.0);
#14638=CARTESIAN_POINT('',(58.4,144.0,3.9));
#14639=CARTESIAN_POINT('',(58.4,144.0,3.9));
#14640=VECTOR('',#19486,1.0);
#14641=CARTESIAN_POINT('',(58.4,144.0,0.0));
#14642=CARTESIAN_POINT('',(58.4,144.0,0.0));
#14643=VECTOR('',#19487,1.0);
#14644=CARTESIAN_POINT('',(58.4,144.0,0.0));
#14645=VECTOR('',#19488,1.0);
#14646=CARTESIAN_POINT('',(0.0,144.0,3.9));
#14647=CARTESIAN_POINT('',(0.0,144.0,3.9));
#14648=VECTOR('',#19489,1.0);
#14649=CARTESIAN_POINT('',(0.0,144.0,0.0));
#14650=CARTESIAN_POINT('',(0.0,144.0,0.0));
#14651=VECTOR('',#19490,1.0);
#14652=CARTESIAN_POINT('',(0.0,144.0,0.0));
#14653=VECTOR('',#19491,1.0);
#14654=CARTESIAN_POINT('',(0.0,180.8,3.9));
#14655=VECTOR('',#19492,1.0);
#14656=CARTESIAN_POINT('',(0.0,180.8,0.0));
#14657=VECTOR('',#19493,1.0);
#14658=CARTESIAN_POINT('',(27.7511811526411,180.20003,5.02));
#14659=CARTESIAN_POINT('',(27.7511811526411,180.20003,5.26));
#14660=CARTESIAN_POINT('',(27.7511811526411,180.20003,5.14540396697871));
#14661=VECTOR('',#19494,1.0);
#14662=CARTESIAN_POINT('',(27.7620333643234,180.096422851676,5.02));
#14663=AXIS2_PLACEMENT_3D('',#19495,#19496,#19497);
#14664=CARTESIAN_POINT('',(27.7620333643234,180.096422851676,5.26));
#14665=CARTESIAN_POINT('',(27.7620333643234,180.096422851676,2.26));
#14666=VECTOR('',#19498,1.0);
#14667=AXIS2_PLACEMENT_3D('',#19499,#19500,#19501);
#14668=CARTESIAN_POINT('',(50.6488188473592,180.20003,5.02));
#14669=CARTESIAN_POINT('',(50.6488188473592,180.20003,5.26));
#14670=CARTESIAN_POINT('',(50.6488188473592,180.20003,5.1454039455378));
#14671=VECTOR('',#19502,1.0);
#14672=CARTESIAN_POINT('',(50.1488188473592,180.70003,5.02));
#14673=AXIS2_PLACEMENT_3D('',#19503,#19504,#19505);
#14674=CARTESIAN_POINT('',(50.1488188473592,180.70003,5.26980789107561));
#14675=CARTESIAN_POINT('',(50.1488188473592,180.70003,4.68));
#14676=VECTOR('',#19506,1.0);
#14677=CARTESIAN_POINT('',(50.2473667866997,180.690222108924,5.26));
#14678=CARTESIAN_POINT('',(50.2473667866997,180.690222108924,5.26));
#14679=CARTESIAN_POINT('',(50.2391731479914,180.691869353333,5.26));
#14680=CARTESIAN_POINT('',(50.2309451979632,180.693309396499,5.26020175716041));
#14681=CARTESIAN_POINT('',(50.2227119179381,180.694539670401,5.26060823250042));
#14682=CARTESIAN_POINT('',(50.2144785565916,180.695769956455,5.26101471185526));
#14683=CARTESIAN_POINT('',(50.2062404770512,180.696790421351,5.26162585326864));
#14684=CARTESIAN_POINT('',(50.1980246593858,180.697602897235,5.2624406020663));
#14685=CARTESIAN_POINT('',(50.1898107463804,180.698415184764,5.26325516198205));
#14686=CARTESIAN_POINT('',(50.1816212602409,180.699020588151,5.26427177187862));
#14687=CARTESIAN_POINT('',(50.1734089623235,180.699424960173,5.2655000098953));
#14688=CARTESIAN_POINT('',(50.1652019709097,180.699829070904,5.26672745426697));
#14689=CARTESIAN_POINT('',(50.1569962949367,180.70003,5.26816390172295));
#14690=CARTESIAN_POINT('',(50.1488188473592,180.70003,5.26980789107561));
#14691=AXIS2_PLACEMENT_3D('',#19507,#19508,#19509);
#14692=CARTESIAN_POINT('',(44.2199734615299,180.170411933664,3.85));
#14693=CARTESIAN_POINT('',(44.2199734615299,180.170411933664,1.6));
#14694=CARTESIAN_POINT('',(44.2199734615299,180.170411933664,2.725));
#14695=VECTOR('',#19510,1.0);
#14696=CARTESIAN_POINT('',(44.6662370085213,180.70003,3.85));
#14697=AXIS2_PLACEMENT_3D('',#19511,#19512,#19513);
#14698=CARTESIAN_POINT('',(44.6662370085213,180.70003,1.6));
#14699=CARTESIAN_POINT('',(44.6662370085213,180.70003,1.89999441759387));
#14700=VECTOR('',#19514,1.0);
#14701=AXIS2_PLACEMENT_3D('',#19515,#19516,#19517);
#14702=CARTESIAN_POINT('',(34.1800265384704,180.170411933664,3.85));
#14703=CARTESIAN_POINT('',(34.1800265384704,180.170411933664,1.6));
#14704=CARTESIAN_POINT('',(34.1800265384704,180.170411933664,2.725));
#14705=VECTOR('',#19518,1.0);
#14706=CARTESIAN_POINT('',(33.9939053861424,179.763714346192,3.85));
#14707=AXIS2_PLACEMENT_3D('',#19519,#19520,#19521);
#14708=CARTESIAN_POINT('',(33.9939053861424,179.763714346192,1.6));
#14709=CARTESIAN_POINT('',(33.9939053861424,179.763714346192,2.9));
#14710=VECTOR('',#19522,1.0);
#14711=AXIS2_PLACEMENT_3D('',#19523,#19524,#19525);
#14712=CARTESIAN_POINT('',(27.7511811526411,180.20003,1.6));
#14713=CARTESIAN_POINT('',(27.7511811526411,180.20003,3.9));
#14714=CARTESIAN_POINT('',(27.7511811526411,180.20003,2.75));
#14715=VECTOR('',#19526,1.0);
#14716=CARTESIAN_POINT('',(27.7620333643234,180.096422851676,1.6));
#14717=AXIS2_PLACEMENT_3D('',#19527,#19528,#19529);
#14718=CARTESIAN_POINT('',(27.7620333643234,180.096422851676,3.9));
#14719=CARTESIAN_POINT('',(27.7620333643234,180.096422851676,2.26));
#14720=VECTOR('',#19530,1.0);
#14721=AXIS2_PLACEMENT_3D('',#19531,#19532,#19533);
#14722=CARTESIAN_POINT('',(50.6488188473592,180.20003,1.6));
#14723=CARTESIAN_POINT('',(50.6488188473592,180.20003,3.9));
#14724=CARTESIAN_POINT('',(50.6488188473592,180.20003,2.75));
#14725=VECTOR('',#19534,1.0);
#14726=CARTESIAN_POINT('',(50.1488188473592,180.70003,1.6));
#14727=AXIS2_PLACEMENT_3D('',#19535,#19536,#19537);
#14728=CARTESIAN_POINT('',(50.1488188473592,180.70003,3.9));
#14729=CARTESIAN_POINT('',(50.1488188473592,180.70003,4.68));
#14730=VECTOR('',#19538,1.0);
#14731=AXIS2_PLACEMENT_3D('',#19539,#19540,#19541);
#14732=CARTESIAN_POINT('',(27.0033326145276,159.453827901964,3.85));
#14733=CARTESIAN_POINT('',(27.0033326145276,159.453827901964,1.6));
#14734=CARTESIAN_POINT('',(27.0033326145276,159.453827901964,2.725));
#14735=VECTOR('',#19542,1.0);
#14736=CARTESIAN_POINT('',(23.5265997007739,155.422984132537,3.85));
#14737=AXIS2_PLACEMENT_3D('',#19543,#19544,#19545);
#14738=CARTESIAN_POINT('',(23.5265997007739,155.422984132537,1.6));
#14739=CARTESIAN_POINT('',(23.5265997007739,155.422984132537,1.9));
#14740=VECTOR('',#19546,1.0);
#14741=AXIS2_PLACEMENT_3D('',#19547,#19548,#19549);
#14742=CARTESIAN_POINT('',(21.9079752527092,163.604137301347,3.85));
#14743=CARTESIAN_POINT('',(21.9079752527092,163.604137301347,1.6));
#14744=CARTESIAN_POINT('',(21.9079752527092,163.604137301347,2.725));
#14745=VECTOR('',#19550,1.0);
#14746=CARTESIAN_POINT('',(23.5265997007719,163.484671671388,3.85));
#14747=AXIS2_PLACEMENT_3D('',#19551,#19552,#19553);
#14748=CARTESIAN_POINT('',(23.5265997007719,163.484671671388,1.6));
#14749=CARTESIAN_POINT('',(23.5265997007719,163.484671671388,1.9));
#14750=VECTOR('',#19554,1.0);
#14751=AXIS2_PLACEMENT_3D('',#19555,#19556,#19557);
#14752=CARTESIAN_POINT('',(21.9079752527114,155.303518502577,1.6));
#14753=CARTESIAN_POINT('',(21.9079752527114,155.303518502577,3.85));
#14754=CARTESIAN_POINT('',(21.9079752527114,155.303518502577,2.725));
#14755=VECTOR('',#19558,1.0);
#14756=AXIS2_PLACEMENT_3D('',#19559,#19560,#19561);
#14757=AXIS2_PLACEMENT_3D('',#19562,#19563,#19564);
#14758=CARTESIAN_POINT('',(21.828332614529,163.604137301347,3.85));
#14759=CARTESIAN_POINT('',(21.828332614529,163.604137301347,1.6));
#14760=CARTESIAN_POINT('',(21.828332614529,163.604137301347,2.725));
#14761=VECTOR('',#19565,1.0);
#14762=CARTESIAN_POINT('',(21.8681539336194,163.604065385582,3.85));
#14763=AXIS2_PLACEMENT_3D('',#19566,#19567,#19568);
#14764=CARTESIAN_POINT('',(21.8681539336185,163.604065385582,1.6));
#14765=CARTESIAN_POINT('',(21.8681539336185,163.604065385582,1.9));
#14766=VECTOR('',#19569,1.0);
#14767=AXIS2_PLACEMENT_3D('',#19570,#19571,#19572);
#14768=CARTESIAN_POINT('',(16.7329752527106,159.453827901964,3.85));
#14769=CARTESIAN_POINT('',(16.7329752527106,159.453827901964,1.6));
#14770=CARTESIAN_POINT('',(16.7329752527106,159.453827901964,2.725));
#14771=VECTOR('',#19573,1.0);
#14772=CARTESIAN_POINT('',(20.2097081664661,163.484671671388,3.85));
#14773=AXIS2_PLACEMENT_3D('',#19574,#19575,#19576);
#14774=CARTESIAN_POINT('',(20.2097081664661,163.484671671388,1.6));
#14775=CARTESIAN_POINT('',(20.2097081664661,163.484671671388,1.9));
#14776=VECTOR('',#19577,1.0);
#14777=AXIS2_PLACEMENT_3D('',#19578,#19579,#19580);
#14778=CARTESIAN_POINT('',(21.8283326145268,155.303518502577,1.6));
#14779=CARTESIAN_POINT('',(21.8283326145268,155.303518502577,3.85));
#14780=CARTESIAN_POINT('',(21.8283326145268,155.303518502577,2.725));
#14781=VECTOR('',#19581,1.0);
#14782=CARTESIAN_POINT('',(21.8681539336188,155.303590418342,1.6));
#14783=AXIS2_PLACEMENT_3D('',#19582,#19583,#19584);
#14784=CARTESIAN_POINT('',(21.8681539336194,155.303590418342,3.85));
#14785=CARTESIAN_POINT('',(21.8681539336188,155.303590418342,1.9));
#14786=VECTOR('',#19585,1.0);
#14787=AXIS2_PLACEMENT_3D('',#19586,#19587,#19588);
#14788=CARTESIAN_POINT('',(0.199999999999996,180.8,3.9));
#14789=CARTESIAN_POINT('',(0.199999999999999,144.2,3.9));
#14790=CARTESIAN_POINT('',(0.199999999999999,148.55,3.9));
#14791=VECTOR('',#19589,1.0);
#14792=CARTESIAN_POINT('',(0.199999999999999,144.2,5.02));
#14793=CARTESIAN_POINT('',(0.199999999999999,144.2,3.9));
#14794=VECTOR('',#19590,1.0);
#14795=CARTESIAN_POINT('',(0.199999999999996,180.8,5.02));
#14796=CARTESIAN_POINT('',(0.199999999999998,162.45,5.02));
#14797=VECTOR('',#19591,1.0);
#14798=CARTESIAN_POINT('',(0.199999999999996,180.8,3.9));
#14799=VECTOR('',#19592,1.0);
#14800=CARTESIAN_POINT('',(58.2,144.2,3.9));
#14801=CARTESIAN_POINT('',(10.0,144.2,3.9));
#14802=VECTOR('',#19593,1.0);
#14803=CARTESIAN_POINT('',(58.2,144.2,5.02));
#14804=CARTESIAN_POINT('',(58.2,144.2,3.9));
#14805=VECTOR('',#19594,1.0);
#14806=CARTESIAN_POINT('',(8.3,144.2,5.02));
#14807=VECTOR('',#19595,1.0);
#14808=CARTESIAN_POINT('',(58.2,180.8,3.9));
#14809=CARTESIAN_POINT('',(58.2,148.55,3.9));
#14810=VECTOR('',#19596,1.0);
#14811=CARTESIAN_POINT('',(58.2,180.8,5.02));
#14812=CARTESIAN_POINT('',(58.2,180.8,3.9));
#14813=VECTOR('',#19597,1.0);
#14814=CARTESIAN_POINT('',(58.2,162.45,5.02));
#14815=VECTOR('',#19598,1.0);
#14816=CARTESIAN_POINT('',(10.0,180.8,3.9));
#14817=VECTOR('',#19599,1.0);
#14818=CARTESIAN_POINT('',(8.3,180.8,5.02));
#14819=VECTOR('',#19600,1.0);
#14820=CARTESIAN_POINT('',(23.9704998042984,174.049801751169,3.9));
#14821=CARTESIAN_POINT('',(29.1562358626744,171.464767285746,3.9));
#14822=CARTESIAN_POINT('',(8.3,181.861379823888,3.9));
#14823=VECTOR('',#19601,1.0);
#14824=CARTESIAN_POINT('',(29.1562358626746,171.464767285747,1.6));
#14825=CARTESIAN_POINT('',(29.1562358626746,171.464767285747,4.65));
#14826=VECTOR('',#19602,1.0);
#14827=CARTESIAN_POINT('',(23.9704998042985,174.049801751169,1.6));
#14828=CARTESIAN_POINT('',(29.329571140534,171.378361486782,1.6));
#14829=VECTOR('',#19603,1.0);
#14830=CARTESIAN_POINT('',(23.9704998042985,174.049801751169,4.65));
#14831=VECTOR('',#19604,1.0);
#14832=CARTESIAN_POINT('',(29.5701041148555,170.963054992726,3.9));
#14833=AXIS2_PLACEMENT_3D('',#19605,#19606,#19607);
#14834=CARTESIAN_POINT('',(29.5701041148557,170.963054992726,1.6));
#14835=CARTESIAN_POINT('',(29.5701041148557,170.963054992726,4.65));
#14836=VECTOR('',#19608,1.0);
#14837=AXIS2_PLACEMENT_3D('',#19609,#19610,#19611);
#14838=CARTESIAN_POINT('',(29.8787488806556,169.852752005495,3.9));
#14839=CARTESIAN_POINT('',(29.8787488806554,169.852752005495,1.6));
#14840=CARTESIAN_POINT('',(29.8787488806554,169.852752005495,4.65));
#14841=VECTOR('',#19612,1.0);
#14842=CARTESIAN_POINT('',(-466.706154340108,1956.24203364612,1.6));
#14843=VECTOR('',#19613,1.0);
#14844=CARTESIAN_POINT('',(31.9365841610152,162.45,3.9));
#14845=VECTOR('',#19614,1.0);
#14846=CARTESIAN_POINT('',(29.9079752527071,169.638490449309,3.9));
#14847=AXIS2_PLACEMENT_3D('',#19615,#19616,#19617);
#14848=CARTESIAN_POINT('',(29.9079752527071,169.638490449309,1.6));
#14849=CARTESIAN_POINT('',(29.9079752527071,169.638490449309,4.65));
#14850=VECTOR('',#19618,1.0);
#14851=AXIS2_PLACEMENT_3D('',#19619,#19620,#19621);
#14852=CARTESIAN_POINT('',(29.9079752527135,146.700000000002,3.9));
#14853=CARTESIAN_POINT('',(29.9079752527091,162.45,3.9));
#14854=VECTOR('',#19622,1.0);
#14855=CARTESIAN_POINT('',(29.9079752527135,146.700000000002,1.6));
#14856=CARTESIAN_POINT('',(29.9079752527135,146.700000000002,4.65));
#14857=VECTOR('',#19623,1.0);
#14858=CARTESIAN_POINT('',(29.9079752527125,149.544652273857,1.6));
#14859=CARTESIAN_POINT('',(29.9079752522339,1956.24203364638,1.6));
#14860=VECTOR('',#19624,1.0);
#14861=CARTESIAN_POINT('',(29.9079752527125,149.544652273857,3.85));
#14862=CARTESIAN_POINT('',(29.9079752527125,149.544652273857,1.9));
#14863=VECTOR('',#19625,1.0);
#14864=CARTESIAN_POINT('',(29.9079752527075,169.312384731301,3.85));
#14865=CARTESIAN_POINT('',(29.9079752522339,1956.24203364638,3.85));
#14866=VECTOR('',#19626,1.0);
#14867=CARTESIAN_POINT('',(29.9079752527075,169.312384731301,1.6));
#14868=CARTESIAN_POINT('',(29.9079752527075,169.312384731301,1.9));
#14869=VECTOR('',#19627,1.0);
#14870=CARTESIAN_POINT('',(29.9079752522339,1956.24203364638,1.6));
#14871=VECTOR('',#19628,1.0);
#14872=CARTESIAN_POINT('',(29.1079752527137,145.900000000001,3.9));
#14873=AXIS2_PLACEMENT_3D('',#19629,#19630,#19631);
#14874=CARTESIAN_POINT('',(29.1079752527137,145.900000000001,1.6));
#14875=CARTESIAN_POINT('',(29.1079752527137,145.900000000001,4.65));
#14876=VECTOR('',#19632,1.0);
#14877=AXIS2_PLACEMENT_3D('',#19633,#19634,#19635);
#14878=CARTESIAN_POINT('',(14.6283326145242,145.900000000001,3.9));
#14879=CARTESIAN_POINT('',(13.8283326145245,146.700000000001,3.9));
#14880=AXIS2_PLACEMENT_3D('',#19636,#19637,#19638);
#14881=CARTESIAN_POINT('',(13.8283326145245,146.700000000001,1.6));
#14882=CARTESIAN_POINT('',(13.8283326145245,146.700000000001,4.65));
#14883=VECTOR('',#19639,1.0);
#14884=CARTESIAN_POINT('',(14.6283326145242,145.900000000001,1.6));
#14885=AXIS2_PLACEMENT_3D('',#19640,#19641,#19642);
#14886=CARTESIAN_POINT('',(14.6283326145242,145.900000000001,4.65));
#14887=VECTOR('',#19643,1.0);
#14888=CARTESIAN_POINT('',(13.8283326145307,169.638490449309,1.6));
#14889=CARTESIAN_POINT('',(13.8575589865825,169.852752005495,1.6));
#14890=AXIS2_PLACEMENT_3D('',#19644,#19645,#19646);
#14891=CARTESIAN_POINT('',(13.8283326145306,169.638490449309,3.9));
#14892=CARTESIAN_POINT('',(13.8283326145307,169.638490449309,4.65));
#14893=VECTOR('',#19647,1.0);
#14894=CARTESIAN_POINT('',(13.8575589865824,169.852752005495,3.9));
#14895=AXIS2_PLACEMENT_3D('',#19648,#19649,#19650);
#14896=CARTESIAN_POINT('',(13.8575589865825,169.852752005495,4.65));
#14897=VECTOR('',#19651,1.0);
#14898=CARTESIAN_POINT('',(14.1662037523826,170.963054992726,3.9));
#14899=CARTESIAN_POINT('',(11.7997237062231,162.45,3.9));
#14900=VECTOR('',#19652,1.0);
#14901=CARTESIAN_POINT('',(14.166203752382,170.963054992726,1.6));
#14902=CARTESIAN_POINT('',(14.166203752382,170.963054992726,4.65));
#14903=VECTOR('',#19653,1.0);
#14904=CARTESIAN_POINT('',(510.442462207346,1956.24203364612,1.6));
#14905=VECTOR('',#19654,1.0);
#14906=CARTESIAN_POINT('',(23.6135944285314,174.133827901962,1.6));
#14907=CARTESIAN_POINT('',(20.1227134387066,174.133827901962,1.6));
#14908=CARTESIAN_POINT('',(-1851.33651818515,174.133827901465,1.6));
#14909=VECTOR('',#19655,1.0);
#14910=AXIS2_PLACEMENT_3D('',#19656,#19657,#19658);
#14911=CARTESIAN_POINT('',(28.6665651915651,168.64518374365,1.6));
#14912=AXIS2_PLACEMENT_3D('',#19659,#19660,#19661);
#14913=CARTESIAN_POINT('',(21.8681539336194,170.678452977295,1.6));
#14914=AXIS2_PLACEMENT_3D('',#19662,#19663,#19664);
#14915=CARTESIAN_POINT('',(15.0697426756729,168.64518374365,1.6));
#14916=AXIS2_PLACEMENT_3D('',#19665,#19666,#19667);
#14917=CARTESIAN_POINT('',(13.8283326145307,169.312384731301,1.6));
#14918=AXIS2_PLACEMENT_3D('',#19668,#19669,#19670);
#14919=CARTESIAN_POINT('',(13.828332615004,1956.24203364638,1.6));
#14920=VECTOR('',#19671,1.0);
#14921=CARTESIAN_POINT('',(14.5800720045636,171.464767285747,1.6));
#14922=AXIS2_PLACEMENT_3D('',#19672,#19673,#19674);
#14923=CARTESIAN_POINT('',(19.7658080629397,174.049801751169,1.6));
#14924=CARTESIAN_POINT('',(14.4067367267037,171.378361486782,1.6));
#14925=VECTOR('',#19675,1.0);
#14926=AXIS2_PLACEMENT_3D('',#19676,#19677,#19678);
#14927=CARTESIAN_POINT('',(23.6135944285314,174.133827901962,3.9));
#14928=AXIS2_PLACEMENT_3D('',#19679,#19680,#19681);
#14929=CARTESIAN_POINT('',(23.6135944285314,174.133827901962,4.65));
#14930=VECTOR('',#19682,1.0);
#14931=CARTESIAN_POINT('',(20.1227134387066,174.133827901962,3.9));
#14932=CARTESIAN_POINT('',(8.3,174.133827901958,3.9));
#14933=VECTOR('',#19683,1.0);
#14934=CARTESIAN_POINT('',(20.1227134387066,174.133827901962,4.65));
#14935=VECTOR('',#19684,1.0);
#14936=CARTESIAN_POINT('',(14.5800720045636,171.464767285747,3.9));
#14937=CARTESIAN_POINT('',(14.5800720045636,171.464767285747,4.65));
#14938=VECTOR('',#19685,1.0);
#14939=CARTESIAN_POINT('',(19.7658080629396,174.049801751169,3.9));
#14940=CARTESIAN_POINT('',(8.3,168.334217949184,3.9));
#14941=VECTOR('',#19686,1.0);
#14942=CARTESIAN_POINT('',(19.7658080629397,174.049801751169,4.65));
#14943=VECTOR('',#19687,1.0);
#14944=AXIS2_PLACEMENT_3D('',#19688,#19689,#19690);
#14945=AXIS2_PLACEMENT_3D('',#19691,#19692,#19693);
#14946=CARTESIAN_POINT('',(15.0697426756729,168.64518374365,3.85));
#14947=CARTESIAN_POINT('',(21.8681539336194,170.678452977295,3.85));
#14948=AXIS2_PLACEMENT_3D('',#19694,#19695,#19696);
#14949=CARTESIAN_POINT('',(28.6665651915651,168.64518374365,3.85));
#14950=AXIS2_PLACEMENT_3D('',#19697,#19698,#19699);
#14951=AXIS2_PLACEMENT_3D('',#19700,#19701,#19702);
#14952=CARTESIAN_POINT('',(28.6665651915699,150.211853261508,3.85));
#14953=AXIS2_PLACEMENT_3D('',#19703,#19704,#19705);
#14954=CARTESIAN_POINT('',(21.8681539336194,148.178584027859,3.85));
#14955=AXIS2_PLACEMENT_3D('',#19706,#19707,#19708);
#14956=CARTESIAN_POINT('',(15.0697426756681,150.211853261508,3.85));
#14957=AXIS2_PLACEMENT_3D('',#19709,#19710,#19711);
#14958=CARTESIAN_POINT('',(13.8283326145252,149.544652273857,3.85));
#14959=AXIS2_PLACEMENT_3D('',#19712,#19713,#19714);
#14960=CARTESIAN_POINT('',(13.8283326145307,169.312384731301,3.85));
#14961=CARTESIAN_POINT('',(13.828332615004,1956.24203364638,3.85));
#14962=VECTOR('',#19715,1.0);
#14963=AXIS2_PLACEMENT_3D('',#19716,#19717,#19718);
#14964=AXIS2_PLACEMENT_3D('',#19719,#19720,#19721);
#14965=CARTESIAN_POINT('',(20.209708166464,155.422984132537,3.85));
#14966=AXIS2_PLACEMENT_3D('',#19722,#19723,#19724);
#14967=AXIS2_PLACEMENT_3D('',#19725,#19726,#19727);
#14968=AXIS2_PLACEMENT_3D('',#19728,#19729,#19730);
#14969=AXIS2_PLACEMENT_3D('',#19731,#19732,#19733);
#14970=AXIS2_PLACEMENT_3D('',#19734,#19735,#19736);
#14971=CARTESIAN_POINT('',(28.6665651915651,168.64518374365,1.9));
#14972=VECTOR('',#19737,1.0);
#14973=CARTESIAN_POINT('',(15.0697426756681,150.211853261507,1.6));
#14974=CARTESIAN_POINT('',(21.8681539336192,148.178584027859,1.6));
#14975=AXIS2_PLACEMENT_3D('',#19738,#19739,#19740);
#14976=CARTESIAN_POINT('',(15.0697426756681,150.211853261508,1.9));
#14977=VECTOR('',#19741,1.0);
#14978=CARTESIAN_POINT('',(21.8681539336192,148.178584027859,1.9));
#14979=VECTOR('',#19742,1.0);
#14980=CARTESIAN_POINT('',(28.6665651915699,150.211853261508,1.6));
#14981=CARTESIAN_POINT('',(28.6665651915699,150.211853261508,1.9));
#14982=VECTOR('',#19743,1.0);
#14983=AXIS2_PLACEMENT_3D('',#19744,#19745,#19746);
#14984=AXIS2_PLACEMENT_3D('',#19747,#19748,#19749);
#14985=CARTESIAN_POINT('',(-1851.33651818514,145.899999999503,1.6));
#14986=VECTOR('',#19750,1.0);
#14987=CARTESIAN_POINT('',(13.8283326145252,149.544652273857,1.6));
#14988=CARTESIAN_POINT('',(13.828332615004,1956.24203364638,1.6));
#14989=VECTOR('',#19751,1.0);
#14990=AXIS2_PLACEMENT_3D('',#19752,#19753,#19754);
#14991=CARTESIAN_POINT('',(13.8283326145252,149.544652273857,1.9));
#14992=VECTOR('',#19755,1.0);
#14993=CARTESIAN_POINT('',(13.8283326145307,169.312384731301,1.9));
#14994=VECTOR('',#19756,1.0);
#14995=CARTESIAN_POINT('',(15.0697426756729,168.64518374365,1.9));
#14996=VECTOR('',#19757,1.0);
#14997=CARTESIAN_POINT('',(20.209708166464,155.422984132537,1.6));
#14998=CARTESIAN_POINT('',(20.209708166464,155.422984132537,1.9));
#14999=VECTOR('',#19758,1.0);
#15000=AXIS2_PLACEMENT_3D('',#19759,#19760,#19761);
#15001=AXIS2_PLACEMENT_3D('',#19762,#19763,#19764);
#15002=AXIS2_PLACEMENT_3D('',#19765,#19766,#19767);
#15003=AXIS2_PLACEMENT_3D('',#19768,#19769,#19770);
#15004=AXIS2_PLACEMENT_3D('',#19771,#19772,#19773);
#15005=AXIS2_PLACEMENT_3D('',#19774,#19775,#19776);
#15006=CARTESIAN_POINT('',(21.8681539336194,170.678452977295,1.9));
#15007=VECTOR('',#19777,1.0);
#15008=CARTESIAN_POINT('',(13.8283326145286,162.45,3.9));
#15009=VECTOR('',#19778,1.0);
#15010=CARTESIAN_POINT('',(8.3,145.899999999996,3.9));
#15011=VECTOR('',#19779,1.0);
#15012=CARTESIAN_POINT('',(28.2511811526411,180.70003,3.9));
#15013=CARTESIAN_POINT('',(8.3,180.70003,3.9));
#15014=VECTOR('',#19780,1.0);
#15015=CARTESIAN_POINT('',(111.47568365191,180.70003,1.6));
#15016=VECTOR('',#19781,1.0);
#15017=CARTESIAN_POINT('',(33.733762991479,180.70003,3.85));
#15018=CARTESIAN_POINT('',(111.47568365191,180.70003,3.85));
#15019=VECTOR('',#19782,1.0);
#15020=CARTESIAN_POINT('',(33.733762991479,180.70003,1.6));
#15021=CARTESIAN_POINT('',(33.733762991479,180.70003,1.89999441759387));
#15022=VECTOR('',#19783,1.0);
#15023=CARTESIAN_POINT('',(28.2511811526411,180.70003,1.6));
#15024=CARTESIAN_POINT('',(-33.0756836519098,180.70003,1.6));
#15025=VECTOR('',#19784,1.0);
#15026=CARTESIAN_POINT('',(28.2511811526411,180.70003,4.68));
#15027=VECTOR('',#19785,1.0);
#15028=CARTESIAN_POINT('',(50.6379666356769,180.096422851676,3.9));
#15029=AXIS2_PLACEMENT_3D('',#19786,#19787,#19788);
#15030=CARTESIAN_POINT('',(50.6379666356769,180.096422851676,1.6));
#15031=CARTESIAN_POINT('',(50.6379666356769,180.096422851676,2.26));
#15032=VECTOR('',#19789,1.0);
#15033=AXIS2_PLACEMENT_3D('',#19790,#19791,#19792);
#15034=CARTESIAN_POINT('',(50.3727241881891,173.733793646385,3.9));
#15035=CARTESIAN_POINT('',(50.3727241881891,173.733793646385,1.6));
#15036=CARTESIAN_POINT('',(50.3727241881891,173.733793646385,2.26));
#15037=VECTOR('',#19793,1.0);
#15038=CARTESIAN_POINT('',(50.7048607319055,181.701076761172,1.6));
#15039=VECTOR('',#19794,1.0);
#15040=CARTESIAN_POINT('',(49.9023304331632,162.45,3.9));
#15041=VECTOR('',#19795,1.0);
#15042=CARTESIAN_POINT('',(49.8471587115264,172.970790473043,3.9));
#15043=CARTESIAN_POINT('',(49.8471587115264,172.970790473043,3.85));
#15044=CARTESIAN_POINT('',(49.8471587115264,172.970790473043,2.26));
#15045=VECTOR('',#19796,1.0);
#15046=CARTESIAN_POINT('',(49.5034791699792,172.900030344872,3.85));
#15047=AXIS2_PLACEMENT_3D('',#19797,#19798,#19799);
#15048=CARTESIAN_POINT('',(49.5034791699792,172.900030344872,1.6));
#15049=CARTESIAN_POINT('',(49.5034791699792,172.900030344872,2.26));
#15050=VECTOR('',#19800,1.0);
#15051=AXIS2_PLACEMENT_3D('',#19801,#19802,#19803);
#15052=AXIS2_PLACEMENT_3D('',#19804,#19805,#19806);
#15053=CARTESIAN_POINT('',(49.0791751765032,172.900030344872,1.6));
#15054=CARTESIAN_POINT('',(49.0791751765032,172.900030344872,3.85));
#15055=CARTESIAN_POINT('',(49.0791751765032,172.900030344872,2.9));
#15056=VECTOR('',#19807,1.0);
#15057=CARTESIAN_POINT('',(-33.0756836519098,172.900030344872,1.6));
#15058=VECTOR('',#19808,1.0);
#15059=CARTESIAN_POINT('',(-33.0756836519098,172.900030344872,3.85));
#15060=VECTOR('',#19809,1.0);
#15061=CARTESIAN_POINT('',(28.0272758118112,173.733793646385,1.6));
#15062=CARTESIAN_POINT('',(27.6951392680948,181.701076761172,1.6));
#15063=VECTOR('',#19810,1.0);
#15064=AXIS2_PLACEMENT_3D('',#19811,#19812,#19813);
#15065=AXIS2_PLACEMENT_3D('',#19814,#19815,#19816);
#15066=CARTESIAN_POINT('',(30.1643599149877,173.55707835633,1.6));
#15067=AXIS2_PLACEMENT_3D('',#19817,#19818,#19819);
#15068=CARTESIAN_POINT('',(29.3208248234972,172.900030344872,1.6));
#15069=AXIS2_PLACEMENT_3D('',#19820,#19821,#19822);
#15070=CARTESIAN_POINT('',(28.8965208300211,172.900030344872,1.6));
#15071=CARTESIAN_POINT('',(111.47568365191,172.900030344872,1.6));
#15072=VECTOR('',#19823,1.0);
#15073=AXIS2_PLACEMENT_3D('',#19824,#19825,#19826);
#15074=CARTESIAN_POINT('',(30.1643599149877,173.55707835633,3.85));
#15075=CARTESIAN_POINT('',(30.1643599149877,173.55707835633,2.9));
#15076=VECTOR('',#19827,1.0);
#15077=AXIS2_PLACEMENT_3D('',#19828,#19829,#19830);
#15078=CARTESIAN_POINT('',(44.406094613858,179.763714346192,3.85));
#15079=AXIS2_PLACEMENT_3D('',#19831,#19832,#19833);
#15080=CARTESIAN_POINT('',(48.2356400850126,173.55707835633,3.85));
#15081=AXIS2_PLACEMENT_3D('',#19834,#19835,#19836);
#15082=AXIS2_PLACEMENT_3D('',#19837,#19838,#19839);
#15083=CARTESIAN_POINT('',(41.0939385136468,168.607402973132,3.85));
#15084=CARTESIAN_POINT('',(49.8471587115264,172.970790473043,3.85));
#15085=VECTOR('',#19840,1.0);
#15086=CARTESIAN_POINT('',(43.3500000000002,172.300030344872,3.85));
#15087=AXIS2_PLACEMENT_3D('',#19841,#19842,#19843);
#15088=CARTESIAN_POINT('',(35.0500000000002,172.300030344872,3.85));
#15089=AXIS2_PLACEMENT_3D('',#19844,#19845,#19846);
#15090=CARTESIAN_POINT('',(37.3060614863535,168.607402973132,3.85));
#15091=AXIS2_PLACEMENT_3D('',#19847,#19848,#19849);
#15092=CARTESIAN_POINT('',(28.5528412884739,172.970790473043,3.85));
#15093=CARTESIAN_POINT('',(28.5528412884739,172.970790473043,3.85));
#15094=VECTOR('',#19850,1.0);
#15095=CARTESIAN_POINT('',(28.8965208300211,172.900030344872,3.85));
#15096=AXIS2_PLACEMENT_3D('',#19851,#19852,#19853);
#15097=CARTESIAN_POINT('',(29.3208248234972,172.900030344872,3.85));
#15098=CARTESIAN_POINT('',(111.47568365191,172.900030344872,3.85));
#15099=VECTOR('',#19854,1.0);
#15100=AXIS2_PLACEMENT_3D('',#19855,#19856,#19857);
#15101=AXIS2_PLACEMENT_3D('',#19858,#19859,#19860);
#15102=CARTESIAN_POINT('',(48.2356400850126,173.55707835633,1.6));
#15103=AXIS2_PLACEMENT_3D('',#19861,#19862,#19863);
#15104=CARTESIAN_POINT('',(44.406094613858,179.763714346192,1.6));
#15105=AXIS2_PLACEMENT_3D('',#19864,#19865,#19866);
#15106=AXIS2_PLACEMENT_3D('',#19867,#19868,#19869);
#15107=CARTESIAN_POINT('',(44.406094613858,179.763714346192,2.9));
#15108=VECTOR('',#19870,1.0);
#15109=CARTESIAN_POINT('',(48.2356400850126,173.55707835633,2.9));
#15110=VECTOR('',#19871,1.0);
#15111=CARTESIAN_POINT('',(41.0939385136468,168.607402973132,3.9));
#15112=CARTESIAN_POINT('',(8.3,152.259972182124,3.9));
#15113=VECTOR('',#19872,1.0);
#15114=CARTESIAN_POINT('',(41.0939385136468,168.607402973132,2.9));
#15115=VECTOR('',#19873,1.0);
#15116=CARTESIAN_POINT('',(37.3060614863535,168.607402973132,3.9));
#15117=AXIS2_PLACEMENT_3D('',#19874,#19875,#19876);
#15118=CARTESIAN_POINT('',(37.3060614863535,168.607402973132,2.9));
#15119=VECTOR('',#19877,1.0);
#15120=CARTESIAN_POINT('',(35.0500000000002,172.300030344872,1.6));
#15121=CARTESIAN_POINT('',(35.0500000000002,172.300030344872,2.9));
#15122=VECTOR('',#19878,1.0);
#15123=CARTESIAN_POINT('',(43.3500000000002,172.300030344872,1.6));
#15124=AXIS2_PLACEMENT_3D('',#19879,#19880,#19881);
#15125=CARTESIAN_POINT('',(43.3500000000002,172.300030344872,2.9));
#15126=VECTOR('',#19882,1.0);
#15127=CARTESIAN_POINT('',(29.3208248234972,172.900030344872,2.9));
#15128=VECTOR('',#19883,1.0);
#15129=CARTESIAN_POINT('',(28.8965208300211,172.900030344872,2.26));
#15130=VECTOR('',#19884,1.0);
#15131=CARTESIAN_POINT('',(28.5528412884739,172.970790473043,3.9));
#15132=CARTESIAN_POINT('',(28.0272758118112,173.733793646385,3.9));
#15133=AXIS2_PLACEMENT_3D('',#19885,#19886,#19887);
#15134=CARTESIAN_POINT('',(28.0272758118112,173.733793646385,2.26));
#15135=VECTOR('',#19888,1.0);
#15136=CARTESIAN_POINT('',(28.5528412884739,172.970790473043,2.26));
#15137=VECTOR('',#19889,1.0);
#15138=CARTESIAN_POINT('',(28.4976695668371,162.45,3.9));
#15139=VECTOR('',#19890,1.0);
#15140=AXIS2_PLACEMENT_3D('',#19891,#19892,#19893);
#15141=CARTESIAN_POINT('',(8.3,183.066617210866,3.9));
#15142=VECTOR('',#19894,1.0);
#15143=AXIS2_PLACEMENT_3D('',#19895,#19896,#19897);
#15144=CARTESIAN_POINT('',(2.59,177.825,5.02));
#15145=CARTESIAN_POINT('',(2.59,178.05,5.02));
#15146=CARTESIAN_POINT('',(2.59,162.45,5.02));
#15147=VECTOR('',#19898,1.0);
#15148=CARTESIAN_POINT('',(2.765,177.825,5.02));
#15149=CARTESIAN_POINT('',(8.3,177.825,5.02));
#15150=VECTOR('',#19899,1.0);
#15151=CARTESIAN_POINT('',(2.765,175.575,5.02));
#15152=CARTESIAN_POINT('',(2.765,162.45,5.02));
#15153=VECTOR('',#19900,1.0);
#15154=CARTESIAN_POINT('',(2.59,175.575,5.02));
#15155=CARTESIAN_POINT('',(8.3,175.575,5.02));
#15156=VECTOR('',#19901,1.0);
#15157=CARTESIAN_POINT('',(2.59,175.35,5.02));
#15158=CARTESIAN_POINT('',(2.59,162.45,5.02));
#15159=VECTOR('',#19902,1.0);
#15160=CARTESIAN_POINT('',(1.49,175.35,5.02));
#15161=CARTESIAN_POINT('',(8.3,175.35,5.02));
#15162=VECTOR('',#19903,1.0);
#15163=CARTESIAN_POINT('',(1.49,175.575,5.02));
#15164=CARTESIAN_POINT('',(1.49,162.45,5.02));
#15165=VECTOR('',#19904,1.0);
#15166=CARTESIAN_POINT('',(1.315,175.575,5.02));
#15167=CARTESIAN_POINT('',(8.3,175.575,5.02));
#15168=VECTOR('',#19905,1.0);
#15169=CARTESIAN_POINT('',(1.315,177.825,5.02));
#15170=CARTESIAN_POINT('',(1.315,162.45,5.02));
#15171=VECTOR('',#19906,1.0);
#15172=CARTESIAN_POINT('',(1.49,177.825,5.02));
#15173=CARTESIAN_POINT('',(8.3,177.825,5.02));
#15174=VECTOR('',#19907,1.0);
#15175=CARTESIAN_POINT('',(1.49,178.05,5.02));
#15176=CARTESIAN_POINT('',(1.49,162.45,5.02));
#15177=VECTOR('',#19908,1.0);
#15178=CARTESIAN_POINT('',(8.3,178.05,5.02));
#15179=VECTOR('',#19909,1.0);
#15180=CARTESIAN_POINT('',(16.775,179.95,5.02));
#15181=CARTESIAN_POINT('',(16.775,176.95,5.02));
#15182=CARTESIAN_POINT('',(16.775,162.45,5.02));
#15183=VECTOR('',#19910,1.0);
#15184=CARTESIAN_POINT('',(18.225,179.95,5.02));
#15185=CARTESIAN_POINT('',(8.3,179.95,5.02));
#15186=VECTOR('',#19911,1.0);
#15187=CARTESIAN_POINT('',(18.225,176.95,5.02));
#15188=CARTESIAN_POINT('',(18.225,162.45,5.02));
#15189=VECTOR('',#19912,1.0);
#15190=CARTESIAN_POINT('',(8.3,176.95,5.02));
#15191=VECTOR('',#19913,1.0);
#15192=CARTESIAN_POINT('',(25.275,179.8,5.02));
#15193=CARTESIAN_POINT('',(23.825,179.8,5.02));
#15194=CARTESIAN_POINT('',(8.3,179.8,5.02));
#15195=VECTOR('',#19914,1.0);
#15196=CARTESIAN_POINT('',(25.275,176.8,5.02));
#15197=CARTESIAN_POINT('',(25.275,162.45,5.02));
#15198=VECTOR('',#19915,1.0);
#15199=CARTESIAN_POINT('',(23.825,176.8,5.02));
#15200=CARTESIAN_POINT('',(8.3,176.8,5.02));
#15201=VECTOR('',#19916,1.0);
#15202=CARTESIAN_POINT('',(23.825,162.45,5.02));
#15203=VECTOR('',#19917,1.0);
#15204=CARTESIAN_POINT('',(23.6135944285314,174.133827901962,5.02));
#15205=CARTESIAN_POINT('',(23.9704998042984,174.049801751169,5.02));
#15206=AXIS2_PLACEMENT_3D('',#19918,#19919,#19920);
#15207=CARTESIAN_POINT('',(29.1562358626744,171.464767285746,5.02));
#15208=CARTESIAN_POINT('',(8.3,181.861379823888,5.02));
#15209=VECTOR('',#19921,1.0);
#15210=CARTESIAN_POINT('',(29.5701041148555,170.963054992726,5.02));
#15211=AXIS2_PLACEMENT_3D('',#19922,#19923,#19924);
#15212=CARTESIAN_POINT('',(29.8787488806556,169.852752005495,5.02));
#15213=CARTESIAN_POINT('',(31.9365841610152,162.45,5.02));
#15214=VECTOR('',#19925,1.0);
#15215=CARTESIAN_POINT('',(29.9079752527071,169.638490449309,5.02));
#15216=AXIS2_PLACEMENT_3D('',#19926,#19927,#19928);
#15217=CARTESIAN_POINT('',(29.9079752527135,146.700000000002,5.02));
#15218=CARTESIAN_POINT('',(29.9079752527091,162.45,5.02));
#15219=VECTOR('',#19929,1.0);
#15220=CARTESIAN_POINT('',(29.1079752527137,145.900000000001,5.02));
#15221=AXIS2_PLACEMENT_3D('',#19930,#19931,#19932);
#15222=CARTESIAN_POINT('',(14.6283326145242,145.900000000001,5.02));
#15223=CARTESIAN_POINT('',(8.3,145.899999999996,5.02));
#15224=VECTOR('',#19933,1.0);
#15225=CARTESIAN_POINT('',(13.8283326145245,146.700000000001,5.02));
#15226=AXIS2_PLACEMENT_3D('',#19934,#19935,#19936);
#15227=CARTESIAN_POINT('',(13.8283326145306,169.638490449309,5.02));
#15228=CARTESIAN_POINT('',(13.8283326145286,162.45,5.02));
#15229=VECTOR('',#19937,1.0);
#15230=CARTESIAN_POINT('',(13.8575589865824,169.852752005495,5.02));
#15231=AXIS2_PLACEMENT_3D('',#19938,#19939,#19940);
#15232=CARTESIAN_POINT('',(14.1662037523826,170.963054992726,5.02));
#15233=CARTESIAN_POINT('',(11.7997237062231,162.45,5.02));
#15234=VECTOR('',#19941,1.0);
#15235=CARTESIAN_POINT('',(14.5800720045636,171.464767285747,5.02));
#15236=AXIS2_PLACEMENT_3D('',#19942,#19943,#19944);
#15237=CARTESIAN_POINT('',(19.7658080629396,174.049801751169,5.02));
#15238=CARTESIAN_POINT('',(8.3,168.334217949184,5.02));
#15239=VECTOR('',#19945,1.0);
#15240=CARTESIAN_POINT('',(20.1227134387066,174.133827901962,5.02));
#15241=AXIS2_PLACEMENT_3D('',#19946,#19947,#19948);
#15242=CARTESIAN_POINT('',(8.3,174.133827901958,5.02));
#15243=VECTOR('',#19949,1.0);
#15244=CARTESIAN_POINT('',(50.6379666356769,180.096422851676,5.02));
#15245=AXIS2_PLACEMENT_3D('',#19950,#19951,#19952);
#15246=CARTESIAN_POINT('',(50.3727241881891,173.733793646385,5.02));
#15247=CARTESIAN_POINT('',(49.9023304331632,162.45,5.02));
#15248=VECTOR('',#19953,1.0);
#15249=CARTESIAN_POINT('',(49.8471587115264,172.970790473043,5.02));
#15250=AXIS2_PLACEMENT_3D('',#19954,#19955,#19956);
#15251=CARTESIAN_POINT('',(41.0939385136468,168.607402973132,5.02));
#15252=CARTESIAN_POINT('',(8.3,152.259972182124,5.02));
#15253=VECTOR('',#19957,1.0);
#15254=CARTESIAN_POINT('',(37.3060614863535,168.607402973132,5.02));
#15255=AXIS2_PLACEMENT_3D('',#19958,#19959,#19960);
#15256=CARTESIAN_POINT('',(28.5528412884739,172.970790473043,5.02));
#15257=CARTESIAN_POINT('',(8.3,183.066617210866,5.02));
#15258=VECTOR('',#19961,1.0);
#15259=CARTESIAN_POINT('',(28.0272758118112,173.733793646385,5.02));
#15260=AXIS2_PLACEMENT_3D('',#19962,#19963,#19964);
#15261=CARTESIAN_POINT('',(28.4976695668371,162.45,5.02));
#15262=VECTOR('',#19965,1.0);
#15263=CARTESIAN_POINT('',(28.2511811526411,180.70003,5.02));
#15264=AXIS2_PLACEMENT_3D('',#19966,#19967,#19968);
#15265=CARTESIAN_POINT('',(8.3,180.70003,5.02));
#15266=VECTOR('',#19969,1.0);
#15267=CARTESIAN_POINT('',(51.25,168.075,5.02));
#15268=CARTESIAN_POINT('',(51.25,168.3,5.02));
#15269=CARTESIAN_POINT('',(51.25,162.45,5.02));
#15270=VECTOR('',#19970,1.0);
#15271=CARTESIAN_POINT('',(49.55,168.075,5.02));
#15272=CARTESIAN_POINT('',(8.3,168.075,5.02));
#15273=VECTOR('',#19971,1.0);
#15274=CARTESIAN_POINT('',(49.55,168.3,5.02));
#15275=CARTESIAN_POINT('',(49.55,162.45,5.02));
#15276=VECTOR('',#19972,1.0);
#15277=CARTESIAN_POINT('',(49.475,168.3,5.02));
#15278=CARTESIAN_POINT('',(8.3,168.3,5.02));
#15279=VECTOR('',#19973,1.0);
#15280=CARTESIAN_POINT('',(49.475,171.75,5.02));
#15281=CARTESIAN_POINT('',(49.475,162.45,5.02));
#15282=VECTOR('',#19974,1.0);
#15283=CARTESIAN_POINT('',(49.55,171.75,5.02));
#15284=CARTESIAN_POINT('',(8.3,171.75,5.02));
#15285=VECTOR('',#19975,1.0);
#15286=CARTESIAN_POINT('',(49.55,171.975,5.02));
#15287=CARTESIAN_POINT('',(49.55,162.45,5.02));
#15288=VECTOR('',#19976,1.0);
#15289=CARTESIAN_POINT('',(51.25,171.975,5.02));
#15290=CARTESIAN_POINT('',(8.3,171.975,5.02));
#15291=VECTOR('',#19977,1.0);
#15292=CARTESIAN_POINT('',(51.25,171.75,5.02));
#15293=CARTESIAN_POINT('',(51.25,162.45,5.02));
#15294=VECTOR('',#19978,1.0);
#15295=CARTESIAN_POINT('',(51.325,171.75,5.02));
#15296=CARTESIAN_POINT('',(8.3,171.75,5.02));
#15297=VECTOR('',#19979,1.0);
#15298=CARTESIAN_POINT('',(51.325,168.3,5.02));
#15299=CARTESIAN_POINT('',(51.325,162.45,5.02));
#15300=VECTOR('',#19980,1.0);
#15301=CARTESIAN_POINT('',(8.3,168.3,5.02));
#15302=VECTOR('',#19981,1.0);
#15303=CARTESIAN_POINT('',(55.6,166.35,5.02));
#15304=CARTESIAN_POINT('',(55.6,168.05,5.02));
#15305=CARTESIAN_POINT('',(55.6,162.45,5.02));
#15306=VECTOR('',#19982,1.0);
#15307=CARTESIAN_POINT('',(55.375,166.35,5.02));
#15308=CARTESIAN_POINT('',(8.3,166.35,5.02));
#15309=VECTOR('',#19983,1.0);
#15310=CARTESIAN_POINT('',(55.375,166.275,5.02));
#15311=CARTESIAN_POINT('',(55.375,162.45,5.02));
#15312=VECTOR('',#19984,1.0);
#15313=CARTESIAN_POINT('',(51.925,166.275,5.02));
#15314=CARTESIAN_POINT('',(8.3,166.275,5.02));
#15315=VECTOR('',#19985,1.0);
#15316=CARTESIAN_POINT('',(51.925,166.35,5.02));
#15317=CARTESIAN_POINT('',(51.925,162.45,5.02));
#15318=VECTOR('',#19986,1.0);
#15319=CARTESIAN_POINT('',(51.7,166.35,5.02));
#15320=CARTESIAN_POINT('',(8.3,166.35,5.02));
#15321=VECTOR('',#19987,1.0);
#15322=CARTESIAN_POINT('',(51.7,168.05,5.02));
#15323=CARTESIAN_POINT('',(51.7,162.45,5.02));
#15324=VECTOR('',#19988,1.0);
#15325=CARTESIAN_POINT('',(51.925,168.05,5.02));
#15326=CARTESIAN_POINT('',(8.3,168.05,5.02));
#15327=VECTOR('',#19989,1.0);
#15328=CARTESIAN_POINT('',(51.925,168.125,5.02));
#15329=CARTESIAN_POINT('',(51.925,162.45,5.02));
#15330=VECTOR('',#19990,1.0);
#15331=CARTESIAN_POINT('',(55.375,168.125,5.02));
#15332=CARTESIAN_POINT('',(8.3,168.125,5.02));
#15333=VECTOR('',#19991,1.0);
#15334=CARTESIAN_POINT('',(55.375,168.05,5.02));
#15335=CARTESIAN_POINT('',(55.375,162.45,5.02));
#15336=VECTOR('',#19992,1.0);
#15337=CARTESIAN_POINT('',(8.3,168.05,5.02));
#15338=VECTOR('',#19993,1.0);
#15339=CARTESIAN_POINT('',(51.7,164.05,5.02));
#15340=CARTESIAN_POINT('',(51.925,164.05,5.02));
#15341=CARTESIAN_POINT('',(8.3,164.05,5.02));
#15342=VECTOR('',#19994,1.0);
#15343=CARTESIAN_POINT('',(51.7,165.75,5.02));
#15344=CARTESIAN_POINT('',(51.7,162.45,5.02));
#15345=VECTOR('',#19995,1.0);
#15346=CARTESIAN_POINT('',(51.925,165.75,5.02));
#15347=CARTESIAN_POINT('',(8.3,165.75,5.02));
#15348=VECTOR('',#19996,1.0);
#15349=CARTESIAN_POINT('',(51.925,165.825,5.02));
#15350=CARTESIAN_POINT('',(51.925,162.45,5.02));
#15351=VECTOR('',#19997,1.0);
#15352=CARTESIAN_POINT('',(55.375,165.825,5.02));
#15353=CARTESIAN_POINT('',(8.3,165.825,5.02));
#15354=VECTOR('',#19998,1.0);
#15355=CARTESIAN_POINT('',(55.375,165.75,5.02));
#15356=CARTESIAN_POINT('',(55.375,162.45,5.02));
#15357=VECTOR('',#19999,1.0);
#15358=CARTESIAN_POINT('',(55.6,165.75,5.02));
#15359=CARTESIAN_POINT('',(8.3,165.75,5.02));
#15360=VECTOR('',#20000,1.0);
#15361=CARTESIAN_POINT('',(55.6,164.05,5.02));
#15362=CARTESIAN_POINT('',(55.6,162.45,5.02));
#15363=VECTOR('',#20001,1.0);
#15364=CARTESIAN_POINT('',(55.375,164.05,5.02));
#15365=CARTESIAN_POINT('',(8.3,164.05,5.02));
#15366=VECTOR('',#20002,1.0);
#15367=CARTESIAN_POINT('',(55.375,163.975,5.02));
#15368=CARTESIAN_POINT('',(55.375,162.45,5.02));
#15369=VECTOR('',#20003,1.0);
#15370=CARTESIAN_POINT('',(51.925,163.975,5.02));
#15371=CARTESIAN_POINT('',(8.3,163.975,5.02));
#15372=VECTOR('',#20004,1.0);
#15373=CARTESIAN_POINT('',(51.925,162.45,5.02));
#15374=VECTOR('',#20005,1.0);
#15375=CARTESIAN_POINT('',(45.85,164.7,5.02));
#15376=CARTESIAN_POINT('',(45.85,165.7,5.02));
#15377=CARTESIAN_POINT('',(45.85,162.45,5.02));
#15378=VECTOR('',#20006,1.0);
#15379=CARTESIAN_POINT('',(43.75,164.7,5.02));
#15380=CARTESIAN_POINT('',(8.3,164.7,5.02));
#15381=VECTOR('',#20007,1.0);
#15382=CARTESIAN_POINT('',(43.75,165.7,5.02));
#15383=CARTESIAN_POINT('',(43.75,162.45,5.02));
#15384=VECTOR('',#20008,1.0);
#15385=CARTESIAN_POINT('',(8.3,165.7,5.02));
#15386=VECTOR('',#20009,1.0);
#15387=CARTESIAN_POINT('',(52.025,160.75,5.02));
#15388=CARTESIAN_POINT('',(51.8,160.75,5.02));
#15389=CARTESIAN_POINT('',(8.3,160.75,5.02));
#15390=VECTOR('',#20010,1.0);
#15391=CARTESIAN_POINT('',(52.025,160.825,5.02));
#15392=CARTESIAN_POINT('',(52.025,162.45,5.02));
#15393=VECTOR('',#20011,1.0);
#15394=CARTESIAN_POINT('',(55.475,160.825,5.02));
#15395=CARTESIAN_POINT('',(8.3,160.825,5.02));
#15396=VECTOR('',#20012,1.0);
#15397=CARTESIAN_POINT('',(55.475,160.75,5.02));
#15398=CARTESIAN_POINT('',(55.475,162.45,5.02));
#15399=VECTOR('',#20013,1.0);
#15400=CARTESIAN_POINT('',(55.7,160.75,5.02));
#15401=CARTESIAN_POINT('',(8.3,160.75,5.02));
#15402=VECTOR('',#20014,1.0);
#15403=CARTESIAN_POINT('',(55.7,159.05,5.02));
#15404=CARTESIAN_POINT('',(55.7,162.45,5.02));
#15405=VECTOR('',#20015,1.0);
#15406=CARTESIAN_POINT('',(55.475,159.05,5.02));
#15407=CARTESIAN_POINT('',(8.3,159.05,5.02));
#15408=VECTOR('',#20016,1.0);
#15409=CARTESIAN_POINT('',(55.475,158.975,5.02));
#15410=CARTESIAN_POINT('',(55.475,162.45,5.02));
#15411=VECTOR('',#20017,1.0);
#15412=CARTESIAN_POINT('',(52.025,158.975,5.02));
#15413=CARTESIAN_POINT('',(8.3,158.975,5.02));
#15414=VECTOR('',#20018,1.0);
#15415=CARTESIAN_POINT('',(52.025,159.05,5.02));
#15416=CARTESIAN_POINT('',(52.025,162.45,5.02));
#15417=VECTOR('',#20019,1.0);
#15418=CARTESIAN_POINT('',(51.8,159.05,5.02));
#15419=CARTESIAN_POINT('',(8.3,159.05,5.02));
#15420=VECTOR('',#20020,1.0);
#15421=CARTESIAN_POINT('',(51.8,162.45,5.02));
#15422=VECTOR('',#20021,1.0);
#15423=CARTESIAN_POINT('',(52.025,158.525,5.02));
#15424=CARTESIAN_POINT('',(52.025,158.45,5.02));
#15425=CARTESIAN_POINT('',(52.025,162.45,5.02));
#15426=VECTOR('',#20022,1.0);
#15427=CARTESIAN_POINT('',(55.475,158.525,5.02));
#15428=CARTESIAN_POINT('',(8.3,158.525,5.02));
#15429=VECTOR('',#20023,1.0);
#15430=CARTESIAN_POINT('',(55.475,158.45,5.02));
#15431=CARTESIAN_POINT('',(55.475,162.45,5.02));
#15432=VECTOR('',#20024,1.0);
#15433=CARTESIAN_POINT('',(55.7,158.45,5.02));
#15434=CARTESIAN_POINT('',(8.3,158.45,5.02));
#15435=VECTOR('',#20025,1.0);
#15436=CARTESIAN_POINT('',(55.7,156.75,5.02));
#15437=CARTESIAN_POINT('',(55.7,162.45,5.02));
#15438=VECTOR('',#20026,1.0);
#15439=CARTESIAN_POINT('',(55.475,156.75,5.02));
#15440=CARTESIAN_POINT('',(8.3,156.75,5.02));
#15441=VECTOR('',#20027,1.0);
#15442=CARTESIAN_POINT('',(55.475,156.675,5.02));
#15443=CARTESIAN_POINT('',(55.475,162.45,5.02));
#15444=VECTOR('',#20028,1.0);
#15445=CARTESIAN_POINT('',(52.025,156.675,5.02));
#15446=CARTESIAN_POINT('',(8.3,156.675,5.02));
#15447=VECTOR('',#20029,1.0);
#15448=CARTESIAN_POINT('',(52.025,156.75,5.02));
#15449=CARTESIAN_POINT('',(52.025,162.45,5.02));
#15450=VECTOR('',#20030,1.0);
#15451=CARTESIAN_POINT('',(51.8,156.75,5.02));
#15452=CARTESIAN_POINT('',(8.3,156.75,5.02));
#15453=VECTOR('',#20031,1.0);
#15454=CARTESIAN_POINT('',(51.8,158.45,5.02));
#15455=CARTESIAN_POINT('',(51.8,162.45,5.02));
#15456=VECTOR('',#20032,1.0);
#15457=CARTESIAN_POINT('',(8.3,158.45,5.02));
#15458=VECTOR('',#20033,1.0);
#15459=CARTESIAN_POINT('',(54.8,149.0,5.02));
#15460=CARTESIAN_POINT('',(52.305,149.0,5.02));
#15461=CARTESIAN_POINT('',(8.3,149.0,5.02));
#15462=VECTOR('',#20034,1.0);
#15463=CARTESIAN_POINT('',(54.8,148.2,5.02));
#15464=CARTESIAN_POINT('',(54.8,162.45,5.02));
#15465=VECTOR('',#20035,1.0);
#15466=CARTESIAN_POINT('',(55.055,148.2,5.02));
#15467=CARTESIAN_POINT('',(8.3,148.2,5.02));
#15468=VECTOR('',#20036,1.0);
#15469=CARTESIAN_POINT('',(55.055,146.6,5.02));
#15470=CARTESIAN_POINT('',(55.055,162.45,5.02));
#15471=VECTOR('',#20037,1.0);
#15472=CARTESIAN_POINT('',(54.8,146.6,5.02));
#15473=CARTESIAN_POINT('',(8.3,146.6,5.02));
#15474=VECTOR('',#20038,1.0);
#15475=CARTESIAN_POINT('',(54.8,145.8,5.02));
#15476=CARTESIAN_POINT('',(54.8,162.45,5.02));
#15477=VECTOR('',#20039,1.0);
#15478=CARTESIAN_POINT('',(52.3,145.8,5.02));
#15479=CARTESIAN_POINT('',(8.3,145.8,5.02));
#15480=VECTOR('',#20040,1.0);
#15481=CARTESIAN_POINT('',(52.3,146.6,5.02));
#15482=CARTESIAN_POINT('',(52.3,162.45,5.02));
#15483=VECTOR('',#20041,1.0);
#15484=CARTESIAN_POINT('',(52.045,146.6,5.02));
#15485=CARTESIAN_POINT('',(8.3,146.6,5.02));
#15486=VECTOR('',#20042,1.0);
#15487=CARTESIAN_POINT('',(52.045,148.2,5.02));
#15488=CARTESIAN_POINT('',(52.045,162.45,5.02));
#15489=VECTOR('',#20043,1.0);
#15490=CARTESIAN_POINT('',(52.3,148.2,5.02));
#15491=CARTESIAN_POINT('',(8.3,148.2,5.02));
#15492=VECTOR('',#20044,1.0);
#15493=CARTESIAN_POINT('',(52.3,148.995,5.02));
#15494=CARTESIAN_POINT('',(52.3,162.45,5.02));
#15495=VECTOR('',#20045,1.0);
#15496=CARTESIAN_POINT('',(65.7549999999994,162.45,5.02));
#15497=VECTOR('',#20046,1.0);
#15498=CARTESIAN_POINT('',(41.15,152.9,5.02));
#15499=CARTESIAN_POINT('',(41.15,151.9,5.02));
#15500=CARTESIAN_POINT('',(41.15,162.45,5.02));
#15501=VECTOR('',#20047,1.0);
#15502=CARTESIAN_POINT('',(43.25,152.9,5.02));
#15503=CARTESIAN_POINT('',(8.3,152.9,5.02));
#15504=VECTOR('',#20048,1.0);
#15505=CARTESIAN_POINT('',(43.25,151.9,5.02));
#15506=CARTESIAN_POINT('',(43.25,162.45,5.02));
#15507=VECTOR('',#20049,1.0);
#15508=CARTESIAN_POINT('',(8.3,151.9,5.02));
#15509=VECTOR('',#20050,1.0);
#15510=CARTESIAN_POINT('',(33.25,147.15,5.02));
#15511=CARTESIAN_POINT('',(34.25,147.15,5.02));
#15512=CARTESIAN_POINT('',(8.3,147.15,5.02));
#15513=VECTOR('',#20051,1.0);
#15514=CARTESIAN_POINT('',(33.25,149.25,5.02));
#15515=CARTESIAN_POINT('',(33.25,162.45,5.02));
#15516=VECTOR('',#20052,1.0);
#15517=CARTESIAN_POINT('',(34.25,149.25,5.02));
#15518=CARTESIAN_POINT('',(8.3,149.25,5.02));
#15519=VECTOR('',#20053,1.0);
#15520=CARTESIAN_POINT('',(34.25,162.45,5.02));
#15521=VECTOR('',#20054,1.0);
#15522=CARTESIAN_POINT('',(0.9,153.125,5.02));
#15523=CARTESIAN_POINT('',(0.9,151.675,5.02));
#15524=CARTESIAN_POINT('',(0.9,162.45,5.02));
#15525=VECTOR('',#20055,1.0);
#15526=CARTESIAN_POINT('',(3.9,153.125,5.02));
#15527=CARTESIAN_POINT('',(8.3,153.125,5.02));
#15528=VECTOR('',#20056,1.0);
#15529=CARTESIAN_POINT('',(3.9,151.675,5.02));
#15530=CARTESIAN_POINT('',(3.9,162.45,5.02));
#15531=VECTOR('',#20057,1.0);
#15532=CARTESIAN_POINT('',(8.3,151.675,5.02));
#15533=VECTOR('',#20058,1.0);
#15534=CARTESIAN_POINT('',(4.25,156.475,5.02));
#15535=CARTESIAN_POINT('',(4.25,157.925,5.02));
#15536=CARTESIAN_POINT('',(4.25,162.45,5.02));
#15537=VECTOR('',#20059,1.0);
#15538=CARTESIAN_POINT('',(1.25,156.475,5.02));
#15539=CARTESIAN_POINT('',(8.3,156.475,5.02));
#15540=VECTOR('',#20060,1.0);
#15541=CARTESIAN_POINT('',(1.25,157.925,5.02));
#15542=CARTESIAN_POINT('',(1.25,162.45,5.02));
#15543=VECTOR('',#20061,1.0);
#15544=CARTESIAN_POINT('',(8.3,157.925,5.02));
#15545=VECTOR('',#20062,1.0);
#15546=CARTESIAN_POINT('',(1.25,160.575,5.02));
#15547=CARTESIAN_POINT('',(1.25,159.125,5.02));
#15548=CARTESIAN_POINT('',(1.25,162.45,5.02));
#15549=VECTOR('',#20063,1.0);
#15550=CARTESIAN_POINT('',(4.25,160.575,5.02));
#15551=CARTESIAN_POINT('',(8.3,160.575,5.02));
#15552=VECTOR('',#20064,1.0);
#15553=CARTESIAN_POINT('',(4.25,159.125,5.02));
#15554=CARTESIAN_POINT('',(4.25,162.45,5.02));
#15555=VECTOR('',#20065,1.0);
#15556=CARTESIAN_POINT('',(8.3,159.125,5.02));
#15557=VECTOR('',#20066,1.0);
#15558=CARTESIAN_POINT('',(2.59,177.825,5.35));
#15559=CARTESIAN_POINT('',(2.59,177.825,3.9));
#15560=VECTOR('',#20067,1.0);
#15561=CARTESIAN_POINT('',(2.765,177.825,5.35));
#15562=CARTESIAN_POINT('',(2.69,177.825,5.35));
#15563=VECTOR('',#20068,1.0);
#15564=CARTESIAN_POINT('',(2.765,177.825,3.9));
#15565=VECTOR('',#20069,1.0);
#15566=CARTESIAN_POINT('',(2.765,175.575,5.35));
#15567=CARTESIAN_POINT('',(2.765,175.575,3.9));
#15568=VECTOR('',#20070,1.0);
#15569=CARTESIAN_POINT('',(2.59,175.575,5.35));
#15570=CARTESIAN_POINT('',(2.69,175.575,5.35));
#15571=VECTOR('',#20071,1.0);
#15572=CARTESIAN_POINT('',(2.59,175.575,3.9));
#15573=VECTOR('',#20072,1.0);
#15574=CARTESIAN_POINT('',(1.49,175.575,5.35));
#15575=CARTESIAN_POINT('',(1.49,175.575,3.9));
#15576=VECTOR('',#20073,1.0);
#15577=CARTESIAN_POINT('',(1.315,175.575,5.35));
#15578=CARTESIAN_POINT('',(1.39,175.575,5.35));
#15579=VECTOR('',#20074,1.0);
#15580=CARTESIAN_POINT('',(1.315,175.575,3.9));
#15581=VECTOR('',#20075,1.0);
#15582=CARTESIAN_POINT('',(1.315,177.825,5.35));
#15583=CARTESIAN_POINT('',(1.315,177.825,3.9));
#15584=VECTOR('',#20076,1.0);
#15585=CARTESIAN_POINT('',(1.49,177.825,5.35));
#15586=CARTESIAN_POINT('',(1.39,177.825,5.35));
#15587=VECTOR('',#20077,1.0);
#15588=CARTESIAN_POINT('',(1.49,177.825,3.9));
#15589=VECTOR('',#20078,1.0);
#15590=CARTESIAN_POINT('',(2.59,178.05,5.35));
#15591=CARTESIAN_POINT('',(2.59,178.05,5.35));
#15592=VECTOR('',#20079,1.0);
#15593=CARTESIAN_POINT('',(1.49,178.05,5.35));
#15594=CARTESIAN_POINT('',(1.49,178.05,5.35));
#15595=VECTOR('',#20080,1.0);
#15596=CARTESIAN_POINT('',(1.49,177.825,5.35));
#15597=VECTOR('',#20081,1.0);
#15598=CARTESIAN_POINT('',(1.315,175.575,5.35));
#15599=VECTOR('',#20082,1.0);
#15600=CARTESIAN_POINT('',(1.49,175.35,5.35));
#15601=CARTESIAN_POINT('',(1.49,175.35,5.35));
#15602=VECTOR('',#20083,1.0);
#15603=CARTESIAN_POINT('',(2.59,175.35,5.35));
#15604=CARTESIAN_POINT('',(2.59,175.35,5.35));
#15605=VECTOR('',#20084,1.0);
#15606=CARTESIAN_POINT('',(2.59,175.575,5.35));
#15607=VECTOR('',#20085,1.0);
#15608=CARTESIAN_POINT('',(2.765,177.825,5.35));
#15609=VECTOR('',#20086,1.0);
#15610=CARTESIAN_POINT('',(1.49,178.05,3.9));
#15611=VECTOR('',#20087,1.0);
#15612=CARTESIAN_POINT('',(2.59,178.05,3.9));
#15613=VECTOR('',#20088,1.0);
#15614=CARTESIAN_POINT('',(1.49,175.35,3.9));
#15615=VECTOR('',#20089,1.0);
#15616=CARTESIAN_POINT('',(2.59,175.35,3.9));
#15617=VECTOR('',#20090,1.0);
#15618=CARTESIAN_POINT('',(16.775,179.95,5.35));
#15619=CARTESIAN_POINT('',(18.225,179.95,5.35));
#15620=CARTESIAN_POINT('',(16.775,179.95,5.35));
#15621=VECTOR('',#20091,1.0);
#15622=CARTESIAN_POINT('',(16.775,176.95,5.35));
#15623=CARTESIAN_POINT('',(16.775,176.95,5.35));
#15624=VECTOR('',#20092,1.0);
#15625=CARTESIAN_POINT('',(18.225,176.95,5.35));
#15626=CARTESIAN_POINT('',(18.225,176.95,5.35));
#15627=VECTOR('',#20093,1.0);
#15628=CARTESIAN_POINT('',(18.225,179.95,5.35));
#15629=VECTOR('',#20094,1.0);
#15630=CARTESIAN_POINT('',(18.225,176.95,3.9));
#15631=VECTOR('',#20095,1.0);
#15632=CARTESIAN_POINT('',(16.775,176.95,3.9));
#15633=VECTOR('',#20096,1.0);
#15634=CARTESIAN_POINT('',(18.225,179.95,3.9));
#15635=VECTOR('',#20097,1.0);
#15636=CARTESIAN_POINT('',(16.775,179.95,3.9));
#15637=VECTOR('',#20098,1.0);
#15638=CARTESIAN_POINT('',(23.825,179.8,5.35));
#15639=CARTESIAN_POINT('',(25.275,179.8,5.35));
#15640=CARTESIAN_POINT('',(23.825,179.8,5.35));
#15641=VECTOR('',#20099,1.0);
#15642=CARTESIAN_POINT('',(23.825,176.8,5.35));
#15643=CARTESIAN_POINT('',(23.825,176.8,5.35));
#15644=VECTOR('',#20100,1.0);
#15645=CARTESIAN_POINT('',(25.275,176.8,5.35));
#15646=CARTESIAN_POINT('',(25.275,176.8,5.35));
#15647=VECTOR('',#20101,1.0);
#15648=CARTESIAN_POINT('',(25.275,179.8,5.35));
#15649=VECTOR('',#20102,1.0);
#15650=CARTESIAN_POINT('',(23.825,176.8,3.9));
#15651=VECTOR('',#20103,1.0);
#15652=CARTESIAN_POINT('',(23.825,179.8,3.9));
#15653=VECTOR('',#20104,1.0);
#15654=CARTESIAN_POINT('',(25.275,176.8,3.9));
#15655=VECTOR('',#20105,1.0);
#15656=CARTESIAN_POINT('',(25.275,179.8,3.9));
#15657=VECTOR('',#20106,1.0);
#15658=CARTESIAN_POINT('',(23.9704998042985,174.049801751169,6.9));
#15659=CARTESIAN_POINT('',(23.9704998042985,174.049801751169,4.65));
#15660=VECTOR('',#20107,1.0);
#15661=CARTESIAN_POINT('',(29.1562358626746,171.464767285747,6.9));
#15662=CARTESIAN_POINT('',(21.8276715431539,175.117978929141,6.9));
#15663=VECTOR('',#20108,1.0);
#15664=CARTESIAN_POINT('',(29.1562358626746,171.464767285747,4.65));
#15665=VECTOR('',#20109,1.0);
#15666=CARTESIAN_POINT('',(29.5701041148557,170.963054992726,6.9));
#15667=AXIS2_PLACEMENT_3D('',#20110,#20111,#20112);
#15668=CARTESIAN_POINT('',(29.5701041148557,170.963054992726,4.65));
#15669=VECTOR('',#20113,1.0);
#15670=CARTESIAN_POINT('',(29.8787488806554,169.852752005495,6.9));
#15671=CARTESIAN_POINT('',(-466.706154340108,1956.24203364612,6.9));
#15672=VECTOR('',#20114,1.0);
#15673=CARTESIAN_POINT('',(29.8787488806554,169.852752005495,4.65));
#15674=VECTOR('',#20115,1.0);
#15675=CARTESIAN_POINT('',(29.9079752527071,169.638490449309,6.9));
#15676=AXIS2_PLACEMENT_3D('',#20116,#20117,#20118);
#15677=CARTESIAN_POINT('',(29.9079752527071,169.638490449309,4.65));
#15678=VECTOR('',#20119,1.0);
#15679=CARTESIAN_POINT('',(29.9079752527135,146.700000000002,6.9));
#15680=CARTESIAN_POINT('',(29.9079752527135,146.700000000002,4.65));
#15681=VECTOR('',#20120,1.0);
#15682=CARTESIAN_POINT('',(29.9079752522339,1956.24203364638,6.9));
#15683=VECTOR('',#20121,1.0);
#15684=CARTESIAN_POINT('',(20.1227134387066,174.133827901962,6.9));
#15685=CARTESIAN_POINT('',(23.6135944285314,174.133827901962,6.9));
#15686=CARTESIAN_POINT('',(-1851.33651818515,174.133827901465,6.9));
#15687=VECTOR('',#20122,1.0);
#15688=CARTESIAN_POINT('',(19.7658080629397,174.049801751169,6.9));
#15689=AXIS2_PLACEMENT_3D('',#20123,#20124,#20125);
#15690=CARTESIAN_POINT('',(14.5800720045636,171.464767285747,6.9));
#15691=CARTESIAN_POINT('',(21.908636324084,175.117978929141,6.9));
#15692=VECTOR('',#20126,1.0);
#15693=CARTESIAN_POINT('',(14.166203752382,170.963054992726,6.9));
#15694=AXIS2_PLACEMENT_3D('',#20127,#20128,#20129);
#15695=CARTESIAN_POINT('',(13.8575589865825,169.852752005495,6.9));
#15696=CARTESIAN_POINT('',(510.442462207346,1956.24203364612,6.9));
#15697=VECTOR('',#20130,1.0);
#15698=CARTESIAN_POINT('',(13.8283326145307,169.638490449309,6.9));
#15699=AXIS2_PLACEMENT_3D('',#20131,#20132,#20133);
#15700=CARTESIAN_POINT('',(13.8283326145245,146.700000000001,6.9));
#15701=CARTESIAN_POINT('',(13.828332615004,1956.24203364638,6.9));
#15702=VECTOR('',#20134,1.0);
#15703=CARTESIAN_POINT('',(14.6283326145242,145.900000000001,6.9));
#15704=AXIS2_PLACEMENT_3D('',#20135,#20136,#20137);
#15705=CARTESIAN_POINT('',(29.1079752527137,145.900000000001,6.9));
#15706=CARTESIAN_POINT('',(-1851.33651818514,145.899999999504,6.9));
#15707=VECTOR('',#20138,1.0);
#15708=AXIS2_PLACEMENT_3D('',#20139,#20140,#20141);
#15709=AXIS2_PLACEMENT_3D('',#20142,#20143,#20144);
#15710=CARTESIAN_POINT('',(20.1227134387066,174.133827901962,4.65));
#15711=VECTOR('',#20145,1.0);
#15712=CARTESIAN_POINT('',(19.7658080629397,174.049801751169,4.65));
#15713=VECTOR('',#20146,1.0);
#15714=CARTESIAN_POINT('',(14.5800720045636,171.464767285747,4.65));
#15715=VECTOR('',#20147,1.0);
#15716=CARTESIAN_POINT('',(14.166203752382,170.963054992726,4.65));
#15717=VECTOR('',#20148,1.0);
#15718=CARTESIAN_POINT('',(13.8575589865825,169.852752005495,4.65));
#15719=VECTOR('',#20149,1.0);
#15720=CARTESIAN_POINT('',(13.8283326145307,169.638490449309,4.65));
#15721=VECTOR('',#20150,1.0);
#15722=CARTESIAN_POINT('',(13.8283326145245,146.700000000001,4.65));
#15723=VECTOR('',#20151,1.0);
#15724=CARTESIAN_POINT('',(14.6283326145242,145.900000000001,4.65));
#15725=VECTOR('',#20152,1.0);
#15726=CARTESIAN_POINT('',(29.1079752527137,145.900000000001,4.65));
#15727=VECTOR('',#20153,1.0);
#15728=CARTESIAN_POINT('',(23.6135944285314,174.133827901962,4.65));
#15729=VECTOR('',#20154,1.0);
#15730=CARTESIAN_POINT('',(50.2473667866997,173.318886006894,5.26));
#15731=CARTESIAN_POINT('',(50.2473667866997,181.701076761172,5.26));
#15732=VECTOR('',#20155,1.0);
#15733=CARTESIAN_POINT('',(50.3727241881891,173.733793646385,5.26));
#15734=AXIS2_PLACEMENT_3D('',#20156,#20157,#20158);
#15735=CARTESIAN_POINT('',(50.6379666356769,180.096422851676,5.26));
#15736=CARTESIAN_POINT('',(50.7048607319055,181.701076761172,5.26));
#15737=VECTOR('',#20159,1.0);
#15738=AXIS2_PLACEMENT_3D('',#20160,#20161,#20162);
#15739=CARTESIAN_POINT('',(50.6379666356769,180.096422851676,2.26));
#15740=VECTOR('',#20163,1.0);
#15741=CARTESIAN_POINT('',(50.3727241881891,173.733793646385,2.26));
#15742=VECTOR('',#20164,1.0);
#15743=CARTESIAN_POINT('',(49.8471587115264,172.970790473043,5.4602776341911));
#15744=CARTESIAN_POINT('',(49.8471587115264,172.970790473043,5.46027763419108));
#15745=CARTESIAN_POINT('',(49.8543511333335,172.973883271984,5.4506738621153));
#15746=CARTESIAN_POINT('',(49.8618734273807,172.977233037998,5.44135176779042));
#15747=CARTESIAN_POINT('',(49.8696773008572,172.980854237187,5.43235590607479));
#15748=CARTESIAN_POINT('',(49.8774811058655,172.984475404604,5.42336012328527));
#15749=CARTESIAN_POINT('',(49.8855654214201,172.988367707292,5.41469186994053));
#15750=CARTESIAN_POINT('',(49.893871378346,172.992538271828,5.40638863667427));
#15751=CARTESIAN_POINT('',(49.9021773553522,172.996708846446,5.39808538333439));
#15752=CARTESIAN_POINT('',(49.9107036844226,173.001157214772,5.39014834334543));
#15753=CARTESIAN_POINT('',(49.9193851927566,173.005882335506,5.38260355852943));
#15754=CARTESIAN_POINT('',(49.9280668229426,173.010607522561,5.37505866781628));
#15755=CARTESIAN_POINT('',(49.936902251728,173.015608831114,5.36790700805799));
#15756=CARTESIAN_POINT('',(49.9458256308605,173.02087775124,5.36116051933745));
#15757=CARTESIAN_POINT('',(49.9547440407058,173.026143737189,5.3544177876286));
#15758=CARTESIAN_POINT('',(49.9637583740016,173.031680406881,5.34807091852028));
#15759=CARTESIAN_POINT('',(49.9728879051254,173.037530898205,5.34207495460335));
#15760=CARTESIAN_POINT('',(49.9820117006393,173.043377713969,5.33608275763899));
#15761=CARTESIAN_POINT('',(49.9912254865924,173.049523254848,5.33045987358614));
#15762=CARTESIAN_POINT('',(50.0004727829131,173.055959375917,5.32520884220729));
#15763=CARTESIAN_POINT('',(50.0097200097619,173.062395448634,5.31995785027771));
#15764=CARTESIAN_POINT('',(50.0189996709437,173.069121485631,5.31507927321781));
#15765=CARTESIAN_POINT('',(50.0282537305452,173.076119932366,5.31056761507051));
#15766=CARTESIAN_POINT('',(50.0375077992805,173.083118386008,5.30605595247024));
#15767=CARTESIAN_POINT('',(50.046735254329,173.090388556215,5.30191157825954));
#15768=CARTESIAN_POINT('',(50.0558806593946,173.097904914248,5.29812007723873));
#15769=CARTESIAN_POINT('',(50.065026144769,173.105421338284,5.29432854292349));
#15770=CARTESIAN_POINT('',(50.0740887218389,173.113183246433,5.29089007238379));
#15771=CARTESIAN_POINT('',(50.0830191096269,173.12115943448,5.287781998394));
#15772=CARTESIAN_POINT('',(50.0919488719864,173.129135063925,5.28467414207421));
#15773=CARTESIAN_POINT('',(50.1007383800482,173.137315363662,5.28189757502554));
#15774=CARTESIAN_POINT('',(50.1094327322467,173.145754540139,5.27940225071044));
#15775=CARTESIAN_POINT('',(50.1181219225234,173.154188706194,5.27690840789376));
#15776=CARTESIAN_POINT('',(50.1266916974993,173.162859745388,5.27470398869415));
#15777=CARTESIAN_POINT('',(50.1351137432228,173.171751341493,5.27276365670177));
#15778=CARTESIAN_POINT('',(50.1435357590418,173.180642906027,5.27082333159898));
#15779=CARTESIAN_POINT('',(50.151809783491,173.189754777587,5.26914713641172));
#15780=CARTESIAN_POINT('',(50.1599094155834,173.199066832328,5.26770820823608));
#15781=CARTESIAN_POINT('',(50.1680090393342,173.208378877478,5.26626928154235));
#15782=CARTESIAN_POINT('',(50.1759340454749,173.217890855108,5.26506762797482));
#15783=CARTESIAN_POINT('',(50.1836608934534,173.227579588534,5.2640750468407));
#15784=CARTESIAN_POINT('',(50.1913877504523,173.237268333271,5.26308246454783));
#15785=CARTESIAN_POINT('',(50.1989162665418,173.247133595354,5.26229893531233));
#15786=CARTESIAN_POINT('',(50.2062264268843,173.257149956368,5.26169540359905));
#15787=CARTESIAN_POINT('',(50.2135366107672,173.267166349637,5.26109186994227));
#15788=CARTESIAN_POINT('',(50.2206282961252,173.277333619886,5.26066829889391));
#15789=CARTESIAN_POINT('',(50.2274854199827,173.287624965595,5.26039542510355));
#15790=CARTESIAN_POINT('',(50.2343442760882,173.297918911105,5.26012248237975));
#15791=CARTESIAN_POINT('',(50.2409566365589,173.308316371168,5.25999999999925));
#15792=CARTESIAN_POINT('',(50.2473667867578,173.31888600699,5.26));
#15793=CARTESIAN_POINT('',(49.8471587115264,172.970790473043,2.26));
#15794=VECTOR('',#20165,1.0);
#15795=CARTESIAN_POINT('',(49.7473667866997,172.921045256136,5.76));
#15796=CARTESIAN_POINT('',(49.7473667866997,172.921045256136,6.6));
#15797=CARTESIAN_POINT('',(49.7473667866997,172.921045256136,2.26));
#15798=VECTOR('',#20166,1.0);
#15799=CARTESIAN_POINT('',(49.4473667866997,172.771498435608,6.9));
#15800=CARTESIAN_POINT('',(54.0873667866997,175.084489259772,2.26));
#15801=VECTOR('',#20167,1.0);
#15802=CARTESIAN_POINT('',(41.0939385136468,168.607402973132,6.9));
#15803=CARTESIAN_POINT('',(-33.0756836519098,131.634632391089,6.9));
#15804=VECTOR('',#20168,1.0);
#15805=CARTESIAN_POINT('',(41.0939385136468,168.607402973132,2.9));
#15806=VECTOR('',#20169,1.0);
#15807=AXIS2_PLACEMENT_3D('',#20170,#20171,#20172);
#15808=CARTESIAN_POINT('',(37.3060614863535,168.607402973132,6.9));
#15809=AXIS2_PLACEMENT_3D('',#20173,#20174,#20175);
#15810=CARTESIAN_POINT('',(37.3060614863535,168.607402973132,2.9));
#15811=VECTOR('',#20176,1.0);
#15812=CARTESIAN_POINT('',(49.4473667866997,180.40003,6.9));
#15813=CARTESIAN_POINT('',(28.9526330000003,180.40003,6.9));
#15814=CARTESIAN_POINT('',(39.04999989335,180.40003,6.9));
#15815=VECTOR('',#20177,1.0);
#15816=CARTESIAN_POINT('',(28.9526330000003,172.771498541936,6.9));
#15817=CARTESIAN_POINT('',(28.9526330000003,176.660537681232,6.9));
#15818=VECTOR('',#20178,1.0);
#15819=CARTESIAN_POINT('',(111.47568365191,131.634632391089,6.9));
#15820=VECTOR('',#20179,1.0);
#15821=CARTESIAN_POINT('',(49.4473667866997,176.810537628068,6.9));
#15822=VECTOR('',#20180,1.0);
#15823=CARTESIAN_POINT('',(49.7473667866997,180.70003,6.6));
#15824=CARTESIAN_POINT('',(49.7473667866997,176.810537628068,6.6));
#15825=VECTOR('',#20181,1.0);
#15826=CARTESIAN_POINT('',(50.7484135478721,181.701076761172,5.59895323882757));
#15827=VECTOR('',#20182,1.0);
#15828=CARTESIAN_POINT('',(28.6526330000003,180.70003,6.59999999999999));
#15829=CARTESIAN_POINT('',(39.04999989335,180.70003,6.6));
#15830=VECTOR('',#20183,1.0);
#15831=CARTESIAN_POINT('',(27.6515862388279,181.701076761172,5.59895323882757));
#15832=VECTOR('',#20184,1.0);
#15833=CARTESIAN_POINT('',(28.6526330000003,172.921045362464,6.59999999999999));
#15834=CARTESIAN_POINT('',(28.6526330000003,176.660537681232,6.6));
#15835=VECTOR('',#20185,1.0);
#15836=CARTESIAN_POINT('',(28.6526330000003,180.70003,5.76));
#15837=CARTESIAN_POINT('',(28.6526330000003,180.70003,5.26));
#15838=VECTOR('',#20186,1.0);
#15839=CARTESIAN_POINT('',(28.6526330000003,172.921045362464,5.76));
#15840=CARTESIAN_POINT('',(28.6526330000003,181.701076761172,5.76));
#15841=VECTOR('',#20187,1.0);
#15842=CARTESIAN_POINT('',(28.6526330000003,172.921045362464,2.26));
#15843=VECTOR('',#20188,1.0);
#15844=CARTESIAN_POINT('',(24.3126330000003,175.0844893661,2.26));
#15845=VECTOR('',#20189,1.0);
#15846=CARTESIAN_POINT('',(28.5528412884739,172.970790473043,5.46027791900325));
#15847=AXIS2_PLACEMENT_3D('',#20190,#20191,#20192);
#15848=CARTESIAN_POINT('',(28.5528412884739,172.970790473043,2.26));
#15849=VECTOR('',#20193,1.0);
#15850=CARTESIAN_POINT('',(28.1526330000003,173.318886358603,5.26));
#15851=CARTESIAN_POINT('',(28.0272758118112,173.733793646385,5.26));
#15852=AXIS2_PLACEMENT_3D('',#20194,#20195,#20196);
#15853=CARTESIAN_POINT('',(28.0272758118112,173.733793646385,2.26));
#15854=VECTOR('',#20197,1.0);
#15855=CARTESIAN_POINT('',(28.5528412884739,172.970790473043,5.46027791900324));
#15856=CARTESIAN_POINT('',(28.5456488671592,172.973883271772,5.45067413334029));
#15857=CARTESIAN_POINT('',(28.538126572635,172.977233037974,5.44135202544095));
#15858=CARTESIAN_POINT('',(28.5303226977141,172.98085423785,5.43235615030809));
#15859=CARTESIAN_POINT('',(28.5225188912627,172.984475405954,5.42336035410305));
#15860=CARTESIAN_POINT('',(28.5144345732997,172.988367709828,5.41469208750674));
#15861=CARTESIAN_POINT('',(28.50612861308,172.992538276133,5.40638884133336));
#15862=CARTESIAN_POINT('',(28.4978226327814,172.99670885252,5.39808557508759));
#15863=CARTESIAN_POINT('',(28.4892962995375,173.001157223194,5.39014852254421));
#15864=CARTESIAN_POINT('',(28.4806147863033,173.005882346904,5.38260372570257));
#15865=CARTESIAN_POINT('',(28.4719331512178,173.010607536934,5.37505882296428));
#15866=CARTESIAN_POINT('',(28.4630977168123,173.015608849086,5.3679071517163));
#15867=CARTESIAN_POINT('',(28.4541743315533,173.020877773434,5.36116065218535));
#15868=CARTESIAN_POINT('',(28.445255915036,173.026143763926,5.35441790925707));
#15869=CARTESIAN_POINT('',(28.4362415772839,173.031680437137,5.34807103157323));
#15870=CARTESIAN_POINT('',(28.4271120401667,173.037530933263,5.34207505876128));
#15871=CARTESIAN_POINT('',(28.417988238913,173.043377753667,5.33608285307151));
#15872=CARTESIAN_POINT('',(28.4087744468718,173.049523299756,5.33045996087506));
#15873=CARTESIAN_POINT('',(28.3995271442092,173.05595942664,5.32520892194544));
#15874=CARTESIAN_POINT('',(28.3902799110197,173.062395505171,5.3199579224658));
#15875=CARTESIAN_POINT('',(28.3810002432467,173.069121548586,5.31507933845152));
#15876=CARTESIAN_POINT('',(28.3717461769303,173.076120002338,5.31056767395258));
#15877=CARTESIAN_POINT('',(28.3624921014807,173.083118462998,5.3060560050009));
#15878=CARTESIAN_POINT('',(28.3532646395976,173.09038864082,5.30191162504346));
#15879=CARTESIAN_POINT('',(28.3441192277176,173.097905007027,5.29812011886762));
#15880=CARTESIAN_POINT('',(28.3349737355148,173.10542143925,5.29432857939151));
#15881=CARTESIAN_POINT('',(28.3259111516544,173.113183356129,5.29089010429078));
#15882=CARTESIAN_POINT('',(28.3169807572533,173.121159553377,5.28778202629938));
#15883=CARTESIAN_POINT('',(28.3080509880138,173.12913519226,5.28467416588527));
#15884=CARTESIAN_POINT('',(28.2992614743118,173.137315500938,5.28189759565968));
#15885=CARTESIAN_POINT('',(28.2905671165227,173.145754686931,5.2794022685247));
#15886=CARTESIAN_POINT('',(28.2818779206702,173.154188862487,5.27690842289307));
#15887=CARTESIAN_POINT('',(28.2733081403879,173.162859911565,5.27470400132794));
#15888=CARTESIAN_POINT('',(28.2648860896729,173.171751517915,5.27276366734467));
#15889=CARTESIAN_POINT('',(28.2564640688657,173.180643092689,5.27082334025177));
#15890=CARTESIAN_POINT('',(28.2481900397397,173.189754974853,5.26914714344818));
#15891=CARTESIAN_POINT('',(28.2400904033254,173.199067040527,5.26770821395809));
#15892=CARTESIAN_POINT('',(28.2319907752581,173.208379096605,5.26626928595086));
#15893=CARTESIAN_POINT('',(28.2240657651565,173.217891085489,5.26506763137155));
#15894=CARTESIAN_POINT('',(28.216338913611,173.227579830457,5.26407504945669));
#15895=CARTESIAN_POINT('',(28.2086120530484,173.237268586732,5.2630824663835));
#15896=CARTESIAN_POINT('',(28.2010835337901,173.247133860638,5.26229893659864));
#15897=CARTESIAN_POINT('',(28.1937733707058,173.25715023371,5.26169540449815));
#15898=CARTESIAN_POINT('',(28.1864631840824,173.267166639035,5.26109187045426));
#15899=CARTESIAN_POINT('',(28.1793714964111,173.277333921576,5.26066829918079));
#15900=CARTESIAN_POINT('',(28.1725143706911,173.287625279758,5.26039542526168));
#15901=CARTESIAN_POINT('',(28.1656555126556,173.297919237845,5.26012248240644));
#15902=CARTESIAN_POINT('',(28.159043150923,173.30831671032,5.26));
#15903=CARTESIAN_POINT('',(28.1526330000003,173.318886358603,5.26));
#15904=CARTESIAN_POINT('',(27.6951392680948,181.701076761172,5.26));
#15905=VECTOR('',#20198,1.0);
#15906=CARTESIAN_POINT('',(28.2511811526411,180.70003,5.26980793395743));
#15907=AXIS2_PLACEMENT_3D('',#20199,#20200,#20201);
#15908=CARTESIAN_POINT('',(28.1526330000003,180.690222066043,5.26));
#15909=CARTESIAN_POINT('',(28.1526330000003,180.690222066043,5.26));
#15910=CARTESIAN_POINT('',(28.1608266562894,180.691869317695,5.26));
#15911=CARTESIAN_POINT('',(28.1690546242702,180.693309367218,5.26020175802814));
#15912=CARTESIAN_POINT('',(28.1772879224047,180.694539646544,5.26060823514876));
#15913=CARTESIAN_POINT('',(28.1855213018639,180.695769938022,5.26101471628438));
#15914=CARTESIAN_POINT('',(28.1937593996696,180.696790407407,5.26162586039132));
#15915=CARTESIAN_POINT('',(28.2019752355351,180.697602886843,5.26244061279841));
#15916=CARTESIAN_POINT('',(28.2101891670475,180.698415177955,5.26325517635359));
#15917=CARTESIAN_POINT('',(28.2183786702163,180.699020583869,5.26427179064111));
#15918=CARTESIAN_POINT('',(28.2265909856351,180.69942495761,5.2655000340133));
#15919=CARTESIAN_POINT('',(28.2347979944747,180.699829070057,5.26672748372738));
#15920=CARTESIAN_POINT('',(28.2430036878453,180.70003,5.2681639374411));
#15921=CARTESIAN_POINT('',(28.2511811526411,180.70003,5.26980793395743));
#15922=CARTESIAN_POINT('',(28.1526330000003,181.701076761172,5.26));
#15923=VECTOR('',#20202,1.0);
#15924=CARTESIAN_POINT('',(49.7473667866997,180.70003,5.76));
#15925=CARTESIAN_POINT('',(49.7473667866997,180.70003,6.9));
#15926=VECTOR('',#20203,1.0);
#15927=AXIS2_PLACEMENT_3D('',#20204,#20205,#20206);
#15928=CARTESIAN_POINT('',(28.2511811526411,180.70003,4.68));
#15929=VECTOR('',#20207,1.0);
#15930=CARTESIAN_POINT('',(49.7473667866997,181.701076761172,5.76));
#15931=VECTOR('',#20208,1.0);
#15932=AXIS2_PLACEMENT_3D('',#20209,#20210,#20211);
#15933=CARTESIAN_POINT('',(49.475,168.3,5.9));
#15934=CARTESIAN_POINT('',(49.475,171.75,5.9));
#15935=CARTESIAN_POINT('',(49.475,168.3,5.9));
#15936=VECTOR('',#20212,1.0);
#15937=CARTESIAN_POINT('',(49.55,168.3,5.9));
#15938=CARTESIAN_POINT('',(49.55,168.3,5.9));
#15939=VECTOR('',#20213,1.0);
#15940=CARTESIAN_POINT('',(49.55,168.075,5.9));
#15941=CARTESIAN_POINT('',(49.55,168.075,5.9));
#15942=VECTOR('',#20214,1.0);
#15943=CARTESIAN_POINT('',(51.25,168.075,5.9));
#15944=CARTESIAN_POINT('',(51.25,168.075,5.9));
#15945=VECTOR('',#20215,1.0);
#15946=CARTESIAN_POINT('',(51.25,168.3,5.9));
#15947=CARTESIAN_POINT('',(51.25,168.3,5.9));
#15948=VECTOR('',#20216,1.0);
#15949=CARTESIAN_POINT('',(51.325,168.3,5.9));
#15950=CARTESIAN_POINT('',(51.325,168.3,5.9));
#15951=VECTOR('',#20217,1.0);
#15952=CARTESIAN_POINT('',(51.325,171.75,5.9));
#15953=CARTESIAN_POINT('',(51.325,171.75,5.9));
#15954=VECTOR('',#20218,1.0);
#15955=CARTESIAN_POINT('',(51.25,171.75,5.9));
#15956=CARTESIAN_POINT('',(51.25,171.75,5.9));
#15957=VECTOR('',#20219,1.0);
#15958=CARTESIAN_POINT('',(51.25,171.975,5.9));
#15959=CARTESIAN_POINT('',(51.25,171.975,5.9));
#15960=VECTOR('',#20220,1.0);
#15961=CARTESIAN_POINT('',(49.55,171.975,5.9));
#15962=CARTESIAN_POINT('',(49.55,171.975,5.9));
#15963=VECTOR('',#20221,1.0);
#15964=CARTESIAN_POINT('',(49.55,171.75,5.9));
#15965=CARTESIAN_POINT('',(49.55,171.75,5.9));
#15966=VECTOR('',#20222,1.0);
#15967=CARTESIAN_POINT('',(49.475,171.75,5.9));
#15968=VECTOR('',#20223,1.0);
#15969=CARTESIAN_POINT('',(51.325,168.3,3.9));
#15970=VECTOR('',#20224,1.0);
#15971=CARTESIAN_POINT('',(51.25,168.3,3.9));
#15972=VECTOR('',#20225,1.0);
#15973=CARTESIAN_POINT('',(51.325,171.75,3.9));
#15974=VECTOR('',#20226,1.0);
#15975=CARTESIAN_POINT('',(51.25,171.75,3.9));
#15976=VECTOR('',#20227,1.0);
#15977=CARTESIAN_POINT('',(51.25,171.975,3.9));
#15978=VECTOR('',#20228,1.0);
#15979=CARTESIAN_POINT('',(49.55,171.975,3.9));
#15980=VECTOR('',#20229,1.0);
#15981=CARTESIAN_POINT('',(49.55,171.75,3.9));
#15982=VECTOR('',#20230,1.0);
#15983=CARTESIAN_POINT('',(49.475,171.75,3.9));
#15984=VECTOR('',#20231,1.0);
#15985=CARTESIAN_POINT('',(49.475,168.3,3.9));
#15986=VECTOR('',#20232,1.0);
#15987=CARTESIAN_POINT('',(49.55,168.3,3.9));
#15988=VECTOR('',#20233,1.0);
#15989=CARTESIAN_POINT('',(49.55,168.075,3.9));
#15990=VECTOR('',#20234,1.0);
#15991=CARTESIAN_POINT('',(51.25,168.075,3.9));
#15992=VECTOR('',#20235,1.0);
#15993=CARTESIAN_POINT('',(51.925,168.125,5.9));
#15994=CARTESIAN_POINT('',(55.375,168.125,5.9));
#15995=CARTESIAN_POINT('',(51.925,168.125,5.9));
#15996=VECTOR('',#20236,1.0);
#15997=CARTESIAN_POINT('',(51.925,168.05,5.9));
#15998=CARTESIAN_POINT('',(51.925,168.05,5.9));
#15999=VECTOR('',#20237,1.0);
#16000=CARTESIAN_POINT('',(51.7,168.05,5.9));
#16001=CARTESIAN_POINT('',(51.7,168.05,5.9));
#16002=VECTOR('',#20238,1.0);
#16003=CARTESIAN_POINT('',(51.7,166.35,5.9));
#16004=CARTESIAN_POINT('',(51.7,166.35,5.9));
#16005=VECTOR('',#20239,1.0);
#16006=CARTESIAN_POINT('',(51.925,166.35,5.9));
#16007=CARTESIAN_POINT('',(51.925,166.35,5.9));
#16008=VECTOR('',#20240,1.0);
#16009=CARTESIAN_POINT('',(51.925,166.275,5.9));
#16010=CARTESIAN_POINT('',(51.925,166.275,5.9));
#16011=VECTOR('',#20241,1.0);
#16012=CARTESIAN_POINT('',(55.375,166.275,5.9));
#16013=CARTESIAN_POINT('',(55.375,166.275,5.9));
#16014=VECTOR('',#20242,1.0);
#16015=CARTESIAN_POINT('',(55.375,166.35,5.9));
#16016=CARTESIAN_POINT('',(55.375,166.35,5.9));
#16017=VECTOR('',#20243,1.0);
#16018=CARTESIAN_POINT('',(55.6,166.35,5.9));
#16019=CARTESIAN_POINT('',(55.6,166.35,5.9));
#16020=VECTOR('',#20244,1.0);
#16021=CARTESIAN_POINT('',(55.6,168.05,5.9));
#16022=CARTESIAN_POINT('',(55.6,168.05,5.9));
#16023=VECTOR('',#20245,1.0);
#16024=CARTESIAN_POINT('',(55.375,168.05,5.9));
#16025=CARTESIAN_POINT('',(55.375,168.05,5.9));
#16026=VECTOR('',#20246,1.0);
#16027=CARTESIAN_POINT('',(55.375,168.125,5.9));
#16028=VECTOR('',#20247,1.0);
#16029=CARTESIAN_POINT('',(55.375,168.05,3.9));
#16030=VECTOR('',#20248,1.0);
#16031=CARTESIAN_POINT('',(55.6,168.05,3.9));
#16032=VECTOR('',#20249,1.0);
#16033=CARTESIAN_POINT('',(55.375,168.125,3.9));
#16034=VECTOR('',#20250,1.0);
#16035=CARTESIAN_POINT('',(51.925,168.125,3.9));
#16036=VECTOR('',#20251,1.0);
#16037=CARTESIAN_POINT('',(51.925,168.05,3.9));
#16038=VECTOR('',#20252,1.0);
#16039=CARTESIAN_POINT('',(51.7,168.05,3.9));
#16040=VECTOR('',#20253,1.0);
#16041=CARTESIAN_POINT('',(51.7,166.35,3.9));
#16042=VECTOR('',#20254,1.0);
#16043=CARTESIAN_POINT('',(51.925,166.35,3.9));
#16044=VECTOR('',#20255,1.0);
#16045=CARTESIAN_POINT('',(51.925,166.275,3.9));
#16046=VECTOR('',#20256,1.0);
#16047=CARTESIAN_POINT('',(55.375,166.275,3.9));
#16048=VECTOR('',#20257,1.0);
#16049=CARTESIAN_POINT('',(55.375,166.35,3.9));
#16050=VECTOR('',#20258,1.0);
#16051=CARTESIAN_POINT('',(55.6,166.35,3.9));
#16052=VECTOR('',#20259,1.0);
#16053=CARTESIAN_POINT('',(51.925,165.825,5.9));
#16054=CARTESIAN_POINT('',(55.375,165.825,5.9));
#16055=CARTESIAN_POINT('',(51.925,165.825,5.9));
#16056=VECTOR('',#20260,1.0);
#16057=CARTESIAN_POINT('',(51.925,165.75,5.9));
#16058=CARTESIAN_POINT('',(51.925,165.75,5.9));
#16059=VECTOR('',#20261,1.0);
#16060=CARTESIAN_POINT('',(51.7,165.75,5.9));
#16061=CARTESIAN_POINT('',(51.7,165.75,5.9));
#16062=VECTOR('',#20262,1.0);
#16063=CARTESIAN_POINT('',(51.7,164.05,5.9));
#16064=CARTESIAN_POINT('',(51.7,164.05,5.9));
#16065=VECTOR('',#20263,1.0);
#16066=CARTESIAN_POINT('',(51.925,164.05,5.9));
#16067=CARTESIAN_POINT('',(51.925,164.05,5.9));
#16068=VECTOR('',#20264,1.0);
#16069=CARTESIAN_POINT('',(51.925,163.975,5.9));
#16070=CARTESIAN_POINT('',(51.925,163.975,5.9));
#16071=VECTOR('',#20265,1.0);
#16072=CARTESIAN_POINT('',(55.375,163.975,5.9));
#16073=CARTESIAN_POINT('',(55.375,163.975,5.9));
#16074=VECTOR('',#20266,1.0);
#16075=CARTESIAN_POINT('',(55.375,164.05,5.9));
#16076=CARTESIAN_POINT('',(55.375,164.05,5.9));
#16077=VECTOR('',#20267,1.0);
#16078=CARTESIAN_POINT('',(55.6,164.05,5.9));
#16079=CARTESIAN_POINT('',(55.6,164.05,5.9));
#16080=VECTOR('',#20268,1.0);
#16081=CARTESIAN_POINT('',(55.6,165.75,5.9));
#16082=CARTESIAN_POINT('',(55.6,165.75,5.9));
#16083=VECTOR('',#20269,1.0);
#16084=CARTESIAN_POINT('',(55.375,165.75,5.9));
#16085=CARTESIAN_POINT('',(55.375,165.75,5.9));
#16086=VECTOR('',#20270,1.0);
#16087=CARTESIAN_POINT('',(55.375,165.825,5.9));
#16088=VECTOR('',#20271,1.0);
#16089=CARTESIAN_POINT('',(51.925,163.975,3.9));
#16090=VECTOR('',#20272,1.0);
#16091=CARTESIAN_POINT('',(51.925,164.05,3.9));
#16092=VECTOR('',#20273,1.0);
#16093=CARTESIAN_POINT('',(55.375,163.975,3.9));
#16094=VECTOR('',#20274,1.0);
#16095=CARTESIAN_POINT('',(55.375,164.05,3.9));
#16096=VECTOR('',#20275,1.0);
#16097=CARTESIAN_POINT('',(55.6,164.05,3.9));
#16098=VECTOR('',#20276,1.0);
#16099=CARTESIAN_POINT('',(55.6,165.75,3.9));
#16100=VECTOR('',#20277,1.0);
#16101=CARTESIAN_POINT('',(55.375,165.75,3.9));
#16102=VECTOR('',#20278,1.0);
#16103=CARTESIAN_POINT('',(55.375,165.825,3.9));
#16104=VECTOR('',#20279,1.0);
#16105=CARTESIAN_POINT('',(51.925,165.825,3.9));
#16106=VECTOR('',#20280,1.0);
#16107=CARTESIAN_POINT('',(51.925,165.75,3.9));
#16108=VECTOR('',#20281,1.0);
#16109=CARTESIAN_POINT('',(51.7,165.75,3.9));
#16110=VECTOR('',#20282,1.0);
#16111=CARTESIAN_POINT('',(51.7,164.05,3.9));
#16112=VECTOR('',#20283,1.0);
#16113=CARTESIAN_POINT('',(43.75,164.7,5.2));
#16114=CARTESIAN_POINT('',(43.75,165.7,5.2));
#16115=CARTESIAN_POINT('',(43.75,164.7,5.2));
#16116=VECTOR('',#20284,1.0);
#16117=CARTESIAN_POINT('',(45.85,164.7,5.2));
#16118=CARTESIAN_POINT('',(45.85,164.7,5.2));
#16119=VECTOR('',#20285,1.0);
#16120=CARTESIAN_POINT('',(45.85,165.7,5.2));
#16121=CARTESIAN_POINT('',(45.85,165.7,5.2));
#16122=VECTOR('',#20286,1.0);
#16123=CARTESIAN_POINT('',(43.75,165.7,5.2));
#16124=VECTOR('',#20287,1.0);
#16125=CARTESIAN_POINT('',(43.75,165.7,3.9));
#16126=VECTOR('',#20288,1.0);
#16127=CARTESIAN_POINT('',(45.85,165.7,3.9));
#16128=VECTOR('',#20289,1.0);
#16129=CARTESIAN_POINT('',(43.75,164.7,3.9));
#16130=VECTOR('',#20290,1.0);
#16131=CARTESIAN_POINT('',(45.85,164.7,3.9));
#16132=VECTOR('',#20291,1.0);
#16133=CARTESIAN_POINT('',(52.025,160.825,5.9));
#16134=CARTESIAN_POINT('',(55.475,160.825,5.9));
#16135=CARTESIAN_POINT('',(52.025,160.825,5.9));
#16136=VECTOR('',#20292,1.0);
#16137=CARTESIAN_POINT('',(52.025,160.75,5.9));
#16138=CARTESIAN_POINT('',(52.025,160.75,5.9));
#16139=VECTOR('',#20293,1.0);
#16140=CARTESIAN_POINT('',(51.8,160.75,5.9));
#16141=CARTESIAN_POINT('',(51.8,160.75,5.9));
#16142=VECTOR('',#20294,1.0);
#16143=CARTESIAN_POINT('',(51.8,159.05,5.9));
#16144=CARTESIAN_POINT('',(51.8,159.05,5.9));
#16145=VECTOR('',#20295,1.0);
#16146=CARTESIAN_POINT('',(52.025,159.05,5.9));
#16147=CARTESIAN_POINT('',(52.025,159.05,5.9));
#16148=VECTOR('',#20296,1.0);
#16149=CARTESIAN_POINT('',(52.025,158.975,5.9));
#16150=CARTESIAN_POINT('',(52.025,158.975,5.9));
#16151=VECTOR('',#20297,1.0);
#16152=CARTESIAN_POINT('',(55.475,158.975,5.9));
#16153=CARTESIAN_POINT('',(55.475,158.975,5.9));
#16154=VECTOR('',#20298,1.0);
#16155=CARTESIAN_POINT('',(55.475,159.05,5.9));
#16156=CARTESIAN_POINT('',(55.475,159.05,5.9));
#16157=VECTOR('',#20299,1.0);
#16158=CARTESIAN_POINT('',(55.7,159.05,5.9));
#16159=CARTESIAN_POINT('',(55.7,159.05,5.9));
#16160=VECTOR('',#20300,1.0);
#16161=CARTESIAN_POINT('',(55.7,160.75,5.9));
#16162=CARTESIAN_POINT('',(55.7,160.75,5.9));
#16163=VECTOR('',#20301,1.0);
#16164=CARTESIAN_POINT('',(55.475,160.75,5.9));
#16165=CARTESIAN_POINT('',(55.475,160.75,5.9));
#16166=VECTOR('',#20302,1.0);
#16167=CARTESIAN_POINT('',(55.475,160.825,5.9));
#16168=VECTOR('',#20303,1.0);
#16169=CARTESIAN_POINT('',(51.8,159.05,3.9));
#16170=VECTOR('',#20304,1.0);
#16171=CARTESIAN_POINT('',(51.8,160.75,3.9));
#16172=VECTOR('',#20305,1.0);
#16173=CARTESIAN_POINT('',(52.025,159.05,3.9));
#16174=VECTOR('',#20306,1.0);
#16175=CARTESIAN_POINT('',(52.025,158.975,3.9));
#16176=VECTOR('',#20307,1.0);
#16177=CARTESIAN_POINT('',(55.475,158.975,3.9));
#16178=VECTOR('',#20308,1.0);
#16179=CARTESIAN_POINT('',(55.475,159.05,3.9));
#16180=VECTOR('',#20309,1.0);
#16181=CARTESIAN_POINT('',(55.7,159.05,3.9));
#16182=VECTOR('',#20310,1.0);
#16183=CARTESIAN_POINT('',(55.7,160.75,3.9));
#16184=VECTOR('',#20311,1.0);
#16185=CARTESIAN_POINT('',(55.475,160.75,3.9));
#16186=VECTOR('',#20312,1.0);
#16187=CARTESIAN_POINT('',(55.475,160.825,3.9));
#16188=VECTOR('',#20313,1.0);
#16189=CARTESIAN_POINT('',(52.025,160.825,3.9));
#16190=VECTOR('',#20314,1.0);
#16191=CARTESIAN_POINT('',(52.025,160.75,3.9));
#16192=VECTOR('',#20315,1.0);
#16193=CARTESIAN_POINT('',(52.025,158.525,5.9));
#16194=CARTESIAN_POINT('',(55.475,158.525,5.9));
#16195=CARTESIAN_POINT('',(52.025,158.525,5.9));
#16196=VECTOR('',#20316,1.0);
#16197=CARTESIAN_POINT('',(52.025,158.45,5.9));
#16198=CARTESIAN_POINT('',(52.025,158.45,5.9));
#16199=VECTOR('',#20317,1.0);
#16200=CARTESIAN_POINT('',(51.8,158.45,5.9));
#16201=CARTESIAN_POINT('',(51.8,158.45,5.9));
#16202=VECTOR('',#20318,1.0);
#16203=CARTESIAN_POINT('',(51.8,156.75,5.9));
#16204=CARTESIAN_POINT('',(51.8,156.75,5.9));
#16205=VECTOR('',#20319,1.0);
#16206=CARTESIAN_POINT('',(52.025,156.75,5.9));
#16207=CARTESIAN_POINT('',(52.025,156.75,5.9));
#16208=VECTOR('',#20320,1.0);
#16209=CARTESIAN_POINT('',(52.025,156.675,5.9));
#16210=CARTESIAN_POINT('',(52.025,156.675,5.9));
#16211=VECTOR('',#20321,1.0);
#16212=CARTESIAN_POINT('',(55.475,156.675,5.9));
#16213=CARTESIAN_POINT('',(55.475,156.675,5.9));
#16214=VECTOR('',#20322,1.0);
#16215=CARTESIAN_POINT('',(55.475,156.75,5.9));
#16216=CARTESIAN_POINT('',(55.475,156.75,5.9));
#16217=VECTOR('',#20323,1.0);
#16218=CARTESIAN_POINT('',(55.7,156.75,5.9));
#16219=CARTESIAN_POINT('',(55.7,156.75,5.9));
#16220=VECTOR('',#20324,1.0);
#16221=CARTESIAN_POINT('',(55.7,158.45,5.9));
#16222=CARTESIAN_POINT('',(55.7,158.45,5.9));
#16223=VECTOR('',#20325,1.0);
#16224=CARTESIAN_POINT('',(55.475,158.45,5.9));
#16225=CARTESIAN_POINT('',(55.475,158.45,5.9));
#16226=VECTOR('',#20326,1.0);
#16227=CARTESIAN_POINT('',(55.475,158.525,5.9));
#16228=VECTOR('',#20327,1.0);
#16229=CARTESIAN_POINT('',(51.8,158.45,3.9));
#16230=VECTOR('',#20328,1.0);
#16231=CARTESIAN_POINT('',(52.025,158.45,3.9));
#16232=VECTOR('',#20329,1.0);
#16233=CARTESIAN_POINT('',(51.8,156.75,3.9));
#16234=VECTOR('',#20330,1.0);
#16235=CARTESIAN_POINT('',(52.025,156.75,3.9));
#16236=VECTOR('',#20331,1.0);
#16237=CARTESIAN_POINT('',(52.025,156.675,3.9));
#16238=VECTOR('',#20332,1.0);
#16239=CARTESIAN_POINT('',(55.475,156.675,3.9));
#16240=VECTOR('',#20333,1.0);
#16241=CARTESIAN_POINT('',(55.475,156.75,3.9));
#16242=VECTOR('',#20334,1.0);
#16243=CARTESIAN_POINT('',(55.7,156.75,3.9));
#16244=VECTOR('',#20335,1.0);
#16245=CARTESIAN_POINT('',(55.7,158.45,3.9));
#16246=VECTOR('',#20336,1.0);
#16247=CARTESIAN_POINT('',(55.475,158.45,3.9));
#16248=VECTOR('',#20337,1.0);
#16249=CARTESIAN_POINT('',(55.475,158.525,3.9));
#16250=VECTOR('',#20338,1.0);
#16251=CARTESIAN_POINT('',(52.025,158.525,3.9));
#16252=VECTOR('',#20339,1.0);
#16253=CARTESIAN_POINT('',(54.8,149.0,5.3));
#16254=CARTESIAN_POINT('',(54.8,149.0,3.9));
#16255=VECTOR('',#20340,1.0);
#16256=CARTESIAN_POINT('',(54.8,148.2,5.3));
#16257=CARTESIAN_POINT('',(54.8,148.9,5.3));
#16258=VECTOR('',#20341,1.0);
#16259=CARTESIAN_POINT('',(54.8,148.2,3.9));
#16260=VECTOR('',#20342,1.0);
#16261=CARTESIAN_POINT('',(54.8,146.6,5.3));
#16262=CARTESIAN_POINT('',(54.8,146.6,3.9));
#16263=VECTOR('',#20343,1.0);
#16264=CARTESIAN_POINT('',(54.8,145.8,5.3));
#16265=CARTESIAN_POINT('',(54.8,145.9,5.3));
#16266=VECTOR('',#20344,1.0);
#16267=CARTESIAN_POINT('',(54.8,145.8,3.9));
#16268=VECTOR('',#20345,1.0);
#16269=CARTESIAN_POINT('',(52.3,146.6,5.3));
#16270=CARTESIAN_POINT('',(52.3,146.6,3.9));
#16271=VECTOR('',#20346,1.0);
#16272=CARTESIAN_POINT('',(52.045,146.6,5.3));
#16273=CARTESIAN_POINT('',(52.29,146.6,5.3));
#16274=VECTOR('',#20347,1.0);
#16275=CARTESIAN_POINT('',(52.045,146.6,3.9));
#16276=VECTOR('',#20348,1.0);
#16277=CARTESIAN_POINT('',(52.3,148.2,5.3));
#16278=CARTESIAN_POINT('',(52.3,148.2,3.9));
#16279=VECTOR('',#20349,1.0);
#16280=CARTESIAN_POINT('',(52.3,148.995,5.3));
#16281=CARTESIAN_POINT('',(52.3,148.9,5.3));
#16282=VECTOR('',#20350,1.0);
#16283=CARTESIAN_POINT('',(52.3,148.995,3.9));
#16284=VECTOR('',#20351,1.0);
#16285=CARTESIAN_POINT('',(52.3,145.8,5.3));
#16286=CARTESIAN_POINT('',(52.3,145.8,5.3));
#16287=VECTOR('',#20352,1.0);
#16288=CARTESIAN_POINT('',(54.8,145.8,5.3));
#16289=VECTOR('',#20353,1.0);
#16290=CARTESIAN_POINT('',(55.055,146.6,5.3));
#16291=CARTESIAN_POINT('',(55.055,146.6,5.3));
#16292=VECTOR('',#20354,1.0);
#16293=CARTESIAN_POINT('',(55.055,148.2,5.3));
#16294=CARTESIAN_POINT('',(55.055,148.2,5.3));
#16295=VECTOR('',#20355,1.0);
#16296=CARTESIAN_POINT('',(54.8,148.2,5.3));
#16297=VECTOR('',#20356,1.0);
#16298=CARTESIAN_POINT('',(52.305,149.0,5.3));
#16299=CARTESIAN_POINT('',(52.305,149.0,5.3));
#16300=VECTOR('',#20357,1.0);
#16301=CARTESIAN_POINT('',(52.3,148.995,5.3));
#16302=VECTOR('',#20358,1.0);
#16303=CARTESIAN_POINT('',(52.045,148.2,5.3));
#16304=CARTESIAN_POINT('',(52.045,148.2,5.3));
#16305=VECTOR('',#20359,1.0);
#16306=CARTESIAN_POINT('',(52.045,146.6,5.3));
#16307=VECTOR('',#20360,1.0);
#16308=CARTESIAN_POINT('',(52.305,149.0,3.9));
#16309=VECTOR('',#20361,1.0);
#16310=CARTESIAN_POINT('',(52.045,148.2,3.9));
#16311=VECTOR('',#20362,1.0);
#16312=CARTESIAN_POINT('',(52.3,145.8,3.9));
#16313=VECTOR('',#20363,1.0);
#16314=CARTESIAN_POINT('',(55.055,146.6,3.9));
#16315=VECTOR('',#20364,1.0);
#16316=CARTESIAN_POINT('',(55.055,148.2,3.9));
#16317=VECTOR('',#20365,1.0);
#16318=CARTESIAN_POINT('',(41.15,151.9,5.2));
#16319=CARTESIAN_POINT('',(41.15,152.9,5.2));
#16320=CARTESIAN_POINT('',(41.15,151.9,5.2));
#16321=VECTOR('',#20366,1.0);
#16322=CARTESIAN_POINT('',(43.25,151.9,5.2));
#16323=CARTESIAN_POINT('',(43.25,151.9,5.2));
#16324=VECTOR('',#20367,1.0);
#16325=CARTESIAN_POINT('',(43.25,152.9,5.2));
#16326=CARTESIAN_POINT('',(43.25,152.9,5.2));
#16327=VECTOR('',#20368,1.0);
#16328=CARTESIAN_POINT('',(41.15,152.9,5.2));
#16329=VECTOR('',#20369,1.0);
#16330=CARTESIAN_POINT('',(43.25,151.9,3.9));
#16331=VECTOR('',#20370,1.0);
#16332=CARTESIAN_POINT('',(41.15,151.9,3.9));
#16333=VECTOR('',#20371,1.0);
#16334=CARTESIAN_POINT('',(43.25,152.9,3.9));
#16335=VECTOR('',#20372,1.0);
#16336=CARTESIAN_POINT('',(41.15,152.9,3.9));
#16337=VECTOR('',#20373,1.0);
#16338=CARTESIAN_POINT('',(34.25,147.15,5.2));
#16339=CARTESIAN_POINT('',(33.25,147.15,5.2));
#16340=CARTESIAN_POINT('',(34.25,147.15,5.2));
#16341=VECTOR('',#20374,1.0);
#16342=CARTESIAN_POINT('',(34.25,149.25,5.2));
#16343=CARTESIAN_POINT('',(34.25,149.25,5.2));
#16344=VECTOR('',#20375,1.0);
#16345=CARTESIAN_POINT('',(33.25,149.25,5.2));
#16346=CARTESIAN_POINT('',(33.25,149.25,5.2));
#16347=VECTOR('',#20376,1.0);
#16348=CARTESIAN_POINT('',(33.25,147.15,5.2));
#16349=VECTOR('',#20377,1.0);
#16350=CARTESIAN_POINT('',(34.25,149.25,3.9));
#16351=VECTOR('',#20378,1.0);
#16352=CARTESIAN_POINT('',(34.25,147.15,3.9));
#16353=VECTOR('',#20379,1.0);
#16354=CARTESIAN_POINT('',(33.25,149.25,3.9));
#16355=VECTOR('',#20380,1.0);
#16356=CARTESIAN_POINT('',(33.25,147.15,3.9));
#16357=VECTOR('',#20381,1.0);
#16358=CARTESIAN_POINT('',(0.9,151.675,5.35));
#16359=CARTESIAN_POINT('',(0.9,153.125,5.35));
#16360=CARTESIAN_POINT('',(0.9,151.675,5.35));
#16361=VECTOR('',#20382,1.0);
#16362=CARTESIAN_POINT('',(3.9,151.675,5.35));
#16363=CARTESIAN_POINT('',(3.9,151.675,5.35));
#16364=VECTOR('',#20383,1.0);
#16365=CARTESIAN_POINT('',(3.9,153.125,5.35));
#16366=CARTESIAN_POINT('',(3.9,153.125,5.35));
#16367=VECTOR('',#20384,1.0);
#16368=CARTESIAN_POINT('',(0.9,153.125,5.35));
#16369=VECTOR('',#20385,1.0);
#16370=CARTESIAN_POINT('',(3.9,151.675,3.9));
#16371=VECTOR('',#20386,1.0);
#16372=CARTESIAN_POINT('',(0.9,151.675,3.9));
#16373=VECTOR('',#20387,1.0);
#16374=CARTESIAN_POINT('',(3.9,153.125,3.9));
#16375=VECTOR('',#20388,1.0);
#16376=CARTESIAN_POINT('',(0.9,153.125,3.9));
#16377=VECTOR('',#20389,1.0);
#16378=CARTESIAN_POINT('',(4.25,157.925,5.35));
#16379=CARTESIAN_POINT('',(4.25,156.475,5.35));
#16380=CARTESIAN_POINT('',(4.25,157.925,5.35));
#16381=VECTOR('',#20390,1.0);
#16382=CARTESIAN_POINT('',(1.25,157.925,5.35));
#16383=CARTESIAN_POINT('',(1.25,157.925,5.35));
#16384=VECTOR('',#20391,1.0);
#16385=CARTESIAN_POINT('',(1.25,156.475,5.35));
#16386=CARTESIAN_POINT('',(1.25,156.475,5.35));
#16387=VECTOR('',#20392,1.0);
#16388=CARTESIAN_POINT('',(4.25,156.475,5.35));
#16389=VECTOR('',#20393,1.0);
#16390=CARTESIAN_POINT('',(1.25,157.925,3.9));
#16391=VECTOR('',#20394,1.0);
#16392=CARTESIAN_POINT('',(4.25,157.925,3.9));
#16393=VECTOR('',#20395,1.0);
#16394=CARTESIAN_POINT('',(1.25,156.475,3.9));
#16395=VECTOR('',#20396,1.0);
#16396=CARTESIAN_POINT('',(4.25,156.475,3.9));
#16397=VECTOR('',#20397,1.0);
#16398=CARTESIAN_POINT('',(4.25,160.575,5.35));
#16399=CARTESIAN_POINT('',(4.25,159.125,5.35));
#16400=CARTESIAN_POINT('',(4.25,160.575,5.35));
#16401=VECTOR('',#20398,1.0);
#16402=CARTESIAN_POINT('',(1.25,160.575,5.35));
#16403=CARTESIAN_POINT('',(1.25,160.575,5.35));
#16404=VECTOR('',#20399,1.0);
#16405=CARTESIAN_POINT('',(1.25,159.125,5.35));
#16406=CARTESIAN_POINT('',(1.25,159.125,5.35));
#16407=VECTOR('',#20400,1.0);
#16408=CARTESIAN_POINT('',(4.25,159.125,5.35));
#16409=VECTOR('',#20401,1.0);
#16410=CARTESIAN_POINT('',(4.25,159.125,3.9));
#16411=VECTOR('',#20402,1.0);
#16412=CARTESIAN_POINT('',(1.25,159.125,3.9));
#16413=VECTOR('',#20403,1.0);
#16414=CARTESIAN_POINT('',(4.25,160.575,3.9));
#16415=VECTOR('',#20404,1.0);
#16416=CARTESIAN_POINT('',(1.25,160.575,3.9));
#16417=VECTOR('',#20405,1.0);
#16418=CARTESIAN_POINT('',(27.7511811526411,180.20003,-1.3));
#16419=CARTESIAN_POINT('',(27.7511811526411,180.20003,-2.06));
#16420=CARTESIAN_POINT('',(27.7511811526411,180.20003,-1.48));
#16421=VECTOR('',#20406,1.0);
#16422=CARTESIAN_POINT('',(28.2511811526411,180.70003,-1.3));
#16423=AXIS2_PLACEMENT_3D('',#20407,#20408,#20409);
#16424=CARTESIAN_POINT('',(28.2511811526411,180.70003,-2.06980789107561));
#16425=CARTESIAN_POINT('',(28.2511811526411,180.70003,-1.48));
#16426=VECTOR('',#20410,1.0);
#16427=CARTESIAN_POINT('',(28.1526332133006,180.690222108924,-2.06));
#16428=CARTESIAN_POINT('',(28.1526332133006,180.690222108924,-2.06));
#16429=CARTESIAN_POINT('',(28.1608268520089,180.691869353333,-2.06));
#16430=CARTESIAN_POINT('',(28.1690548020371,180.693309396499,-2.06020175716041));
#16431=CARTESIAN_POINT('',(28.1772880820622,180.694539670401,-2.06060823250042));
#16432=CARTESIAN_POINT('',(28.1855214434087,180.695769956455,-2.06101471185526));
#16433=CARTESIAN_POINT('',(28.1937595229491,180.696790421351,-2.06162585326864));
#16434=CARTESIAN_POINT('',(28.2019753406145,180.697602897235,-2.0624406020663));
#16435=CARTESIAN_POINT('',(28.2101892536223,180.698415184765,-2.06325516198228));
#16436=CARTESIAN_POINT('',(28.2183787397617,180.699020588151,-2.06427177187896));
#16437=CARTESIAN_POINT('',(28.2265910376768,180.699424960173,-2.0655000098953));
#16438=CARTESIAN_POINT('',(28.2347980290881,180.699829070904,-2.0667274542666));
#16439=CARTESIAN_POINT('',(28.2430037050611,180.70003,-2.06816390172245));
#16440=CARTESIAN_POINT('',(28.2511811526411,180.70003,-2.06980789107561));
#16441=AXIS2_PLACEMENT_3D('',#20411,#20412,#20413);
#16442=CARTESIAN_POINT('',(50.6488188473592,180.20003,-1.3));
#16443=CARTESIAN_POINT('',(50.6488188473592,180.20003,-2.06));
#16444=CARTESIAN_POINT('',(50.6488188473592,180.20003,-1.48));
#16445=VECTOR('',#20414,1.0);
#16446=CARTESIAN_POINT('',(50.6379666356769,180.096422851676,-1.3));
#16447=AXIS2_PLACEMENT_3D('',#20415,#20416,#20417);
#16448=CARTESIAN_POINT('',(50.6379666356769,180.096422851676,-2.06));
#16449=CARTESIAN_POINT('',(50.6379666356769,180.096422851676,0.94));
#16450=VECTOR('',#20418,1.0);
#16451=AXIS2_PLACEMENT_3D('',#20419,#20420,#20421);
#16452=CARTESIAN_POINT('',(58.2,144.2,8.88178419700125E-16));
#16453=CARTESIAN_POINT('',(58.2,180.8,8.88178419700125E-16));
#16454=CARTESIAN_POINT('',(58.2,148.55,8.88178419700125E-16));
#16455=VECTOR('',#20422,1.0);
#16456=CARTESIAN_POINT('',(58.2,144.2,-1.3));
#16457=CARTESIAN_POINT('',(58.2,144.2,0.0));
#16458=VECTOR('',#20423,1.0);
#16459=CARTESIAN_POINT('',(58.2,180.8,-1.3));
#16460=CARTESIAN_POINT('',(58.2,148.55,-1.3));
#16461=VECTOR('',#20424,1.0);
#16462=CARTESIAN_POINT('',(58.2,180.8,0.0));
#16463=VECTOR('',#20425,1.0);
#16464=CARTESIAN_POINT('',(0.199999999999999,144.2,8.88178419700125E-16));
#16465=CARTESIAN_POINT('',(10.0,144.2,8.88178419700125E-16));
#16466=VECTOR('',#20426,1.0);
#16467=CARTESIAN_POINT('',(0.199999999999999,144.2,-1.3));
#16468=CARTESIAN_POINT('',(0.199999999999999,144.2,0.0));
#16469=VECTOR('',#20427,1.0);
#16470=CARTESIAN_POINT('',(10.0,144.2,-1.3));
#16471=VECTOR('',#20428,1.0);
#16472=CARTESIAN_POINT('',(0.199999999999996,180.8,8.88178419700125E-16));
#16473=CARTESIAN_POINT('',(0.199999999999999,148.55,8.88178419700125E-16));
#16474=VECTOR('',#20429,1.0);
#16475=CARTESIAN_POINT('',(0.199999999999996,180.8,-1.3));
#16476=CARTESIAN_POINT('',(0.199999999999996,180.8,0.0));
#16477=VECTOR('',#20430,1.0);
#16478=CARTESIAN_POINT('',(0.199999999999999,148.55,-1.3));
#16479=VECTOR('',#20431,1.0);
#16480=CARTESIAN_POINT('',(10.0,180.8,8.88178419700125E-16));
#16481=VECTOR('',#20432,1.0);
#16482=CARTESIAN_POINT('',(10.0,180.8,-1.3));
#16483=VECTOR('',#20433,1.0);
#16484=CARTESIAN_POINT('',(4.725,175.55,-1.3));
#16485=CARTESIAN_POINT('',(3.275,175.55,-1.3));
#16486=CARTESIAN_POINT('',(10.0,175.55,-1.3));
#16487=VECTOR('',#20434,1.0);
#16488=CARTESIAN_POINT('',(4.725,178.55,-1.3));
#16489=CARTESIAN_POINT('',(4.725,148.55,-1.3));
#16490=VECTOR('',#20435,1.0);
#16491=CARTESIAN_POINT('',(3.275,178.55,-1.3));
#16492=CARTESIAN_POINT('',(10.0,178.55,-1.3));
#16493=VECTOR('',#20436,1.0);
#16494=CARTESIAN_POINT('',(3.275,148.55,-1.3));
#16495=VECTOR('',#20437,1.0);
#16496=CARTESIAN_POINT('',(1.6,171.875,-1.3));
#16497=CARTESIAN_POINT('',(1.6,173.325,-1.3));
#16498=CARTESIAN_POINT('',(1.6,148.55,-1.3));
#16499=VECTOR('',#20438,1.0);
#16500=CARTESIAN_POINT('',(4.6,171.875,-1.3));
#16501=CARTESIAN_POINT('',(10.0,171.875,-1.3));
#16502=VECTOR('',#20439,1.0);
#16503=CARTESIAN_POINT('',(4.6,173.325,-1.3));
#16504=CARTESIAN_POINT('',(4.6,148.55,-1.3));
#16505=VECTOR('',#20440,1.0);
#16506=CARTESIAN_POINT('',(10.0,173.325,-1.3));
#16507=VECTOR('',#20441,1.0);
#16508=CARTESIAN_POINT('',(2.46,170.035,-1.3));
#16509=CARTESIAN_POINT('',(4.66,170.035,-1.3));
#16510=AXIS2_PLACEMENT_3D('',#20442,#20443,#20444);
#16511=AXIS2_PLACEMENT_3D('',#20445,#20446,#20447);
#16512=CARTESIAN_POINT('',(4.0,164.55,-1.3));
#16513=CARTESIAN_POINT('',(4.0,164.4,-1.3));
#16514=CARTESIAN_POINT('',(4.0,148.55,-1.3));
#16515=VECTOR('',#20448,1.0);
#16516=CARTESIAN_POINT('',(4.675,164.55,-1.3));
#16517=CARTESIAN_POINT('',(10.0,164.55,-1.3));
#16518=VECTOR('',#20449,1.0);
#16519=CARTESIAN_POINT('',(4.675,168.05,-1.3));
#16520=CARTESIAN_POINT('',(4.675,148.55,-1.3));
#16521=VECTOR('',#20450,1.0);
#16522=CARTESIAN_POINT('',(4.0,168.05,-1.3));
#16523=CARTESIAN_POINT('',(10.0,168.05,-1.3));
#16524=VECTOR('',#20451,1.0);
#16525=CARTESIAN_POINT('',(4.0,168.2,-1.3));
#16526=CARTESIAN_POINT('',(4.0,148.55,-1.3));
#16527=VECTOR('',#20452,1.0);
#16528=CARTESIAN_POINT('',(2.6,168.2,-1.3));
#16529=CARTESIAN_POINT('',(10.0,168.2,-1.3));
#16530=VECTOR('',#20453,1.0);
#16531=CARTESIAN_POINT('',(2.6,168.05,-1.3));
#16532=CARTESIAN_POINT('',(2.6,148.55,-1.3));
#16533=VECTOR('',#20454,1.0);
#16534=CARTESIAN_POINT('',(1.925,168.05,-1.3));
#16535=CARTESIAN_POINT('',(10.0,168.05,-1.3));
#16536=VECTOR('',#20455,1.0);
#16537=CARTESIAN_POINT('',(1.925,164.55,-1.3));
#16538=CARTESIAN_POINT('',(1.925,148.55,-1.3));
#16539=VECTOR('',#20456,1.0);
#16540=CARTESIAN_POINT('',(2.6,164.55,-1.3));
#16541=CARTESIAN_POINT('',(10.0,164.55,-1.3));
#16542=VECTOR('',#20457,1.0);
#16543=CARTESIAN_POINT('',(2.6,164.4,-1.3));
#16544=CARTESIAN_POINT('',(2.6,148.55,-1.3));
#16545=VECTOR('',#20458,1.0);
#16546=CARTESIAN_POINT('',(10.0,164.4,-1.3));
#16547=VECTOR('',#20459,1.0);
#16548=CARTESIAN_POINT('',(11.375,174.575,-1.3));
#16549=CARTESIAN_POINT('',(5.925,174.575,-1.3));
#16550=CARTESIAN_POINT('',(10.0,174.575,-1.3));
#16551=VECTOR('',#20460,1.0);
#16552=CARTESIAN_POINT('',(11.375,180.025,-1.3));
#16553=CARTESIAN_POINT('',(11.375,148.55,-1.3));
#16554=VECTOR('',#20461,1.0);
#16555=CARTESIAN_POINT('',(5.925,180.025,-1.3));
#16556=CARTESIAN_POINT('',(10.0,180.025,-1.3));
#16557=VECTOR('',#20462,1.0);
#16558=CARTESIAN_POINT('',(5.925,148.55,-1.3));
#16559=VECTOR('',#20463,1.0);
#16560=CARTESIAN_POINT('',(13.325,179.8,-1.3));
#16561=CARTESIAN_POINT('',(14.775,179.8,-1.3));
#16562=CARTESIAN_POINT('',(10.0,179.8,-1.3));
#16563=VECTOR('',#20464,1.0);
#16564=CARTESIAN_POINT('',(13.325,176.8,-1.3));
#16565=CARTESIAN_POINT('',(13.325,148.55,-1.3));
#16566=VECTOR('',#20465,1.0);
#16567=CARTESIAN_POINT('',(14.775,176.8,-1.3));
#16568=CARTESIAN_POINT('',(10.0,176.8,-1.3));
#16569=VECTOR('',#20466,1.0);
#16570=CARTESIAN_POINT('',(14.775,148.55,-1.3));
#16571=VECTOR('',#20467,1.0);
#16572=CARTESIAN_POINT('',(29.1562358626631,171.464767285751,-1.3));
#16573=CARTESIAN_POINT('',(29.5701041148444,170.96305499273,-1.3));
#16574=AXIS2_PLACEMENT_3D('',#20468,#20469,#20470);
#16575=CARTESIAN_POINT('',(23.9704998042857,174.049801751171,-1.3));
#16576=CARTESIAN_POINT('',(10.0,181.013947840882,-1.3));
#16577=VECTOR('',#20471,1.0);
#16578=CARTESIAN_POINT('',(23.6135944285188,174.133827901963,-1.3));
#16579=AXIS2_PLACEMENT_3D('',#20472,#20473,#20474);
#16580=CARTESIAN_POINT('',(20.1227134386941,174.133827901961,-1.3));
#16581=CARTESIAN_POINT('',(10.0,174.133827901959,-1.3));
#16582=VECTOR('',#20475,1.0);
#16583=CARTESIAN_POINT('',(19.7658080629269,174.049801751168,-1.3));
#16584=AXIS2_PLACEMENT_3D('',#20476,#20477,#20478);
#16585=CARTESIAN_POINT('',(14.5800720045523,171.464767285743,-1.3));
#16586=CARTESIAN_POINT('',(10.0,169.181649932175,-1.3));
#16587=VECTOR('',#20479,1.0);
#16588=CARTESIAN_POINT('',(14.1662037523715,170.963054992722,-1.3));
#16589=AXIS2_PLACEMENT_3D('',#20480,#20481,#20482);
#16590=CARTESIAN_POINT('',(13.8575589865721,169.852752005491,-1.3));
#16591=CARTESIAN_POINT('',(7.93576738622967,148.55,-1.3));
#16592=VECTOR('',#20483,1.0);
#16593=CARTESIAN_POINT('',(13.8283326145206,169.638490449305,-1.3));
#16594=AXIS2_PLACEMENT_3D('',#20484,#20485,#20486);
#16595=CARTESIAN_POINT('',(13.8283326145262,146.699999999997,-1.3));
#16596=CARTESIAN_POINT('',(13.8283326145258,148.55,-1.3));
#16597=VECTOR('',#20487,1.0);
#16598=CARTESIAN_POINT('',(14.6283326145265,145.899999999998,-1.3));
#16599=AXIS2_PLACEMENT_3D('',#20488,#20489,#20490);
#16600=CARTESIAN_POINT('',(29.107975252716,145.900000000005,-1.3));
#16601=CARTESIAN_POINT('',(10.0,145.899999999997,-1.3));
#16602=VECTOR('',#20491,1.0);
#16603=CARTESIAN_POINT('',(29.9079752527153,146.700000000006,-1.3));
#16604=AXIS2_PLACEMENT_3D('',#20492,#20493,#20494);
#16605=CARTESIAN_POINT('',(29.9079752526971,169.638490449313,-1.3));
#16606=CARTESIAN_POINT('',(29.9079752527137,148.55,-1.3));
#16607=VECTOR('',#20495,1.0);
#16608=CARTESIAN_POINT('',(29.8787488806452,169.8527520055,-1.3));
#16609=AXIS2_PLACEMENT_3D('',#20496,#20497,#20498);
#16610=CARTESIAN_POINT('',(35.800540481014,148.55,-1.3));
#16611=VECTOR('',#20499,1.0);
#16612=CARTESIAN_POINT('',(10.75,164.99,-1.3));
#16613=CARTESIAN_POINT('',(6.85,164.99,-1.3));
#16614=CARTESIAN_POINT('',(10.0,164.99,-1.3));
#16615=VECTOR('',#20500,1.0);
#16616=CARTESIAN_POINT('',(10.75,165.44,-1.3));
#16617=CARTESIAN_POINT('',(10.75,148.55,-1.3));
#16618=VECTOR('',#20501,1.0);
#16619=CARTESIAN_POINT('',(12.2,165.44,-1.3));
#16620=CARTESIAN_POINT('',(10.0,165.44,-1.3));
#16621=VECTOR('',#20502,1.0);
#16622=CARTESIAN_POINT('',(12.25,165.49,-1.3));
#16623=AXIS2_PLACEMENT_3D('',#20503,#20504,#20505);
#16624=CARTESIAN_POINT('',(12.25,172.39,-1.3));
#16625=CARTESIAN_POINT('',(12.25,148.55,-1.3));
#16626=VECTOR('',#20506,1.0);
#16627=CARTESIAN_POINT('',(12.2,172.44,-1.3));
#16628=AXIS2_PLACEMENT_3D('',#20507,#20508,#20509);
#16629=CARTESIAN_POINT('',(10.75,172.44,-1.3));
#16630=CARTESIAN_POINT('',(10.0,172.44,-1.3));
#16631=VECTOR('',#20510,1.0);
#16632=CARTESIAN_POINT('',(10.75,172.89,-1.3));
#16633=CARTESIAN_POINT('',(10.75,148.55,-1.3));
#16634=VECTOR('',#20511,1.0);
#16635=CARTESIAN_POINT('',(6.85,172.89,-1.3));
#16636=CARTESIAN_POINT('',(10.0,172.89,-1.3));
#16637=VECTOR('',#20512,1.0);
#16638=CARTESIAN_POINT('',(6.85,172.44,-1.3));
#16639=CARTESIAN_POINT('',(6.85,148.55,-1.3));
#16640=VECTOR('',#20513,1.0);
#16641=CARTESIAN_POINT('',(5.6,172.44,-1.3));
#16642=CARTESIAN_POINT('',(10.0,172.44,-1.3));
#16643=VECTOR('',#20514,1.0);
#16644=CARTESIAN_POINT('',(5.55,172.39,-1.3));
#16645=AXIS2_PLACEMENT_3D('',#20515,#20516,#20517);
#16646=CARTESIAN_POINT('',(5.55,165.49,-1.3));
#16647=CARTESIAN_POINT('',(5.55,148.55,-1.3));
#16648=VECTOR('',#20518,1.0);
#16649=CARTESIAN_POINT('',(5.6,165.44,-1.3));
#16650=AXIS2_PLACEMENT_3D('',#20519,#20520,#20521);
#16651=CARTESIAN_POINT('',(6.85,165.44,-1.3));
#16652=CARTESIAN_POINT('',(10.0,165.44,-1.3));
#16653=VECTOR('',#20522,1.0);
#16654=CARTESIAN_POINT('',(6.85,148.55,-1.3));
#16655=VECTOR('',#20523,1.0);
#16656=CARTESIAN_POINT('',(5.7,162.5,-1.3));
#16657=CARTESIAN_POINT('',(5.7,163.9,-1.3));
#16658=CARTESIAN_POINT('',(5.7,148.55,-1.3));
#16659=VECTOR('',#20524,1.0);
#16660=CARTESIAN_POINT('',(5.85,162.5,-1.3));
#16661=CARTESIAN_POINT('',(10.0,162.5,-1.3));
#16662=VECTOR('',#20525,1.0);
#16663=CARTESIAN_POINT('',(5.85,161.825,-1.3));
#16664=CARTESIAN_POINT('',(5.85,148.55,-1.3));
#16665=VECTOR('',#20526,1.0);
#16666=CARTESIAN_POINT('',(9.35,161.825,-1.3));
#16667=CARTESIAN_POINT('',(10.0,161.825,-1.3));
#16668=VECTOR('',#20527,1.0);
#16669=CARTESIAN_POINT('',(9.35,162.5,-1.3));
#16670=CARTESIAN_POINT('',(9.35,148.55,-1.3));
#16671=VECTOR('',#20528,1.0);
#16672=CARTESIAN_POINT('',(9.5,162.5,-1.3));
#16673=CARTESIAN_POINT('',(10.0,162.5,-1.3));
#16674=VECTOR('',#20529,1.0);
#16675=CARTESIAN_POINT('',(9.5,163.9,-1.3));
#16676=CARTESIAN_POINT('',(9.5,148.55,-1.3));
#16677=VECTOR('',#20530,1.0);
#16678=CARTESIAN_POINT('',(9.35,163.9,-1.3));
#16679=CARTESIAN_POINT('',(10.0,163.9,-1.3));
#16680=VECTOR('',#20531,1.0);
#16681=CARTESIAN_POINT('',(9.35,164.575,-1.3));
#16682=CARTESIAN_POINT('',(9.35,148.55,-1.3));
#16683=VECTOR('',#20532,1.0);
#16684=CARTESIAN_POINT('',(5.85,164.575,-1.3));
#16685=CARTESIAN_POINT('',(10.0,164.575,-1.3));
#16686=VECTOR('',#20533,1.0);
#16687=CARTESIAN_POINT('',(5.85,163.9,-1.3));
#16688=CARTESIAN_POINT('',(5.85,148.55,-1.3));
#16689=VECTOR('',#20534,1.0);
#16690=CARTESIAN_POINT('',(10.0,163.9,-1.3));
#16691=VECTOR('',#20535,1.0);
#16692=CARTESIAN_POINT('',(5.7,159.2,-1.3));
#16693=CARTESIAN_POINT('',(5.7,160.6,-1.3));
#16694=CARTESIAN_POINT('',(5.7,148.55,-1.3));
#16695=VECTOR('',#20536,1.0);
#16696=CARTESIAN_POINT('',(5.85,159.2,-1.3));
#16697=CARTESIAN_POINT('',(10.0,159.2,-1.3));
#16698=VECTOR('',#20537,1.0);
#16699=CARTESIAN_POINT('',(5.85,158.525,-1.3));
#16700=CARTESIAN_POINT('',(5.85,148.55,-1.3));
#16701=VECTOR('',#20538,1.0);
#16702=CARTESIAN_POINT('',(9.35,158.525,-1.3));
#16703=CARTESIAN_POINT('',(10.0,158.525,-1.3));
#16704=VECTOR('',#20539,1.0);
#16705=CARTESIAN_POINT('',(9.35,159.2,-1.3));
#16706=CARTESIAN_POINT('',(9.35,148.55,-1.3));
#16707=VECTOR('',#20540,1.0);
#16708=CARTESIAN_POINT('',(9.5,159.2,-1.3));
#16709=CARTESIAN_POINT('',(10.0,159.2,-1.3));
#16710=VECTOR('',#20541,1.0);
#16711=CARTESIAN_POINT('',(9.5,160.6,-1.3));
#16712=CARTESIAN_POINT('',(9.5,148.55,-1.3));
#16713=VECTOR('',#20542,1.0);
#16714=CARTESIAN_POINT('',(9.35,160.6,-1.3));
#16715=CARTESIAN_POINT('',(10.0,160.6,-1.3));
#16716=VECTOR('',#20543,1.0);
#16717=CARTESIAN_POINT('',(9.35,161.275,-1.3));
#16718=CARTESIAN_POINT('',(9.35,148.55,-1.3));
#16719=VECTOR('',#20544,1.0);
#16720=CARTESIAN_POINT('',(5.85,161.275,-1.3));
#16721=CARTESIAN_POINT('',(10.0,161.275,-1.3));
#16722=VECTOR('',#20545,1.0);
#16723=CARTESIAN_POINT('',(5.85,160.6,-1.3));
#16724=CARTESIAN_POINT('',(5.85,148.55,-1.3));
#16725=VECTOR('',#20546,1.0);
#16726=CARTESIAN_POINT('',(10.0,160.6,-1.3));
#16727=VECTOR('',#20547,1.0);
#16728=CARTESIAN_POINT('',(5.85,156.0,-1.3));
#16729=CARTESIAN_POINT('',(5.7,156.0,-1.3));
#16730=CARTESIAN_POINT('',(10.0,156.0,-1.3));
#16731=VECTOR('',#20548,1.0);
#16732=CARTESIAN_POINT('',(5.85,155.325,-1.3));
#16733=CARTESIAN_POINT('',(5.85,148.55,-1.3));
#16734=VECTOR('',#20549,1.0);
#16735=CARTESIAN_POINT('',(9.35,155.325,-1.3));
#16736=CARTESIAN_POINT('',(10.0,155.325,-1.3));
#16737=VECTOR('',#20550,1.0);
#16738=CARTESIAN_POINT('',(9.35,156.0,-1.3));
#16739=CARTESIAN_POINT('',(9.35,148.55,-1.3));
#16740=VECTOR('',#20551,1.0);
#16741=CARTESIAN_POINT('',(9.5,156.0,-1.3));
#16742=CARTESIAN_POINT('',(10.0,156.0,-1.3));
#16743=VECTOR('',#20552,1.0);
#16744=CARTESIAN_POINT('',(9.5,157.4,-1.3));
#16745=CARTESIAN_POINT('',(9.5,148.55,-1.3));
#16746=VECTOR('',#20553,1.0);
#16747=CARTESIAN_POINT('',(9.35,157.4,-1.3));
#16748=CARTESIAN_POINT('',(10.0,157.4,-1.3));
#16749=VECTOR('',#20554,1.0);
#16750=CARTESIAN_POINT('',(9.35,158.075,-1.3));
#16751=CARTESIAN_POINT('',(9.35,148.55,-1.3));
#16752=VECTOR('',#20555,1.0);
#16753=CARTESIAN_POINT('',(5.85,158.075,-1.3));
#16754=CARTESIAN_POINT('',(10.0,158.075,-1.3));
#16755=VECTOR('',#20556,1.0);
#16756=CARTESIAN_POINT('',(5.85,157.4,-1.3));
#16757=CARTESIAN_POINT('',(5.85,148.55,-1.3));
#16758=VECTOR('',#20557,1.0);
#16759=CARTESIAN_POINT('',(5.7,157.4,-1.3));
#16760=CARTESIAN_POINT('',(10.0,157.4,-1.3));
#16761=VECTOR('',#20558,1.0);
#16762=CARTESIAN_POINT('',(5.7,148.55,-1.3));
#16763=VECTOR('',#20559,1.0);
#16764=CARTESIAN_POINT('',(1.575,156.8,-1.3));
#16765=CARTESIAN_POINT('',(1.575,157.475,-1.3));
#16766=CARTESIAN_POINT('',(1.575,148.55,-1.3));
#16767=VECTOR('',#20560,1.0);
#16768=CARTESIAN_POINT('',(5.075,156.8,-1.3));
#16769=CARTESIAN_POINT('',(10.0,156.8,-1.3));
#16770=VECTOR('',#20561,1.0);
#16771=CARTESIAN_POINT('',(5.075,157.475,-1.3));
#16772=CARTESIAN_POINT('',(5.075,148.55,-1.3));
#16773=VECTOR('',#20562,1.0);
#16774=CARTESIAN_POINT('',(5.225,157.475,-1.3));
#16775=CARTESIAN_POINT('',(10.0,157.475,-1.3));
#16776=VECTOR('',#20563,1.0);
#16777=CARTESIAN_POINT('',(5.225,158.875,-1.3));
#16778=CARTESIAN_POINT('',(5.225,148.55,-1.3));
#16779=VECTOR('',#20564,1.0);
#16780=CARTESIAN_POINT('',(5.075,158.875,-1.3));
#16781=CARTESIAN_POINT('',(10.0,158.875,-1.3));
#16782=VECTOR('',#20565,1.0);
#16783=CARTESIAN_POINT('',(5.075,159.55,-1.3));
#16784=CARTESIAN_POINT('',(5.075,148.55,-1.3));
#16785=VECTOR('',#20566,1.0);
#16786=CARTESIAN_POINT('',(1.575,159.55,-1.3));
#16787=CARTESIAN_POINT('',(10.0,159.55,-1.3));
#16788=VECTOR('',#20567,1.0);
#16789=CARTESIAN_POINT('',(1.575,158.875,-1.3));
#16790=CARTESIAN_POINT('',(1.575,148.55,-1.3));
#16791=VECTOR('',#20568,1.0);
#16792=CARTESIAN_POINT('',(1.425,158.875,-1.3));
#16793=CARTESIAN_POINT('',(10.0,158.875,-1.3));
#16794=VECTOR('',#20569,1.0);
#16795=CARTESIAN_POINT('',(1.425,157.475,-1.3));
#16796=CARTESIAN_POINT('',(1.425,148.55,-1.3));
#16797=VECTOR('',#20570,1.0);
#16798=CARTESIAN_POINT('',(10.0,157.475,-1.3));
#16799=VECTOR('',#20571,1.0);
#16800=CARTESIAN_POINT('',(2.46,154.795,-1.3));
#16801=CARTESIAN_POINT('',(4.66,154.795,-1.3));
#16802=AXIS2_PLACEMENT_3D('',#20572,#20573,#20574);
#16803=AXIS2_PLACEMENT_3D('',#20575,#20576,#20577);
#16804=CARTESIAN_POINT('',(2.46,162.415,-1.3));
#16805=CARTESIAN_POINT('',(4.66,162.415,-1.3));
#16806=AXIS2_PLACEMENT_3D('',#20578,#20579,#20580);
#16807=AXIS2_PLACEMENT_3D('',#20581,#20582,#20583);
#16808=CARTESIAN_POINT('',(50.1488188473592,180.70003,-1.3));
#16809=AXIS2_PLACEMENT_3D('',#20584,#20585,#20586);
#16810=CARTESIAN_POINT('',(10.0,180.70003,-1.3));
#16811=VECTOR('',#20587,1.0);
#16812=CARTESIAN_POINT('',(27.7620333643234,180.096422851676,-1.3));
#16813=AXIS2_PLACEMENT_3D('',#20588,#20589,#20590);
#16814=CARTESIAN_POINT('',(28.0272758118112,173.733793646385,-1.3));
#16815=CARTESIAN_POINT('',(29.0771265650564,148.55,-1.3));
#16816=VECTOR('',#20591,1.0);
#16817=CARTESIAN_POINT('',(28.5528412884739,172.970790473043,-1.3));
#16818=AXIS2_PLACEMENT_3D('',#20592,#20593,#20594);
#16819=CARTESIAN_POINT('',(37.3060614863535,168.607402973132,-1.3));
#16820=CARTESIAN_POINT('',(10.0,182.219185227875,-1.3));
#16821=VECTOR('',#20595,1.0);
#16822=CARTESIAN_POINT('',(41.0939385136468,168.607402973132,-1.3));
#16823=AXIS2_PLACEMENT_3D('',#20596,#20597,#20598);
#16824=CARTESIAN_POINT('',(49.8471587115264,172.970790473043,-1.3));
#16825=CARTESIAN_POINT('',(10.0,153.107404165115,-1.3));
#16826=VECTOR('',#20599,1.0);
#16827=CARTESIAN_POINT('',(50.3727241881891,173.733793646385,-1.3));
#16828=AXIS2_PLACEMENT_3D('',#20600,#20601,#20602);
#16829=CARTESIAN_POINT('',(49.3228734349439,148.55,-1.3));
#16830=VECTOR('',#20603,1.0);
#16831=CARTESIAN_POINT('',(31.425,149.3,-1.3));
#16832=CARTESIAN_POINT('',(34.225,149.3,-1.3));
#16833=CARTESIAN_POINT('',(10.0,149.3,-1.3));
#16834=VECTOR('',#20604,1.0);
#16835=CARTESIAN_POINT('',(31.425,145.1,-1.3));
#16836=CARTESIAN_POINT('',(31.425,148.55,-1.3));
#16837=VECTOR('',#20605,1.0);
#16838=CARTESIAN_POINT('',(34.225,145.1,-1.3));
#16839=CARTESIAN_POINT('',(10.0,145.1,-1.3));
#16840=VECTOR('',#20606,1.0);
#16841=CARTESIAN_POINT('',(34.225,148.55,-1.3));
#16842=VECTOR('',#20607,1.0);
#16843=CARTESIAN_POINT('',(38.45,145.1,-1.3));
#16844=CARTESIAN_POINT('',(35.65,145.1,-1.3));
#16845=CARTESIAN_POINT('',(10.0,145.1,-1.3));
#16846=VECTOR('',#20608,1.0);
#16847=CARTESIAN_POINT('',(38.45,149.3,-1.3));
#16848=CARTESIAN_POINT('',(38.45,148.55,-1.3));
#16849=VECTOR('',#20609,1.0);
#16850=CARTESIAN_POINT('',(35.65,149.3,-1.3));
#16851=CARTESIAN_POINT('',(10.0,149.3,-1.3));
#16852=VECTOR('',#20610,1.0);
#16853=CARTESIAN_POINT('',(35.65,148.55,-1.3));
#16854=VECTOR('',#20611,1.0);
#16855=CARTESIAN_POINT('',(51.1,153.575,-1.3));
#16856=CARTESIAN_POINT('',(51.1,153.8,-1.3));
#16857=CARTESIAN_POINT('',(51.1,148.55,-1.3));
#16858=VECTOR('',#20612,1.0);
#16859=CARTESIAN_POINT('',(52.2,153.575,-1.3));
#16860=CARTESIAN_POINT('',(10.0,153.575,-1.3));
#16861=VECTOR('',#20613,1.0);
#16862=CARTESIAN_POINT('',(52.2,153.8,-1.3));
#16863=CARTESIAN_POINT('',(52.2,148.55,-1.3));
#16864=VECTOR('',#20614,1.0);
#16865=CARTESIAN_POINT('',(52.375,153.8,-1.3));
#16866=CARTESIAN_POINT('',(10.0,153.8,-1.3));
#16867=VECTOR('',#20615,1.0);
#16868=CARTESIAN_POINT('',(52.375,156.05,-1.3));
#16869=CARTESIAN_POINT('',(52.375,148.55,-1.3));
#16870=VECTOR('',#20616,1.0);
#16871=CARTESIAN_POINT('',(52.2,156.05,-1.3));
#16872=CARTESIAN_POINT('',(10.0,156.05,-1.3));
#16873=VECTOR('',#20617,1.0);
#16874=CARTESIAN_POINT('',(52.2,156.275,-1.3));
#16875=CARTESIAN_POINT('',(52.2,148.55,-1.3));
#16876=VECTOR('',#20618,1.0);
#16877=CARTESIAN_POINT('',(51.1,156.275,-1.3));
#16878=CARTESIAN_POINT('',(10.0,156.275,-1.3));
#16879=VECTOR('',#20619,1.0);
#16880=CARTESIAN_POINT('',(51.1,156.05,-1.3));
#16881=CARTESIAN_POINT('',(51.1,148.55,-1.3));
#16882=VECTOR('',#20620,1.0);
#16883=CARTESIAN_POINT('',(50.925,156.05,-1.3));
#16884=CARTESIAN_POINT('',(10.0,156.05,-1.3));
#16885=VECTOR('',#20621,1.0);
#16886=CARTESIAN_POINT('',(50.925,153.8,-1.3));
#16887=CARTESIAN_POINT('',(50.925,148.55,-1.3));
#16888=VECTOR('',#20622,1.0);
#16889=CARTESIAN_POINT('',(10.0,153.8,-1.3));
#16890=VECTOR('',#20623,1.0);
#16891=CARTESIAN_POINT('',(51.845,156.8,-1.3));
#16892=CARTESIAN_POINT('',(51.62,156.8,-1.3));
#16893=CARTESIAN_POINT('',(10.0,156.8,-1.3));
#16894=VECTOR('',#20624,1.0);
#16895=CARTESIAN_POINT('',(51.845,156.725,-1.3));
#16896=CARTESIAN_POINT('',(51.845,148.55,-1.3));
#16897=VECTOR('',#20625,1.0);
#16898=CARTESIAN_POINT('',(55.295,156.725,-1.3));
#16899=CARTESIAN_POINT('',(10.0,156.725,-1.3));
#16900=VECTOR('',#20626,1.0);
#16901=CARTESIAN_POINT('',(55.295,156.8,-1.3));
#16902=CARTESIAN_POINT('',(55.295,148.55,-1.3));
#16903=VECTOR('',#20627,1.0);
#16904=CARTESIAN_POINT('',(55.52,156.8,-1.3));
#16905=CARTESIAN_POINT('',(10.0,156.8,-1.3));
#16906=VECTOR('',#20628,1.0);
#16907=CARTESIAN_POINT('',(55.52,158.5,-1.3));
#16908=CARTESIAN_POINT('',(55.52,148.55,-1.3));
#16909=VECTOR('',#20629,1.0);
#16910=CARTESIAN_POINT('',(55.295,158.5,-1.3));
#16911=CARTESIAN_POINT('',(10.0,158.5,-1.3));
#16912=VECTOR('',#20630,1.0);
#16913=CARTESIAN_POINT('',(55.295,158.575,-1.3));
#16914=CARTESIAN_POINT('',(55.295,148.55,-1.3));
#16915=VECTOR('',#20631,1.0);
#16916=CARTESIAN_POINT('',(51.845,158.575,-1.3));
#16917=CARTESIAN_POINT('',(10.0,158.575,-1.3));
#16918=VECTOR('',#20632,1.0);
#16919=CARTESIAN_POINT('',(51.845,158.5,-1.3));
#16920=CARTESIAN_POINT('',(51.845,148.55,-1.3));
#16921=VECTOR('',#20633,1.0);
#16922=CARTESIAN_POINT('',(51.62,158.5,-1.3));
#16923=CARTESIAN_POINT('',(10.0,158.5,-1.3));
#16924=VECTOR('',#20634,1.0);
#16925=CARTESIAN_POINT('',(51.62,148.55,-1.3));
#16926=VECTOR('',#20635,1.0);
#16927=CARTESIAN_POINT('',(51.845,160.75,-1.3));
#16928=CARTESIAN_POINT('',(51.845,160.825,-1.3));
#16929=CARTESIAN_POINT('',(51.845,148.55,-1.3));
#16930=VECTOR('',#20636,1.0);
#16931=CARTESIAN_POINT('',(51.62,160.75,-1.3));
#16932=CARTESIAN_POINT('',(10.0,160.75,-1.3));
#16933=VECTOR('',#20637,1.0);
#16934=CARTESIAN_POINT('',(51.62,159.05,-1.3));
#16935=CARTESIAN_POINT('',(51.62,148.55,-1.3));
#16936=VECTOR('',#20638,1.0);
#16937=CARTESIAN_POINT('',(51.845,159.05,-1.3));
#16938=CARTESIAN_POINT('',(10.0,159.05,-1.3));
#16939=VECTOR('',#20639,1.0);
#16940=CARTESIAN_POINT('',(51.845,158.975,-1.3));
#16941=CARTESIAN_POINT('',(51.845,148.55,-1.3));
#16942=VECTOR('',#20640,1.0);
#16943=CARTESIAN_POINT('',(55.295,158.975,-1.3));
#16944=CARTESIAN_POINT('',(10.0,158.975,-1.3));
#16945=VECTOR('',#20641,1.0);
#16946=CARTESIAN_POINT('',(55.295,159.05,-1.3));
#16947=CARTESIAN_POINT('',(55.295,148.55,-1.3));
#16948=VECTOR('',#20642,1.0);
#16949=CARTESIAN_POINT('',(55.52,159.05,-1.3));
#16950=CARTESIAN_POINT('',(10.0,159.05,-1.3));
#16951=VECTOR('',#20643,1.0);
#16952=CARTESIAN_POINT('',(55.52,160.75,-1.3));
#16953=CARTESIAN_POINT('',(55.52,148.55,-1.3));
#16954=VECTOR('',#20644,1.0);
#16955=CARTESIAN_POINT('',(55.295,160.75,-1.3));
#16956=CARTESIAN_POINT('',(10.0,160.75,-1.3));
#16957=VECTOR('',#20645,1.0);
#16958=CARTESIAN_POINT('',(55.295,160.825,-1.3));
#16959=CARTESIAN_POINT('',(55.295,148.55,-1.3));
#16960=VECTOR('',#20646,1.0);
#16961=CARTESIAN_POINT('',(10.0,160.825,-1.3));
#16962=VECTOR('',#20647,1.0);
#16963=CARTESIAN_POINT('',(51.845,165.825,-1.3));
#16964=CARTESIAN_POINT('',(55.295,165.825,-1.3));
#16965=CARTESIAN_POINT('',(10.0,165.825,-1.3));
#16966=VECTOR('',#20648,1.0);
#16967=CARTESIAN_POINT('',(51.845,165.75,-1.3));
#16968=CARTESIAN_POINT('',(51.845,148.55,-1.3));
#16969=VECTOR('',#20649,1.0);
#16970=CARTESIAN_POINT('',(51.62,165.75,-1.3));
#16971=CARTESIAN_POINT('',(10.0,165.75,-1.3));
#16972=VECTOR('',#20650,1.0);
#16973=CARTESIAN_POINT('',(51.62,164.05,-1.3));
#16974=CARTESIAN_POINT('',(51.62,148.55,-1.3));
#16975=VECTOR('',#20651,1.0);
#16976=CARTESIAN_POINT('',(51.845,164.05,-1.3));
#16977=CARTESIAN_POINT('',(10.0,164.05,-1.3));
#16978=VECTOR('',#20652,1.0);
#16979=CARTESIAN_POINT('',(51.845,163.975,-1.3));
#16980=CARTESIAN_POINT('',(51.845,148.55,-1.3));
#16981=VECTOR('',#20653,1.0);
#16982=CARTESIAN_POINT('',(55.295,163.975,-1.3));
#16983=CARTESIAN_POINT('',(10.0,163.975,-1.3));
#16984=VECTOR('',#20654,1.0);
#16985=CARTESIAN_POINT('',(55.295,164.05,-1.3));
#16986=CARTESIAN_POINT('',(55.295,148.55,-1.3));
#16987=VECTOR('',#20655,1.0);
#16988=CARTESIAN_POINT('',(55.52,164.05,-1.3));
#16989=CARTESIAN_POINT('',(10.0,164.05,-1.3));
#16990=VECTOR('',#20656,1.0);
#16991=CARTESIAN_POINT('',(55.52,165.75,-1.3));
#16992=CARTESIAN_POINT('',(55.52,148.55,-1.3));
#16993=VECTOR('',#20657,1.0);
#16994=CARTESIAN_POINT('',(55.295,165.75,-1.3));
#16995=CARTESIAN_POINT('',(10.0,165.75,-1.3));
#16996=VECTOR('',#20658,1.0);
#16997=CARTESIAN_POINT('',(55.295,148.55,-1.3));
#16998=VECTOR('',#20659,1.0);
#16999=CARTESIAN_POINT('',(55.295,168.05,-1.3));
#17000=CARTESIAN_POINT('',(55.52,168.05,-1.3));
#17001=CARTESIAN_POINT('',(10.0,168.05,-1.3));
#17002=VECTOR('',#20660,1.0);
#17003=CARTESIAN_POINT('',(55.295,168.125,-1.3));
#17004=CARTESIAN_POINT('',(55.295,148.55,-1.3));
#17005=VECTOR('',#20661,1.0);
#17006=CARTESIAN_POINT('',(51.845,168.125,-1.3));
#17007=CARTESIAN_POINT('',(10.0,168.125,-1.3));
#17008=VECTOR('',#20662,1.0);
#17009=CARTESIAN_POINT('',(51.845,168.05,-1.3));
#17010=CARTESIAN_POINT('',(51.845,148.55,-1.3));
#17011=VECTOR('',#20663,1.0);
#17012=CARTESIAN_POINT('',(51.62,168.05,-1.3));
#17013=CARTESIAN_POINT('',(10.0,168.05,-1.3));
#17014=VECTOR('',#20664,1.0);
#17015=CARTESIAN_POINT('',(51.62,166.35,-1.3));
#17016=CARTESIAN_POINT('',(51.62,148.55,-1.3));
#17017=VECTOR('',#20665,1.0);
#17018=CARTESIAN_POINT('',(51.845,166.35,-1.3));
#17019=CARTESIAN_POINT('',(10.0,166.35,-1.3));
#17020=VECTOR('',#20666,1.0);
#17021=CARTESIAN_POINT('',(51.845,166.275,-1.3));
#17022=CARTESIAN_POINT('',(51.845,148.55,-1.3));
#17023=VECTOR('',#20667,1.0);
#17024=CARTESIAN_POINT('',(55.295,166.275,-1.3));
#17025=CARTESIAN_POINT('',(10.0,166.275,-1.3));
#17026=VECTOR('',#20668,1.0);
#17027=CARTESIAN_POINT('',(55.295,166.35,-1.3));
#17028=CARTESIAN_POINT('',(55.295,148.55,-1.3));
#17029=VECTOR('',#20669,1.0);
#17030=CARTESIAN_POINT('',(55.52,166.35,-1.3));
#17031=CARTESIAN_POINT('',(10.0,166.35,-1.3));
#17032=VECTOR('',#20670,1.0);
#17033=CARTESIAN_POINT('',(55.52,148.55,-1.3));
#17034=VECTOR('',#20671,1.0);
#17035=CARTESIAN_POINT('',(52.0187184335382,172.920799961555,-1.3));
#17036=CARTESIAN_POINT('',(52.1778174593052,173.079898987322,-1.3));
#17037=CARTESIAN_POINT('',(27.6479184719829,148.55,-1.3));
#17038=VECTOR('',#20672,1.0);
#17039=CARTESIAN_POINT('',(51.9656854249492,172.973832970144,-1.3));
#17040=CARTESIAN_POINT('',(10.0,214.939518395094,-1.3));
#17041=VECTOR('',#20673,1.0);
#17042=CARTESIAN_POINT('',(49.5261670298556,170.534314575051,-1.3));
#17043=CARTESIAN_POINT('',(27.5418524548049,148.55,-1.3));
#17044=VECTOR('',#20674,1.0);
#17045=CARTESIAN_POINT('',(49.5792000384446,170.481281566462,-1.3));
#17046=CARTESIAN_POINT('',(10.0,210.060481604906,-1.3));
#17047=VECTOR('',#20675,1.0);
#17048=CARTESIAN_POINT('',(49.4201010126777,170.322182540695,-1.3));
#17049=CARTESIAN_POINT('',(27.6479184719829,148.55,-1.3));
#17050=VECTOR('',#20676,1.0);
#17051=CARTESIAN_POINT('',(50.6221825406948,169.120101012678,-1.3));
#17052=CARTESIAN_POINT('',(10.0,209.742283553372,-1.3));
#17053=VECTOR('',#20677,1.0);
#17054=CARTESIAN_POINT('',(50.7812815664618,169.279200038445,-1.3));
#17055=CARTESIAN_POINT('',(30.0520815280172,148.55,-1.3));
#17056=VECTOR('',#20678,1.0);
#17057=CARTESIAN_POINT('',(50.8343145750508,169.226167029856,-1.3));
#17058=CARTESIAN_POINT('',(10.0,210.060481604906,-1.3));
#17059=VECTOR('',#20679,1.0);
#17060=CARTESIAN_POINT('',(53.2738329701443,171.665685424949,-1.3));
#17061=CARTESIAN_POINT('',(30.1581475451951,148.55,-1.3));
#17062=VECTOR('',#20680,1.0);
#17063=CARTESIAN_POINT('',(53.2207999615554,171.718718433538,-1.3));
#17064=CARTESIAN_POINT('',(10.0,214.939518395094,-1.3));
#17065=VECTOR('',#20681,1.0);
#17066=CARTESIAN_POINT('',(53.3798989873223,171.877817459305,-1.3));
#17067=CARTESIAN_POINT('',(30.0520815280172,148.55,-1.3));
#17068=VECTOR('',#20682,1.0);
#17069=CARTESIAN_POINT('',(10.0,215.257716446628,-1.3));
#17070=VECTOR('',#20683,1.0);
#17071=CARTESIAN_POINT('',(56.3,177.7,-1.3));
#17072=CARTESIAN_POINT('',(56.3,176.0,-1.3));
#17073=CARTESIAN_POINT('',(56.3,148.55,-1.3));
#17074=VECTOR('',#20684,1.0);
#17075=CARTESIAN_POINT('',(56.075,177.7,-1.3));
#17076=CARTESIAN_POINT('',(10.0,177.7,-1.3));
#17077=VECTOR('',#20685,1.0);
#17078=CARTESIAN_POINT('',(56.075,177.775,-1.3));
#17079=CARTESIAN_POINT('',(56.075,148.55,-1.3));
#17080=VECTOR('',#20686,1.0);
#17081=CARTESIAN_POINT('',(52.625,177.775,-1.3));
#17082=CARTESIAN_POINT('',(10.0,177.775,-1.3));
#17083=VECTOR('',#20687,1.0);
#17084=CARTESIAN_POINT('',(52.625,177.7,-1.3));
#17085=CARTESIAN_POINT('',(52.625,148.55,-1.3));
#17086=VECTOR('',#20688,1.0);
#17087=CARTESIAN_POINT('',(52.4,177.7,-1.3));
#17088=CARTESIAN_POINT('',(10.0,177.7,-1.3));
#17089=VECTOR('',#20689,1.0);
#17090=CARTESIAN_POINT('',(52.4,176.0,-1.3));
#17091=CARTESIAN_POINT('',(52.4,148.55,-1.3));
#17092=VECTOR('',#20690,1.0);
#17093=CARTESIAN_POINT('',(52.625,176.0,-1.3));
#17094=CARTESIAN_POINT('',(10.0,176.0,-1.3));
#17095=VECTOR('',#20691,1.0);
#17096=CARTESIAN_POINT('',(52.625,175.925,-1.3));
#17097=CARTESIAN_POINT('',(52.625,148.55,-1.3));
#17098=VECTOR('',#20692,1.0);
#17099=CARTESIAN_POINT('',(56.075,175.925,-1.3));
#17100=CARTESIAN_POINT('',(10.0,175.925,-1.3));
#17101=VECTOR('',#20693,1.0);
#17102=CARTESIAN_POINT('',(56.075,176.0,-1.3));
#17103=CARTESIAN_POINT('',(56.075,148.55,-1.3));
#17104=VECTOR('',#20694,1.0);
#17105=CARTESIAN_POINT('',(10.0,176.0,-1.3));
#17106=VECTOR('',#20695,1.0);
#17107=CARTESIAN_POINT('',(54.36,175.195,-1.3));
#17108=CARTESIAN_POINT('',(54.36,172.495,-1.3));
#17109=AXIS2_PLACEMENT_3D('',#20696,#20697,#20698);
#17110=AXIS2_PLACEMENT_3D('',#20699,#20700,#20701);
#17111=CARTESIAN_POINT('',(54.36,171.385,-1.3));
#17112=CARTESIAN_POINT('',(54.36,168.685,-1.3));
#17113=AXIS2_PLACEMENT_3D('',#20702,#20703,#20704);
#17114=AXIS2_PLACEMENT_3D('',#20705,#20706,#20707);
#17115=CARTESIAN_POINT('',(54.36,156.145,-1.3));
#17116=CARTESIAN_POINT('',(54.36,153.445,-1.3));
#17117=AXIS2_PLACEMENT_3D('',#20708,#20709,#20710);
#17118=AXIS2_PLACEMENT_3D('',#20711,#20712,#20713);
#17119=CARTESIAN_POINT('',(54.36,152.335,-1.3));
#17120=CARTESIAN_POINT('',(54.36,149.635,-1.3));
#17121=AXIS2_PLACEMENT_3D('',#20714,#20715,#20716);
#17122=AXIS2_PLACEMENT_3D('',#20717,#20718,#20719);
#17123=CARTESIAN_POINT('',(56.7,169.4,-1.3));
#17124=CARTESIAN_POINT('',(57.1,169.4,-1.3));
#17125=CARTESIAN_POINT('',(10.0,169.4,-1.3));
#17126=VECTOR('',#20720,1.0);
#17127=CARTESIAN_POINT('',(55.9,168.6,-1.3));
#17128=AXIS2_PLACEMENT_3D('',#20721,#20722,#20723);
#17129=CARTESIAN_POINT('',(55.9,163.649000183939,-1.3));
#17130=CARTESIAN_POINT('',(55.9,148.55,-1.3));
#17131=VECTOR('',#20724,1.0);
#17132=CARTESIAN_POINT('',(55.8537358458327,163.48894356727,-1.3));
#17133=AXIS2_PLACEMENT_3D('',#20725,#20726,#20727);
#17134=CARTESIAN_POINT('',(55.4,163.199000183939,-1.3));
#17135=AXIS2_PLACEMENT_3D('',#20728,#20729,#20730);
#17136=CARTESIAN_POINT('',(53.185,163.199000183939,-1.3));
#17137=CARTESIAN_POINT('',(10.0,163.199000183939,-1.3));
#17138=VECTOR('',#20731,1.0);
#17139=CARTESIAN_POINT('',(52.395,162.525095018191,-1.3));
#17140=AXIS2_PLACEMENT_3D('',#20732,#20733,#20734);
#17141=CARTESIAN_POINT('',(52.395,162.272904613932,-1.3));
#17142=CARTESIAN_POINT('',(52.395,148.55,-1.3));
#17143=VECTOR('',#20735,1.0);
#17144=CARTESIAN_POINT('',(53.185,161.598999816061,-1.3));
#17145=AXIS2_PLACEMENT_3D('',#20736,#20737,#20738);
#17146=CARTESIAN_POINT('',(55.4,161.598999816061,-1.3));
#17147=CARTESIAN_POINT('',(10.0,161.598999816061,-1.3));
#17148=VECTOR('',#20739,1.0);
#17149=CARTESIAN_POINT('',(55.8537358458327,161.309056432731,-1.3));
#17150=AXIS2_PLACEMENT_3D('',#20740,#20741,#20742);
#17151=CARTESIAN_POINT('',(55.9,161.148999816061,-1.3));
#17152=AXIS2_PLACEMENT_3D('',#20743,#20744,#20745);
#17153=CARTESIAN_POINT('',(55.9,156.2,-1.3));
#17154=CARTESIAN_POINT('',(55.9,148.55,-1.3));
#17155=VECTOR('',#20746,1.0);
#17156=CARTESIAN_POINT('',(56.7,155.4,-1.3));
#17157=AXIS2_PLACEMENT_3D('',#20747,#20748,#20749);
#17158=CARTESIAN_POINT('',(57.1,155.4,-1.3));
#17159=CARTESIAN_POINT('',(10.0,155.4,-1.3));
#17160=VECTOR('',#20750,1.0);
#17161=CARTESIAN_POINT('',(57.9,156.2,-1.3));
#17162=AXIS2_PLACEMENT_3D('',#20751,#20752,#20753);
#17163=CARTESIAN_POINT('',(57.9,168.6,-1.3));
#17164=CARTESIAN_POINT('',(57.9,148.55,-1.3));
#17165=VECTOR('',#20754,1.0);
#17166=AXIS2_PLACEMENT_3D('',#20755,#20756,#20757);
#17167=CARTESIAN_POINT('',(4.725,178.55,-1.45));
#17168=CARTESIAN_POINT('',(3.275,178.55,-1.45));
#17169=CARTESIAN_POINT('',(4.725,178.55,-1.45));
#17170=VECTOR('',#20758,1.0);
#17171=CARTESIAN_POINT('',(4.725,175.55,-1.45));
#17172=CARTESIAN_POINT('',(4.725,175.55,-1.45));
#17173=VECTOR('',#20759,1.0);
#17174=CARTESIAN_POINT('',(3.275,175.55,-1.45));
#17175=CARTESIAN_POINT('',(3.275,175.55,-1.45));
#17176=VECTOR('',#20760,1.0);
#17177=CARTESIAN_POINT('',(3.275,178.55,-1.45));
#17178=VECTOR('',#20761,1.0);
#17179=CARTESIAN_POINT('',(3.275,178.55,0.0));
#17180=VECTOR('',#20762,1.0);
#17181=CARTESIAN_POINT('',(3.275,175.55,0.0));
#17182=VECTOR('',#20763,1.0);
#17183=CARTESIAN_POINT('',(4.725,178.55,0.0));
#17184=VECTOR('',#20764,1.0);
#17185=CARTESIAN_POINT('',(4.725,175.55,0.0));
#17186=VECTOR('',#20765,1.0);
#17187=CARTESIAN_POINT('',(4.6,171.875,-1.45));
#17188=CARTESIAN_POINT('',(4.6,173.325,-1.45));
#17189=CARTESIAN_POINT('',(4.6,171.875,-1.45));
#17190=VECTOR('',#20766,1.0);
#17191=CARTESIAN_POINT('',(1.6,171.875,-1.45));
#17192=CARTESIAN_POINT('',(1.6,171.875,-1.45));
#17193=VECTOR('',#20767,1.0);
#17194=CARTESIAN_POINT('',(1.6,173.325,-1.45));
#17195=CARTESIAN_POINT('',(1.6,173.325,-1.45));
#17196=VECTOR('',#20768,1.0);
#17197=CARTESIAN_POINT('',(4.6,173.325,-1.45));
#17198=VECTOR('',#20769,1.0);
#17199=CARTESIAN_POINT('',(4.6,173.325,0.0));
#17200=VECTOR('',#20770,1.0);
#17201=CARTESIAN_POINT('',(1.6,173.325,0.0));
#17202=VECTOR('',#20771,1.0);
#17203=CARTESIAN_POINT('',(4.6,171.875,0.0));
#17204=VECTOR('',#20772,1.0);
#17205=CARTESIAN_POINT('',(1.6,171.875,0.0));
#17206=VECTOR('',#20773,1.0);
#17207=CARTESIAN_POINT('',(2.96,169.113045554271,-4.67));
#17208=CARTESIAN_POINT('',(4.16,169.113045554271,-4.67));
#17209=AXIS2_PLACEMENT_3D('',#20774,#20775,#20776);
#17210=CARTESIAN_POINT('',(4.16,169.113045554271,-4.17));
#17211=CARTESIAN_POINT('',(4.16,169.113045554271,-2.0));
#17212=VECTOR('',#20777,1.0);
#17213=CARTESIAN_POINT('',(4.66,170.035,-4.17));
#17214=AXIS2_PLACEMENT_3D('',#20778,#20779,#20780);
#17215=CARTESIAN_POINT('',(4.66,170.035,-2.0));
#17216=VECTOR('',#20781,1.0);
#17217=CARTESIAN_POINT('',(2.46,170.035,-4.17));
#17218=CARTESIAN_POINT('',(2.46,170.035,-2.0));
#17219=VECTOR('',#20782,1.0);
#17220=CARTESIAN_POINT('',(2.96,169.113045554271,-4.17));
#17221=AXIS2_PLACEMENT_3D('',#20783,#20784,#20785);
#17222=CARTESIAN_POINT('',(2.96,169.113045554271,-2.0));
#17223=VECTOR('',#20786,1.0);
#17224=CARTESIAN_POINT('',(2.96,170.956954445729,-4.17));
#17225=AXIS2_PLACEMENT_3D('',#20787,#20788,#20789);
#17226=CARTESIAN_POINT('',(2.96,168.5349976,-4.17));
#17227=VECTOR('',#20790,1.0);
#17228=CARTESIAN_POINT('',(2.96,170.956954445729,-4.67));
#17229=CARTESIAN_POINT('',(2.96,170.956954445729,-2.0));
#17230=VECTOR('',#20791,1.0);
#17231=CARTESIAN_POINT('',(2.96,212.479344,-4.67));
#17232=VECTOR('',#20792,1.0);
#17233=CARTESIAN_POINT('',(4.16,170.956954445729,-4.67));
#17234=AXIS2_PLACEMENT_3D('',#20793,#20794,#20795);
#17235=CARTESIAN_POINT('',(4.16,212.479344,-4.67));
#17236=VECTOR('',#20796,1.0);
#17237=CARTESIAN_POINT('',(3.052,170.035,-4.67));
#17238=CARTESIAN_POINT('',(4.068,170.035,-4.67));
#17239=AXIS2_PLACEMENT_3D('',#20797,#20798,#20799);
#17240=AXIS2_PLACEMENT_3D('',#20800,#20801,#20802);
#17241=CARTESIAN_POINT('',(4.068,170.035,-9.5));
#17242=CARTESIAN_POINT('',(4.068,170.035,-2.728));
#17243=VECTOR('',#20803,1.0);
#17244=CARTESIAN_POINT('',(3.052,170.035,-9.5));
#17245=AXIS2_PLACEMENT_3D('',#20804,#20805,#20806);
#17246=CARTESIAN_POINT('',(3.052,170.035,-2.728));
#17247=VECTOR('',#20807,1.0);
#17248=CARTESIAN_POINT('',(3.552,170.035,-10.0));
#17249=CARTESIAN_POINT('',(3.568,170.035,-10.0));
#17250=AXIS2_PLACEMENT_3D('',#20808,#20809,#20810);
#17251=AXIS2_PLACEMENT_3D('',#20811,#20812,#20813);
#17252=AXIS2_PLACEMENT_3D('',#20814,#20815,#20816);
#17253=AXIS2_PLACEMENT_3D('',#20817,#20818,#20819);
#17254=CARTESIAN_POINT('',(4.16,170.956954445729,-4.17));
#17255=AXIS2_PLACEMENT_3D('',#20820,#20821,#20822);
#17256=CARTESIAN_POINT('',(4.16,168.5349976,-4.17));
#17257=VECTOR('',#20823,1.0);
#17258=CARTESIAN_POINT('',(4.16,170.956954445729,-2.0));
#17259=VECTOR('',#20824,1.0);
#17260=CARTESIAN_POINT('',(2.6,168.05,-2.8));
#17261=CARTESIAN_POINT('',(1.925,168.05,-2.8));
#17262=CARTESIAN_POINT('',(2.6,168.05,-2.8));
#17263=VECTOR('',#20825,1.0);
#17264=CARTESIAN_POINT('',(2.6,168.2,-2.8));
#17265=CARTESIAN_POINT('',(2.6,168.2,-2.8));
#17266=VECTOR('',#20826,1.0);
#17267=CARTESIAN_POINT('',(4.0,168.2,-2.8));
#17268=CARTESIAN_POINT('',(4.0,168.2,-2.8));
#17269=VECTOR('',#20827,1.0);
#17270=CARTESIAN_POINT('',(4.0,168.05,-2.8));
#17271=CARTESIAN_POINT('',(4.0,168.05,-2.8));
#17272=VECTOR('',#20828,1.0);
#17273=CARTESIAN_POINT('',(4.675,168.05,-2.8));
#17274=CARTESIAN_POINT('',(4.675,168.05,-2.8));
#17275=VECTOR('',#20829,1.0);
#17276=CARTESIAN_POINT('',(4.675,164.55,-2.8));
#17277=CARTESIAN_POINT('',(4.675,164.55,-2.8));
#17278=VECTOR('',#20830,1.0);
#17279=CARTESIAN_POINT('',(4.0,164.55,-2.8));
#17280=CARTESIAN_POINT('',(4.0,164.55,-2.8));
#17281=VECTOR('',#20831,1.0);
#17282=CARTESIAN_POINT('',(4.0,164.4,-2.8));
#17283=CARTESIAN_POINT('',(4.0,164.4,-2.8));
#17284=VECTOR('',#20832,1.0);
#17285=CARTESIAN_POINT('',(2.6,164.4,-2.8));
#17286=CARTESIAN_POINT('',(2.6,164.4,-2.8));
#17287=VECTOR('',#20833,1.0);
#17288=CARTESIAN_POINT('',(2.6,164.55,-2.8));
#17289=CARTESIAN_POINT('',(2.6,164.55,-2.8));
#17290=VECTOR('',#20834,1.0);
#17291=CARTESIAN_POINT('',(1.925,164.55,-2.8));
#17292=CARTESIAN_POINT('',(1.925,164.55,-2.8));
#17293=VECTOR('',#20835,1.0);
#17294=CARTESIAN_POINT('',(1.925,168.05,-2.8));
#17295=VECTOR('',#20836,1.0);
#17296=CARTESIAN_POINT('',(2.6,164.4,0.0));
#17297=VECTOR('',#20837,1.0);
#17298=CARTESIAN_POINT('',(4.0,164.4,0.0));
#17299=VECTOR('',#20838,1.0);
#17300=CARTESIAN_POINT('',(2.6,164.55,0.0));
#17301=VECTOR('',#20839,1.0);
#17302=CARTESIAN_POINT('',(1.925,164.55,0.0));
#17303=VECTOR('',#20840,1.0);
#17304=CARTESIAN_POINT('',(1.925,168.05,0.0));
#17305=VECTOR('',#20841,1.0);
#17306=CARTESIAN_POINT('',(2.6,168.05,0.0));
#17307=VECTOR('',#20842,1.0);
#17308=CARTESIAN_POINT('',(2.6,168.2,0.0));
#17309=VECTOR('',#20843,1.0);
#17310=CARTESIAN_POINT('',(4.0,168.2,0.0));
#17311=VECTOR('',#20844,1.0);
#17312=CARTESIAN_POINT('',(4.0,168.05,0.0));
#17313=VECTOR('',#20845,1.0);
#17314=CARTESIAN_POINT('',(4.675,168.05,0.0));
#17315=VECTOR('',#20846,1.0);
#17316=CARTESIAN_POINT('',(4.675,164.55,0.0));
#17317=VECTOR('',#20847,1.0);
#17318=CARTESIAN_POINT('',(4.0,164.55,0.0));
#17319=VECTOR('',#20848,1.0);
#17320=CARTESIAN_POINT('',(11.375,180.025,-2.8));
#17321=CARTESIAN_POINT('',(5.925,180.025,-2.8));
#17322=CARTESIAN_POINT('',(11.375,180.025,-2.8));
#17323=VECTOR('',#20849,1.0);
#17324=CARTESIAN_POINT('',(11.375,174.575,-2.8));
#17325=CARTESIAN_POINT('',(11.375,174.575,-2.8));
#17326=VECTOR('',#20850,1.0);
#17327=CARTESIAN_POINT('',(5.925,174.575,-2.8));
#17328=CARTESIAN_POINT('',(5.925,174.575,-2.8));
#17329=VECTOR('',#20851,1.0);
#17330=CARTESIAN_POINT('',(5.925,180.025,-2.8));
#17331=VECTOR('',#20852,1.0);
#17332=CARTESIAN_POINT('',(5.925,180.025,0.0));
#17333=VECTOR('',#20853,1.0);
#17334=CARTESIAN_POINT('',(5.925,174.575,0.0));
#17335=VECTOR('',#20854,1.0);
#17336=CARTESIAN_POINT('',(11.375,180.025,0.0));
#17337=VECTOR('',#20855,1.0);
#17338=CARTESIAN_POINT('',(11.375,174.575,0.0));
#17339=VECTOR('',#20856,1.0);
#17340=CARTESIAN_POINT('',(14.775,179.8,-1.45));
#17341=CARTESIAN_POINT('',(13.325,179.8,-1.45));
#17342=CARTESIAN_POINT('',(14.775,179.8,-1.45));
#17343=VECTOR('',#20857,1.0);
#17344=CARTESIAN_POINT('',(14.775,176.8,-1.45));
#17345=CARTESIAN_POINT('',(14.775,176.8,-1.45));
#17346=VECTOR('',#20858,1.0);
#17347=CARTESIAN_POINT('',(13.325,176.8,-1.45));
#17348=CARTESIAN_POINT('',(13.325,176.8,-1.45));
#17349=VECTOR('',#20859,1.0);
#17350=CARTESIAN_POINT('',(13.325,179.8,-1.45));
#17351=VECTOR('',#20860,1.0);
#17352=CARTESIAN_POINT('',(14.775,176.8,0.0));
#17353=VECTOR('',#20861,1.0);
#17354=CARTESIAN_POINT('',(14.775,179.8,0.0));
#17355=VECTOR('',#20862,1.0);
#17356=CARTESIAN_POINT('',(13.325,176.8,0.0));
#17357=VECTOR('',#20863,1.0);
#17358=CARTESIAN_POINT('',(13.325,179.8,0.0));
#17359=VECTOR('',#20864,1.0);
#17360=CARTESIAN_POINT('',(29.5701041148448,170.96305499273,-3.7));
#17361=CARTESIAN_POINT('',(29.8787488806452,169.8527520055,-3.7));
#17362=CARTESIAN_POINT('',(-466.706154341063,1956.24203364586,-3.7));
#17363=VECTOR('',#20865,1.0);
#17364=CARTESIAN_POINT('',(29.5701041148448,170.96305499273,-1.45));
#17365=VECTOR('',#20866,1.0);
#17366=CARTESIAN_POINT('',(29.8787488806452,169.8527520055,-1.45));
#17367=VECTOR('',#20867,1.0);
#17368=CARTESIAN_POINT('',(29.907975252697,169.638490449313,-3.7));
#17369=CARTESIAN_POINT('',(29.907975252697,169.638490449313,-1.45));
#17370=VECTOR('',#20868,1.0);
#17371=AXIS2_PLACEMENT_3D('',#20869,#20870,#20871);
#17372=CARTESIAN_POINT('',(29.9079752527152,146.700000000006,-3.7));
#17373=CARTESIAN_POINT('',(29.9079752527152,146.700000000006,-1.45));
#17374=VECTOR('',#20872,1.0);
#17375=CARTESIAN_POINT('',(29.107975252716,145.900000000005,-3.7));
#17376=CARTESIAN_POINT('',(29.107975252716,145.900000000005,-1.45));
#17377=VECTOR('',#20873,1.0);
#17378=AXIS2_PLACEMENT_3D('',#20874,#20875,#20876);
#17379=CARTESIAN_POINT('',(29.9079752512785,1956.24203364639,-3.7));
#17380=VECTOR('',#20877,1.0);
#17381=CARTESIAN_POINT('',(14.6283326145265,145.899999999998,-3.7));
#17382=CARTESIAN_POINT('',(14.6283326145265,145.899999999998,-1.45));
#17383=VECTOR('',#20878,1.0);
#17384=CARTESIAN_POINT('',(1895.07282605238,145.900000000495,-3.7));
#17385=VECTOR('',#20879,1.0);
#17386=CARTESIAN_POINT('',(23.6135944285188,174.133827901963,-3.7));
#17387=CARTESIAN_POINT('',(20.1227134386941,174.133827901961,-3.7));
#17388=CARTESIAN_POINT('',(1895.07282605238,174.133827902457,-3.7));
#17389=VECTOR('',#20880,1.0);
#17390=CARTESIAN_POINT('',(23.9704998042857,174.049801751171,-3.7));
#17391=AXIS2_PLACEMENT_3D('',#20881,#20882,#20883);
#17392=CARTESIAN_POINT('',(29.1562358626632,171.464767285751,-3.7));
#17393=CARTESIAN_POINT('',(21.8276715431407,175.117978929141,-3.7));
#17394=VECTOR('',#20884,1.0);
#17395=AXIS2_PLACEMENT_3D('',#20885,#20886,#20887);
#17396=CARTESIAN_POINT('',(13.8283326145263,146.699999999997,-3.7));
#17397=AXIS2_PLACEMENT_3D('',#20888,#20889,#20890);
#17398=CARTESIAN_POINT('',(13.8283326145206,169.638490449305,-3.7));
#17399=CARTESIAN_POINT('',(13.8283326140486,1956.24203364638,-3.7));
#17400=VECTOR('',#20891,1.0);
#17401=CARTESIAN_POINT('',(13.8575589865723,169.852752005491,-3.7));
#17402=AXIS2_PLACEMENT_3D('',#20892,#20893,#20894);
#17403=CARTESIAN_POINT('',(14.1662037523711,170.963054992722,-3.7));
#17404=CARTESIAN_POINT('',(510.44246220639,1956.24203364638,-3.7));
#17405=VECTOR('',#20895,1.0);
#17406=CARTESIAN_POINT('',(14.5800720045522,171.464767285743,-3.7));
#17407=AXIS2_PLACEMENT_3D('',#20896,#20897,#20898);
#17408=CARTESIAN_POINT('',(19.7658080629269,174.049801751168,-3.7));
#17409=CARTESIAN_POINT('',(21.9086363240708,175.117978929141,-3.7));
#17410=VECTOR('',#20899,1.0);
#17411=AXIS2_PLACEMENT_3D('',#20900,#20901,#20902);
#17412=CARTESIAN_POINT('',(23.6135944285188,174.133827901963,-1.45));
#17413=VECTOR('',#20903,1.0);
#17414=CARTESIAN_POINT('',(23.9704998042857,174.049801751171,-1.45));
#17415=VECTOR('',#20904,1.0);
#17416=CARTESIAN_POINT('',(29.1562358626632,171.464767285751,-1.45));
#17417=VECTOR('',#20905,1.0);
#17418=CARTESIAN_POINT('',(20.1227134386941,174.133827901961,-1.45));
#17419=VECTOR('',#20906,1.0);
#17420=CARTESIAN_POINT('',(19.7658080629269,174.049801751168,-1.45));
#17421=VECTOR('',#20907,1.0);
#17422=CARTESIAN_POINT('',(14.5800720045522,171.464767285743,-1.45));
#17423=VECTOR('',#20908,1.0);
#17424=CARTESIAN_POINT('',(14.1662037523711,170.963054992722,-1.45));
#17425=VECTOR('',#20909,1.0);
#17426=CARTESIAN_POINT('',(13.8575589865723,169.852752005491,-1.45));
#17427=VECTOR('',#20910,1.0);
#17428=CARTESIAN_POINT('',(13.8283326145206,169.638490449305,-1.45));
#17429=VECTOR('',#20911,1.0);
#17430=CARTESIAN_POINT('',(13.8283326145263,146.699999999997,-1.45));
#17431=VECTOR('',#20912,1.0);
#17432=CARTESIAN_POINT('',(5.55,172.39,-3.0));
#17433=CARTESIAN_POINT('',(5.6,172.44,-3.0));
#17434=AXIS2_PLACEMENT_3D('',#20913,#20914,#20915);
#17435=CARTESIAN_POINT('',(6.85,172.44,-3.0));
#17436=CARTESIAN_POINT('',(5.6,172.44,-3.0));
#17437=VECTOR('',#20916,1.0);
#17438=CARTESIAN_POINT('',(6.85,172.89,-3.0));
#17439=CARTESIAN_POINT('',(6.85,172.44,-3.0));
#17440=VECTOR('',#20917,1.0);
#17441=CARTESIAN_POINT('',(10.75,172.89,-3.0));
#17442=CARTESIAN_POINT('',(6.85,172.89,-3.0));
#17443=VECTOR('',#20918,1.0);
#17444=CARTESIAN_POINT('',(10.75,172.44,-3.0));
#17445=CARTESIAN_POINT('',(10.75,172.89,-3.0));
#17446=VECTOR('',#20919,1.0);
#17447=CARTESIAN_POINT('',(12.2,172.44,-3.0));
#17448=CARTESIAN_POINT('',(10.75,172.44,-3.0));
#17449=VECTOR('',#20920,1.0);
#17450=CARTESIAN_POINT('',(12.25,172.39,-3.0));
#17451=AXIS2_PLACEMENT_3D('',#20921,#20922,#20923);
#17452=CARTESIAN_POINT('',(12.25,165.49,-3.0));
#17453=CARTESIAN_POINT('',(12.25,172.39,-3.0));
#17454=VECTOR('',#20924,1.0);
#17455=CARTESIAN_POINT('',(12.2,165.44,-3.0));
#17456=AXIS2_PLACEMENT_3D('',#20925,#20926,#20927);
#17457=CARTESIAN_POINT('',(10.75,165.44,-3.0));
#17458=CARTESIAN_POINT('',(12.2,165.44,-3.0));
#17459=VECTOR('',#20928,1.0);
#17460=CARTESIAN_POINT('',(10.75,164.99,-3.0));
#17461=CARTESIAN_POINT('',(10.75,165.44,-3.0));
#17462=VECTOR('',#20929,1.0);
#17463=CARTESIAN_POINT('',(6.85,164.99,-3.0));
#17464=CARTESIAN_POINT('',(10.75,164.99,-3.0));
#17465=VECTOR('',#20930,1.0);
#17466=CARTESIAN_POINT('',(6.85,165.44,-3.0));
#17467=CARTESIAN_POINT('',(6.85,164.99,-3.0));
#17468=VECTOR('',#20931,1.0);
#17469=CARTESIAN_POINT('',(5.6,165.44,-3.0));
#17470=CARTESIAN_POINT('',(6.85,165.44,-3.0));
#17471=VECTOR('',#20932,1.0);
#17472=CARTESIAN_POINT('',(5.55,165.49,-3.0));
#17473=AXIS2_PLACEMENT_3D('',#20933,#20934,#20935);
#17474=CARTESIAN_POINT('',(5.55,165.49,-3.0));
#17475=VECTOR('',#20936,1.0);
#17476=CARTESIAN_POINT('',(6.85,165.44,0.0));
#17477=VECTOR('',#20937,1.0);
#17478=CARTESIAN_POINT('',(6.85,164.99,0.0));
#17479=VECTOR('',#20938,1.0);
#17480=CARTESIAN_POINT('',(5.6,165.44,0.0));
#17481=VECTOR('',#20939,1.0);
#17482=CARTESIAN_POINT('',(5.55,165.49,0.0));
#17483=VECTOR('',#20940,1.0);
#17484=CARTESIAN_POINT('',(5.55,172.39,0.0));
#17485=VECTOR('',#20941,1.0);
#17486=CARTESIAN_POINT('',(5.6,172.44,0.0));
#17487=VECTOR('',#20942,1.0);
#17488=CARTESIAN_POINT('',(6.85,172.44,0.0));
#17489=VECTOR('',#20943,1.0);
#17490=CARTESIAN_POINT('',(6.85,172.89,0.0));
#17491=VECTOR('',#20944,1.0);
#17492=CARTESIAN_POINT('',(10.75,172.89,0.0));
#17493=VECTOR('',#20945,1.0);
#17494=CARTESIAN_POINT('',(10.75,172.44,0.0));
#17495=VECTOR('',#20946,1.0);
#17496=CARTESIAN_POINT('',(12.2,172.44,0.0));
#17497=VECTOR('',#20947,1.0);
#17498=CARTESIAN_POINT('',(12.25,172.39,0.0));
#17499=VECTOR('',#20948,1.0);
#17500=CARTESIAN_POINT('',(12.25,165.49,0.0));
#17501=VECTOR('',#20949,1.0);
#17502=CARTESIAN_POINT('',(12.2,165.44,0.0));
#17503=VECTOR('',#20950,1.0);
#17504=CARTESIAN_POINT('',(10.75,165.44,0.0));
#17505=VECTOR('',#20951,1.0);
#17506=CARTESIAN_POINT('',(10.75,164.99,0.0));
#17507=VECTOR('',#20952,1.0);
#17508=CARTESIAN_POINT('',(9.35,163.9,-2.8));
#17509=CARTESIAN_POINT('',(9.35,164.575,-2.8));
#17510=CARTESIAN_POINT('',(9.35,163.9,-2.8));
#17511=VECTOR('',#20953,1.0);
#17512=CARTESIAN_POINT('',(9.5,163.9,-2.8));
#17513=CARTESIAN_POINT('',(9.5,163.9,-2.8));
#17514=VECTOR('',#20954,1.0);
#17515=CARTESIAN_POINT('',(9.5,162.5,-2.8));
#17516=CARTESIAN_POINT('',(9.5,162.5,-2.8));
#17517=VECTOR('',#20955,1.0);
#17518=CARTESIAN_POINT('',(9.35,162.5,-2.8));
#17519=CARTESIAN_POINT('',(9.35,162.5,-2.8));
#17520=VECTOR('',#20956,1.0);
#17521=CARTESIAN_POINT('',(9.35,161.825,-2.8));
#17522=CARTESIAN_POINT('',(9.35,161.825,-2.8));
#17523=VECTOR('',#20957,1.0);
#17524=CARTESIAN_POINT('',(5.85,161.825,-2.8));
#17525=CARTESIAN_POINT('',(5.85,161.825,-2.8));
#17526=VECTOR('',#20958,1.0);
#17527=CARTESIAN_POINT('',(5.85,162.5,-2.8));
#17528=CARTESIAN_POINT('',(5.85,162.5,-2.8));
#17529=VECTOR('',#20959,1.0);
#17530=CARTESIAN_POINT('',(5.7,162.5,-2.8));
#17531=CARTESIAN_POINT('',(5.7,162.5,-2.8));
#17532=VECTOR('',#20960,1.0);
#17533=CARTESIAN_POINT('',(5.7,163.9,-2.8));
#17534=CARTESIAN_POINT('',(5.7,163.9,-2.8));
#17535=VECTOR('',#20961,1.0);
#17536=CARTESIAN_POINT('',(5.85,163.9,-2.8));
#17537=CARTESIAN_POINT('',(5.85,163.9,-2.8));
#17538=VECTOR('',#20962,1.0);
#17539=CARTESIAN_POINT('',(5.85,164.575,-2.8));
#17540=CARTESIAN_POINT('',(5.85,164.575,-2.8));
#17541=VECTOR('',#20963,1.0);
#17542=CARTESIAN_POINT('',(9.35,164.575,-2.8));
#17543=VECTOR('',#20964,1.0);
#17544=CARTESIAN_POINT('',(5.85,163.9,0.0));
#17545=VECTOR('',#20965,1.0);
#17546=CARTESIAN_POINT('',(5.7,163.9,0.0));
#17547=VECTOR('',#20966,1.0);
#17548=CARTESIAN_POINT('',(5.85,164.575,0.0));
#17549=VECTOR('',#20967,1.0);
#17550=CARTESIAN_POINT('',(9.35,164.575,0.0));
#17551=VECTOR('',#20968,1.0);
#17552=CARTESIAN_POINT('',(9.35,163.9,0.0));
#17553=VECTOR('',#20969,1.0);
#17554=CARTESIAN_POINT('',(9.5,163.9,0.0));
#17555=VECTOR('',#20970,1.0);
#17556=CARTESIAN_POINT('',(9.5,162.5,0.0));
#17557=VECTOR('',#20971,1.0);
#17558=CARTESIAN_POINT('',(9.35,162.5,0.0));
#17559=VECTOR('',#20972,1.0);
#17560=CARTESIAN_POINT('',(9.35,161.825,0.0));
#17561=VECTOR('',#20973,1.0);
#17562=CARTESIAN_POINT('',(5.85,161.825,0.0));
#17563=VECTOR('',#20974,1.0);
#17564=CARTESIAN_POINT('',(5.85,162.5,0.0));
#17565=VECTOR('',#20975,1.0);
#17566=CARTESIAN_POINT('',(5.7,162.5,0.0));
#17567=VECTOR('',#20976,1.0);
#17568=CARTESIAN_POINT('',(9.35,160.6,-2.8));
#17569=CARTESIAN_POINT('',(9.35,161.275,-2.8));
#17570=CARTESIAN_POINT('',(9.35,160.6,-2.8));
#17571=VECTOR('',#20977,1.0);
#17572=CARTESIAN_POINT('',(9.5,160.6,-2.8));
#17573=CARTESIAN_POINT('',(9.5,160.6,-2.8));
#17574=VECTOR('',#20978,1.0);
#17575=CARTESIAN_POINT('',(9.5,159.2,-2.8));
#17576=CARTESIAN_POINT('',(9.5,159.2,-2.8));
#17577=VECTOR('',#20979,1.0);
#17578=CARTESIAN_POINT('',(9.35,159.2,-2.8));
#17579=CARTESIAN_POINT('',(9.35,159.2,-2.8));
#17580=VECTOR('',#20980,1.0);
#17581=CARTESIAN_POINT('',(9.35,158.525,-2.8));
#17582=CARTESIAN_POINT('',(9.35,158.525,-2.8));
#17583=VECTOR('',#20981,1.0);
#17584=CARTESIAN_POINT('',(5.85,158.525,-2.8));
#17585=CARTESIAN_POINT('',(5.85,158.525,-2.8));
#17586=VECTOR('',#20982,1.0);
#17587=CARTESIAN_POINT('',(5.85,159.2,-2.8));
#17588=CARTESIAN_POINT('',(5.85,159.2,-2.8));
#17589=VECTOR('',#20983,1.0);
#17590=CARTESIAN_POINT('',(5.7,159.2,-2.8));
#17591=CARTESIAN_POINT('',(5.7,159.2,-2.8));
#17592=VECTOR('',#20984,1.0);
#17593=CARTESIAN_POINT('',(5.7,160.6,-2.8));
#17594=CARTESIAN_POINT('',(5.7,160.6,-2.8));
#17595=VECTOR('',#20985,1.0);
#17596=CARTESIAN_POINT('',(5.85,160.6,-2.8));
#17597=CARTESIAN_POINT('',(5.85,160.6,-2.8));
#17598=VECTOR('',#20986,1.0);
#17599=CARTESIAN_POINT('',(5.85,161.275,-2.8));
#17600=CARTESIAN_POINT('',(5.85,161.275,-2.8));
#17601=VECTOR('',#20987,1.0);
#17602=CARTESIAN_POINT('',(9.35,161.275,-2.8));
#17603=VECTOR('',#20988,1.0);
#17604=CARTESIAN_POINT('',(5.85,160.6,0.0));
#17605=VECTOR('',#20989,1.0);
#17606=CARTESIAN_POINT('',(5.7,160.6,0.0));
#17607=VECTOR('',#20990,1.0);
#17608=CARTESIAN_POINT('',(5.85,161.275,0.0));
#17609=VECTOR('',#20991,1.0);
#17610=CARTESIAN_POINT('',(9.35,161.275,0.0));
#17611=VECTOR('',#20992,1.0);
#17612=CARTESIAN_POINT('',(9.35,160.6,0.0));
#17613=VECTOR('',#20993,1.0);
#17614=CARTESIAN_POINT('',(9.5,160.6,0.0));
#17615=VECTOR('',#20994,1.0);
#17616=CARTESIAN_POINT('',(9.5,159.2,0.0));
#17617=VECTOR('',#20995,1.0);
#17618=CARTESIAN_POINT('',(9.35,159.2,0.0));
#17619=VECTOR('',#20996,1.0);
#17620=CARTESIAN_POINT('',(9.35,158.525,0.0));
#17621=VECTOR('',#20997,1.0);
#17622=CARTESIAN_POINT('',(5.85,158.525,0.0));
#17623=VECTOR('',#20998,1.0);
#17624=CARTESIAN_POINT('',(5.85,159.2,0.0));
#17625=VECTOR('',#20999,1.0);
#17626=CARTESIAN_POINT('',(5.7,159.2,0.0));
#17627=VECTOR('',#21000,1.0);
#17628=CARTESIAN_POINT('',(9.35,157.4,-2.8));
#17629=CARTESIAN_POINT('',(9.35,158.075,-2.8));
#17630=CARTESIAN_POINT('',(9.35,157.4,-2.8));
#17631=VECTOR('',#21001,1.0);
#17632=CARTESIAN_POINT('',(9.5,157.4,-2.8));
#17633=CARTESIAN_POINT('',(9.5,157.4,-2.8));
#17634=VECTOR('',#21002,1.0);
#17635=CARTESIAN_POINT('',(9.5,156.0,-2.8));
#17636=CARTESIAN_POINT('',(9.5,156.0,-2.8));
#17637=VECTOR('',#21003,1.0);
#17638=CARTESIAN_POINT('',(9.35,156.0,-2.8));
#17639=CARTESIAN_POINT('',(9.35,156.0,-2.8));
#17640=VECTOR('',#21004,1.0);
#17641=CARTESIAN_POINT('',(9.35,155.325,-2.8));
#17642=CARTESIAN_POINT('',(9.35,155.325,-2.8));
#17643=VECTOR('',#21005,1.0);
#17644=CARTESIAN_POINT('',(5.85,155.325,-2.8));
#17645=CARTESIAN_POINT('',(5.85,155.325,-2.8));
#17646=VECTOR('',#21006,1.0);
#17647=CARTESIAN_POINT('',(5.85,156.0,-2.8));
#17648=CARTESIAN_POINT('',(5.85,156.0,-2.8));
#17649=VECTOR('',#21007,1.0);
#17650=CARTESIAN_POINT('',(5.7,156.0,-2.8));
#17651=CARTESIAN_POINT('',(5.7,156.0,-2.8));
#17652=VECTOR('',#21008,1.0);
#17653=CARTESIAN_POINT('',(5.7,157.4,-2.8));
#17654=CARTESIAN_POINT('',(5.7,157.4,-2.8));
#17655=VECTOR('',#21009,1.0);
#17656=CARTESIAN_POINT('',(5.85,157.4,-2.8));
#17657=CARTESIAN_POINT('',(5.85,157.4,-2.8));
#17658=VECTOR('',#21010,1.0);
#17659=CARTESIAN_POINT('',(5.85,158.075,-2.8));
#17660=CARTESIAN_POINT('',(5.85,158.075,-2.8));
#17661=VECTOR('',#21011,1.0);
#17662=CARTESIAN_POINT('',(9.35,158.075,-2.8));
#17663=VECTOR('',#21012,1.0);
#17664=CARTESIAN_POINT('',(5.7,157.4,0.0));
#17665=VECTOR('',#21013,1.0);
#17666=CARTESIAN_POINT('',(5.7,156.0,0.0));
#17667=VECTOR('',#21014,1.0);
#17668=CARTESIAN_POINT('',(5.85,157.4,0.0));
#17669=VECTOR('',#21015,1.0);
#17670=CARTESIAN_POINT('',(5.85,158.075,0.0));
#17671=VECTOR('',#21016,1.0);
#17672=CARTESIAN_POINT('',(9.35,158.075,0.0));
#17673=VECTOR('',#21017,1.0);
#17674=CARTESIAN_POINT('',(9.35,157.4,0.0));
#17675=VECTOR('',#21018,1.0);
#17676=CARTESIAN_POINT('',(9.5,157.4,0.0));
#17677=VECTOR('',#21019,1.0);
#17678=CARTESIAN_POINT('',(9.5,156.0,0.0));
#17679=VECTOR('',#21020,1.0);
#17680=CARTESIAN_POINT('',(9.35,156.0,0.0));
#17681=VECTOR('',#21021,1.0);
#17682=CARTESIAN_POINT('',(9.35,155.325,0.0));
#17683=VECTOR('',#21022,1.0);
#17684=CARTESIAN_POINT('',(5.85,155.325,0.0));
#17685=VECTOR('',#21023,1.0);
#17686=CARTESIAN_POINT('',(5.85,156.0,0.0));
#17687=VECTOR('',#21024,1.0);
#17688=CARTESIAN_POINT('',(1.575,157.475,-2.8));
#17689=CARTESIAN_POINT('',(1.575,156.8,-2.8));
#17690=CARTESIAN_POINT('',(1.575,157.475,-2.8));
#17691=VECTOR('',#21025,1.0);
#17692=CARTESIAN_POINT('',(1.425,157.475,-2.8));
#17693=CARTESIAN_POINT('',(1.425,157.475,-2.8));
#17694=VECTOR('',#21026,1.0);
#17695=CARTESIAN_POINT('',(1.425,158.875,-2.8));
#17696=CARTESIAN_POINT('',(1.425,158.875,-2.8));
#17697=VECTOR('',#21027,1.0);
#17698=CARTESIAN_POINT('',(1.575,158.875,-2.8));
#17699=CARTESIAN_POINT('',(1.575,158.875,-2.8));
#17700=VECTOR('',#21028,1.0);
#17701=CARTESIAN_POINT('',(1.575,159.55,-2.8));
#17702=CARTESIAN_POINT('',(1.575,159.55,-2.8));
#17703=VECTOR('',#21029,1.0);
#17704=CARTESIAN_POINT('',(5.075,159.55,-2.8));
#17705=CARTESIAN_POINT('',(5.075,159.55,-2.8));
#17706=VECTOR('',#21030,1.0);
#17707=CARTESIAN_POINT('',(5.075,158.875,-2.8));
#17708=CARTESIAN_POINT('',(5.075,158.875,-2.8));
#17709=VECTOR('',#21031,1.0);
#17710=CARTESIAN_POINT('',(5.225,158.875,-2.8));
#17711=CARTESIAN_POINT('',(5.225,158.875,-2.8));
#17712=VECTOR('',#21032,1.0);
#17713=CARTESIAN_POINT('',(5.225,157.475,-2.8));
#17714=CARTESIAN_POINT('',(5.225,157.475,-2.8));
#17715=VECTOR('',#21033,1.0);
#17716=CARTESIAN_POINT('',(5.075,157.475,-2.8));
#17717=CARTESIAN_POINT('',(5.075,157.475,-2.8));
#17718=VECTOR('',#21034,1.0);
#17719=CARTESIAN_POINT('',(5.075,156.8,-2.8));
#17720=CARTESIAN_POINT('',(5.075,156.8,-2.8));
#17721=VECTOR('',#21035,1.0);
#17722=CARTESIAN_POINT('',(1.575,156.8,-2.8));
#17723=VECTOR('',#21036,1.0);
#17724=CARTESIAN_POINT('',(1.425,157.475,0.0));
#17725=VECTOR('',#21037,1.0);
#17726=CARTESIAN_POINT('',(1.575,157.475,0.0));
#17727=VECTOR('',#21038,1.0);
#17728=CARTESIAN_POINT('',(1.425,158.875,0.0));
#17729=VECTOR('',#21039,1.0);
#17730=CARTESIAN_POINT('',(1.575,158.875,0.0));
#17731=VECTOR('',#21040,1.0);
#17732=CARTESIAN_POINT('',(1.575,159.55,0.0));
#17733=VECTOR('',#21041,1.0);
#17734=CARTESIAN_POINT('',(5.075,159.55,0.0));
#17735=VECTOR('',#21042,1.0);
#17736=CARTESIAN_POINT('',(5.075,158.875,0.0));
#17737=VECTOR('',#21043,1.0);
#17738=CARTESIAN_POINT('',(5.225,158.875,0.0));
#17739=VECTOR('',#21044,1.0);
#17740=CARTESIAN_POINT('',(5.225,157.475,0.0));
#17741=VECTOR('',#21045,1.0);
#17742=CARTESIAN_POINT('',(5.075,157.475,0.0));
#17743=VECTOR('',#21046,1.0);
#17744=CARTESIAN_POINT('',(5.075,156.8,0.0));
#17745=VECTOR('',#21047,1.0);
#17746=CARTESIAN_POINT('',(1.575,156.8,0.0));
#17747=VECTOR('',#21048,1.0);
#17748=CARTESIAN_POINT('',(2.96,153.873045554271,-4.67));
#17749=CARTESIAN_POINT('',(4.16,153.873045554271,-4.67));
#17750=AXIS2_PLACEMENT_3D('',#21049,#21050,#21051);
#17751=CARTESIAN_POINT('',(4.16,153.873045554271,-4.17));
#17752=CARTESIAN_POINT('',(4.16,153.873045554271,-2.0));
#17753=VECTOR('',#21052,1.0);
#17754=CARTESIAN_POINT('',(4.66,154.795,-4.17));
#17755=AXIS2_PLACEMENT_3D('',#21053,#21054,#21055);
#17756=CARTESIAN_POINT('',(4.66,154.795,-2.0));
#17757=VECTOR('',#21056,1.0);
#17758=CARTESIAN_POINT('',(2.46,154.795,-4.17));
#17759=CARTESIAN_POINT('',(2.46,154.795,-2.0));
#17760=VECTOR('',#21057,1.0);
#17761=CARTESIAN_POINT('',(2.96,153.873045554271,-4.17));
#17762=AXIS2_PLACEMENT_3D('',#21058,#21059,#21060);
#17763=CARTESIAN_POINT('',(2.96,153.873045554271,-2.0));
#17764=VECTOR('',#21061,1.0);
#17765=CARTESIAN_POINT('',(2.96,155.716954445729,-4.17));
#17766=AXIS2_PLACEMENT_3D('',#21062,#21063,#21064);
#17767=CARTESIAN_POINT('',(2.96,153.2949976,-4.17));
#17768=VECTOR('',#21065,1.0);
#17769=CARTESIAN_POINT('',(2.96,155.716954445729,-4.67));
#17770=CARTESIAN_POINT('',(2.96,155.716954445729,-2.0));
#17771=VECTOR('',#21066,1.0);
#17772=CARTESIAN_POINT('',(2.96,197.239344,-4.67));
#17773=VECTOR('',#21067,1.0);
#17774=CARTESIAN_POINT('',(4.16,155.716954445729,-4.67));
#17775=AXIS2_PLACEMENT_3D('',#21068,#21069,#21070);
#17776=CARTESIAN_POINT('',(4.16,197.239344,-4.67));
#17777=VECTOR('',#21071,1.0);
#17778=CARTESIAN_POINT('',(3.052,154.795,-4.67));
#17779=CARTESIAN_POINT('',(4.068,154.795,-4.67));
#17780=AXIS2_PLACEMENT_3D('',#21072,#21073,#21074);
#17781=AXIS2_PLACEMENT_3D('',#21075,#21076,#21077);
#17782=CARTESIAN_POINT('',(4.068,154.795,-9.5));
#17783=CARTESIAN_POINT('',(4.068,154.795,-2.728));
#17784=VECTOR('',#21078,1.0);
#17785=CARTESIAN_POINT('',(3.052,154.795,-9.5));
#17786=AXIS2_PLACEMENT_3D('',#21079,#21080,#21081);
#17787=CARTESIAN_POINT('',(3.052,154.795,-2.728));
#17788=VECTOR('',#21082,1.0);
#17789=CARTESIAN_POINT('',(3.552,154.795,-10.0));
#17790=CARTESIAN_POINT('',(3.568,154.795,-10.0));
#17791=AXIS2_PLACEMENT_3D('',#21083,#21084,#21085);
#17792=AXIS2_PLACEMENT_3D('',#21086,#21087,#21088);
#17793=AXIS2_PLACEMENT_3D('',#21089,#21090,#21091);
#17794=AXIS2_PLACEMENT_3D('',#21092,#21093,#21094);
#17795=CARTESIAN_POINT('',(4.16,155.716954445729,-4.17));
#17796=AXIS2_PLACEMENT_3D('',#21095,#21096,#21097);
#17797=CARTESIAN_POINT('',(4.16,153.2949976,-4.17));
#17798=VECTOR('',#21098,1.0);
#17799=CARTESIAN_POINT('',(4.16,155.716954445729,-2.0));
#17800=VECTOR('',#21099,1.0);
#17801=CARTESIAN_POINT('',(2.96,161.493045554271,-4.67));
#17802=CARTESIAN_POINT('',(4.16,161.493045554271,-4.67));
#17803=AXIS2_PLACEMENT_3D('',#21100,#21101,#21102);
#17804=CARTESIAN_POINT('',(4.16,161.493045554271,-4.17));
#17805=CARTESIAN_POINT('',(4.16,161.493045554271,-2.0));
#17806=VECTOR('',#21103,1.0);
#17807=CARTESIAN_POINT('',(4.66,162.415,-4.17));
#17808=AXIS2_PLACEMENT_3D('',#21104,#21105,#21106);
#17809=CARTESIAN_POINT('',(4.66,162.415,-2.0));
#17810=VECTOR('',#21107,1.0);
#17811=CARTESIAN_POINT('',(2.46,162.415,-4.17));
#17812=CARTESIAN_POINT('',(2.46,162.415,-2.0));
#17813=VECTOR('',#21108,1.0);
#17814=CARTESIAN_POINT('',(2.96,161.493045554271,-4.17));
#17815=AXIS2_PLACEMENT_3D('',#21109,#21110,#21111);
#17816=CARTESIAN_POINT('',(2.96,161.493045554271,-2.0));
#17817=VECTOR('',#21112,1.0);
#17818=CARTESIAN_POINT('',(2.96,163.336954445729,-4.17));
#17819=AXIS2_PLACEMENT_3D('',#21113,#21114,#21115);
#17820=CARTESIAN_POINT('',(2.96,160.9149976,-4.17));
#17821=VECTOR('',#21116,1.0);
#17822=CARTESIAN_POINT('',(2.96,163.336954445729,-4.67));
#17823=CARTESIAN_POINT('',(2.96,163.336954445729,-2.0));
#17824=VECTOR('',#21117,1.0);
#17825=CARTESIAN_POINT('',(2.96,204.859344,-4.67));
#17826=VECTOR('',#21118,1.0);
#17827=CARTESIAN_POINT('',(4.16,163.336954445729,-4.67));
#17828=AXIS2_PLACEMENT_3D('',#21119,#21120,#21121);
#17829=CARTESIAN_POINT('',(4.16,204.859344,-4.67));
#17830=VECTOR('',#21122,1.0);
#17831=CARTESIAN_POINT('',(3.052,162.415,-4.67));
#17832=CARTESIAN_POINT('',(4.068,162.415,-4.67));
#17833=AXIS2_PLACEMENT_3D('',#21123,#21124,#21125);
#17834=AXIS2_PLACEMENT_3D('',#21126,#21127,#21128);
#17835=CARTESIAN_POINT('',(4.068,162.415,-9.5));
#17836=CARTESIAN_POINT('',(4.068,162.415,-2.728));
#17837=VECTOR('',#21129,1.0);
#17838=CARTESIAN_POINT('',(3.052,162.415,-9.5));
#17839=AXIS2_PLACEMENT_3D('',#21130,#21131,#21132);
#17840=CARTESIAN_POINT('',(3.052,162.415,-2.728));
#17841=VECTOR('',#21133,1.0);
#17842=CARTESIAN_POINT('',(3.552,162.415,-10.0));
#17843=CARTESIAN_POINT('',(3.568,162.415,-10.0));
#17844=AXIS2_PLACEMENT_3D('',#21134,#21135,#21136);
#17845=AXIS2_PLACEMENT_3D('',#21137,#21138,#21139);
#17846=AXIS2_PLACEMENT_3D('',#21140,#21141,#21142);
#17847=AXIS2_PLACEMENT_3D('',#21143,#21144,#21145);
#17848=CARTESIAN_POINT('',(4.16,163.336954445729,-4.17));
#17849=AXIS2_PLACEMENT_3D('',#21146,#21147,#21148);
#17850=CARTESIAN_POINT('',(4.16,160.9149976,-4.17));
#17851=VECTOR('',#21149,1.0);
#17852=CARTESIAN_POINT('',(4.16,163.336954445729,-2.0));
#17853=VECTOR('',#21150,1.0);
#17854=CARTESIAN_POINT('',(50.247367,173.318886358603,-2.06));
#17855=CARTESIAN_POINT('',(50.3727241881891,173.733793646385,-2.06));
#17856=AXIS2_PLACEMENT_3D('',#21151,#21152,#21153);
#17857=CARTESIAN_POINT('',(50.3727241881891,173.733793646385,0.94));
#17858=VECTOR('',#21154,1.0);
#17859=CARTESIAN_POINT('',(49.8471587115264,172.970790473043,-2.26027791900325));
#17860=CARTESIAN_POINT('',(49.8471587115264,172.970790473043,0.94));
#17861=VECTOR('',#21155,1.0);
#17862=CARTESIAN_POINT('',(49.8471587115264,172.970790473043,-2.26027791900325));
#17863=CARTESIAN_POINT('',(49.8543511328411,172.973883271772,-2.25067413334033));
#17864=CARTESIAN_POINT('',(49.8618734273653,172.977233037974,-2.24135202544092));
#17865=CARTESIAN_POINT('',(49.8696773022862,172.98085423785,-2.23235615030809));
#17866=CARTESIAN_POINT('',(49.8774811087377,172.984475405954,-2.22336035410303));
#17867=CARTESIAN_POINT('',(49.8855654267006,172.988367709828,-2.21469208750675));
#17868=CARTESIAN_POINT('',(49.8938713869203,172.992538276133,-2.20638884133336));
#17869=CARTESIAN_POINT('',(49.9021773672239,172.996708852522,-2.19808557508255));
#17870=CARTESIAN_POINT('',(49.9107037004681,173.001157223197,-2.19014852253962));
#17871=CARTESIAN_POINT('',(49.919385213697,173.005882346904,-2.18260372570257));
#17872=CARTESIAN_POINT('',(49.9280668487825,173.010607536934,-2.17505882296424));
#17873=CARTESIAN_POINT('',(49.9369022831879,173.015608849086,-2.16790715171633));
#17874=CARTESIAN_POINT('',(49.945825668447,173.020877773434,-2.16116065218535));
#17875=CARTESIAN_POINT('',(49.9547440849643,173.026143763926,-2.15441790925709));
#17876=CARTESIAN_POINT('',(49.9637584227164,173.031680437137,-2.14807103157322));
#17877=CARTESIAN_POINT('',(49.9728879598336,173.037530933263,-2.14207505876128));
#17878=CARTESIAN_POINT('',(49.9820117610874,173.043377753667,-2.13608285307145));
#17879=CARTESIAN_POINT('',(49.9912255531284,173.049523299756,-2.13045996087511));
#17880=CARTESIAN_POINT('',(50.0004728557911,173.05595942664,-2.12520892194544));
#17881=CARTESIAN_POINT('',(50.0097200889805,173.062395505171,-2.11995792246582));
#17882=CARTESIAN_POINT('',(50.0189997567536,173.069121548586,-2.1150793384515));
#17883=CARTESIAN_POINT('',(50.02825382307,173.076120002338,-2.11056767395259));
#17884=CARTESIAN_POINT('',(50.0375078985197,173.083118462998,-2.10605600500085));
#17885=CARTESIAN_POINT('',(50.0467353604027,173.09038864082,-2.10191162504347));
#17886=CARTESIAN_POINT('',(50.0558807722827,173.097905007027,-2.09812011886762));
#17887=CARTESIAN_POINT('',(50.0650262644856,173.10542143925,-2.09432857939147));
#17888=CARTESIAN_POINT('',(50.0740888483458,173.113183356129,-2.09089010429083));
#17889=CARTESIAN_POINT('',(50.083019242747,173.121159553377,-2.08778202629938));
#17890=CARTESIAN_POINT('',(50.0919490119866,173.12913519226,-2.08467416588525));
#17891=CARTESIAN_POINT('',(50.1007385256885,173.137315500938,-2.08189759565969));
#17892=CARTESIAN_POINT('',(50.1094328834776,173.145754686931,-2.0794022685247));
#17893=CARTESIAN_POINT('',(50.1181220793301,173.154188862487,-2.07690842289306));
#17894=CARTESIAN_POINT('',(50.1266918596125,173.162859911565,-2.07470400132793));
#17895=CARTESIAN_POINT('',(50.1351139103274,173.171751517915,-2.07276366734466));
#17896=CARTESIAN_POINT('',(50.1435359311345,173.180643092689,-2.07082334025179));
#17897=CARTESIAN_POINT('',(50.1518099602607,173.189754974853,-2.06914714344817));
#17898=CARTESIAN_POINT('',(50.1599095966749,173.199067040527,-2.06770821395809));
#17899=CARTESIAN_POINT('',(50.1680092247445,173.208379096607,-2.06626928595046));
#17900=CARTESIAN_POINT('',(50.1759342348459,173.217891085492,-2.06506763137129));
#17901=CARTESIAN_POINT('',(50.1836610863893,173.227579830457,-2.06407504945669));
#17902=CARTESIAN_POINT('',(50.1913879469529,173.237268586734,-2.06308246638338));
#17903=CARTESIAN_POINT('',(50.1989164662109,173.247133860639,-2.06229893659858));
#17904=CARTESIAN_POINT('',(50.2062266292945,173.25715023371,-2.06169540449815));
#17905=CARTESIAN_POINT('',(50.2135368159178,173.267166639035,-2.06109187045427));
#17906=CARTESIAN_POINT('',(50.2206285035894,173.277333921576,-2.06066829918078));
#17907=CARTESIAN_POINT('',(50.2274856293092,173.287625279758,-2.06039542526168));
#17908=CARTESIAN_POINT('',(50.2343444873673,173.297919237879,-2.06012248240555));
#17909=CARTESIAN_POINT('',(50.2409568490985,173.308316710355,-2.06));
#17910=CARTESIAN_POINT('',(50.247367,173.318886358603,-2.06));
#17911=CARTESIAN_POINT('',(50.247367,180.690222066043,-2.06));
#17912=CARTESIAN_POINT('',(50.247367,181.701076761172,-2.06));
#17913=VECTOR('',#21156,1.0);
#17914=AXIS2_PLACEMENT_3D('',#21157,#21158,#21159);
#17915=CARTESIAN_POINT('',(50.7048607319055,181.701076761172,-2.06));
#17916=VECTOR('',#21160,1.0);
#17917=CARTESIAN_POINT('',(50.1488188473592,180.70003,-2.06980793395743));
#17918=CARTESIAN_POINT('',(50.247367,180.690222066043,-2.06));
#17919=CARTESIAN_POINT('',(50.239173343711,180.691869317695,-2.06));
#17920=CARTESIAN_POINT('',(50.23094537573,180.693309367218,-2.06020175802815));
#17921=CARTESIAN_POINT('',(50.2227120775956,180.694539646544,-2.06060823514877));
#17922=CARTESIAN_POINT('',(50.2144786981365,180.695769938022,-2.06101471628437));
#17923=CARTESIAN_POINT('',(50.2062406003306,180.696790407407,-2.06162586039132));
#17924=CARTESIAN_POINT('',(50.1980247644652,180.697602886843,-2.06244061279841));
#17925=CARTESIAN_POINT('',(50.1898108329528,180.698415177955,-2.06325517635358));
#17926=CARTESIAN_POINT('',(50.181621329784,180.699020583869,-2.06427179064111));
#17927=CARTESIAN_POINT('',(50.1734090143652,180.69942495761,-2.0655000340133));
#17928=CARTESIAN_POINT('',(50.1652020055256,180.699829070057,-2.06672748372738));
#17929=CARTESIAN_POINT('',(50.1569963121549,180.70003,-2.0681639374411));
#17930=CARTESIAN_POINT('',(50.1488188473592,180.70003,-2.06980793395743));
#17931=CARTESIAN_POINT('',(50.1488188473592,180.70003,-1.48));
#17932=VECTOR('',#21161,1.0);
#17933=CARTESIAN_POINT('',(28.6526332133006,180.70003,-3.4));
#17934=CARTESIAN_POINT('',(49.747367,180.70003,-3.39999999999999));
#17935=CARTESIAN_POINT('',(39.3500001066503,180.70003,-3.4));
#17936=VECTOR('',#21162,1.0);
#17937=CARTESIAN_POINT('',(28.6526332133006,180.70003,-2.56));
#17938=CARTESIAN_POINT('',(28.6526332133006,180.70003,-3.7));
#17939=VECTOR('',#21163,1.0);
#17940=AXIS2_PLACEMENT_3D('',#21164,#21165,#21166);
#17941=CARTESIAN_POINT('',(49.747367,180.70003,-2.56));
#17942=AXIS2_PLACEMENT_3D('',#21167,#21168,#21169);
#17943=CARTESIAN_POINT('',(49.747367,180.70003,-2.06));
#17944=VECTOR('',#21170,1.0);
#17945=CARTESIAN_POINT('',(28.6526332133006,172.921045256136,-2.56));
#17946=CARTESIAN_POINT('',(28.6526332133006,181.701076761172,-2.56));
#17947=VECTOR('',#21171,1.0);
#17948=CARTESIAN_POINT('',(28.6526332133006,172.921045256136,-3.4));
#17949=CARTESIAN_POINT('',(28.6526332133006,176.810537628068,-3.4));
#17950=VECTOR('',#21172,1.0);
#17951=CARTESIAN_POINT('',(28.6526332133006,172.921045256136,0.94));
#17952=VECTOR('',#21173,1.0);
#17953=CARTESIAN_POINT('',(27.7620333643234,180.096422851676,-2.06));
#17954=CARTESIAN_POINT('',(27.7620333643234,180.096422851676,0.94));
#17955=VECTOR('',#21174,1.0);
#17956=CARTESIAN_POINT('',(28.0272758118112,173.733793646385,-2.06));
#17957=CARTESIAN_POINT('',(27.6951392680948,181.701076761172,-2.06));
#17958=VECTOR('',#21175,1.0);
#17959=CARTESIAN_POINT('',(28.0272758118112,173.733793646385,0.94));
#17960=VECTOR('',#21176,1.0);
#17961=CARTESIAN_POINT('',(28.1526332133006,173.318886006894,-2.06));
#17962=AXIS2_PLACEMENT_3D('',#21177,#21178,#21179);
#17963=CARTESIAN_POINT('',(28.5528412884739,172.970790473043,-2.2602776341911));
#17964=CARTESIAN_POINT('',(28.5528412884739,172.970790473043,-2.26027763419109));
#17965=CARTESIAN_POINT('',(28.5456488666668,172.973883271984,-2.25067386211531));
#17966=CARTESIAN_POINT('',(28.5381265726196,172.977233037998,-2.24135176779044));
#17967=CARTESIAN_POINT('',(28.5303226991431,172.980854237187,-2.23235590607479));
#17968=CARTESIAN_POINT('',(28.5225188941324,172.984475404605,-2.22336012328257));
#17969=CARTESIAN_POINT('',(28.5144345785777,172.988367707293,-2.21469186993809));
#17970=CARTESIAN_POINT('',(28.5061286216542,172.992538271828,-2.20638863667426));
#17971=CARTESIAN_POINT('',(28.4978226446431,172.996708846449,-2.19808538332938));
#17972=CARTESIAN_POINT('',(28.4892963155724,173.001157214775,-2.19014834334083));
#17973=CARTESIAN_POINT('',(28.4806148072437,173.005882335506,-2.18260355852944));
#17974=CARTESIAN_POINT('',(28.47193317705,173.010607522566,-2.17505866780961));
#17975=CARTESIAN_POINT('',(28.4630977482642,173.015608831119,-2.16790700805191));
#17976=CARTESIAN_POINT('',(28.4541743691398,173.02087775124,-2.16116051933746));
#17977=CARTESIAN_POINT('',(28.4452559592698,173.026143737204,-2.15441778760997));
#17978=CARTESIAN_POINT('',(28.4362416259737,173.031680406897,-2.14807091850382));
#17979=CARTESIAN_POINT('',(28.4271120948749,173.037530898205,-2.14207495460336));
#17980=CARTESIAN_POINT('',(28.4179882993726,173.043377713961,-2.13608275764661));
#17981=CARTESIAN_POINT('',(28.4087745134197,173.04952325484,-2.13045987359284));
#17982=CARTESIAN_POINT('',(28.3995272170872,173.055959375917,-2.12520884220729));
#17983=CARTESIAN_POINT('',(28.3902799902385,173.062395448634,-2.11995785027774));
#17984=CARTESIAN_POINT('',(28.3810003290566,173.069121485631,-2.11507927321779));
#17985=CARTESIAN_POINT('',(28.3717462694551,173.076119932366,-2.11056761507051));
#17986=CARTESIAN_POINT('',(28.362492200703,173.083118386021,-2.10605595246202));
#17987=CARTESIAN_POINT('',(28.3532647456546,173.090388556229,-2.10191157825262));
#17988=CARTESIAN_POINT('',(28.3441193406057,173.097904914248,-2.09812007723873));
#17989=CARTESIAN_POINT('',(28.3349738552314,173.105421338284,-2.09432854292353));
#17990=CARTESIAN_POINT('',(28.3259112781613,173.113183246433,-2.09089007238377));
#17991=CARTESIAN_POINT('',(28.3169808903734,173.12115943448,-2.087781998394));
#17992=CARTESIAN_POINT('',(28.3080511280139,173.129135063925,-2.08467414207423));
#17993=CARTESIAN_POINT('',(28.2992616199521,173.137315363662,-2.08189757502552));
#17994=CARTESIAN_POINT('',(28.2905672677536,173.145754540139,-2.07940225071045));
#17995=CARTESIAN_POINT('',(28.2818780774801,173.154188706191,-2.07690840789467));
#17996=CARTESIAN_POINT('',(28.2733083025041,173.162859745385,-2.07470398869487));
#17997=CARTESIAN_POINT('',(28.2648862567775,173.171751341493,-2.07276365670177));
#17998=CARTESIAN_POINT('',(28.2564642409617,173.180642906024,-2.07082333159971));
#17999=CARTESIAN_POINT('',(28.2481902165124,173.189754777584,-2.06914713641226));
#18000=CARTESIAN_POINT('',(28.2400905844169,173.199066832328,-2.06770820823608));
#18001=CARTESIAN_POINT('',(28.2319909606685,173.208378877476,-2.06626928154277));
#18002=CARTESIAN_POINT('',(28.2240659545274,173.217890855105,-2.06506762797509));
#18003=CARTESIAN_POINT('',(28.2163391065469,173.227579588534,-2.0640750468407));
#18004=CARTESIAN_POINT('',(28.208612249548,173.237268333271,-2.06308246454784));
#18005=CARTESIAN_POINT('',(28.2010837334586,173.247133595354,-2.06229893531233));
#18006=CARTESIAN_POINT('',(28.193773573116,173.257149956368,-2.06169540359905));
#18007=CARTESIAN_POINT('',(28.1864633892332,173.267166349637,-2.06109186994228));
#18008=CARTESIAN_POINT('',(28.1793717038749,173.277333619886,-2.0606682988939));
#18009=CARTESIAN_POINT('',(28.1725145800176,173.287624965595,-2.06039542510355));
#18010=CARTESIAN_POINT('',(28.165655723912,173.297918911106,-2.06012248237975));
#18011=CARTESIAN_POINT('',(28.1590433634415,173.308316371168,-2.05999999999925));
#18012=CARTESIAN_POINT('',(28.1526332132425,173.31888600699,-2.06));
#18013=CARTESIAN_POINT('',(28.5528412884739,172.970790473043,0.94));
#18014=VECTOR('',#21180,1.0);
#18015=AXIS2_PLACEMENT_3D('',#21181,#21182,#21183);
#18016=CARTESIAN_POINT('',(28.1526332133006,181.701076761172,-2.06));
#18017=VECTOR('',#21184,1.0);
#18018=CARTESIAN_POINT('',(28.9526332133006,172.771498435608,-3.7));
#18019=CARTESIAN_POINT('',(24.3126332133006,175.084489259772,0.94));
#18020=VECTOR('',#21185,1.0);
#18021=CARTESIAN_POINT('',(37.3060614863535,168.607402973132,-3.7));
#18022=CARTESIAN_POINT('',(111.47568365191,131.634632391089,-3.7));
#18023=VECTOR('',#21186,1.0);
#18024=CARTESIAN_POINT('',(37.3060614863535,168.607402973132,0.3));
#18025=VECTOR('',#21187,1.0);
#18026=CARTESIAN_POINT('',(41.0939385136468,168.607402973132,-3.7));
#18027=AXIS2_PLACEMENT_3D('',#21188,#21189,#21190);
#18028=CARTESIAN_POINT('',(41.0939385136468,168.607402973132,0.299999999999999));
#18029=VECTOR('',#21191,1.0);
#18030=CARTESIAN_POINT('',(28.9526332133006,180.40003,-3.7));
#18031=CARTESIAN_POINT('',(49.447367,180.40003,-3.7));
#18032=CARTESIAN_POINT('',(39.3500001066503,180.40003,-3.7));
#18033=VECTOR('',#21192,1.0);
#18034=CARTESIAN_POINT('',(49.447367,172.771498541936,-3.7));
#18035=CARTESIAN_POINT('',(49.447367,176.660537681232,-3.7));
#18036=VECTOR('',#21193,1.0);
#18037=CARTESIAN_POINT('',(-33.0756836519098,131.634632391089,-3.7));
#18038=VECTOR('',#21194,1.0);
#18039=CARTESIAN_POINT('',(28.9526332133006,176.810537628068,-3.7));
#18040=VECTOR('',#21195,1.0);
#18041=CARTESIAN_POINT('',(27.6515864521282,181.701076761172,-2.39895323882758));
#18042=VECTOR('',#21196,1.0);
#18043=CARTESIAN_POINT('',(50.7484137611724,181.701076761172,-2.39895323882758));
#18044=VECTOR('',#21197,1.0);
#18045=CARTESIAN_POINT('',(49.747367,172.921045362464,-3.39999999999999));
#18046=CARTESIAN_POINT('',(49.747367,176.660537681232,-3.4));
#18047=VECTOR('',#21198,1.0);
#18048=CARTESIAN_POINT('',(49.747367,172.921045362464,-2.56));
#18049=CARTESIAN_POINT('',(49.747367,181.701076761172,-2.56));
#18050=VECTOR('',#21199,1.0);
#18051=CARTESIAN_POINT('',(49.747367,172.921045362464,0.94));
#18052=VECTOR('',#21200,1.0);
#18053=CARTESIAN_POINT('',(54.087367,175.0844893661,0.94));
#18054=VECTOR('',#21201,1.0);
#18055=AXIS2_PLACEMENT_3D('',#21202,#21203,#21204);
#18056=AXIS2_PLACEMENT_3D('',#21205,#21206,#21207);
#18057=CARTESIAN_POINT('',(31.425,145.1,-2.8));
#18058=CARTESIAN_POINT('',(34.225,145.1,-2.8));
#18059=CARTESIAN_POINT('',(31.425,145.1,-2.8));
#18060=VECTOR('',#21208,1.0);
#18061=CARTESIAN_POINT('',(31.425,149.3,-2.8));
#18062=CARTESIAN_POINT('',(31.425,149.3,-2.8));
#18063=VECTOR('',#21209,1.0);
#18064=CARTESIAN_POINT('',(34.225,149.3,-2.8));
#18065=CARTESIAN_POINT('',(34.225,149.3,-2.8));
#18066=VECTOR('',#21210,1.0);
#18067=CARTESIAN_POINT('',(34.225,145.1,-2.8));
#18068=VECTOR('',#21211,1.0);
#18069=CARTESIAN_POINT('',(34.225,145.1,0.0));
#18070=VECTOR('',#21212,1.0);
#18071=CARTESIAN_POINT('',(34.225,149.3,0.0));
#18072=VECTOR('',#21213,1.0);
#18073=CARTESIAN_POINT('',(31.425,145.1,0.0));
#18074=VECTOR('',#21214,1.0);
#18075=CARTESIAN_POINT('',(31.425,149.3,0.0));
#18076=VECTOR('',#21215,1.0);
#18077=CARTESIAN_POINT('',(35.65,145.1,-2.8));
#18078=CARTESIAN_POINT('',(38.45,145.1,-2.8));
#18079=CARTESIAN_POINT('',(35.65,145.1,-2.8));
#18080=VECTOR('',#21216,1.0);
#18081=CARTESIAN_POINT('',(35.65,149.3,-2.8));
#18082=CARTESIAN_POINT('',(35.65,149.3,-2.8));
#18083=VECTOR('',#21217,1.0);
#18084=CARTESIAN_POINT('',(38.45,149.3,-2.8));
#18085=CARTESIAN_POINT('',(38.45,149.3,-2.8));
#18086=VECTOR('',#21218,1.0);
#18087=CARTESIAN_POINT('',(38.45,145.1,-2.8));
#18088=VECTOR('',#21219,1.0);
#18089=CARTESIAN_POINT('',(35.65,149.3,0.0));
#18090=VECTOR('',#21220,1.0);
#18091=CARTESIAN_POINT('',(35.65,145.1,0.0));
#18092=VECTOR('',#21221,1.0);
#18093=CARTESIAN_POINT('',(38.45,149.3,0.0));
#18094=VECTOR('',#21222,1.0);
#18095=CARTESIAN_POINT('',(38.45,145.1,0.0));
#18096=VECTOR('',#21223,1.0);
#18097=CARTESIAN_POINT('',(52.2,153.8,-1.45));
#18098=CARTESIAN_POINT('',(52.2,153.8,0.0));
#18099=VECTOR('',#21224,1.0);
#18100=CARTESIAN_POINT('',(52.375,153.8,-1.45));
#18101=CARTESIAN_POINT('',(52.3,153.8,-1.45));
#18102=VECTOR('',#21225,1.0);
#18103=CARTESIAN_POINT('',(52.375,153.8,0.0));
#18104=VECTOR('',#21226,1.0);
#18105=CARTESIAN_POINT('',(52.375,156.05,-1.45));
#18106=CARTESIAN_POINT('',(52.375,156.05,0.0));
#18107=VECTOR('',#21227,1.0);
#18108=CARTESIAN_POINT('',(52.2,156.05,-1.45));
#18109=CARTESIAN_POINT('',(52.3,156.05,-1.45));
#18110=VECTOR('',#21228,1.0);
#18111=CARTESIAN_POINT('',(52.2,156.05,0.0));
#18112=VECTOR('',#21229,1.0);
#18113=CARTESIAN_POINT('',(51.1,156.05,-1.45));
#18114=CARTESIAN_POINT('',(51.1,156.05,0.0));
#18115=VECTOR('',#21230,1.0);
#18116=CARTESIAN_POINT('',(50.925,156.05,-1.45));
#18117=CARTESIAN_POINT('',(51.0,156.05,-1.45));
#18118=VECTOR('',#21231,1.0);
#18119=CARTESIAN_POINT('',(50.925,156.05,0.0));
#18120=VECTOR('',#21232,1.0);
#18121=CARTESIAN_POINT('',(50.925,153.8,-1.45));
#18122=CARTESIAN_POINT('',(50.925,153.8,0.0));
#18123=VECTOR('',#21233,1.0);
#18124=CARTESIAN_POINT('',(51.1,153.8,-1.45));
#18125=CARTESIAN_POINT('',(51.0,153.8,-1.45));
#18126=VECTOR('',#21234,1.0);
#18127=CARTESIAN_POINT('',(51.1,153.8,0.0));
#18128=VECTOR('',#21235,1.0);
#18129=CARTESIAN_POINT('',(52.2,153.575,-1.45));
#18130=CARTESIAN_POINT('',(52.2,153.575,-1.45));
#18131=VECTOR('',#21236,1.0);
#18132=CARTESIAN_POINT('',(51.1,153.575,-1.45));
#18133=CARTESIAN_POINT('',(51.1,153.575,-1.45));
#18134=VECTOR('',#21237,1.0);
#18135=CARTESIAN_POINT('',(51.1,153.8,-1.45));
#18136=VECTOR('',#21238,1.0);
#18137=CARTESIAN_POINT('',(50.925,156.05,-1.45));
#18138=VECTOR('',#21239,1.0);
#18139=CARTESIAN_POINT('',(51.1,156.275,-1.45));
#18140=CARTESIAN_POINT('',(51.1,156.275,-1.45));
#18141=VECTOR('',#21240,1.0);
#18142=CARTESIAN_POINT('',(52.2,156.275,-1.45));
#18143=CARTESIAN_POINT('',(52.2,156.275,-1.45));
#18144=VECTOR('',#21241,1.0);
#18145=CARTESIAN_POINT('',(52.2,156.05,-1.45));
#18146=VECTOR('',#21242,1.0);
#18147=CARTESIAN_POINT('',(52.375,153.8,-1.45));
#18148=VECTOR('',#21243,1.0);
#18149=CARTESIAN_POINT('',(51.1,156.275,0.0));
#18150=VECTOR('',#21244,1.0);
#18151=CARTESIAN_POINT('',(52.2,156.275,0.0));
#18152=VECTOR('',#21245,1.0);
#18153=CARTESIAN_POINT('',(52.2,153.575,0.0));
#18154=VECTOR('',#21246,1.0);
#18155=CARTESIAN_POINT('',(51.1,153.575,0.0));
#18156=VECTOR('',#21247,1.0);
#18157=CARTESIAN_POINT('',(51.845,156.725,-2.0));
#18158=CARTESIAN_POINT('',(55.295,156.725,-2.0));
#18159=CARTESIAN_POINT('',(51.845,156.725,-2.0));
#18160=VECTOR('',#21248,1.0);
#18161=CARTESIAN_POINT('',(51.845,156.8,-2.0));
#18162=CARTESIAN_POINT('',(51.845,156.8,-2.0));
#18163=VECTOR('',#21249,1.0);
#18164=CARTESIAN_POINT('',(51.62,156.8,-2.0));
#18165=CARTESIAN_POINT('',(51.62,156.8,-2.0));
#18166=VECTOR('',#21250,1.0);
#18167=CARTESIAN_POINT('',(51.62,158.5,-2.0));
#18168=CARTESIAN_POINT('',(51.62,158.5,-2.0));
#18169=VECTOR('',#21251,1.0);
#18170=CARTESIAN_POINT('',(51.845,158.5,-2.0));
#18171=CARTESIAN_POINT('',(51.845,158.5,-2.0));
#18172=VECTOR('',#21252,1.0);
#18173=CARTESIAN_POINT('',(51.845,158.575,-2.0));
#18174=CARTESIAN_POINT('',(51.845,158.575,-2.0));
#18175=VECTOR('',#21253,1.0);
#18176=CARTESIAN_POINT('',(55.295,158.575,-2.0));
#18177=CARTESIAN_POINT('',(55.295,158.575,-2.0));
#18178=VECTOR('',#21254,1.0);
#18179=CARTESIAN_POINT('',(55.295,158.5,-2.0));
#18180=CARTESIAN_POINT('',(55.295,158.5,-2.0));
#18181=VECTOR('',#21255,1.0);
#18182=CARTESIAN_POINT('',(55.52,158.5,-2.0));
#18183=CARTESIAN_POINT('',(55.52,158.5,-2.0));
#18184=VECTOR('',#21256,1.0);
#18185=CARTESIAN_POINT('',(55.52,156.8,-2.0));
#18186=CARTESIAN_POINT('',(55.52,156.8,-2.0));
#18187=VECTOR('',#21257,1.0);
#18188=CARTESIAN_POINT('',(55.295,156.8,-2.0));
#18189=CARTESIAN_POINT('',(55.295,156.8,-2.0));
#18190=VECTOR('',#21258,1.0);
#18191=CARTESIAN_POINT('',(55.295,156.725,-2.0));
#18192=VECTOR('',#21259,1.0);
#18193=CARTESIAN_POINT('',(51.62,158.5,0.0));
#18194=VECTOR('',#21260,1.0);
#18195=CARTESIAN_POINT('',(51.62,156.8,0.0));
#18196=VECTOR('',#21261,1.0);
#18197=CARTESIAN_POINT('',(51.845,158.5,0.0));
#18198=VECTOR('',#21262,1.0);
#18199=CARTESIAN_POINT('',(51.845,158.575,0.0));
#18200=VECTOR('',#21263,1.0);
#18201=CARTESIAN_POINT('',(55.295,158.575,0.0));
#18202=VECTOR('',#21264,1.0);
#18203=CARTESIAN_POINT('',(55.295,158.5,0.0));
#18204=VECTOR('',#21265,1.0);
#18205=CARTESIAN_POINT('',(55.52,158.5,0.0));
#18206=VECTOR('',#21266,1.0);
#18207=CARTESIAN_POINT('',(55.52,156.8,0.0));
#18208=VECTOR('',#21267,1.0);
#18209=CARTESIAN_POINT('',(55.295,156.8,0.0));
#18210=VECTOR('',#21268,1.0);
#18211=CARTESIAN_POINT('',(55.295,156.725,0.0));
#18212=VECTOR('',#21269,1.0);
#18213=CARTESIAN_POINT('',(51.845,156.725,0.0));
#18214=VECTOR('',#21270,1.0);
#18215=CARTESIAN_POINT('',(51.845,156.8,0.0));
#18216=VECTOR('',#21271,1.0);
#18217=CARTESIAN_POINT('',(51.845,158.975,-2.0));
#18218=CARTESIAN_POINT('',(55.295,158.975,-2.0));
#18219=CARTESIAN_POINT('',(51.845,158.975,-2.0));
#18220=VECTOR('',#21272,1.0);
#18221=CARTESIAN_POINT('',(51.845,159.05,-2.0));
#18222=CARTESIAN_POINT('',(51.845,159.05,-2.0));
#18223=VECTOR('',#21273,1.0);
#18224=CARTESIAN_POINT('',(51.62,159.05,-2.0));
#18225=CARTESIAN_POINT('',(51.62,159.05,-2.0));
#18226=VECTOR('',#21274,1.0);
#18227=CARTESIAN_POINT('',(51.62,160.75,-2.0));
#18228=CARTESIAN_POINT('',(51.62,160.75,-2.0));
#18229=VECTOR('',#21275,1.0);
#18230=CARTESIAN_POINT('',(51.845,160.75,-2.0));
#18231=CARTESIAN_POINT('',(51.845,160.75,-2.0));
#18232=VECTOR('',#21276,1.0);
#18233=CARTESIAN_POINT('',(51.845,160.825,-2.0));
#18234=CARTESIAN_POINT('',(51.845,160.825,-2.0));
#18235=VECTOR('',#21277,1.0);
#18236=CARTESIAN_POINT('',(55.295,160.825,-2.0));
#18237=CARTESIAN_POINT('',(55.295,160.825,-2.0));
#18238=VECTOR('',#21278,1.0);
#18239=CARTESIAN_POINT('',(55.295,160.75,-2.0));
#18240=CARTESIAN_POINT('',(55.295,160.75,-2.0));
#18241=VECTOR('',#21279,1.0);
#18242=CARTESIAN_POINT('',(55.52,160.75,-2.0));
#18243=CARTESIAN_POINT('',(55.52,160.75,-2.0));
#18244=VECTOR('',#21280,1.0);
#18245=CARTESIAN_POINT('',(55.52,159.05,-2.0));
#18246=CARTESIAN_POINT('',(55.52,159.05,-2.0));
#18247=VECTOR('',#21281,1.0);
#18248=CARTESIAN_POINT('',(55.295,159.05,-2.0));
#18249=CARTESIAN_POINT('',(55.295,159.05,-2.0));
#18250=VECTOR('',#21282,1.0);
#18251=CARTESIAN_POINT('',(55.295,158.975,-2.0));
#18252=VECTOR('',#21283,1.0);
#18253=CARTESIAN_POINT('',(55.295,160.825,0.0));
#18254=VECTOR('',#21284,1.0);
#18255=CARTESIAN_POINT('',(51.845,160.825,0.0));
#18256=VECTOR('',#21285,1.0);
#18257=CARTESIAN_POINT('',(55.295,160.75,0.0));
#18258=VECTOR('',#21286,1.0);
#18259=CARTESIAN_POINT('',(55.52,160.75,0.0));
#18260=VECTOR('',#21287,1.0);
#18261=CARTESIAN_POINT('',(55.52,159.05,0.0));
#18262=VECTOR('',#21288,1.0);
#18263=CARTESIAN_POINT('',(55.295,159.05,0.0));
#18264=VECTOR('',#21289,1.0);
#18265=CARTESIAN_POINT('',(55.295,158.975,0.0));
#18266=VECTOR('',#21290,1.0);
#18267=CARTESIAN_POINT('',(51.845,158.975,0.0));
#18268=VECTOR('',#21291,1.0);
#18269=CARTESIAN_POINT('',(51.845,159.05,0.0));
#18270=VECTOR('',#21292,1.0);
#18271=CARTESIAN_POINT('',(51.62,159.05,0.0));
#18272=VECTOR('',#21293,1.0);
#18273=CARTESIAN_POINT('',(51.62,160.75,0.0));
#18274=VECTOR('',#21294,1.0);
#18275=CARTESIAN_POINT('',(51.845,160.75,0.0));
#18276=VECTOR('',#21295,1.0);
#18277=CARTESIAN_POINT('',(51.845,163.975,-2.0));
#18278=CARTESIAN_POINT('',(55.295,163.975,-2.0));
#18279=CARTESIAN_POINT('',(51.845,163.975,-2.0));
#18280=VECTOR('',#21296,1.0);
#18281=CARTESIAN_POINT('',(51.845,164.05,-2.0));
#18282=CARTESIAN_POINT('',(51.845,164.05,-2.0));
#18283=VECTOR('',#21297,1.0);
#18284=CARTESIAN_POINT('',(51.62,164.05,-2.0));
#18285=CARTESIAN_POINT('',(51.62,164.05,-2.0));
#18286=VECTOR('',#21298,1.0);
#18287=CARTESIAN_POINT('',(51.62,165.75,-2.0));
#18288=CARTESIAN_POINT('',(51.62,165.75,-2.0));
#18289=VECTOR('',#21299,1.0);
#18290=CARTESIAN_POINT('',(51.845,165.75,-2.0));
#18291=CARTESIAN_POINT('',(51.845,165.75,-2.0));
#18292=VECTOR('',#21300,1.0);
#18293=CARTESIAN_POINT('',(51.845,165.825,-2.0));
#18294=CARTESIAN_POINT('',(51.845,165.825,-2.0));
#18295=VECTOR('',#21301,1.0);
#18296=CARTESIAN_POINT('',(55.295,165.825,-2.0));
#18297=CARTESIAN_POINT('',(55.295,165.825,-2.0));
#18298=VECTOR('',#21302,1.0);
#18299=CARTESIAN_POINT('',(55.295,165.75,-2.0));
#18300=CARTESIAN_POINT('',(55.295,165.75,-2.0));
#18301=VECTOR('',#21303,1.0);
#18302=CARTESIAN_POINT('',(55.52,165.75,-2.0));
#18303=CARTESIAN_POINT('',(55.52,165.75,-2.0));
#18304=VECTOR('',#21304,1.0);
#18305=CARTESIAN_POINT('',(55.52,164.05,-2.0));
#18306=CARTESIAN_POINT('',(55.52,164.05,-2.0));
#18307=VECTOR('',#21305,1.0);
#18308=CARTESIAN_POINT('',(55.295,164.05,-2.0));
#18309=CARTESIAN_POINT('',(55.295,164.05,-2.0));
#18310=VECTOR('',#21306,1.0);
#18311=CARTESIAN_POINT('',(55.295,163.975,-2.0));
#18312=VECTOR('',#21307,1.0);
#18313=CARTESIAN_POINT('',(55.295,165.75,0.0));
#18314=VECTOR('',#21308,1.0);
#18315=CARTESIAN_POINT('',(55.295,165.825,0.0));
#18316=VECTOR('',#21309,1.0);
#18317=CARTESIAN_POINT('',(55.52,165.75,0.0));
#18318=VECTOR('',#21310,1.0);
#18319=CARTESIAN_POINT('',(55.52,164.05,0.0));
#18320=VECTOR('',#21311,1.0);
#18321=CARTESIAN_POINT('',(55.295,164.05,0.0));
#18322=VECTOR('',#21312,1.0);
#18323=CARTESIAN_POINT('',(55.295,163.975,0.0));
#18324=VECTOR('',#21313,1.0);
#18325=CARTESIAN_POINT('',(51.845,163.975,0.0));
#18326=VECTOR('',#21314,1.0);
#18327=CARTESIAN_POINT('',(51.845,164.05,0.0));
#18328=VECTOR('',#21315,1.0);
#18329=CARTESIAN_POINT('',(51.62,164.05,0.0));
#18330=VECTOR('',#21316,1.0);
#18331=CARTESIAN_POINT('',(51.62,165.75,0.0));
#18332=VECTOR('',#21317,1.0);
#18333=CARTESIAN_POINT('',(51.845,165.75,0.0));
#18334=VECTOR('',#21318,1.0);
#18335=CARTESIAN_POINT('',(51.845,165.825,0.0));
#18336=VECTOR('',#21319,1.0);
#18337=CARTESIAN_POINT('',(51.845,166.275,-2.0));
#18338=CARTESIAN_POINT('',(55.295,166.275,-2.0));
#18339=CARTESIAN_POINT('',(51.845,166.275,-2.0));
#18340=VECTOR('',#21320,1.0);
#18341=CARTESIAN_POINT('',(51.845,166.35,-2.0));
#18342=CARTESIAN_POINT('',(51.845,166.35,-2.0));
#18343=VECTOR('',#21321,1.0);
#18344=CARTESIAN_POINT('',(51.62,166.35,-2.0));
#18345=CARTESIAN_POINT('',(51.62,166.35,-2.0));
#18346=VECTOR('',#21322,1.0);
#18347=CARTESIAN_POINT('',(51.62,168.05,-2.0));
#18348=CARTESIAN_POINT('',(51.62,168.05,-2.0));
#18349=VECTOR('',#21323,1.0);
#18350=CARTESIAN_POINT('',(51.845,168.05,-2.0));
#18351=CARTESIAN_POINT('',(51.845,168.05,-2.0));
#18352=VECTOR('',#21324,1.0);
#18353=CARTESIAN_POINT('',(51.845,168.125,-2.0));
#18354=CARTESIAN_POINT('',(51.845,168.125,-2.0));
#18355=VECTOR('',#21325,1.0);
#18356=CARTESIAN_POINT('',(55.295,168.125,-2.0));
#18357=CARTESIAN_POINT('',(55.295,168.125,-2.0));
#18358=VECTOR('',#21326,1.0);
#18359=CARTESIAN_POINT('',(55.295,168.05,-2.0));
#18360=CARTESIAN_POINT('',(55.295,168.05,-2.0));
#18361=VECTOR('',#21327,1.0);
#18362=CARTESIAN_POINT('',(55.52,168.05,-2.0));
#18363=CARTESIAN_POINT('',(55.52,168.05,-2.0));
#18364=VECTOR('',#21328,1.0);
#18365=CARTESIAN_POINT('',(55.52,166.35,-2.0));
#18366=CARTESIAN_POINT('',(55.52,166.35,-2.0));
#18367=VECTOR('',#21329,1.0);
#18368=CARTESIAN_POINT('',(55.295,166.35,-2.0));
#18369=CARTESIAN_POINT('',(55.295,166.35,-2.0));
#18370=VECTOR('',#21330,1.0);
#18371=CARTESIAN_POINT('',(55.295,166.275,-2.0));
#18372=VECTOR('',#21331,1.0);
#18373=CARTESIAN_POINT('',(55.52,166.35,0.0));
#18374=VECTOR('',#21332,1.0);
#18375=CARTESIAN_POINT('',(55.52,168.05,0.0));
#18376=VECTOR('',#21333,1.0);
#18377=CARTESIAN_POINT('',(55.295,166.35,0.0));
#18378=VECTOR('',#21334,1.0);
#18379=CARTESIAN_POINT('',(55.295,166.275,0.0));
#18380=VECTOR('',#21335,1.0);
#18381=CARTESIAN_POINT('',(51.845,166.275,0.0));
#18382=VECTOR('',#21336,1.0);
#18383=CARTESIAN_POINT('',(51.845,166.35,0.0));
#18384=VECTOR('',#21337,1.0);
#18385=CARTESIAN_POINT('',(51.62,166.35,0.0));
#18386=VECTOR('',#21338,1.0);
#18387=CARTESIAN_POINT('',(51.62,168.05,0.0));
#18388=VECTOR('',#21339,1.0);
#18389=CARTESIAN_POINT('',(51.845,168.05,0.0));
#18390=VECTOR('',#21340,1.0);
#18391=CARTESIAN_POINT('',(51.845,168.125,0.0));
#18392=VECTOR('',#21341,1.0);
#18393=CARTESIAN_POINT('',(55.295,168.125,0.0));
#18394=VECTOR('',#21342,1.0);
#18395=CARTESIAN_POINT('',(55.295,168.05,0.0));
#18396=VECTOR('',#21343,1.0);
#18397=CARTESIAN_POINT('',(50.8343145750508,169.226167029856,-2.0));
#18398=CARTESIAN_POINT('',(53.2738329701443,171.665685424949,-2.0));
#18399=CARTESIAN_POINT('',(50.8343145750508,169.226167029856,-2.0));
#18400=VECTOR('',#21344,1.0);
#18401=CARTESIAN_POINT('',(50.7812815664618,169.279200038445,-2.0));
#18402=CARTESIAN_POINT('',(50.7812815664618,169.279200038445,-2.0));
#18403=VECTOR('',#21345,1.0);
#18404=CARTESIAN_POINT('',(50.6221825406948,169.120101012678,-2.0));
#18405=CARTESIAN_POINT('',(50.6221825406948,169.120101012678,-2.0));
#18406=VECTOR('',#21346,1.0);
#18407=CARTESIAN_POINT('',(49.4201010126777,170.322182540695,-2.0));
#18408=CARTESIAN_POINT('',(49.4201010126777,170.322182540695,-2.0));
#18409=VECTOR('',#21347,1.0);
#18410=CARTESIAN_POINT('',(49.5792000384446,170.481281566462,-2.0));
#18411=CARTESIAN_POINT('',(49.5792000384446,170.481281566462,-2.0));
#18412=VECTOR('',#21348,1.0);
#18413=CARTESIAN_POINT('',(49.5261670298556,170.534314575051,-2.0));
#18414=CARTESIAN_POINT('',(49.5261670298556,170.534314575051,-2.0));
#18415=VECTOR('',#21349,1.0);
#18416=CARTESIAN_POINT('',(51.9656854249492,172.973832970144,-2.0));
#18417=CARTESIAN_POINT('',(51.9656854249492,172.973832970144,-2.0));
#18418=VECTOR('',#21350,1.0);
#18419=CARTESIAN_POINT('',(52.0187184335382,172.920799961555,-2.0));
#18420=CARTESIAN_POINT('',(52.0187184335382,172.920799961555,-2.0));
#18421=VECTOR('',#21351,1.0);
#18422=CARTESIAN_POINT('',(52.1778174593052,173.079898987322,-2.0));
#18423=CARTESIAN_POINT('',(52.1778174593052,173.079898987322,-2.0));
#18424=VECTOR('',#21352,1.0);
#18425=CARTESIAN_POINT('',(53.3798989873223,171.877817459305,-2.0));
#18426=CARTESIAN_POINT('',(53.3798989873223,171.877817459305,-2.0));
#18427=VECTOR('',#21353,1.0);
#18428=CARTESIAN_POINT('',(53.2207999615554,171.718718433538,-2.0));
#18429=CARTESIAN_POINT('',(53.2207999615554,171.718718433538,-2.0));
#18430=VECTOR('',#21354,1.0);
#18431=CARTESIAN_POINT('',(53.2738329701443,171.665685424949,-2.0));
#18432=VECTOR('',#21355,1.0);
#18433=CARTESIAN_POINT('',(53.3798989873223,171.877817459305,0.0));
#18434=VECTOR('',#21356,1.0);
#18435=CARTESIAN_POINT('',(52.1778174593052,173.079898987322,0.0));
#18436=VECTOR('',#21357,1.0);
#18437=CARTESIAN_POINT('',(53.2207999615554,171.718718433538,0.0));
#18438=VECTOR('',#21358,1.0);
#18439=CARTESIAN_POINT('',(53.2738329701443,171.665685424949,0.0));
#18440=VECTOR('',#21359,1.0);
#18441=CARTESIAN_POINT('',(50.8343145750508,169.226167029856,0.0));
#18442=VECTOR('',#21360,1.0);
#18443=CARTESIAN_POINT('',(50.7812815664618,169.279200038445,0.0));
#18444=VECTOR('',#21361,1.0);
#18445=CARTESIAN_POINT('',(50.6221825406948,169.120101012678,0.0));
#18446=VECTOR('',#21362,1.0);
#18447=CARTESIAN_POINT('',(49.4201010126777,170.322182540695,0.0));
#18448=VECTOR('',#21363,1.0);
#18449=CARTESIAN_POINT('',(49.5792000384446,170.481281566462,0.0));
#18450=VECTOR('',#21364,1.0);
#18451=CARTESIAN_POINT('',(49.5261670298556,170.534314575051,0.0));
#18452=VECTOR('',#21365,1.0);
#18453=CARTESIAN_POINT('',(51.9656854249492,172.973832970144,0.0));
#18454=VECTOR('',#21366,1.0);
#18455=CARTESIAN_POINT('',(52.0187184335382,172.920799961555,0.0));
#18456=VECTOR('',#21367,1.0);
#18457=CARTESIAN_POINT('',(52.625,175.925,-2.0));
#18458=CARTESIAN_POINT('',(56.075,175.925,-2.0));
#18459=CARTESIAN_POINT('',(52.625,175.925,-2.0));
#18460=VECTOR('',#21368,1.0);
#18461=CARTESIAN_POINT('',(52.625,176.0,-2.0));
#18462=CARTESIAN_POINT('',(52.625,176.0,-2.0));
#18463=VECTOR('',#21369,1.0);
#18464=CARTESIAN_POINT('',(52.4,176.0,-2.0));
#18465=CARTESIAN_POINT('',(52.4,176.0,-2.0));
#18466=VECTOR('',#21370,1.0);
#18467=CARTESIAN_POINT('',(52.4,177.7,-2.0));
#18468=CARTESIAN_POINT('',(52.4,177.7,-2.0));
#18469=VECTOR('',#21371,1.0);
#18470=CARTESIAN_POINT('',(52.625,177.7,-2.0));
#18471=CARTESIAN_POINT('',(52.625,177.7,-2.0));
#18472=VECTOR('',#21372,1.0);
#18473=CARTESIAN_POINT('',(52.625,177.775,-2.0));
#18474=CARTESIAN_POINT('',(52.625,177.775,-2.0));
#18475=VECTOR('',#21373,1.0);
#18476=CARTESIAN_POINT('',(56.075,177.775,-2.0));
#18477=CARTESIAN_POINT('',(56.075,177.775,-2.0));
#18478=VECTOR('',#21374,1.0);
#18479=CARTESIAN_POINT('',(56.075,177.7,-2.0));
#18480=CARTESIAN_POINT('',(56.075,177.7,-2.0));
#18481=VECTOR('',#21375,1.0);
#18482=CARTESIAN_POINT('',(56.3,177.7,-2.0));
#18483=CARTESIAN_POINT('',(56.3,177.7,-2.0));
#18484=VECTOR('',#21376,1.0);
#18485=CARTESIAN_POINT('',(56.3,176.0,-2.0));
#18486=CARTESIAN_POINT('',(56.3,176.0,-2.0));
#18487=VECTOR('',#21377,1.0);
#18488=CARTESIAN_POINT('',(56.075,176.0,-2.0));
#18489=CARTESIAN_POINT('',(56.075,176.0,-2.0));
#18490=VECTOR('',#21378,1.0);
#18491=CARTESIAN_POINT('',(56.075,175.925,-2.0));
#18492=VECTOR('',#21379,1.0);
#18493=CARTESIAN_POINT('',(56.075,176.0,0.0));
#18494=VECTOR('',#21380,1.0);
#18495=CARTESIAN_POINT('',(56.3,176.0,0.0));
#18496=VECTOR('',#21381,1.0);
#18497=CARTESIAN_POINT('',(56.075,175.925,0.0));
#18498=VECTOR('',#21382,1.0);
#18499=CARTESIAN_POINT('',(52.625,175.925,0.0));
#18500=VECTOR('',#21383,1.0);
#18501=CARTESIAN_POINT('',(52.625,176.0,0.0));
#18502=VECTOR('',#21384,1.0);
#18503=CARTESIAN_POINT('',(52.4,176.0,0.0));
#18504=VECTOR('',#21385,1.0);
#18505=CARTESIAN_POINT('',(52.4,177.7,0.0));
#18506=VECTOR('',#21386,1.0);
#18507=CARTESIAN_POINT('',(52.625,177.7,0.0));
#18508=VECTOR('',#21387,1.0);
#18509=CARTESIAN_POINT('',(52.625,177.775,0.0));
#18510=VECTOR('',#21388,1.0);
#18511=CARTESIAN_POINT('',(56.075,177.775,0.0));
#18512=VECTOR('',#21389,1.0);
#18513=CARTESIAN_POINT('',(56.075,177.7,0.0));
#18514=VECTOR('',#21390,1.0);
#18515=CARTESIAN_POINT('',(56.3,177.7,0.0));
#18516=VECTOR('',#21391,1.0);
#18517=CARTESIAN_POINT('',(53.3111911518298,174.695,-4.67));
#18518=CARTESIAN_POINT('',(53.3111911518298,172.995,-4.67));
#18519=AXIS2_PLACEMENT_3D('',#21392,#21393,#21394);
#18520=CARTESIAN_POINT('',(53.3111911518298,172.995,-4.17));
#18521=CARTESIAN_POINT('',(53.3111911518298,172.995,-1.67));
#18522=VECTOR('',#21395,1.0);
#18523=CARTESIAN_POINT('',(54.36,172.495,-4.17));
#18524=AXIS2_PLACEMENT_3D('',#21396,#21397,#21398);
#18525=CARTESIAN_POINT('',(54.36,172.495,-1.67));
#18526=VECTOR('',#21399,1.0);
#18527=CARTESIAN_POINT('',(54.36,175.195,-4.17));
#18528=CARTESIAN_POINT('',(54.36,175.195,-1.67));
#18529=VECTOR('',#21400,1.0);
#18530=CARTESIAN_POINT('',(53.3111911518298,174.695,-4.17));
#18531=AXIS2_PLACEMENT_3D('',#21401,#21402,#21403);
#18532=CARTESIAN_POINT('',(53.3111911518298,174.695,-1.67));
#18533=VECTOR('',#21404,1.0);
#18534=CARTESIAN_POINT('',(55.4088088481702,174.695,-4.17));
#18535=AXIS2_PLACEMENT_3D('',#21405,#21406,#21407);
#18536=CARTESIAN_POINT('',(52.5599976,174.695,-4.17));
#18537=VECTOR('',#21408,1.0);
#18538=CARTESIAN_POINT('',(55.4088088481702,174.695,-4.67));
#18539=CARTESIAN_POINT('',(55.4088088481702,174.695,-1.67));
#18540=VECTOR('',#21409,1.0);
#18541=CARTESIAN_POINT('',(96.804344,174.695,-4.67));
#18542=VECTOR('',#21410,1.0);
#18543=CARTESIAN_POINT('',(55.4088088481702,172.995,-4.67));
#18544=AXIS2_PLACEMENT_3D('',#21411,#21412,#21413);
#18545=CARTESIAN_POINT('',(96.804344,172.995,-4.67));
#18546=VECTOR('',#21414,1.0);
#18547=CARTESIAN_POINT('',(54.36,173.085,-4.67));
#18548=CARTESIAN_POINT('',(54.36,174.605,-4.67));
#18549=AXIS2_PLACEMENT_3D('',#21415,#21416,#21417);
#18550=AXIS2_PLACEMENT_3D('',#21418,#21419,#21420);
#18551=CARTESIAN_POINT('',(54.36,174.605,-9.25));
#18552=CARTESIAN_POINT('',(54.36,174.605,-2.398));
#18553=VECTOR('',#21421,1.0);
#18554=CARTESIAN_POINT('',(54.36,173.085,-9.25));
#18555=AXIS2_PLACEMENT_3D('',#21422,#21423,#21424);
#18556=CARTESIAN_POINT('',(54.36,173.085,-2.398));
#18557=VECTOR('',#21425,1.0);
#18558=CARTESIAN_POINT('',(54.36,173.855,-10.0));
#18559=CARTESIAN_POINT('',(54.36,173.835,-10.0));
#18560=AXIS2_PLACEMENT_3D('',#21426,#21427,#21428);
#18561=AXIS2_PLACEMENT_3D('',#21429,#21430,#21431);
#18562=AXIS2_PLACEMENT_3D('',#21432,#21433,#21434);
#18563=AXIS2_PLACEMENT_3D('',#21435,#21436,#21437);
#18564=AXIS2_PLACEMENT_3D('',#21438,#21439,#21440);
#18565=CARTESIAN_POINT('',(55.4088088481702,172.995,-4.17));
#18566=CARTESIAN_POINT('',(55.4088088481702,172.995,-1.67));
#18567=VECTOR('',#21441,1.0);
#18568=CARTESIAN_POINT('',(52.5599976,172.995,-4.17));
#18569=VECTOR('',#21442,1.0);
#18570=AXIS2_PLACEMENT_3D('',#21443,#21444,#21445);
#18571=CARTESIAN_POINT('',(53.3111911518298,170.885,-4.67));
#18572=CARTESIAN_POINT('',(53.3111911518298,169.185,-4.67));
#18573=AXIS2_PLACEMENT_3D('',#21446,#21447,#21448);
#18574=CARTESIAN_POINT('',(53.3111911518298,169.185,-4.17));
#18575=CARTESIAN_POINT('',(53.3111911518298,169.185,-1.67));
#18576=VECTOR('',#21449,1.0);
#18577=CARTESIAN_POINT('',(54.36,168.685,-4.17));
#18578=AXIS2_PLACEMENT_3D('',#21450,#21451,#21452);
#18579=CARTESIAN_POINT('',(54.36,168.685,-1.67));
#18580=VECTOR('',#21453,1.0);
#18581=CARTESIAN_POINT('',(54.36,171.385,-4.17));
#18582=CARTESIAN_POINT('',(54.36,171.385,-1.67));
#18583=VECTOR('',#21454,1.0);
#18584=CARTESIAN_POINT('',(53.3111911518298,170.885,-4.17));
#18585=AXIS2_PLACEMENT_3D('',#21455,#21456,#21457);
#18586=CARTESIAN_POINT('',(53.3111911518298,170.885,-1.67));
#18587=VECTOR('',#21458,1.0);
#18588=CARTESIAN_POINT('',(55.4088088481702,170.885,-4.17));
#18589=AXIS2_PLACEMENT_3D('',#21459,#21460,#21461);
#18590=CARTESIAN_POINT('',(52.5599976,170.885,-4.17));
#18591=VECTOR('',#21462,1.0);
#18592=CARTESIAN_POINT('',(55.4088088481702,170.885,-4.67));
#18593=CARTESIAN_POINT('',(55.4088088481702,170.885,-1.67));
#18594=VECTOR('',#21463,1.0);
#18595=CARTESIAN_POINT('',(96.804344,170.885,-4.67));
#18596=VECTOR('',#21464,1.0);
#18597=CARTESIAN_POINT('',(55.4088088481702,169.185,-4.67));
#18598=AXIS2_PLACEMENT_3D('',#21465,#21466,#21467);
#18599=CARTESIAN_POINT('',(96.804344,169.185,-4.67));
#18600=VECTOR('',#21468,1.0);
#18601=CARTESIAN_POINT('',(54.36,169.275,-4.67));
#18602=CARTESIAN_POINT('',(54.36,170.795,-4.67));
#18603=AXIS2_PLACEMENT_3D('',#21469,#21470,#21471);
#18604=AXIS2_PLACEMENT_3D('',#21472,#21473,#21474);
#18605=CARTESIAN_POINT('',(54.36,170.795,-9.25));
#18606=CARTESIAN_POINT('',(54.36,170.795,-2.398));
#18607=VECTOR('',#21475,1.0);
#18608=CARTESIAN_POINT('',(54.36,169.275,-9.25));
#18609=AXIS2_PLACEMENT_3D('',#21476,#21477,#21478);
#18610=CARTESIAN_POINT('',(54.36,169.275,-2.398));
#18611=VECTOR('',#21479,1.0);
#18612=CARTESIAN_POINT('',(54.36,170.045,-10.0));
#18613=CARTESIAN_POINT('',(54.36,170.025,-10.0));
#18614=AXIS2_PLACEMENT_3D('',#21480,#21481,#21482);
#18615=AXIS2_PLACEMENT_3D('',#21483,#21484,#21485);
#18616=AXIS2_PLACEMENT_3D('',#21486,#21487,#21488);
#18617=AXIS2_PLACEMENT_3D('',#21489,#21490,#21491);
#18618=AXIS2_PLACEMENT_3D('',#21492,#21493,#21494);
#18619=CARTESIAN_POINT('',(55.4088088481702,169.185,-4.17));
#18620=CARTESIAN_POINT('',(55.4088088481702,169.185,-1.67));
#18621=VECTOR('',#21495,1.0);
#18622=CARTESIAN_POINT('',(52.5599976,169.185,-4.17));
#18623=VECTOR('',#21496,1.0);
#18624=AXIS2_PLACEMENT_3D('',#21497,#21498,#21499);
#18625=CARTESIAN_POINT('',(53.3111911518298,155.645,-4.67));
#18626=CARTESIAN_POINT('',(53.3111911518298,153.945,-4.67));
#18627=AXIS2_PLACEMENT_3D('',#21500,#21501,#21502);
#18628=CARTESIAN_POINT('',(53.3111911518298,153.945,-4.17));
#18629=CARTESIAN_POINT('',(53.3111911518298,153.945,-1.67));
#18630=VECTOR('',#21503,1.0);
#18631=CARTESIAN_POINT('',(54.36,153.445,-4.17));
#18632=AXIS2_PLACEMENT_3D('',#21504,#21505,#21506);
#18633=CARTESIAN_POINT('',(54.36,153.445,-1.67));
#18634=VECTOR('',#21507,1.0);
#18635=CARTESIAN_POINT('',(54.36,156.145,-4.17));
#18636=CARTESIAN_POINT('',(54.36,156.145,-1.67));
#18637=VECTOR('',#21508,1.0);
#18638=CARTESIAN_POINT('',(53.3111911518298,155.645,-4.17));
#18639=AXIS2_PLACEMENT_3D('',#21509,#21510,#21511);
#18640=CARTESIAN_POINT('',(53.3111911518298,155.645,-1.67));
#18641=VECTOR('',#21512,1.0);
#18642=CARTESIAN_POINT('',(55.4088088481702,155.645,-4.17));
#18643=AXIS2_PLACEMENT_3D('',#21513,#21514,#21515);
#18644=CARTESIAN_POINT('',(52.5599976,155.645,-4.17));
#18645=VECTOR('',#21516,1.0);
#18646=CARTESIAN_POINT('',(55.4088088481702,155.645,-4.67));
#18647=CARTESIAN_POINT('',(55.4088088481702,155.645,-1.67));
#18648=VECTOR('',#21517,1.0);
#18649=CARTESIAN_POINT('',(96.804344,155.645,-4.67));
#18650=VECTOR('',#21518,1.0);
#18651=CARTESIAN_POINT('',(55.4088088481702,153.945,-4.67));
#18652=AXIS2_PLACEMENT_3D('',#21519,#21520,#21521);
#18653=CARTESIAN_POINT('',(96.804344,153.945,-4.67));
#18654=VECTOR('',#21522,1.0);
#18655=CARTESIAN_POINT('',(54.36,154.035,-4.67));
#18656=CARTESIAN_POINT('',(54.36,155.555,-4.67));
#18657=AXIS2_PLACEMENT_3D('',#21523,#21524,#21525);
#18658=AXIS2_PLACEMENT_3D('',#21526,#21527,#21528);
#18659=CARTESIAN_POINT('',(54.36,155.555,-9.25));
#18660=CARTESIAN_POINT('',(54.36,155.555,-2.398));
#18661=VECTOR('',#21529,1.0);
#18662=CARTESIAN_POINT('',(54.36,154.035,-9.25));
#18663=AXIS2_PLACEMENT_3D('',#21530,#21531,#21532);
#18664=CARTESIAN_POINT('',(54.36,154.035,-2.398));
#18665=VECTOR('',#21533,1.0);
#18666=CARTESIAN_POINT('',(54.36,154.805,-10.0));
#18667=CARTESIAN_POINT('',(54.36,154.785,-10.0));
#18668=AXIS2_PLACEMENT_3D('',#21534,#21535,#21536);
#18669=AXIS2_PLACEMENT_3D('',#21537,#21538,#21539);
#18670=AXIS2_PLACEMENT_3D('',#21540,#21541,#21542);
#18671=AXIS2_PLACEMENT_3D('',#21543,#21544,#21545);
#18672=AXIS2_PLACEMENT_3D('',#21546,#21547,#21548);
#18673=CARTESIAN_POINT('',(55.4088088481702,153.945,-4.17));
#18674=CARTESIAN_POINT('',(55.4088088481702,153.945,-1.67));
#18675=VECTOR('',#21549,1.0);
#18676=CARTESIAN_POINT('',(52.5599976,153.945,-4.17));
#18677=VECTOR('',#21550,1.0);
#18678=AXIS2_PLACEMENT_3D('',#21551,#21552,#21553);
#18679=CARTESIAN_POINT('',(53.3111911518298,151.835,-4.67));
#18680=CARTESIAN_POINT('',(53.3111911518298,150.135,-4.67));
#18681=AXIS2_PLACEMENT_3D('',#21554,#21555,#21556);
#18682=CARTESIAN_POINT('',(53.3111911518298,150.135,-4.17));
#18683=CARTESIAN_POINT('',(53.3111911518298,150.135,-1.67));
#18684=VECTOR('',#21557,1.0);
#18685=CARTESIAN_POINT('',(54.36,149.635,-4.17));
#18686=AXIS2_PLACEMENT_3D('',#21558,#21559,#21560);
#18687=CARTESIAN_POINT('',(54.36,149.635,-1.67));
#18688=VECTOR('',#21561,1.0);
#18689=CARTESIAN_POINT('',(54.36,152.335,-4.17));
#18690=CARTESIAN_POINT('',(54.36,152.335,-1.67));
#18691=VECTOR('',#21562,1.0);
#18692=CARTESIAN_POINT('',(53.3111911518298,151.835,-4.17));
#18693=AXIS2_PLACEMENT_3D('',#21563,#21564,#21565);
#18694=CARTESIAN_POINT('',(53.3111911518298,151.835,-1.67));
#18695=VECTOR('',#21566,1.0);
#18696=CARTESIAN_POINT('',(55.4088088481702,151.835,-4.17));
#18697=AXIS2_PLACEMENT_3D('',#21567,#21568,#21569);
#18698=CARTESIAN_POINT('',(52.5599976,151.835,-4.17));
#18699=VECTOR('',#21570,1.0);
#18700=CARTESIAN_POINT('',(55.4088088481702,151.835,-4.67));
#18701=CARTESIAN_POINT('',(55.4088088481702,151.835,-1.67));
#18702=VECTOR('',#21571,1.0);
#18703=CARTESIAN_POINT('',(96.804344,151.835,-4.67));
#18704=VECTOR('',#21572,1.0);
#18705=CARTESIAN_POINT('',(55.4088088481702,150.135,-4.67));
#18706=AXIS2_PLACEMENT_3D('',#21573,#21574,#21575);
#18707=CARTESIAN_POINT('',(96.804344,150.135,-4.67));
#18708=VECTOR('',#21576,1.0);
#18709=CARTESIAN_POINT('',(54.36,150.225,-4.67));
#18710=CARTESIAN_POINT('',(54.36,151.745,-4.67));
#18711=AXIS2_PLACEMENT_3D('',#21577,#21578,#21579);
#18712=AXIS2_PLACEMENT_3D('',#21580,#21581,#21582);
#18713=CARTESIAN_POINT('',(54.36,151.745,-9.25));
#18714=CARTESIAN_POINT('',(54.36,151.745,-2.398));
#18715=VECTOR('',#21583,1.0);
#18716=CARTESIAN_POINT('',(54.36,150.225,-9.25));
#18717=AXIS2_PLACEMENT_3D('',#21584,#21585,#21586);
#18718=CARTESIAN_POINT('',(54.36,150.225,-2.398));
#18719=VECTOR('',#21587,1.0);
#18720=CARTESIAN_POINT('',(54.36,150.995,-10.0));
#18721=CARTESIAN_POINT('',(54.36,150.975,-10.0));
#18722=AXIS2_PLACEMENT_3D('',#21588,#21589,#21590);
#18723=AXIS2_PLACEMENT_3D('',#21591,#21592,#21593);
#18724=AXIS2_PLACEMENT_3D('',#21594,#21595,#21596);
#18725=AXIS2_PLACEMENT_3D('',#21597,#21598,#21599);
#18726=AXIS2_PLACEMENT_3D('',#21600,#21601,#21602);
#18727=CARTESIAN_POINT('',(55.4088088481702,150.135,-4.17));
#18728=CARTESIAN_POINT('',(55.4088088481702,150.135,-1.67));
#18729=VECTOR('',#21603,1.0);
#18730=CARTESIAN_POINT('',(52.5599976,150.135,-4.17));
#18731=VECTOR('',#21604,1.0);
#18732=AXIS2_PLACEMENT_3D('',#21605,#21606,#21607);
#18733=CARTESIAN_POINT('',(56.65,160.65,-2.5));
#18734=CARTESIAN_POINT('',(56.65,160.65,-9.86));
#18735=CARTESIAN_POINT('',(56.65,160.65,-2.35));
#18736=VECTOR('',#21608,1.0);
#18737=CARTESIAN_POINT('',(56.65,160.15,-9.86));
#18738=CARTESIAN_POINT('',(56.65,160.4,-9.86));
#18739=VECTOR('',#21609,1.0);
#18740=CARTESIAN_POINT('',(56.65,160.15,-2.5));
#18741=CARTESIAN_POINT('',(56.65,160.15,-2.35));
#18742=VECTOR('',#21610,1.0);
#18743=CARTESIAN_POINT('',(56.65,148.55,-2.5));
#18744=VECTOR('',#21611,1.0);
#18745=CARTESIAN_POINT('',(56.7,155.4,-2.5));
#18746=CARTESIAN_POINT('',(56.7,155.4,-0.49999625));
#18747=VECTOR('',#21612,1.0);
#18748=CARTESIAN_POINT('',(57.1,155.4,-2.5));
#18749=CARTESIAN_POINT('',(28.96151,155.4,-2.5));
#18750=VECTOR('',#21613,1.0);
#18751=CARTESIAN_POINT('',(57.1,155.4,-0.49999625));
#18752=VECTOR('',#21614,1.0);
#18753=CARTESIAN_POINT('',(57.15,158.15,-2.5));
#18754=CARTESIAN_POINT('',(57.15,158.15,-9.86000000000001));
#18755=CARTESIAN_POINT('',(57.15,158.15,-2.35));
#18756=VECTOR('',#21615,1.0);
#18757=CARTESIAN_POINT('',(57.15,158.65,-9.86000000000001));
#18758=CARTESIAN_POINT('',(57.15,158.4,-9.86));
#18759=VECTOR('',#21616,1.0);
#18760=CARTESIAN_POINT('',(57.15,158.65,-2.5));
#18761=CARTESIAN_POINT('',(57.15,158.65,-2.35));
#18762=VECTOR('',#21617,1.0);
#18763=CARTESIAN_POINT('',(57.15,148.55,-2.5));
#18764=VECTOR('',#21618,1.0);
#18765=CARTESIAN_POINT('',(56.65,168.15,-2.5));
#18766=CARTESIAN_POINT('',(56.65,168.15,-9.86));
#18767=CARTESIAN_POINT('',(56.65,168.15,-2.35));
#18768=VECTOR('',#21619,1.0);
#18769=CARTESIAN_POINT('',(57.15,168.15,-9.86000000000001));
#18770=CARTESIAN_POINT('',(56.9,168.15,-9.86));
#18771=VECTOR('',#21620,1.0);
#18772=CARTESIAN_POINT('',(57.15,168.15,-2.5));
#18773=CARTESIAN_POINT('',(57.15,168.15,-2.35));
#18774=VECTOR('',#21621,1.0);
#18775=CARTESIAN_POINT('',(10.0,168.15,-2.5));
#18776=VECTOR('',#21622,1.0);
#18777=CARTESIAN_POINT('',(57.15,166.65,-2.5));
#18778=CARTESIAN_POINT('',(57.15,166.65,-9.86000000000001));
#18779=CARTESIAN_POINT('',(57.15,166.65,-2.35));
#18780=VECTOR('',#21623,1.0);
#18781=CARTESIAN_POINT('',(56.65,166.65,-9.86));
#18782=CARTESIAN_POINT('',(56.9,166.65,-9.86));
#18783=VECTOR('',#21624,1.0);
#18784=CARTESIAN_POINT('',(56.65,166.65,-2.5));
#18785=CARTESIAN_POINT('',(56.65,166.65,-2.35));
#18786=VECTOR('',#21625,1.0);
#18787=CARTESIAN_POINT('',(10.0,166.65,-2.5));
#18788=VECTOR('',#21626,1.0);
#18789=CARTESIAN_POINT('',(57.15,162.15,-2.5));
#18790=CARTESIAN_POINT('',(57.15,162.15,-9.86000000000001));
#18791=CARTESIAN_POINT('',(57.15,162.15,-2.35));
#18792=VECTOR('',#21627,1.0);
#18793=CARTESIAN_POINT('',(57.15,162.65,-9.86000000000001));
#18794=CARTESIAN_POINT('',(57.15,162.4,-9.86));
#18795=VECTOR('',#21628,1.0);
#18796=CARTESIAN_POINT('',(57.15,162.65,-2.5));
#18797=CARTESIAN_POINT('',(57.15,162.65,-2.35));
#18798=VECTOR('',#21629,1.0);
#18799=CARTESIAN_POINT('',(57.15,148.55,-2.5));
#18800=VECTOR('',#21630,1.0);
#18801=CARTESIAN_POINT('',(54.1199999216614,161.9,-1.3));
#18802=CARTESIAN_POINT('',(54.1199999216614,162.9,-1.3));
#18803=AXIS2_PLACEMENT_3D('',#21631,#21632,#21633);
#18804=AXIS2_PLACEMENT_3D('',#21634,#21635,#21636);
#18805=CARTESIAN_POINT('',(57.15,164.65,-2.5));
#18806=CARTESIAN_POINT('',(57.15,164.65,-9.86000000000001));
#18807=CARTESIAN_POINT('',(57.15,164.65,-2.35));
#18808=VECTOR('',#21637,1.0);
#18809=CARTESIAN_POINT('',(56.65,164.65,-9.86));
#18810=CARTESIAN_POINT('',(56.9,164.65,-9.86));
#18811=VECTOR('',#21638,1.0);
#18812=CARTESIAN_POINT('',(56.65,164.65,-2.5));
#18813=CARTESIAN_POINT('',(56.65,164.65,-2.35));
#18814=VECTOR('',#21639,1.0);
#18815=CARTESIAN_POINT('',(10.0,164.65,-2.5));
#18816=VECTOR('',#21640,1.0);
#18817=CARTESIAN_POINT('',(55.8537358458327,161.309056432731,-2.5));
#18818=CARTESIAN_POINT('',(55.8537358458327,161.309056432731,0.5));
#18819=VECTOR('',#21641,1.0);
#18820=CARTESIAN_POINT('',(55.9,161.148999816061,-2.5));
#18821=AXIS2_PLACEMENT_3D('',#21642,#21643,#21644);
#18822=CARTESIAN_POINT('',(55.9,161.148999816061,0.5));
#18823=VECTOR('',#21645,1.0);
#18824=CARTESIAN_POINT('',(57.9,156.2,-2.5));
#18825=CARTESIAN_POINT('',(57.9,168.6,-2.5));
#18826=CARTESIAN_POINT('',(57.9,146.337769319434,-2.5));
#18827=VECTOR('',#21646,1.0);
#18828=AXIS2_PLACEMENT_3D('',#21647,#21648,#21649);
#18829=CARTESIAN_POINT('',(55.9,156.2,-2.5));
#18830=AXIS2_PLACEMENT_3D('',#21650,#21651,#21652);
#18831=CARTESIAN_POINT('',(55.9,146.337769319434,-2.5));
#18832=VECTOR('',#21653,1.0);
#18833=CARTESIAN_POINT('',(55.4,161.598999816061,-2.5));
#18834=AXIS2_PLACEMENT_3D('',#21654,#21655,#21656);
#18835=CARTESIAN_POINT('',(53.185,161.598999816061,-2.5));
#18836=CARTESIAN_POINT('',(28.96151,161.598999816061,-2.5));
#18837=VECTOR('',#21657,1.0);
#18838=CARTESIAN_POINT('',(52.395,162.272904613932,-2.5));
#18839=AXIS2_PLACEMENT_3D('',#21658,#21659,#21660);
#18840=CARTESIAN_POINT('',(52.395,162.525095018191,-2.5));
#18841=CARTESIAN_POINT('',(52.395,146.337769319434,-2.5));
#18842=VECTOR('',#21661,1.0);
#18843=CARTESIAN_POINT('',(53.185,163.199000183939,-2.5));
#18844=AXIS2_PLACEMENT_3D('',#21662,#21663,#21664);
#18845=CARTESIAN_POINT('',(55.4,163.199000183939,-2.5));
#18846=CARTESIAN_POINT('',(28.96151,163.199000183939,-2.5));
#18847=VECTOR('',#21665,1.0);
#18848=CARTESIAN_POINT('',(55.8537358458327,163.48894356727,-2.5));
#18849=AXIS2_PLACEMENT_3D('',#21666,#21667,#21668);
#18850=CARTESIAN_POINT('',(55.9,163.649000183939,-2.5));
#18851=AXIS2_PLACEMENT_3D('',#21669,#21670,#21671);
#18852=CARTESIAN_POINT('',(55.9,168.6,-2.5));
#18853=CARTESIAN_POINT('',(55.9,146.337769319434,-2.5));
#18854=VECTOR('',#21672,1.0);
#18855=CARTESIAN_POINT('',(56.7,169.4,-2.5));
#18856=AXIS2_PLACEMENT_3D('',#21673,#21674,#21675);
#18857=CARTESIAN_POINT('',(57.1,169.4,-2.5));
#18858=CARTESIAN_POINT('',(28.96151,169.4,-2.5));
#18859=VECTOR('',#21676,1.0);
#18860=AXIS2_PLACEMENT_3D('',#21677,#21678,#21679);
#18861=CARTESIAN_POINT('',(57.15,168.65,-2.5));
#18862=CARTESIAN_POINT('',(57.15,148.55,-2.5));
#18863=VECTOR('',#21680,1.0);
#18864=CARTESIAN_POINT('',(56.65,168.65,-2.5));
#18865=CARTESIAN_POINT('',(10.0,168.65,-2.5));
#18866=VECTOR('',#21681,1.0);
#18867=CARTESIAN_POINT('',(56.65,148.55,-2.5));
#18868=VECTOR('',#21682,1.0);
#18869=CARTESIAN_POINT('',(56.65,166.15,-2.5));
#18870=CARTESIAN_POINT('',(56.65,148.55,-2.5));
#18871=VECTOR('',#21683,1.0);
#18872=CARTESIAN_POINT('',(57.15,166.15,-2.5));
#18873=CARTESIAN_POINT('',(10.0,166.15,-2.5));
#18874=VECTOR('',#21684,1.0);
#18875=CARTESIAN_POINT('',(57.15,148.55,-2.5));
#18876=VECTOR('',#21685,1.0);
#18877=CARTESIAN_POINT('',(56.65,162.15,-2.5));
#18878=CARTESIAN_POINT('',(10.0,162.15,-2.5));
#18879=VECTOR('',#21686,1.0);
#18880=CARTESIAN_POINT('',(56.65,162.65,-2.5));
#18881=CARTESIAN_POINT('',(10.0,162.65,-2.5));
#18882=VECTOR('',#21687,1.0);
#18883=CARTESIAN_POINT('',(56.65,148.55,-2.5));
#18884=VECTOR('',#21688,1.0);
#18885=CARTESIAN_POINT('',(57.15,160.15,-2.5));
#18886=CARTESIAN_POINT('',(10.0,160.15,-2.5));
#18887=VECTOR('',#21689,1.0);
#18888=CARTESIAN_POINT('',(57.15,160.65,-2.5));
#18889=CARTESIAN_POINT('',(57.15,148.55,-2.5));
#18890=VECTOR('',#21690,1.0);
#18891=CARTESIAN_POINT('',(10.0,160.65,-2.5));
#18892=VECTOR('',#21691,1.0);
#18893=CARTESIAN_POINT('',(56.65,156.65,-2.5));
#18894=CARTESIAN_POINT('',(57.15,156.65,-2.5));
#18895=CARTESIAN_POINT('',(10.0,156.65,-2.5));
#18896=VECTOR('',#21692,1.0);
#18897=CARTESIAN_POINT('',(56.65,156.15,-2.5));
#18898=CARTESIAN_POINT('',(56.65,148.55,-2.5));
#18899=VECTOR('',#21693,1.0);
#18900=CARTESIAN_POINT('',(57.15,156.15,-2.5));
#18901=CARTESIAN_POINT('',(10.0,156.15,-2.5));
#18902=VECTOR('',#21694,1.0);
#18903=CARTESIAN_POINT('',(57.15,148.55,-2.5));
#18904=VECTOR('',#21695,1.0);
#18905=CARTESIAN_POINT('',(56.65,158.15,-2.5));
#18906=CARTESIAN_POINT('',(10.0,158.15,-2.5));
#18907=VECTOR('',#21696,1.0);
#18908=CARTESIAN_POINT('',(56.65,158.65,-2.5));
#18909=CARTESIAN_POINT('',(10.0,158.65,-2.5));
#18910=VECTOR('',#21697,1.0);
#18911=CARTESIAN_POINT('',(56.65,148.55,-2.5));
#18912=VECTOR('',#21698,1.0);
#18913=CARTESIAN_POINT('',(54.1199999216614,161.9,-2.5));
#18914=CARTESIAN_POINT('',(54.1199999216614,162.9,-2.5));
#18915=AXIS2_PLACEMENT_3D('',#21699,#21700,#21701);
#18916=AXIS2_PLACEMENT_3D('',#21702,#21703,#21704);
#18917=CARTESIAN_POINT('',(57.15,164.15,-2.5));
#18918=CARTESIAN_POINT('',(56.65,164.15,-2.5));
#18919=CARTESIAN_POINT('',(10.0,164.15,-2.5));
#18920=VECTOR('',#21705,1.0);
#18921=CARTESIAN_POINT('',(57.15,148.55,-2.5));
#18922=VECTOR('',#21706,1.0);
#18923=CARTESIAN_POINT('',(56.65,148.55,-2.5));
#18924=VECTOR('',#21707,1.0);
#18925=CARTESIAN_POINT('',(57.9,156.2,-0.49999625));
#18926=VECTOR('',#21708,1.0);
#18927=CARTESIAN_POINT('',(57.9,168.6,-0.49999625));
#18928=VECTOR('',#21709,1.0);
#18929=CARTESIAN_POINT('',(55.9,156.2,-0.49999625));
#18930=VECTOR('',#21710,1.0);
#18931=CARTESIAN_POINT('',(57.1,169.4,-0.49999625));
#18932=VECTOR('',#21711,1.0);
#18933=CARTESIAN_POINT('',(56.65,168.65,-9.86));
#18934=CARTESIAN_POINT('',(56.65,168.65,-2.35));
#18935=VECTOR('',#21712,1.0);
#18936=CARTESIAN_POINT('',(56.65,168.4,-9.86));
#18937=VECTOR('',#21713,1.0);
#18938=CARTESIAN_POINT('',(57.15,168.65,-9.86000000000001));
#18939=CARTESIAN_POINT('',(57.15,168.4,-9.86));
#18940=VECTOR('',#21714,1.0);
#18941=CARTESIAN_POINT('',(57.15,168.65,-2.35));
#18942=VECTOR('',#21715,1.0);
#18943=CARTESIAN_POINT('',(56.9,168.65,-9.86));
#18944=VECTOR('',#21716,1.0);
#18945=CARTESIAN_POINT('',(56.75,168.25,-9.96));
#18946=CARTESIAN_POINT('',(56.75,168.55,-9.96));
#18947=CARTESIAN_POINT('',(56.75,168.4,-9.96));
#18948=VECTOR('',#21717,1.0);
#18949=CARTESIAN_POINT('',(57.05,168.55,-9.96));
#18950=CARTESIAN_POINT('',(56.9,168.55,-9.96));
#18951=VECTOR('',#21718,1.0);
#18952=CARTESIAN_POINT('',(57.05,168.25,-9.96));
#18953=CARTESIAN_POINT('',(57.05,168.4,-9.96));
#18954=VECTOR('',#21719,1.0);
#18955=CARTESIAN_POINT('',(56.9,168.25,-9.96));
#18956=VECTOR('',#21720,1.0);
#18957=CARTESIAN_POINT('',(56.65,164.15,-9.86));
#18958=CARTESIAN_POINT('',(56.65,164.15,-2.35));
#18959=VECTOR('',#21721,1.0);
#18960=CARTESIAN_POINT('',(57.15,164.15,-9.86000000000001));
#18961=CARTESIAN_POINT('',(56.9,164.15,-9.86));
#18962=VECTOR('',#21722,1.0);
#18963=CARTESIAN_POINT('',(57.15,164.15,-2.35));
#18964=VECTOR('',#21723,1.0);
#18965=CARTESIAN_POINT('',(57.15,164.4,-9.86));
#18966=VECTOR('',#21724,1.0);
#18967=CARTESIAN_POINT('',(56.65,164.4,-9.86));
#18968=VECTOR('',#21725,1.0);
#18969=CARTESIAN_POINT('',(56.75,164.25,-9.96));
#18970=CARTESIAN_POINT('',(56.75,164.55,-9.96));
#18971=CARTESIAN_POINT('',(56.75,164.4,-9.96));
#18972=VECTOR('',#21726,1.0);
#18973=CARTESIAN_POINT('',(57.05,164.55,-9.96));
#18974=CARTESIAN_POINT('',(56.9,164.55,-9.96));
#18975=VECTOR('',#21727,1.0);
#18976=CARTESIAN_POINT('',(57.05,164.25,-9.96));
#18977=CARTESIAN_POINT('',(57.05,164.4,-9.96));
#18978=VECTOR('',#21728,1.0);
#18979=CARTESIAN_POINT('',(56.9,164.25,-9.96));
#18980=VECTOR('',#21729,1.0);
#18981=CARTESIAN_POINT('',(56.75,162.25,-9.96));
#18982=CARTESIAN_POINT('',(56.75,162.55,-9.96));
#18983=CARTESIAN_POINT('',(56.75,162.4,-9.96));
#18984=VECTOR('',#21730,1.0);
#18985=CARTESIAN_POINT('',(57.05,162.55,-9.96));
#18986=CARTESIAN_POINT('',(56.9,162.55,-9.96));
#18987=VECTOR('',#21731,1.0);
#18988=CARTESIAN_POINT('',(57.05,162.25,-9.96));
#18989=CARTESIAN_POINT('',(57.05,162.4,-9.96));
#18990=VECTOR('',#21732,1.0);
#18991=CARTESIAN_POINT('',(56.9,162.25,-9.96));
#18992=VECTOR('',#21733,1.0);
#18993=CARTESIAN_POINT('',(56.65,162.65,-9.86));
#18994=CARTESIAN_POINT('',(56.9,162.65,-9.86));
#18995=VECTOR('',#21734,1.0);
#18996=CARTESIAN_POINT('',(56.65,162.65,-2.35));
#18997=VECTOR('',#21735,1.0);
#18998=CARTESIAN_POINT('',(56.65,162.15,-9.86));
#18999=CARTESIAN_POINT('',(56.65,162.15,-2.35));
#19000=VECTOR('',#21736,1.0);
#19001=CARTESIAN_POINT('',(56.9,162.15,-9.86));
#19002=VECTOR('',#21737,1.0);
#19003=CARTESIAN_POINT('',(56.65,162.4,-9.86));
#19004=VECTOR('',#21738,1.0);
#19005=CARTESIAN_POINT('',(56.65,158.65,-9.86));
#19006=CARTESIAN_POINT('',(56.9,158.65,-9.86));
#19007=VECTOR('',#21739,1.0);
#19008=CARTESIAN_POINT('',(56.65,158.65,-2.35));
#19009=VECTOR('',#21740,1.0);
#19010=CARTESIAN_POINT('',(56.75,158.25,-9.96));
#19011=CARTESIAN_POINT('',(56.75,158.55,-9.96));
#19012=CARTESIAN_POINT('',(56.75,158.4,-9.96));
#19013=VECTOR('',#21741,1.0);
#19014=CARTESIAN_POINT('',(57.05,158.55,-9.96));
#19015=CARTESIAN_POINT('',(56.9,158.55,-9.96));
#19016=VECTOR('',#21742,1.0);
#19017=CARTESIAN_POINT('',(57.05,158.25,-9.96));
#19018=CARTESIAN_POINT('',(57.05,158.4,-9.96));
#19019=VECTOR('',#21743,1.0);
#19020=CARTESIAN_POINT('',(56.9,158.25,-9.96));
#19021=VECTOR('',#21744,1.0);
#19022=CARTESIAN_POINT('',(56.65,158.15,-9.86));
#19023=CARTESIAN_POINT('',(56.65,158.4,-9.86));
#19024=VECTOR('',#21745,1.0);
#19025=CARTESIAN_POINT('',(56.65,158.15,-2.35));
#19026=VECTOR('',#21746,1.0);
#19027=CARTESIAN_POINT('',(56.9,158.15,-9.86));
#19028=VECTOR('',#21747,1.0);
#19029=CARTESIAN_POINT('',(57.15,160.65,-9.86000000000001));
#19030=CARTESIAN_POINT('',(57.15,160.65,-2.35));
#19031=VECTOR('',#21748,1.0);
#19032=CARTESIAN_POINT('',(56.9,160.65,-9.86));
#19033=VECTOR('',#21749,1.0);
#19034=CARTESIAN_POINT('',(57.15,160.15,-9.86000000000001));
#19035=CARTESIAN_POINT('',(57.15,160.15,-2.35));
#19036=VECTOR('',#21750,1.0);
#19037=CARTESIAN_POINT('',(57.15,160.4,-9.86));
#19038=VECTOR('',#21751,1.0);
#19039=CARTESIAN_POINT('',(56.9,160.15,-9.86));
#19040=VECTOR('',#21752,1.0);
#19041=CARTESIAN_POINT('',(56.75,160.25,-9.96));
#19042=CARTESIAN_POINT('',(56.75,160.55,-9.96));
#19043=CARTESIAN_POINT('',(56.75,160.4,-9.96));
#19044=VECTOR('',#21753,1.0);
#19045=CARTESIAN_POINT('',(57.05,160.55,-9.96));
#19046=CARTESIAN_POINT('',(56.9,160.55,-9.96));
#19047=VECTOR('',#21754,1.0);
#19048=CARTESIAN_POINT('',(57.05,160.25,-9.96));
#19049=CARTESIAN_POINT('',(57.05,160.4,-9.96));
#19050=VECTOR('',#21755,1.0);
#19051=CARTESIAN_POINT('',(56.9,160.25,-9.96));
#19052=VECTOR('',#21756,1.0);
#19053=CARTESIAN_POINT('',(54.1199999216614,162.9,-0.5));
#19054=VECTOR('',#21757,1.0);
#19055=CARTESIAN_POINT('',(54.1199999216614,161.9,-0.5));
#19056=VECTOR('',#21758,1.0);
#19057=CARTESIAN_POINT('',(56.75,166.25,-9.96));
#19058=CARTESIAN_POINT('',(56.75,166.55,-9.96));
#19059=CARTESIAN_POINT('',(56.75,166.4,-9.96));
#19060=VECTOR('',#21759,1.0);
#19061=CARTESIAN_POINT('',(57.05,166.55,-9.96));
#19062=CARTESIAN_POINT('',(56.9,166.55,-9.96));
#19063=VECTOR('',#21760,1.0);
#19064=CARTESIAN_POINT('',(57.05,166.25,-9.96));
#19065=CARTESIAN_POINT('',(57.05,166.4,-9.96));
#19066=VECTOR('',#21761,1.0);
#19067=CARTESIAN_POINT('',(56.9,166.25,-9.96));
#19068=VECTOR('',#21762,1.0);
#19069=CARTESIAN_POINT('',(57.15,166.15,-9.86000000000001));
#19070=CARTESIAN_POINT('',(57.15,166.15,-2.35));
#19071=VECTOR('',#21763,1.0);
#19072=CARTESIAN_POINT('',(57.15,166.4,-9.86));
#19073=VECTOR('',#21764,1.0);
#19074=CARTESIAN_POINT('',(56.65,166.15,-9.86));
#19075=CARTESIAN_POINT('',(56.65,166.4,-9.86));
#19076=VECTOR('',#21765,1.0);
#19077=CARTESIAN_POINT('',(56.65,166.15,-2.35));
#19078=VECTOR('',#21766,1.0);
#19079=CARTESIAN_POINT('',(56.9,166.15,-9.86));
#19080=VECTOR('',#21767,1.0);
#19081=CARTESIAN_POINT('',(52.395,162.525095018191,-0.5));
#19082=VECTOR('',#21768,1.0);
#19083=CARTESIAN_POINT('',(52.395,162.272904613932,-0.5));
#19084=VECTOR('',#21769,1.0);
#19085=CARTESIAN_POINT('',(53.185,163.199000183939,-0.5));
#19086=VECTOR('',#21770,1.0);
#19087=CARTESIAN_POINT('',(55.4,163.199000183939,-0.5));
#19088=VECTOR('',#21771,1.0);
#19089=CARTESIAN_POINT('',(55.9,163.649000183939,0.5));
#19090=VECTOR('',#21772,1.0);
#19091=CARTESIAN_POINT('',(55.9,168.6,-2.50000375));
#19092=VECTOR('',#21773,1.0);
#19093=CARTESIAN_POINT('',(56.7,169.4,-2.50000375));
#19094=VECTOR('',#21774,1.0);
#19095=CARTESIAN_POINT('',(55.8537358458327,163.48894356727,0.5));
#19096=VECTOR('',#21775,1.0);
#19097=CARTESIAN_POINT('',(53.185,161.598999816061,-0.5));
#19098=VECTOR('',#21776,1.0);
#19099=CARTESIAN_POINT('',(55.4,161.598999816061,-0.5));
#19100=VECTOR('',#21777,1.0);
#19101=CARTESIAN_POINT('',(59.9714785089432,171.471478508943,-7.03852149105697));
#19102=VECTOR('',#21778,1.0);
#19103=CARTESIAN_POINT('',(57.3302486448506,167.969751355149,-9.6797513551494));
#19104=VECTOR('',#21779,1.0);
#19105=CARTESIAN_POINT('',(59.9714785089432,171.471478508943,-13.181478508943));
#19106=VECTOR('',#21780,1.0);
#19107=CARTESIAN_POINT('',(57.3302486448506,167.969751355149,-10.5402486448506));
#19108=VECTOR('',#21781,1.0);
#19109=CARTESIAN_POINT('',(57.3302486448506,165.969751355149,-9.6797513551494));
#19110=VECTOR('',#21782,1.0);
#19111=CARTESIAN_POINT('',(59.9714785089432,169.471478508943,-13.181478508943));
#19112=VECTOR('',#21783,1.0);
#19113=CARTESIAN_POINT('',(57.3302486448506,165.969751355149,-10.5402486448506));
#19114=VECTOR('',#21784,1.0);
#19115=CARTESIAN_POINT('',(59.9714785089432,169.471478508943,-7.03852149105697));
#19116=VECTOR('',#21785,1.0);
#19117=CARTESIAN_POINT('',(59.9714785089432,167.471478508943,-7.03852149105697));
#19118=VECTOR('',#21786,1.0);
#19119=CARTESIAN_POINT('',(57.3302486448506,163.969751355149,-9.6797513551494));
#19120=VECTOR('',#21787,1.0);
#19121=CARTESIAN_POINT('',(59.9714785089432,167.471478508943,-13.181478508943));
#19122=VECTOR('',#21788,1.0);
#19123=CARTESIAN_POINT('',(57.3302486448506,163.969751355149,-10.5402486448506));
#19124=VECTOR('',#21789,1.0);
#19125=CARTESIAN_POINT('',(59.9714785089432,165.471478508943,-7.03852149105697));
#19126=VECTOR('',#21790,1.0);
#19127=CARTESIAN_POINT('',(57.3302486448506,161.969751355149,-9.6797513551494));
#19128=VECTOR('',#21791,1.0);
#19129=CARTESIAN_POINT('',(59.9714785089432,165.471478508943,-13.181478508943));
#19130=VECTOR('',#21792,1.0);
#19131=CARTESIAN_POINT('',(57.3302486448506,161.969751355149,-10.5402486448506));
#19132=VECTOR('',#21793,1.0);
#19133=CARTESIAN_POINT('',(57.3302486448506,159.969751355149,-9.6797513551494));
#19134=VECTOR('',#21794,1.0);
#19135=CARTESIAN_POINT('',(59.9714785089432,163.471478508943,-13.181478508943));
#19136=VECTOR('',#21795,1.0);
#19137=CARTESIAN_POINT('',(57.3302486448506,159.969751355149,-10.5402486448506));
#19138=VECTOR('',#21796,1.0);
#19139=CARTESIAN_POINT('',(59.9714785089432,163.471478508943,-7.03852149105697));
#19140=VECTOR('',#21797,1.0);
#19141=CARTESIAN_POINT('',(59.9714785089432,161.471478508943,-7.03852149105697));
#19142=VECTOR('',#21798,1.0);
#19143=CARTESIAN_POINT('',(57.3302486448506,157.969751355149,-9.6797513551494));
#19144=VECTOR('',#21799,1.0);
#19145=CARTESIAN_POINT('',(59.9714785089432,161.471478508943,-13.181478508943));
#19146=VECTOR('',#21800,1.0);
#19147=CARTESIAN_POINT('',(57.3302486448506,157.969751355149,-10.5402486448506));
#19148=VECTOR('',#21801,1.0);
#19149=CARTESIAN_POINT('',(57.05,156.25,-9.96));
#19150=CARTESIAN_POINT('',(56.75,156.25,-9.96));
#19151=CARTESIAN_POINT('',(56.9,156.25,-9.96));
#19152=VECTOR('',#21802,1.0);
#19153=CARTESIAN_POINT('',(57.15,156.15,-9.86000000000001));
#19154=CARTESIAN_POINT('',(57.3302486448506,155.969751355149,-9.6797513551494));
#19155=VECTOR('',#21803,1.0);
#19156=CARTESIAN_POINT('',(56.65,156.15,-9.86));
#19157=CARTESIAN_POINT('',(56.9,156.15,-9.86));
#19158=VECTOR('',#21804,1.0);
#19159=CARTESIAN_POINT('',(59.9714785089432,159.471478508943,-13.181478508943));
#19160=VECTOR('',#21805,1.0);
#19161=CARTESIAN_POINT('',(56.75,156.55,-9.96));
#19162=CARTESIAN_POINT('',(56.75,156.4,-9.96));
#19163=VECTOR('',#21806,1.0);
#19164=CARTESIAN_POINT('',(56.65,156.65,-9.86));
#19165=CARTESIAN_POINT('',(56.65,156.4,-9.86));
#19166=VECTOR('',#21807,1.0);
#19167=CARTESIAN_POINT('',(57.3302486448506,155.969751355149,-10.5402486448506));
#19168=VECTOR('',#21808,1.0);
#19169=CARTESIAN_POINT('',(57.05,156.55,-9.96));
#19170=CARTESIAN_POINT('',(56.9,156.55,-9.96));
#19171=VECTOR('',#21809,1.0);
#19172=CARTESIAN_POINT('',(57.15,156.65,-9.86000000000001));
#19173=CARTESIAN_POINT('',(56.9,156.65,-9.86));
#19174=VECTOR('',#21810,1.0);
#19175=CARTESIAN_POINT('',(59.9714785089432,159.471478508943,-7.03852149105697));
#19176=VECTOR('',#21811,1.0);
#19177=CARTESIAN_POINT('',(57.05,156.4,-9.96));
#19178=VECTOR('',#21812,1.0);
#19179=CARTESIAN_POINT('',(57.15,156.4,-9.86));
#19180=VECTOR('',#21813,1.0);
#19181=CARTESIAN_POINT('',(56.65,156.15,-2.35));
#19182=VECTOR('',#21814,1.0);
#19183=CARTESIAN_POINT('',(57.15,156.15,-2.35));
#19184=VECTOR('',#21815,1.0);
#19185=CARTESIAN_POINT('',(57.15,156.65,-2.35));
#19186=VECTOR('',#21816,1.0);
#19187=CARTESIAN_POINT('',(56.65,156.65,-2.35));
#19188=VECTOR('',#21817,1.0);
#19189=AXIS2_PLACEMENT_3D('',#21818,#21819,#21820);
#19190=AXIS2_PLACEMENT_3D('',#21821,#21822,#21823);
#19191=AXIS2_PLACEMENT_3D('',#21824,#21825,#21826);
#19192=CARTESIAN_POINT('',(58.156,147.250685424949,6.58499999999998));
#19193=CARTESIAN_POINT('',(58.156,177.556421356237,6.58499999999998));
#19194=CARTESIAN_POINT('',(58.156,143.999,6.58499999999998));
#19195=VECTOR('',#21827,1.0);
#19196=CARTESIAN_POINT('',(58.156,177.556421356237,4.1));
#19197=CARTESIAN_POINT('',(58.156,177.556421356237,7.1));
#19198=VECTOR('',#21828,1.0);
#19199=CARTESIAN_POINT('',(58.156,177.839264068712,3.9));
#19200=AXIS2_PLACEMENT_3D('',#21829,#21830,#21831);
#19201=CARTESIAN_POINT('',(58.156,180.215,3.9));
#19202=CARTESIAN_POINT('',(58.156,143.999,3.9));
#19203=VECTOR('',#21832,1.0);
#19204=CARTESIAN_POINT('',(58.156,180.215,9.385));
#19205=CARTESIAN_POINT('',(58.156,180.215,7.1));
#19206=VECTOR('',#21833,1.0);
#19207=CARTESIAN_POINT('',(58.156,144.485,9.385));
#19208=CARTESIAN_POINT('',(58.156,143.973572,9.385));
#19209=VECTOR('',#21834,1.0);
#19210=CARTESIAN_POINT('',(58.156,144.485,3.9));
#19211=CARTESIAN_POINT('',(58.156,144.485,7.1));
#19212=VECTOR('',#21835,1.0);
#19213=CARTESIAN_POINT('',(58.156,147.109264068712,3.9));
#19214=CARTESIAN_POINT('',(58.156,143.999,3.9));
#19215=VECTOR('',#21836,1.0);
#19216=CARTESIAN_POINT('',(58.156,147.250685424949,4.0));
#19217=AXIS2_PLACEMENT_3D('',#21837,#21838,#21839);
#19218=CARTESIAN_POINT('',(58.156,147.250685424949,7.1));
#19219=VECTOR('',#21840,1.0);
#19220=CARTESIAN_POINT('',(51.572,149.319,6.58499999999998));
#19221=CARTESIAN_POINT('',(54.072,149.319,6.58499999999998));
#19222=AXIS2_PLACEMENT_3D('',#21841,#21842,#21843);
#19223=CARTESIAN_POINT('',(51.572,149.319,9.385));
#19224=CARTESIAN_POINT('',(51.572,149.319,9.85));
#19225=VECTOR('',#21844,1.0);
#19226=CARTESIAN_POINT('',(54.072,149.319,9.385));
#19227=AXIS2_PLACEMENT_3D('',#21845,#21846,#21847);
#19228=CARTESIAN_POINT('',(54.072,149.319,9.85));
#19229=VECTOR('',#21848,1.0);
#19230=AXIS2_PLACEMENT_3D('',#21849,#21850,#21851);
#19231=AXIS2_PLACEMENT_3D('',#21852,#21853,#21854);
#19232=CARTESIAN_POINT('',(3.21998414931852,143.985,3.9));
#19233=CARTESIAN_POINT('',(0.243999999999999,146.96759342062,3.9));
#19234=CARTESIAN_POINT('',(3.20601517258759,143.999,3.9));
#19235=VECTOR('',#21855,1.0);
#19236=CARTESIAN_POINT('',(0.243999999999999,147.250750385606,4.1));
#19237=AXIS2_PLACEMENT_3D('',#21856,#21857,#21858);
#19238=CARTESIAN_POINT('',(3.50251365325346,143.985,4.1));
#19239=CARTESIAN_POINT('',(3.3475933067042,144.140264404363,4.1));
#19240=VECTOR('',#21859,1.0);
#19241=AXIS2_PLACEMENT_3D('',#21860,#21861,#21862);
#19242=CARTESIAN_POINT('',(50.352,172.65517608389,6.58499999999998));
#19243=CARTESIAN_POINT('',(50.352,172.65517608389,7.45));
#19244=CARTESIAN_POINT('',(50.352,172.65517608389,7.1));
#19245=VECTOR('',#21863,1.0);
#19246=CARTESIAN_POINT('',(49.4882331669828,171.296791986062,6.58499999999998));
#19247=AXIS2_PLACEMENT_3D('',#21864,#21865,#21866);
#19248=CARTESIAN_POINT('',(49.4882331669828,171.296791986062,7.45));
#19249=CARTESIAN_POINT('',(49.4882331669828,171.296791986062,7.1));
#19250=VECTOR('',#21867,1.0);
#19251=AXIS2_PLACEMENT_3D('',#21868,#21869,#21870);
#19252=CARTESIAN_POINT('',(1.94694372515229,180.815,3.9));
#19253=CARTESIAN_POINT('',(0.243999999999999,179.112056274848,3.9));
#19254=CARTESIAN_POINT('',(0.233000000000002,179.101056274848,3.9));
#19255=VECTOR('',#21871,1.0);
#19256=CARTESIAN_POINT('',(2.22978643762691,180.815,4.1));
#19257=AXIS2_PLACEMENT_3D('',#21872,#21873,#21874);
#19258=CARTESIAN_POINT('',(0.243999999999999,178.829213562373,4.1));
#19259=CARTESIAN_POINT('',(0.374421356237311,178.95963491861,4.1));
#19260=VECTOR('',#21875,1.0);
#19261=AXIS2_PLACEMENT_3D('',#21876,#21877,#21878);
#19262=CARTESIAN_POINT('',(0.243999999999999,147.250750385606,6.58499999999998));
#19263=CARTESIAN_POINT('',(0.243999999999999,147.250750385606,7.1));
#19264=VECTOR('',#21879,1.0);
#19265=CARTESIAN_POINT('',(0.243999999999999,144.585,3.9));
#19266=CARTESIAN_POINT('',(0.243999999999999,143.999,3.9));
#19267=VECTOR('',#21880,1.0);
#19268=CARTESIAN_POINT('',(0.243999999999999,144.585,9.385));
#19269=CARTESIAN_POINT('',(0.243999999999999,144.585,7.1));
#19270=VECTOR('',#21881,1.0);
#19271=CARTESIAN_POINT('',(0.243999999999999,180.215,9.385));
#19272=CARTESIAN_POINT('',(0.243999999999999,143.999,9.385));
#19273=VECTOR('',#21882,1.0);
#19274=CARTESIAN_POINT('',(0.243999999999999,180.215,3.9));
#19275=CARTESIAN_POINT('',(0.243999999999999,180.215,7.1));
#19276=VECTOR('',#21883,1.0);
#19277=CARTESIAN_POINT('',(0.243999999999999,143.999,3.9));
#19278=VECTOR('',#21884,1.0);
#19279=CARTESIAN_POINT('',(0.243999999999999,178.829213562373,6.58499999999998));
#19280=CARTESIAN_POINT('',(0.243999999999999,178.829213562373,7.1));
#19281=VECTOR('',#21885,1.0);
#19282=CARTESIAN_POINT('',(0.243999999999998,143.999,6.58499999999998));
#19283=VECTOR('',#21886,1.0);
#19284=CARTESIAN_POINT('',(13.2083326145204,170.418048750376,7.45));
#19285=CARTESIAN_POINT('',(13.2083326145204,170.418048750376,6.58499999999998));
#19286=CARTESIAN_POINT('',(13.2083326145204,170.418048750376,7.1));
#19287=VECTOR('',#21887,1.0);
#19288=CARTESIAN_POINT('',(13.2083326145271,143.985,7.45));
#19289=CARTESIAN_POINT('',(13.2083326145271,143.999,7.45));
#19290=VECTOR('',#21888,1.0);
#19291=CARTESIAN_POINT('',(13.2083326145271,143.985,6.58499999999998));
#19292=CARTESIAN_POINT('',(13.2083326145271,143.985,7.1));
#19293=VECTOR('',#21889,1.0);
#19294=CARTESIAN_POINT('',(13.2083326145271,143.999,6.58499999999998));
#19295=VECTOR('',#21890,1.0);
#19296=CARTESIAN_POINT('',(0.843999999999999,180.815,3.9));
#19297=CARTESIAN_POINT('',(0.843999999999999,180.815,9.385));
#19298=CARTESIAN_POINT('',(0.843999999999999,180.815,7.1));
#19299=VECTOR('',#21891,1.0);
#19300=AXIS2_PLACEMENT_3D('',#21892,#21893,#21894);
#19301=AXIS2_PLACEMENT_3D('',#21895,#21896,#21897);
#19302=CARTESIAN_POINT('',(0.233000000000002,180.815,3.9));
#19303=VECTOR('',#21898,1.0);
#19304=CARTESIAN_POINT('',(50.352,180.815,7.45));
#19305=CARTESIAN_POINT('',(50.352,180.815,6.58499999999998));
#19306=CARTESIAN_POINT('',(50.352,180.815,7.1));
#19307=VECTOR('',#21899,1.0);
#19308=CARTESIAN_POINT('',(28.0529635187451,180.815,7.45));
#19309=CARTESIAN_POINT('',(0.233000000000002,180.815,7.45));
#19310=VECTOR('',#21900,1.0);
#19311=CARTESIAN_POINT('',(28.0529635187451,180.815,6.58499999999998));
#19312=CARTESIAN_POINT('',(28.0529635187451,180.815,7.1));
#19313=VECTOR('',#21901,1.0);
#19314=CARTESIAN_POINT('',(2.22978643762691,180.815,6.58499999999998));
#19315=CARTESIAN_POINT('',(0.233000000000002,180.815,6.58499999999998));
#19316=VECTOR('',#21902,1.0);
#19317=CARTESIAN_POINT('',(2.22978643762691,180.815,7.1));
#19318=VECTOR('',#21903,1.0);
#19319=CARTESIAN_POINT('',(57.556,180.815,9.385));
#19320=CARTESIAN_POINT('',(0.233000000000002,180.815,9.385));
#19321=VECTOR('',#21904,1.0);
#19322=CARTESIAN_POINT('',(57.556,180.815,3.9));
#19323=CARTESIAN_POINT('',(57.556,180.815,7.1));
#19324=VECTOR('',#21905,1.0);
#19325=CARTESIAN_POINT('',(55.180264068712,180.815,3.9));
#19326=CARTESIAN_POINT('',(0.233000000000002,180.815,3.9));
#19327=VECTOR('',#21906,1.0);
#19328=CARTESIAN_POINT('',(54.8974213562373,180.815,4.1));
#19329=AXIS2_PLACEMENT_3D('',#21907,#21908,#21909);
#19330=CARTESIAN_POINT('',(54.8974213562373,180.815,6.58499999999998));
#19331=CARTESIAN_POINT('',(54.8974213562373,180.815,7.1));
#19332=VECTOR('',#21910,1.0);
#19333=CARTESIAN_POINT('',(0.233000000000002,180.815,6.58499999999998));
#19334=VECTOR('',#21911,1.0);
#19335=CARTESIAN_POINT('',(0.233000000000002,178.818213562373,6.58499999999998));
#19336=VECTOR('',#21912,1.0);
#19337=CARTESIAN_POINT('',(54.8903145750508,143.985,4.0));
#19338=CARTESIAN_POINT('',(54.9750252531694,144.069710678119,4.0));
#19339=VECTOR('',#21913,1.0);
#19340=CARTESIAN_POINT('',(54.8903145750508,143.985,6.58499999999998));
#19341=CARTESIAN_POINT('',(54.8903145750508,143.985,7.1));
#19342=VECTOR('',#21914,1.0);
#19343=CARTESIAN_POINT('',(54.9043145750508,143.999,6.58499999999998));
#19344=VECTOR('',#21915,1.0);
#19345=CARTESIAN_POINT('',(91.996264068712,143.999,3.9));
#19346=VECTOR('',#21916,1.0);
#19347=CARTESIAN_POINT('',(91.8548427124746,143.857578643763,4.1));
#19348=VECTOR('',#21917,1.0);
#19349=CARTESIAN_POINT('',(91.7134213562373,143.999,6.58499999999998));
#19350=VECTOR('',#21918,1.0);
#19351=CARTESIAN_POINT('',(51.572,175.481,9.385));
#19352=CARTESIAN_POINT('',(54.072,175.481,9.385));
#19353=AXIS2_PLACEMENT_3D('',#21919,#21920,#21921);
#19354=CARTESIAN_POINT('',(54.072,175.481,6.58499999999998));
#19355=CARTESIAN_POINT('',(54.072,175.481,9.385));
#19356=VECTOR('',#21922,1.0);
#19357=CARTESIAN_POINT('',(51.572,175.481,6.58499999999998));
#19358=AXIS2_PLACEMENT_3D('',#21923,#21924,#21925);
#19359=CARTESIAN_POINT('',(51.572,175.481,9.385));
#19360=VECTOR('',#21926,1.0);
#19361=CARTESIAN_POINT('',(30.507975252696,170.914038568358,6.58499999999998));
#19362=CARTESIAN_POINT('',(30.507975252696,170.914038568358,7.45));
#19363=CARTESIAN_POINT('',(30.507975252696,170.914038568358,7.1));
#19364=VECTOR('',#21927,1.0);
#19365=CARTESIAN_POINT('',(36.6849199224756,167.654817673987,7.45));
#19366=CARTESIAN_POINT('',(0.233000000000002,186.888413796762,7.45));
#19367=VECTOR('',#21928,1.0);
#19368=CARTESIAN_POINT('',(36.6850743184934,167.654736208027,6.58499999999998));
#19369=CARTESIAN_POINT('',(36.6850743184934,167.654736208027,5.73399999999998));
#19370=VECTOR('',#21929,1.0);
#19371=CARTESIAN_POINT('',(0.233000000000002,186.888413796762,6.58499999999998));
#19372=VECTOR('',#21930,1.0);
#19373=AXIS2_PLACEMENT_3D('',#21931,#21932,#21933);
#19374=AXIS2_PLACEMENT_3D('',#21934,#21935,#21936);
#19375=CARTESIAN_POINT('',(3.50251365325346,143.985,6.58499999999998));
#19376=CARTESIAN_POINT('',(3.48854467652253,143.999,6.58499999999998));
#19377=VECTOR('',#21937,1.0);
#19378=CARTESIAN_POINT('',(3.50251365325346,143.985,7.1));
#19379=VECTOR('',#21938,1.0);
#19380=CARTESIAN_POINT('',(30.5079752527176,143.985,6.58499999999998));
#19381=CARTESIAN_POINT('',(0.233000000000002,143.985,6.58499999999998));
#19382=VECTOR('',#21939,1.0);
#19383=CARTESIAN_POINT('',(55.0317359312881,143.985,3.9));
#19384=AXIS2_PLACEMENT_3D('',#21940,#21941,#21942);
#19385=CARTESIAN_POINT('',(57.656,143.985,3.9));
#19386=CARTESIAN_POINT('',(0.233000000000002,143.985,3.9));
#19387=VECTOR('',#21943,1.0);
#19388=CARTESIAN_POINT('',(57.656,143.985,9.385));
#19389=CARTESIAN_POINT('',(57.656,143.985,7.1));
#19390=VECTOR('',#21944,1.0);
#19391=CARTESIAN_POINT('',(0.843999999999999,143.985,9.385));
#19392=CARTESIAN_POINT('',(0.233000000000002,143.985,9.385));
#19393=VECTOR('',#21945,1.0);
#19394=CARTESIAN_POINT('',(0.843999999999999,143.985,3.9));
#19395=CARTESIAN_POINT('',(0.843999999999999,143.985,7.1));
#19396=VECTOR('',#21946,1.0);
#19397=CARTESIAN_POINT('',(0.233000000000002,143.985,3.9));
#19398=VECTOR('',#21947,1.0);
#19399=CARTESIAN_POINT('',(0.233000000000002,143.985,6.58499999999998));
#19400=VECTOR('',#21948,1.0);
#19401=CARTESIAN_POINT('',(30.5079752527176,143.985,7.45));
#19402=CARTESIAN_POINT('',(0.233000000000002,143.985,7.45));
#19403=VECTOR('',#21949,1.0);
#19404=CARTESIAN_POINT('',(30.5079752527176,143.985,7.1));
#19405=VECTOR('',#21950,1.0);
#19406=AXIS2_PLACEMENT_3D('',#21951,#21952,#21953);
#19407=CARTESIAN_POINT('',(30.5079752527175,143.999,7.45));
#19408=VECTOR('',#21954,1.0);
#19409=CARTESIAN_POINT('',(30.5079752527175,143.999,6.58499999999998));
#19410=VECTOR('',#21955,1.0);
#19411=AXIS2_PLACEMENT_3D('',#21956,#21957,#21958);
#19412=AXIS2_PLACEMENT_3D('',#21959,#21960,#21961);
#19413=CARTESIAN_POINT('',(41.7357261205346,167.665711411646,6.58499999999998));
#19414=AXIS2_PLACEMENT_3D('',#21962,#21963,#21964);
#19415=CARTESIAN_POINT('',(0.233000000000002,148.226871601672,6.58499999999998));
#19416=VECTOR('',#21965,1.0);
#19417=CARTESIAN_POINT('',(50.352,143.999,6.58499999999998));
#19418=VECTOR('',#21966,1.0);
#19419=AXIS2_PLACEMENT_3D('',#21967,#21968,#21969);
#19420=CARTESIAN_POINT('',(55.0457359312881,143.999,3.9));
#19421=VECTOR('',#21970,1.0);
#19422=AXIS2_PLACEMENT_3D('',#21971,#21972,#21973);
#19423=CARTESIAN_POINT('',(41.7357261205346,167.665711411646,7.45));
#19424=AXIS2_PLACEMENT_3D('',#21974,#21975,#21976);
#19425=CARTESIAN_POINT('',(41.7357261205346,167.665711411646,5.73399999999998));
#19426=VECTOR('',#21977,1.0);
#19427=CARTESIAN_POINT('',(14.0391350349568,171.760499717639,6.58499999999998));
#19428=AXIS2_PLACEMENT_3D('',#21978,#21979,#21980);
#19429=CARTESIAN_POINT('',(14.0391350349568,171.760499717639,7.45));
#19430=CARTESIAN_POINT('',(14.0391350349568,171.760499717639,7.1));
#19431=VECTOR('',#21981,1.0);
#19432=AXIS2_PLACEMENT_3D('',#21982,#21983,#21984);
#19433=CARTESIAN_POINT('',(28.0529635187451,174.633827901966,6.58499999999998));
#19434=CARTESIAN_POINT('',(28.0529635187451,143.999,6.58499999999998));
#19435=VECTOR('',#21985,1.0);
#19436=CARTESIAN_POINT('',(19.8032057938855,174.633827901961,6.58499999999998));
#19437=CARTESIAN_POINT('',(0.233000000000002,174.633827901951,6.58499999999998));
#19438=VECTOR('',#21986,1.0);
#19439=CARTESIAN_POINT('',(0.233000000000002,164.878287723443,6.58499999999998));
#19440=VECTOR('',#21987,1.0);
#19441=CARTESIAN_POINT('',(4.328,149.319,6.58499999999998));
#19442=CARTESIAN_POINT('',(6.828,149.319,6.58499999999998));
#19443=AXIS2_PLACEMENT_3D('',#21988,#21989,#21990);
#19444=AXIS2_PLACEMENT_3D('',#21991,#21992,#21993);
#19445=CARTESIAN_POINT('',(4.328,175.481,6.58499999999998));
#19446=CARTESIAN_POINT('',(6.828,175.481,6.58499999999998));
#19447=AXIS2_PLACEMENT_3D('',#21994,#21995,#21996);
#19448=AXIS2_PLACEMENT_3D('',#21997,#21998,#21999);
#19449=AXIS2_PLACEMENT_3D('',#22000,#22001,#22002);
#19450=CARTESIAN_POINT('',(4.328,149.319,9.385));
#19451=CARTESIAN_POINT('',(6.828,149.319,9.385));
#19452=AXIS2_PLACEMENT_3D('',#22003,#22004,#22005);
#19453=AXIS2_PLACEMENT_3D('',#22006,#22007,#22008);
#19454=CARTESIAN_POINT('',(4.328,175.481,9.385));
#19455=CARTESIAN_POINT('',(6.828,175.481,9.385));
#19456=AXIS2_PLACEMENT_3D('',#22009,#22010,#22011);
#19457=AXIS2_PLACEMENT_3D('',#22012,#22013,#22014);
#19458=CARTESIAN_POINT('',(4.328,175.481,9.85));
#19459=VECTOR('',#22015,1.0);
#19460=CARTESIAN_POINT('',(6.828,175.481,9.85));
#19461=VECTOR('',#22016,1.0);
#19462=CARTESIAN_POINT('',(50.352,143.999,7.45));
#19463=VECTOR('',#22017,1.0);
#19464=CARTESIAN_POINT('',(0.233000000000002,148.226871601672,7.45));
#19465=VECTOR('',#22018,1.0);
#19466=CARTESIAN_POINT('',(19.8032057938855,174.633827901961,7.45));
#19467=CARTESIAN_POINT('',(0.230323209681748,164.876953371839,7.45));
#19468=VECTOR('',#22019,1.0);
#19469=CARTESIAN_POINT('',(28.0529635187451,174.633827901966,7.45));
#19470=CARTESIAN_POINT('',(0.233000000000002,174.633827901951,7.45));
#19471=VECTOR('',#22020,1.0);
#19472=CARTESIAN_POINT('',(28.0529635187451,143.999,7.45));
#19473=VECTOR('',#22021,1.0);
#19474=CARTESIAN_POINT('',(19.8032057938855,174.633827901961,7.1));
#19475=VECTOR('',#22022,1.0);
#19476=CARTESIAN_POINT('',(28.0529635187451,174.633827901966,7.1));
#19477=VECTOR('',#22023,1.0);
#19478=CARTESIAN_POINT('',(6.828,149.319,9.385));
#19479=VECTOR('',#22024,1.0);
#19480=CARTESIAN_POINT('',(4.328,149.319,9.385));
#19481=VECTOR('',#22025,1.0);
#19482=DIRECTION('',(-0.0,0.0,1.0));
#19483=DIRECTION('',(-1.0,0.0,0.0));
#19484=DIRECTION('',(-0.0,0.0,1.0));
#19485=DIRECTION('',(-1.0,0.0,0.0));
#19486=DIRECTION('',(0.0,1.0,0.0));
#19487=DIRECTION('',(-0.0,0.0,1.0));
#19488=DIRECTION('',(0.0,1.0,0.0));
#19489=DIRECTION('',(1.0,0.0,0.0));
#19490=DIRECTION('',(-0.0,0.0,1.0));
#19491=DIRECTION('',(1.0,0.0,0.0));
#19492=DIRECTION('',(0.0,-1.0,0.0));
#19493=DIRECTION('',(0.0,-1.0,0.0));
#19494=DIRECTION('',(-0.0,0.0,1.0));
#19495=CARTESIAN_POINT('',(28.2511811526411,180.20003,5.02));
#19496=DIRECTION('',(0.0,0.0,1.0));
#19497=DIRECTION('',(-1.0,0.0,0.0));
#19498=DIRECTION('',(0.0,0.0,1.0));
#19499=CARTESIAN_POINT('',(28.2511811526411,180.20003,5.26));
#19500=DIRECTION('',(0.0,0.0,1.0));
#19501=DIRECTION('',(-1.0,0.0,0.0));
#19502=DIRECTION('',(-0.0,-0.0,1.0));
#19503=CARTESIAN_POINT('',(50.1488188473592,180.20003,5.02));
#19504=DIRECTION('',(0.0,0.0,-1.0));
#19505=DIRECTION('',(1.0,0.0,0.0));
#19506=DIRECTION('',(0.0,0.0,1.0));
#19507=CARTESIAN_POINT('',(50.1488188473592,180.20003,5.26));
#19508=DIRECTION('',(0.0,0.0,-1.0));
#19509=DIRECTION('',(1.0,0.0,0.0));
#19510=DIRECTION('',(0.0,0.0,-1.0));
#19511=CARTESIAN_POINT('',(44.757376138487,180.170411933664,3.85));
#19512=DIRECTION('',(0.0,0.0,-1.0));
#19513=DIRECTION('',(1.0,0.0,0.0));
#19514=DIRECTION('',(0.0,0.0,1.0));
#19515=CARTESIAN_POINT('',(44.757376138487,180.170411933664,1.6));
#19516=DIRECTION('',(0.0,0.0,-1.0));
#19517=DIRECTION('',(1.0,0.0,0.0));
#19518=DIRECTION('',(-0.0,-0.0,-1.0));
#19519=CARTESIAN_POINT('',(33.6426238615133,180.170411933664,3.85));
#19520=DIRECTION('',(0.0,0.0,1.0));
#19521=DIRECTION('',(-1.0,0.0,0.0));
#19522=DIRECTION('',(0.0,0.0,1.0));
#19523=CARTESIAN_POINT('',(33.6426238615133,180.170411933664,1.6));
#19524=DIRECTION('',(0.0,0.0,1.0));
#19525=DIRECTION('',(-1.0,0.0,0.0));
#19526=DIRECTION('',(-0.0,0.0,1.0));
#19527=CARTESIAN_POINT('',(28.2511811526411,180.20003,1.6));
#19528=DIRECTION('',(0.0,0.0,1.0));
#19529=DIRECTION('',(-1.0,0.0,0.0));
#19530=DIRECTION('',(0.0,0.0,1.0));
#19531=CARTESIAN_POINT('',(28.2511811526411,180.20003,3.9));
#19532=DIRECTION('',(0.0,0.0,1.0));
#19533=DIRECTION('',(-1.0,0.0,0.0));
#19534=DIRECTION('',(-0.0,-0.0,1.0));
#19535=CARTESIAN_POINT('',(50.1488188473592,180.20003,1.6));
#19536=DIRECTION('',(0.0,0.0,-1.0));
#19537=DIRECTION('',(1.0,0.0,0.0));
#19538=DIRECTION('',(0.0,0.0,1.0));
#19539=CARTESIAN_POINT('',(50.1488188473592,180.20003,3.9));
#19540=DIRECTION('',(0.0,0.0,-1.0));
#19541=DIRECTION('',(1.0,0.0,0.0));
#19542=DIRECTION('',(0.0,-0.0,-1.0));
#19543=CARTESIAN_POINT('',(22.9283326145276,159.453827901962,3.85));
#19544=DIRECTION('',(0.0,0.0,1.0));
#19545=DIRECTION('',(-1.0,-5.3002047195605E-13,0.0));
#19546=DIRECTION('',(0.0,0.0,1.0));
#19547=CARTESIAN_POINT('',(22.9283326145276,159.453827901962,1.6));
#19548=DIRECTION('',(0.0,0.0,1.0));
#19549=DIRECTION('',(-1.0,-5.3002047195605E-13,0.0));
#19550=DIRECTION('',(0.0,-0.0,-1.0));
#19551=CARTESIAN_POINT('',(21.9079752527121,152.579137301347,3.85));
#19552=DIRECTION('',(0.0,0.0,1.0));
#19553=DIRECTION('',(2.65010235978025E-13,-1.0,0.0));
#19554=DIRECTION('',(0.0,0.0,1.0));
#19555=CARTESIAN_POINT('',(21.9079752527121,152.579137301347,1.6));
#19556=DIRECTION('',(0.0,0.0,1.0));
#19557=DIRECTION('',(2.65010235978025E-13,-1.0,0.0));
#19558=DIRECTION('',(-0.0,-0.0,1.0));
#19559=CARTESIAN_POINT('',(21.9079752527085,166.328518502577,1.6));
#19560=DIRECTION('',(0.0,0.0,1.0));
#19561=DIRECTION('',(2.65010235978025E-13,-1.0,0.0));
#19562=CARTESIAN_POINT('',(21.9079752527085,166.328518502577,3.85));
#19563=DIRECTION('',(0.0,0.0,1.0));
#19564=DIRECTION('',(2.65010235978025E-13,-1.0,0.0));
#19565=DIRECTION('',(0.0,-0.0,-1.0));
#19566=CARTESIAN_POINT('',(21.8283326145261,152.579137301347,3.85));
#19567=DIRECTION('',(-0.0,0.0,-1.0));
#19568=DIRECTION('',(-2.65010235978025E-13,-1.0,0.0));
#19569=DIRECTION('',(0.0,0.0,1.0));
#19570=CARTESIAN_POINT('',(21.8283326145261,152.579137301347,1.6));
#19571=DIRECTION('',(-0.0,0.0,-1.0));
#19572=DIRECTION('',(-2.65010235978025E-13,-1.0,0.0));
#19573=DIRECTION('',(0.0,-0.0,-1.0));
#19574=CARTESIAN_POINT('',(20.8079752527106,159.453827901962,3.85));
#19575=DIRECTION('',(0.0,0.0,-1.0));
#19576=DIRECTION('',(1.0,-5.3002047195605E-13,0.0));
#19577=DIRECTION('',(0.0,0.0,1.0));
#19578=CARTESIAN_POINT('',(20.8079752527106,159.453827901962,1.6));
#19579=DIRECTION('',(0.0,0.0,-1.0));
#19580=DIRECTION('',(1.0,-5.3002047195605E-13,0.0));
#19581=DIRECTION('',(-0.0,-0.0,1.0));
#19582=CARTESIAN_POINT('',(21.8283326145297,166.328518502577,1.6));
#19583=DIRECTION('',(-0.0,0.0,-1.0));
#19584=DIRECTION('',(-2.65010235978025E-13,-1.0,0.0));
#19585=DIRECTION('',(0.0,0.0,1.0));
#19586=CARTESIAN_POINT('',(21.8283326145297,166.328518502577,3.85));
#19587=DIRECTION('',(-0.0,0.0,-1.0));
#19588=DIRECTION('',(-2.65010235978025E-13,-1.0,0.0));
#19589=DIRECTION('',(9.70686797486476E-17,-1.0,0.0));
#19590=DIRECTION('',(0.0,0.0,1.0));
#19591=DIRECTION('',(-9.70686797486476E-17,1.0,0.0));
#19592=DIRECTION('',(0.0,0.0,1.0));
#19593=DIRECTION('',(1.0,0.0,0.0));
#19594=DIRECTION('',(0.0,0.0,1.0));
#19595=DIRECTION('',(-1.0,0.0,0.0));
#19596=DIRECTION('',(-9.70686797486476E-17,1.0,0.0));
#19597=DIRECTION('',(0.0,0.0,1.0));
#19598=DIRECTION('',(9.70686797486476E-17,-1.0,0.0));
#19599=DIRECTION('',(-1.0,0.0,0.0));
#19600=DIRECTION('',(1.0,0.0,0.0));
#19601=DIRECTION('',(0.894967311509127,-0.446131719708569,0.0));
#19602=DIRECTION('',(0.0,0.0,1.0));
#19603=DIRECTION('',(-0.894967311509127,0.446131719708569,0.0));
#19604=DIRECTION('',(0.0,0.0,1.0));
#19605=CARTESIAN_POINT('',(28.7993304869076,170.748793436539,3.9));
#19606=DIRECTION('',(0.0,0.0,-1.0));
#19607=DIRECTION('',(1.0,5.3002047195605E-13,0.0));
#19608=DIRECTION('',(0.0,0.0,1.0));
#19609=CARTESIAN_POINT('',(28.7993304869076,170.748793436539,1.6));
#19610=DIRECTION('',(0.0,0.0,-1.0));
#19611=DIRECTION('',(1.0,5.3002047195605E-13,0.0));
#19612=DIRECTION('',(0.0,0.0,-1.0));
#19613=DIRECTION('',(-0.267826945233518,0.963467034935229,0.0));
#19614=DIRECTION('',(0.267826945233518,-0.963467034935229,0.0));
#19615=CARTESIAN_POINT('',(29.1079752527071,169.638490449309,3.9));
#19616=DIRECTION('',(0.0,0.0,1.0));
#19617=DIRECTION('',(-1.0,-5.3002047195605E-13,0.0));
#19618=DIRECTION('',(0.0,0.0,-1.0));
#19619=CARTESIAN_POINT('',(29.1079752527071,169.638490449309,1.6));
#19620=DIRECTION('',(0.0,0.0,1.0));
#19621=DIRECTION('',(-1.0,-5.3002047195605E-13,0.0));
#19622=DIRECTION('',(-2.65010235978025E-13,1.0,0.0));
#19623=DIRECTION('',(0.0,0.0,1.0));
#19624=DIRECTION('',(-2.65010235978025E-13,1.0,0.0));
#19625=DIRECTION('',(0.0,0.0,-1.0));
#19626=DIRECTION('',(-2.65010235978025E-13,1.0,0.0));
#19627=DIRECTION('',(0.0,0.0,1.0));
#19628=DIRECTION('',(2.65010235978025E-13,-1.0,0.0));
#19629=CARTESIAN_POINT('',(29.1079752527135,146.700000000001,3.9));
#19630=DIRECTION('',(0.0,0.0,1.0));
#19631=DIRECTION('',(-1.0,-5.3002047195605E-13,0.0));
#19632=DIRECTION('',(0.0,0.0,1.0));
#19633=CARTESIAN_POINT('',(29.1079752527135,146.700000000001,1.6));
#19634=DIRECTION('',(0.0,0.0,1.0));
#19635=DIRECTION('',(-1.0,-5.3002047195605E-13,0.0));
#19636=CARTESIAN_POINT('',(14.6283326145245,146.700000000001,3.9));
#19637=DIRECTION('',(0.0,0.0,-1.0));
#19638=DIRECTION('',(1.0,-5.3002047195605E-13,0.0));
#19639=DIRECTION('',(0.0,0.0,1.0));
#19640=CARTESIAN_POINT('',(14.6283326145245,146.700000000001,1.6));
#19641=DIRECTION('',(0.0,0.0,-1.0));
#19642=DIRECTION('',(1.0,-5.3002047195605E-13,0.0));
#19643=DIRECTION('',(0.0,0.0,1.0));
#19644=CARTESIAN_POINT('',(14.6283326145306,169.638490449309,1.6));
#19645=DIRECTION('',(0.0,0.0,-1.0));
#19646=DIRECTION('',(1.0,-5.3002047195605E-13,0.0));
#19647=DIRECTION('',(0.0,0.0,-1.0));
#19648=CARTESIAN_POINT('',(14.6283326145306,169.638490449309,3.9));
#19649=DIRECTION('',(0.0,0.0,-1.0));
#19650=DIRECTION('',(1.0,-5.3002047195605E-13,0.0));
#19651=DIRECTION('',(0.0,0.0,-1.0));
#19652=DIRECTION('',(-0.267826945233518,-0.963467034935229,0.0));
#19653=DIRECTION('',(0.0,0.0,1.0));
#19654=DIRECTION('',(0.267826945233518,0.963467034935229,0.0));
#19655=DIRECTION('',(-1.0,-2.65010235978025E-13,0.0));
#19656=CARTESIAN_POINT('',(23.6135944285316,173.333827901962,1.6));
#19657=DIRECTION('',(0.0,0.0,-1.0));
#19658=DIRECTION('',(1.0,5.3002047195605E-13,0.0));
#19659=CARTESIAN_POINT('',(29.1079752527076,169.312384731301,1.6));
#19660=DIRECTION('',(0.0,0.0,1.0));
#19661=DIRECTION('',(-1.0,-5.3002047195605E-13,0.0));
#19662=CARTESIAN_POINT('',(21.9079752527103,158.429426833487,1.6));
#19663=DIRECTION('',(0.0,0.0,1.0));
#19664=DIRECTION('',(-1.0,-2.65010235978025E-13,0.0));
#19665=CARTESIAN_POINT('',(21.8283326145277,158.429426833487,1.6));
#19666=DIRECTION('',(0.0,0.0,-1.0));
#19667=DIRECTION('',(1.0,-2.65010235978025E-13,0.0));
#19668=CARTESIAN_POINT('',(14.6283326145306,169.312384731301,1.6));
#19669=DIRECTION('',(0.0,0.0,-1.0));
#19670=DIRECTION('',(1.0,-5.3002047195605E-13,0.0));
#19671=DIRECTION('',(-2.65010235978025E-13,-1.0,0.0));
#19672=CARTESIAN_POINT('',(14.9369773803303,170.748793436539,1.6));
#19673=DIRECTION('',(0.0,0.0,1.0));
#19674=DIRECTION('',(-1.0,5.3002047195605E-13,0.0));
#19675=DIRECTION('',(0.894967311509127,0.446131719708569,0.0));
#19676=CARTESIAN_POINT('',(20.1227134387064,173.333827901962,1.6));
#19677=DIRECTION('',(0.0,0.0,1.0));
#19678=DIRECTION('',(-1.0,5.3002047195605E-13,0.0));
#19679=CARTESIAN_POINT('',(23.6135944285316,173.333827901962,3.9));
#19680=DIRECTION('',(0.0,0.0,-1.0));
#19681=DIRECTION('',(1.0,5.3002047195605E-13,0.0));
#19682=DIRECTION('',(0.0,0.0,1.0));
#19683=DIRECTION('',(-1.0,-2.65010235978025E-13,0.0));
#19684=DIRECTION('',(0.0,0.0,1.0));
#19685=DIRECTION('',(0.0,0.0,1.0));
#19686=DIRECTION('',(-0.894967311509127,-0.446131719708569,0.0));
#19687=DIRECTION('',(0.0,0.0,1.0));
#19688=CARTESIAN_POINT('',(20.1227134387064,173.333827901962,3.9));
#19689=DIRECTION('',(0.0,0.0,1.0));
#19690=DIRECTION('',(-1.0,5.3002047195605E-13,0.0));
#19691=CARTESIAN_POINT('',(14.9369773803303,170.748793436539,3.9));
#19692=DIRECTION('',(0.0,0.0,1.0));
#19693=DIRECTION('',(-1.0,5.3002047195605E-13,0.0));
#19694=CARTESIAN_POINT('',(21.8283326145277,158.429426833487,3.85));
#19695=DIRECTION('',(0.0,0.0,-1.0));
#19696=DIRECTION('',(1.0,-2.65010235978025E-13,0.0));
#19697=CARTESIAN_POINT('',(21.9079752527103,158.429426833487,3.85));
#19698=DIRECTION('',(0.0,0.0,1.0));
#19699=DIRECTION('',(-1.0,-2.65010235978025E-13,0.0));
#19700=CARTESIAN_POINT('',(29.1079752527076,169.312384731301,3.85));
#19701=DIRECTION('',(0.0,0.0,1.0));
#19702=DIRECTION('',(-1.0,-5.3002047195605E-13,0.0));
#19703=CARTESIAN_POINT('',(29.1079752527126,149.544652273857,3.85));
#19704=DIRECTION('',(0.0,0.0,-1.0));
#19705=DIRECTION('',(1.0,5.3002047195605E-13,0.0));
#19706=CARTESIAN_POINT('',(21.9079752527096,160.427610171665,3.85));
#19707=DIRECTION('',(-0.0,0.0,-1.0));
#19708=DIRECTION('',(-1.0,-2.65010235978025E-13,0.0));
#19709=CARTESIAN_POINT('',(21.8283326145284,160.427610171666,3.85));
#19710=DIRECTION('',(0.0,0.0,1.0));
#19711=DIRECTION('',(1.0,-2.65010235978025E-13,0.0));
#19712=CARTESIAN_POINT('',(14.6283326145252,149.544652273857,3.85));
#19713=DIRECTION('',(0.0,0.0,1.0));
#19714=DIRECTION('',(-1.0,5.3002047195605E-13,0.0));
#19715=DIRECTION('',(2.65010235978025E-13,1.0,0.0));
#19716=CARTESIAN_POINT('',(14.6283326145306,169.312384731301,3.85));
#19717=DIRECTION('',(0.0,0.0,-1.0));
#19718=DIRECTION('',(1.0,-5.3002047195605E-13,0.0));
#19719=CARTESIAN_POINT('',(21.8283326145261,152.579137301347,3.85));
#19720=DIRECTION('',(-0.0,0.0,-1.0));
#19721=DIRECTION('',(-2.65010235978025E-13,-1.0,0.0));
#19722=CARTESIAN_POINT('',(20.8079752527106,159.453827901962,3.85));
#19723=DIRECTION('',(0.0,0.0,-1.0));
#19724=DIRECTION('',(1.0,-5.3002047195605E-13,0.0));
#19725=CARTESIAN_POINT('',(21.8283326145297,166.328518502577,3.85));
#19726=DIRECTION('',(-0.0,0.0,-1.0));
#19727=DIRECTION('',(-2.65010235978025E-13,-1.0,0.0));
#19728=CARTESIAN_POINT('',(21.9079752527085,166.328518502577,3.85));
#19729=DIRECTION('',(0.0,0.0,1.0));
#19730=DIRECTION('',(2.65010235978025E-13,-1.0,0.0));
#19731=CARTESIAN_POINT('',(22.9283326145276,159.453827901962,3.85));
#19732=DIRECTION('',(0.0,0.0,1.0));
#19733=DIRECTION('',(-1.0,-5.3002047195605E-13,0.0));
#19734=CARTESIAN_POINT('',(21.9079752527121,152.579137301347,3.85));
#19735=DIRECTION('',(0.0,0.0,1.0));
#19736=DIRECTION('',(2.65010235978025E-13,-1.0,0.0));
#19737=DIRECTION('',(0.0,0.0,1.0));
#19738=CARTESIAN_POINT('',(21.8283326145284,160.427610171666,1.6));
#19739=DIRECTION('',(0.0,0.0,1.0));
#19740=DIRECTION('',(1.0,-2.65010235978025E-13,0.0));
#19741=DIRECTION('',(0.0,0.0,-1.0));
#19742=DIRECTION('',(0.0,0.0,-1.0));
#19743=DIRECTION('',(0.0,0.0,-1.0));
#19744=CARTESIAN_POINT('',(21.9079752527096,160.427610171665,1.6));
#19745=DIRECTION('',(-0.0,0.0,-1.0));
#19746=DIRECTION('',(-1.0,-2.65010235978025E-13,0.0));
#19747=CARTESIAN_POINT('',(29.1079752527126,149.544652273857,1.6));
#19748=DIRECTION('',(0.0,0.0,-1.0));
#19749=DIRECTION('',(1.0,5.3002047195605E-13,0.0));
#19750=DIRECTION('',(1.0,2.65010235978025E-13,0.0));
#19751=DIRECTION('',(2.65010235978025E-13,1.0,0.0));
#19752=CARTESIAN_POINT('',(14.6283326145252,149.544652273857,1.6));
#19753=DIRECTION('',(0.0,0.0,1.0));
#19754=DIRECTION('',(-1.0,5.3002047195605E-13,0.0));
#19755=DIRECTION('',(0.0,0.0,-1.0));
#19756=DIRECTION('',(0.0,0.0,1.0));
#19757=DIRECTION('',(0.0,0.0,1.0));
#19758=DIRECTION('',(0.0,0.0,1.0));
#19759=CARTESIAN_POINT('',(21.8283326145297,166.328518502577,1.6));
#19760=DIRECTION('',(-0.0,0.0,-1.0));
#19761=DIRECTION('',(-2.65010235978025E-13,-1.0,0.0));
#19762=CARTESIAN_POINT('',(20.8079752527106,159.453827901962,1.6));
#19763=DIRECTION('',(0.0,0.0,-1.0));
#19764=DIRECTION('',(1.0,-5.3002047195605E-13,0.0));
#19765=CARTESIAN_POINT('',(21.8283326145261,152.579137301347,1.6));
#19766=DIRECTION('',(-0.0,0.0,-1.0));
#19767=DIRECTION('',(-2.65010235978025E-13,-1.0,0.0));
#19768=CARTESIAN_POINT('',(21.9079752527085,166.328518502577,1.6));
#19769=DIRECTION('',(0.0,0.0,1.0));
#19770=DIRECTION('',(2.65010235978025E-13,-1.0,0.0));
#19771=CARTESIAN_POINT('',(21.9079752527121,152.579137301347,1.6));
#19772=DIRECTION('',(0.0,0.0,1.0));
#19773=DIRECTION('',(2.65010235978025E-13,-1.0,0.0));
#19774=CARTESIAN_POINT('',(22.9283326145276,159.453827901962,1.6));
#19775=DIRECTION('',(0.0,0.0,1.0));
#19776=DIRECTION('',(-1.0,-5.3002047195605E-13,0.0));
#19777=DIRECTION('',(0.0,0.0,1.0));
#19778=DIRECTION('',(2.65010235978025E-13,1.0,0.0));
#19779=DIRECTION('',(-1.0,-2.64512708598225E-13,0.0));
#19780=DIRECTION('',(-1.0,0.0,0.0));
#19781=DIRECTION('',(-1.0,0.0,0.0));
#19782=DIRECTION('',(-1.0,0.0,0.0));
#19783=DIRECTION('',(0.0,0.0,1.0));
#19784=DIRECTION('',(1.0,0.0,0.0));
#19785=DIRECTION('',(0.0,0.0,1.0));
#19786=CARTESIAN_POINT('',(50.1488188473592,180.20003,3.9));
#19787=DIRECTION('',(0.0,0.0,-1.0));
#19788=DIRECTION('',(1.0,0.0,0.0));
#19789=DIRECTION('',(0.0,0.0,1.0));
#19790=CARTESIAN_POINT('',(50.1488188473592,180.20003,1.6));
#19791=DIRECTION('',(0.0,0.0,-1.0));
#19792=DIRECTION('',(1.0,0.0,0.0));
#19793=DIRECTION('',(0.0,0.0,-1.0));
#19794=DIRECTION('',(-0.0416513775712399,-0.999132204838988,0.0));
#19795=DIRECTION('',(-0.04165137757124,-0.999132204838988,0.0));
#19796=DIRECTION('',(0.0,0.0,-1.0));
#19797=CARTESIAN_POINT('',(49.5034791699792,173.770030344872,3.85));
#19798=DIRECTION('',(0.0,0.0,1.0));
#19799=DIRECTION('',(-1.0,0.0,0.0));
#19800=DIRECTION('',(0.0,0.0,-1.0));
#19801=CARTESIAN_POINT('',(49.5034791699792,173.770030344872,1.6));
#19802=DIRECTION('',(0.0,0.0,1.0));
#19803=DIRECTION('',(-1.0,0.0,0.0));
#19804=CARTESIAN_POINT('',(49.5034791699792,173.770030344872,3.9));
#19805=DIRECTION('',(0.0,0.0,1.0));
#19806=DIRECTION('',(-1.0,0.0,0.0));
#19807=DIRECTION('',(0.0,0.0,1.0));
#19808=DIRECTION('',(-1.0,-1.22124532708767E-15,0.0));
#19809=DIRECTION('',(-1.0,-1.23532535885457E-15,0.0));
#19810=DIRECTION('',(0.0416513775712399,-0.999132204838988,0.0));
#19811=CARTESIAN_POINT('',(28.2511811526411,180.20003,1.6));
#19812=DIRECTION('',(0.0,0.0,1.0));
#19813=DIRECTION('',(-1.0,0.0,0.0));
#19814=CARTESIAN_POINT('',(33.6426238615133,180.170411933664,1.6));
#19815=DIRECTION('',(0.0,0.0,1.0));
#19816=DIRECTION('',(-1.0,0.0,0.0));
#19817=CARTESIAN_POINT('',(41.9176817853294,170.589930587954,1.6));
#19818=DIRECTION('',(0.0,0.0,1.0));
#19819=DIRECTION('',(-1.0,0.0,0.0));
#19820=CARTESIAN_POINT('',(29.3208248234972,173.770030344872,1.6));
#19821=DIRECTION('',(0.0,0.0,1.0));
#19822=DIRECTION('',(-1.0,0.0,0.0));
#19823=DIRECTION('',(1.0,-1.22124532708767E-15,0.0));
#19824=CARTESIAN_POINT('',(28.8965208300211,173.770030344872,1.6));
#19825=DIRECTION('',(0.0,0.0,-1.0));
#19826=DIRECTION('',(1.0,0.0,0.0));
#19827=DIRECTION('',(0.0,0.0,1.0));
#19828=CARTESIAN_POINT('',(41.9176817853294,170.589930587954,3.85));
#19829=DIRECTION('',(0.0,0.0,1.0));
#19830=DIRECTION('',(-1.0,0.0,0.0));
#19831=CARTESIAN_POINT('',(44.757376138487,180.170411933664,3.85));
#19832=DIRECTION('',(0.0,0.0,-1.0));
#19833=DIRECTION('',(1.0,0.0,0.0));
#19834=CARTESIAN_POINT('',(36.4823182146709,170.589930587954,3.85));
#19835=DIRECTION('',(0.0,0.0,-1.0));
#19836=DIRECTION('',(1.0,0.0,0.0));
#19837=CARTESIAN_POINT('',(49.0791751765032,173.770030344872,3.85));
#19838=DIRECTION('',(0.0,0.0,-1.0));
#19839=DIRECTION('',(1.0,0.0,0.0));
#19840=DIRECTION('',(-0.894967311509127,-0.446131719708568,0.0));
#19841=CARTESIAN_POINT('',(39.2000000000002,172.300030344872,3.85));
#19842=DIRECTION('',(0.0,0.0,-1.0));
#19843=DIRECTION('',(-1.0,0.0,0.0));
#19844=CARTESIAN_POINT('',(39.2000000000002,172.300030344872,3.85));
#19845=DIRECTION('',(0.0,0.0,-1.0));
#19846=DIRECTION('',(-1.0,0.0,0.0));
#19847=CARTESIAN_POINT('',(39.2000000000002,172.300030344872,3.85));
#19848=DIRECTION('',(0.0,0.0,-1.0));
#19849=DIRECTION('',(-1.0,0.0,0.0));
#19850=DIRECTION('',(0.894967311509127,-0.446131719708568,0.0));
#19851=CARTESIAN_POINT('',(28.8965208300211,173.770030344872,3.85));
#19852=DIRECTION('',(0.0,0.0,-1.0));
#19853=DIRECTION('',(1.0,0.0,0.0));
#19854=DIRECTION('',(1.0,-1.23532535885457E-15,0.0));
#19855=CARTESIAN_POINT('',(29.3208248234972,173.770030344872,3.85));
#19856=DIRECTION('',(0.0,0.0,1.0));
#19857=DIRECTION('',(-1.0,0.0,0.0));
#19858=CARTESIAN_POINT('',(33.6426238615133,180.170411933664,3.85));
#19859=DIRECTION('',(0.0,0.0,1.0));
#19860=DIRECTION('',(-1.0,0.0,0.0));
#19861=CARTESIAN_POINT('',(49.0791751765032,173.770030344872,1.6));
#19862=DIRECTION('',(0.0,0.0,-1.0));
#19863=DIRECTION('',(1.0,0.0,0.0));
#19864=CARTESIAN_POINT('',(36.4823182146709,170.589930587954,1.6));
#19865=DIRECTION('',(0.0,0.0,-1.0));
#19866=DIRECTION('',(1.0,0.0,0.0));
#19867=CARTESIAN_POINT('',(44.757376138487,180.170411933664,1.6));
#19868=DIRECTION('',(0.0,0.0,-1.0));
#19869=DIRECTION('',(1.0,0.0,0.0));
#19870=DIRECTION('',(0.0,0.0,1.0));
#19871=DIRECTION('',(0.0,0.0,1.0));
#19872=DIRECTION('',(0.894967311509127,0.446131719708568,0.0));
#19873=DIRECTION('',(0.0,0.0,-1.0));
#19874=CARTESIAN_POINT('',(39.2000000000002,172.300030344872,3.9));
#19875=DIRECTION('',(0.0,0.0,-1.0));
#19876=DIRECTION('',(-1.0,0.0,0.0));
#19877=DIRECTION('',(0.0,0.0,-1.0));
#19878=DIRECTION('',(0.0,0.0,-1.0));
#19879=CARTESIAN_POINT('',(39.2000000000002,172.300030344872,1.6));
#19880=DIRECTION('',(0.0,0.0,-1.0));
#19881=DIRECTION('',(-1.0,0.0,0.0));
#19882=DIRECTION('',(0.0,0.0,-1.0));
#19883=DIRECTION('',(0.0,0.0,1.0));
#19884=DIRECTION('',(0.0,0.0,-1.0));
#19885=CARTESIAN_POINT('',(28.8965208300211,173.770030344872,3.9));
#19886=DIRECTION('',(0.0,0.0,-1.0));
#19887=DIRECTION('',(1.0,0.0,0.0));
#19888=DIRECTION('',(0.0,0.0,-1.0));
#19889=DIRECTION('',(0.0,0.0,-1.0));
#19890=DIRECTION('',(0.04165137757124,-0.999132204838988,0.0));
#19891=CARTESIAN_POINT('',(28.2511811526411,180.20003,3.9));
#19892=DIRECTION('',(0.0,0.0,1.0));
#19893=DIRECTION('',(-1.0,0.0,0.0));
#19894=DIRECTION('',(-0.894967311509127,0.446131719708568,0.0));
#19895=CARTESIAN_POINT('',(39.2000000000002,172.300030344872,1.6));
#19896=DIRECTION('',(0.0,0.0,-1.0));
#19897=DIRECTION('',(-1.0,0.0,0.0));
#19898=DIRECTION('',(0.0,1.0,0.0));
#19899=DIRECTION('',(-1.0,0.0,0.0));
#19900=DIRECTION('',(0.0,1.0,0.0));
#19901=DIRECTION('',(1.0,0.0,0.0));
#19902=DIRECTION('',(0.0,1.0,0.0));
#19903=DIRECTION('',(1.0,0.0,0.0));
#19904=DIRECTION('',(0.0,-1.0,0.0));
#19905=DIRECTION('',(1.0,0.0,0.0));
#19906=DIRECTION('',(0.0,-1.0,0.0));
#19907=DIRECTION('',(-1.0,0.0,0.0));
#19908=DIRECTION('',(0.0,-1.0,0.0));
#19909=DIRECTION('',(-1.0,0.0,0.0));
#19910=DIRECTION('',(0.0,-1.0,0.0));
#19911=DIRECTION('',(-1.0,0.0,0.0));
#19912=DIRECTION('',(0.0,1.0,0.0));
#19913=DIRECTION('',(1.0,0.0,0.0));
#19914=DIRECTION('',(-1.0,0.0,0.0));
#19915=DIRECTION('',(0.0,1.0,0.0));
#19916=DIRECTION('',(1.0,0.0,0.0));
#19917=DIRECTION('',(0.0,-1.0,0.0));
#19918=CARTESIAN_POINT('',(23.6135944285316,173.333827901962,5.02));
#19919=DIRECTION('',(0.0,0.0,-1.0));
#19920=DIRECTION('',(1.0,5.3002047195605E-13,0.0));
#19921=DIRECTION('',(0.894967311509127,-0.446131719708569,0.0));
#19922=CARTESIAN_POINT('',(28.7993304869076,170.748793436539,5.02));
#19923=DIRECTION('',(0.0,0.0,-1.0));
#19924=DIRECTION('',(1.0,5.3002047195605E-13,0.0));
#19925=DIRECTION('',(0.267826945233518,-0.963467034935229,0.0));
#19926=CARTESIAN_POINT('',(29.1079752527071,169.638490449309,5.02));
#19927=DIRECTION('',(0.0,0.0,1.0));
#19928=DIRECTION('',(-1.0,-5.3002047195605E-13,0.0));
#19929=DIRECTION('',(-2.65010235978025E-13,1.0,0.0));
#19930=CARTESIAN_POINT('',(29.1079752527135,146.700000000001,5.02));
#19931=DIRECTION('',(0.0,0.0,1.0));
#19932=DIRECTION('',(-1.0,-5.3002047195605E-13,0.0));
#19933=DIRECTION('',(-1.0,-2.64512708598225E-13,0.0));
#19934=CARTESIAN_POINT('',(14.6283326145245,146.700000000001,5.02));
#19935=DIRECTION('',(0.0,0.0,-1.0));
#19936=DIRECTION('',(1.0,-5.3002047195605E-13,0.0));
#19937=DIRECTION('',(2.65010235978025E-13,1.0,0.0));
#19938=CARTESIAN_POINT('',(14.6283326145306,169.638490449309,5.02));
#19939=DIRECTION('',(0.0,0.0,-1.0));
#19940=DIRECTION('',(1.0,-5.3002047195605E-13,0.0));
#19941=DIRECTION('',(-0.267826945233518,-0.963467034935229,0.0));
#19942=CARTESIAN_POINT('',(14.9369773803303,170.748793436539,5.02));
#19943=DIRECTION('',(0.0,0.0,1.0));
#19944=DIRECTION('',(-1.0,5.3002047195605E-13,0.0));
#19945=DIRECTION('',(-0.894967311509127,-0.446131719708569,0.0));
#19946=CARTESIAN_POINT('',(20.1227134387064,173.333827901962,5.02));
#19947=DIRECTION('',(0.0,0.0,1.0));
#19948=DIRECTION('',(-1.0,5.3002047195605E-13,0.0));
#19949=DIRECTION('',(-1.0,-2.65010235978025E-13,0.0));
#19950=CARTESIAN_POINT('',(50.1488188473592,180.20003,5.02));
#19951=DIRECTION('',(0.0,0.0,-1.0));
#19952=DIRECTION('',(1.0,0.0,0.0));
#19953=DIRECTION('',(-0.04165137757124,-0.999132204838988,0.0));
#19954=CARTESIAN_POINT('',(49.5034791699792,173.770030344872,5.02));
#19955=DIRECTION('',(0.0,0.0,1.0));
#19956=DIRECTION('',(-1.0,0.0,0.0));
#19957=DIRECTION('',(0.894967311509127,0.446131719708568,0.0));
#19958=CARTESIAN_POINT('',(39.2000000000002,172.300030344872,5.02));
#19959=DIRECTION('',(0.0,0.0,-1.0));
#19960=DIRECTION('',(-1.0,0.0,0.0));
#19961=DIRECTION('',(-0.894967311509127,0.446131719708568,0.0));
#19962=CARTESIAN_POINT('',(28.8965208300211,173.770030344872,5.02));
#19963=DIRECTION('',(0.0,0.0,-1.0));
#19964=DIRECTION('',(1.0,0.0,0.0));
#19965=DIRECTION('',(0.04165137757124,-0.999132204838988,0.0));
#19966=CARTESIAN_POINT('',(28.2511811526411,180.20003,5.02));
#19967=DIRECTION('',(0.0,0.0,1.0));
#19968=DIRECTION('',(-1.0,0.0,0.0));
#19969=DIRECTION('',(-1.0,0.0,0.0));
#19970=DIRECTION('',(0.0,1.0,0.0));
#19971=DIRECTION('',(1.0,0.0,0.0));
#19972=DIRECTION('',(0.0,-1.0,0.0));
#19973=DIRECTION('',(1.0,0.0,0.0));
#19974=DIRECTION('',(0.0,-1.0,0.0));
#19975=DIRECTION('',(-1.0,0.0,0.0));
#19976=DIRECTION('',(0.0,-1.0,0.0));
#19977=DIRECTION('',(-1.0,0.0,0.0));
#19978=DIRECTION('',(0.0,1.0,0.0));
#19979=DIRECTION('',(-1.0,0.0,0.0));
#19980=DIRECTION('',(0.0,1.0,0.0));
#19981=DIRECTION('',(1.0,0.0,0.0));
#19982=DIRECTION('',(0.0,1.0,0.0));
#19983=DIRECTION('',(1.0,0.0,0.0));
#19984=DIRECTION('',(0.0,1.0,0.0));
#19985=DIRECTION('',(1.0,0.0,0.0));
#19986=DIRECTION('',(0.0,-1.0,0.0));
#19987=DIRECTION('',(1.0,0.0,0.0));
#19988=DIRECTION('',(0.0,-1.0,0.0));
#19989=DIRECTION('',(-1.0,0.0,0.0));
#19990=DIRECTION('',(0.0,-1.0,0.0));
#19991=DIRECTION('',(-1.0,0.0,0.0));
#19992=DIRECTION('',(0.0,1.0,0.0));
#19993=DIRECTION('',(-1.0,0.0,0.0));
#19994=DIRECTION('',(1.0,0.0,0.0));
#19995=DIRECTION('',(0.0,-1.0,0.0));
#19996=DIRECTION('',(-1.0,0.0,0.0));
#19997=DIRECTION('',(0.0,-1.0,0.0));
#19998=DIRECTION('',(-1.0,0.0,0.0));
#19999=DIRECTION('',(0.0,1.0,0.0));
#20000=DIRECTION('',(-1.0,0.0,0.0));
#20001=DIRECTION('',(0.0,1.0,0.0));
#20002=DIRECTION('',(1.0,0.0,0.0));
#20003=DIRECTION('',(0.0,1.0,0.0));
#20004=DIRECTION('',(1.0,0.0,0.0));
#20005=DIRECTION('',(0.0,-1.0,0.0));
#20006=DIRECTION('',(0.0,1.0,0.0));
#20007=DIRECTION('',(1.0,0.0,0.0));
#20008=DIRECTION('',(0.0,-1.0,0.0));
#20009=DIRECTION('',(-1.0,0.0,0.0));
#20010=DIRECTION('',(-1.0,0.0,0.0));
#20011=DIRECTION('',(0.0,-1.0,0.0));
#20012=DIRECTION('',(-1.0,0.0,0.0));
#20013=DIRECTION('',(0.0,1.0,0.0));
#20014=DIRECTION('',(-1.0,0.0,0.0));
#20015=DIRECTION('',(0.0,1.0,0.0));
#20016=DIRECTION('',(1.0,0.0,0.0));
#20017=DIRECTION('',(0.0,1.0,0.0));
#20018=DIRECTION('',(1.0,0.0,0.0));
#20019=DIRECTION('',(0.0,-1.0,0.0));
#20020=DIRECTION('',(1.0,0.0,0.0));
#20021=DIRECTION('',(0.0,-1.0,0.0));
#20022=DIRECTION('',(0.0,-1.0,0.0));
#20023=DIRECTION('',(-1.0,0.0,0.0));
#20024=DIRECTION('',(0.0,1.0,0.0));
#20025=DIRECTION('',(-1.0,0.0,0.0));
#20026=DIRECTION('',(0.0,1.0,0.0));
#20027=DIRECTION('',(1.0,0.0,0.0));
#20028=DIRECTION('',(0.0,1.0,0.0));
#20029=DIRECTION('',(1.0,0.0,0.0));
#20030=DIRECTION('',(0.0,-1.0,0.0));
#20031=DIRECTION('',(1.0,0.0,0.0));
#20032=DIRECTION('',(0.0,-1.0,0.0));
#20033=DIRECTION('',(-1.0,0.0,0.0));
#20034=DIRECTION('',(-1.0,0.0,0.0));
#20035=DIRECTION('',(0.0,1.0,0.0));
#20036=DIRECTION('',(-1.0,0.0,0.0));
#20037=DIRECTION('',(0.0,1.0,0.0));
#20038=DIRECTION('',(1.0,0.0,0.0));
#20039=DIRECTION('',(0.0,1.0,0.0));
#20040=DIRECTION('',(1.0,0.0,0.0));
#20041=DIRECTION('',(0.0,-1.0,0.0));
#20042=DIRECTION('',(1.0,0.0,0.0));
#20043=DIRECTION('',(0.0,-1.0,0.0));
#20044=DIRECTION('',(-1.0,0.0,0.0));
#20045=DIRECTION('',(0.0,-1.0,0.0));
#20046=DIRECTION('',(-0.707106781186532,-0.707106781186563,0.0));
#20047=DIRECTION('',(0.0,-1.0,0.0));
#20048=DIRECTION('',(-1.0,0.0,0.0));
#20049=DIRECTION('',(0.0,1.0,0.0));
#20050=DIRECTION('',(1.0,0.0,0.0));
#20051=DIRECTION('',(1.0,0.0,0.0));
#20052=DIRECTION('',(0.0,-1.0,0.0));
#20053=DIRECTION('',(-1.0,0.0,0.0));
#20054=DIRECTION('',(0.0,1.0,0.0));
#20055=DIRECTION('',(0.0,-1.0,0.0));
#20056=DIRECTION('',(-1.0,0.0,0.0));
#20057=DIRECTION('',(0.0,1.0,0.0));
#20058=DIRECTION('',(1.0,0.0,0.0));
#20059=DIRECTION('',(0.0,1.0,0.0));
#20060=DIRECTION('',(1.0,0.0,0.0));
#20061=DIRECTION('',(0.0,-1.0,0.0));
#20062=DIRECTION('',(-1.0,0.0,0.0));
#20063=DIRECTION('',(0.0,-1.0,0.0));
#20064=DIRECTION('',(-1.0,0.0,0.0));
#20065=DIRECTION('',(0.0,1.0,0.0));
#20066=DIRECTION('',(1.0,0.0,0.0));
#20067=DIRECTION('',(0.0,0.0,1.0));
#20068=DIRECTION('',(1.0,0.0,0.0));
#20069=DIRECTION('',(0.0,0.0,1.0));
#20070=DIRECTION('',(0.0,0.0,1.0));
#20071=DIRECTION('',(-1.0,0.0,0.0));
#20072=DIRECTION('',(0.0,0.0,1.0));
#20073=DIRECTION('',(0.0,0.0,1.0));
#20074=DIRECTION('',(-1.0,0.0,0.0));
#20075=DIRECTION('',(0.0,0.0,1.0));
#20076=DIRECTION('',(0.0,0.0,1.0));
#20077=DIRECTION('',(1.0,0.0,0.0));
#20078=DIRECTION('',(0.0,0.0,1.0));
#20079=DIRECTION('',(0.0,-1.0,0.0));
#20080=DIRECTION('',(1.0,0.0,0.0));
#20081=DIRECTION('',(0.0,1.0,0.0));
#20082=DIRECTION('',(0.0,1.0,0.0));
#20083=DIRECTION('',(0.0,1.0,0.0));
#20084=DIRECTION('',(-1.0,0.0,0.0));
#20085=DIRECTION('',(0.0,-1.0,0.0));
#20086=DIRECTION('',(0.0,-1.0,0.0));
#20087=DIRECTION('',(0.0,0.0,1.0));
#20088=DIRECTION('',(0.0,0.0,1.0));
#20089=DIRECTION('',(0.0,0.0,1.0));
#20090=DIRECTION('',(0.0,0.0,1.0));
#20091=DIRECTION('',(1.0,0.0,0.0));
#20092=DIRECTION('',(0.0,1.0,0.0));
#20093=DIRECTION('',(-1.0,0.0,0.0));
#20094=DIRECTION('',(0.0,-1.0,0.0));
#20095=DIRECTION('',(0.0,0.0,1.0));
#20096=DIRECTION('',(0.0,0.0,1.0));
#20097=DIRECTION('',(0.0,0.0,1.0));
#20098=DIRECTION('',(0.0,0.0,1.0));
#20099=DIRECTION('',(1.0,0.0,0.0));
#20100=DIRECTION('',(0.0,1.0,0.0));
#20101=DIRECTION('',(-1.0,0.0,0.0));
#20102=DIRECTION('',(0.0,-1.0,0.0));
#20103=DIRECTION('',(0.0,0.0,1.0));
#20104=DIRECTION('',(0.0,0.0,1.0));
#20105=DIRECTION('',(0.0,0.0,1.0));
#20106=DIRECTION('',(0.0,0.0,1.0));
#20107=DIRECTION('',(0.0,0.0,1.0));
#20108=DIRECTION('',(0.894967311509127,-0.446131719708569,0.0));
#20109=DIRECTION('',(0.0,0.0,1.0));
#20110=CARTESIAN_POINT('',(28.7993304869076,170.748793436539,6.9));
#20111=DIRECTION('',(0.0,0.0,-1.0));
#20112=DIRECTION('',(1.0,5.3002047195605E-13,0.0));
#20113=DIRECTION('',(0.0,0.0,1.0));
#20114=DIRECTION('',(0.267826945233518,-0.963467034935229,0.0));
#20115=DIRECTION('',(0.0,0.0,-1.0));
#20116=CARTESIAN_POINT('',(29.1079752527071,169.638490449309,6.9));
#20117=DIRECTION('',(0.0,0.0,1.0));
#20118=DIRECTION('',(-1.0,-5.3002047195605E-13,0.0));
#20119=DIRECTION('',(0.0,0.0,-1.0));
#20120=DIRECTION('',(0.0,0.0,1.0));
#20121=DIRECTION('',(2.65010235978025E-13,-1.0,0.0));
#20122=DIRECTION('',(1.0,2.65010235978025E-13,0.0));
#20123=CARTESIAN_POINT('',(20.1227134387064,173.333827901962,6.9));
#20124=DIRECTION('',(0.0,0.0,1.0));
#20125=DIRECTION('',(-1.0,5.3002047195605E-13,0.0));
#20126=DIRECTION('',(-0.894967311509127,-0.446131719708569,0.0));
#20127=CARTESIAN_POINT('',(14.9369773803303,170.748793436539,6.9));
#20128=DIRECTION('',(0.0,0.0,1.0));
#20129=DIRECTION('',(-1.0,5.3002047195605E-13,0.0));
#20130=DIRECTION('',(-0.267826945233518,-0.963467034935229,0.0));
#20131=CARTESIAN_POINT('',(14.6283326145306,169.638490449309,6.9));
#20132=DIRECTION('',(0.0,0.0,-1.0));
#20133=DIRECTION('',(1.0,-5.3002047195605E-13,0.0));
#20134=DIRECTION('',(-2.65010235978025E-13,-1.0,0.0));
#20135=CARTESIAN_POINT('',(14.6283326145245,146.700000000001,6.9));
#20136=DIRECTION('',(0.0,0.0,-1.0));
#20137=DIRECTION('',(1.0,-5.3002047195605E-13,0.0));
#20138=DIRECTION('',(1.0,2.64512708598225E-13,0.0));
#20139=CARTESIAN_POINT('',(29.1079752527135,146.700000000001,6.9));
#20140=DIRECTION('',(0.0,0.0,1.0));
#20141=DIRECTION('',(-1.0,-5.3002047195605E-13,0.0));
#20142=CARTESIAN_POINT('',(23.6135944285316,173.333827901962,6.9));
#20143=DIRECTION('',(0.0,0.0,-1.0));
#20144=DIRECTION('',(1.0,5.3002047195605E-13,0.0));
#20145=DIRECTION('',(0.0,0.0,1.0));
#20146=DIRECTION('',(0.0,0.0,1.0));
#20147=DIRECTION('',(0.0,0.0,1.0));
#20148=DIRECTION('',(0.0,0.0,1.0));
#20149=DIRECTION('',(0.0,0.0,-1.0));
#20150=DIRECTION('',(0.0,0.0,-1.0));
#20151=DIRECTION('',(0.0,0.0,1.0));
#20152=DIRECTION('',(0.0,0.0,1.0));
#20153=DIRECTION('',(0.0,0.0,1.0));
#20154=DIRECTION('',(0.0,0.0,1.0));
#20155=DIRECTION('',(0.0,-1.0,0.0));
#20156=CARTESIAN_POINT('',(49.5034791699792,173.770030344872,5.26));
#20157=DIRECTION('',(0.0,0.0,1.0));
#20158=DIRECTION('',(-1.0,0.0,0.0));
#20159=DIRECTION('',(0.04165137757124,0.999132204838988,0.0));
#20160=CARTESIAN_POINT('',(50.1488188473592,180.20003,5.26));
#20161=DIRECTION('',(0.0,0.0,-1.0));
#20162=DIRECTION('',(1.0,0.0,0.0));
#20163=DIRECTION('',(0.0,0.0,1.0));
#20164=DIRECTION('',(0.0,0.0,-1.0));
#20165=DIRECTION('',(0.0,0.0,-1.0));
#20166=DIRECTION('',(0.0,0.0,1.0));
#20167=DIRECTION('',(-0.666890233347648,-0.332437713460779,0.666890233347654));
#20168=DIRECTION('',(-0.894967311509127,-0.446131719708568,0.0));
#20169=DIRECTION('',(0.0,0.0,-1.0));
#20170=CARTESIAN_POINT('',(50.2473667866997,173.170289957016,5.76));
#20171=DIRECTION('',(0.446131719708568,-0.894967311509127,0.0));
#20172=DIRECTION('',(0.894967311509127,0.446131719708568,0.0));
#20173=CARTESIAN_POINT('',(39.2000000000002,172.300030344872,6.9));
#20174=DIRECTION('',(0.0,0.0,-1.0));
#20175=DIRECTION('',(-1.0,0.0,0.0));
#20176=DIRECTION('',(0.0,0.0,-1.0));
#20177=DIRECTION('',(-1.0,0.0,0.0));
#20178=DIRECTION('',(0.0,-1.0,0.0));
#20179=DIRECTION('',(0.894967311509127,-0.446131719708568,0.0));
#20180=DIRECTION('',(0.0,-1.0,0.0));
#20181=DIRECTION('',(0.0,-1.0,0.0));
#20182=DIRECTION('',(-0.577350269189622,-0.577350269189628,0.577350269189627));
#20183=DIRECTION('',(-1.0,0.0,0.0));
#20184=DIRECTION('',(0.577350269189622,-0.577350269189628,0.577350269189627));
#20185=DIRECTION('',(0.0,-1.0,0.0));
#20186=DIRECTION('',(0.0,0.0,1.0));
#20187=DIRECTION('',(0.0,-1.0,0.0));
#20188=DIRECTION('',(0.0,0.0,1.0));
#20189=DIRECTION('',(0.666890233347648,-0.332437713460779,0.666890233347654));
#20190=CARTESIAN_POINT('',(28.1526330000003,173.170290063343,5.76));
#20191=DIRECTION('',(0.446131719708568,0.894967311509127,0.0));
#20192=DIRECTION('',(-0.894967311509127,0.446131719708568,0.0));
#20193=DIRECTION('',(0.0,0.0,-1.0));
#20194=CARTESIAN_POINT('',(28.8965208300211,173.770030344872,5.26));
#20195=DIRECTION('',(0.0,0.0,-1.0));
#20196=DIRECTION('',(1.0,0.0,0.0));
#20197=DIRECTION('',(0.0,0.0,-1.0));
#20198=DIRECTION('',(0.04165137757124,-0.999132204838988,0.0));
#20199=CARTESIAN_POINT('',(28.1526330000003,180.70003,5.76));
#20200=DIRECTION('',(-0.0,1.0,0.0));
#20201=DIRECTION('',(1.0,0.0,0.0));
#20202=DIRECTION('',(0.0,-1.0,0.0));
#20203=DIRECTION('',(0.0,0.0,-1.0));
#20204=CARTESIAN_POINT('',(50.2473667866997,180.70003,5.76));
#20205=DIRECTION('',(-0.0,1.0,0.0));
#20206=DIRECTION('',(1.0,0.0,0.0));
#20207=DIRECTION('',(0.0,0.0,1.0));
#20208=DIRECTION('',(0.0,-1.0,0.0));
#20209=CARTESIAN_POINT('',(28.2511811526411,180.20003,5.26));
#20210=DIRECTION('',(0.0,0.0,1.0));
#20211=DIRECTION('',(-1.0,0.0,0.0));
#20212=DIRECTION('',(0.0,1.0,0.0));
#20213=DIRECTION('',(-1.0,0.0,0.0));
#20214=DIRECTION('',(0.0,1.0,0.0));
#20215=DIRECTION('',(-1.0,0.0,0.0));
#20216=DIRECTION('',(0.0,-1.0,0.0));
#20217=DIRECTION('',(-1.0,0.0,0.0));
#20218=DIRECTION('',(0.0,-1.0,0.0));
#20219=DIRECTION('',(1.0,0.0,0.0));
#20220=DIRECTION('',(0.0,-1.0,0.0));
#20221=DIRECTION('',(1.0,0.0,0.0));
#20222=DIRECTION('',(0.0,1.0,0.0));
#20223=DIRECTION('',(1.0,0.0,0.0));
#20224=DIRECTION('',(0.0,0.0,1.0));
#20225=DIRECTION('',(0.0,0.0,1.0));
#20226=DIRECTION('',(0.0,0.0,1.0));
#20227=DIRECTION('',(0.0,0.0,1.0));
#20228=DIRECTION('',(0.0,0.0,1.0));
#20229=DIRECTION('',(0.0,0.0,1.0));
#20230=DIRECTION('',(0.0,0.0,1.0));
#20231=DIRECTION('',(0.0,0.0,1.0));
#20232=DIRECTION('',(0.0,0.0,1.0));
#20233=DIRECTION('',(0.0,0.0,1.0));
#20234=DIRECTION('',(0.0,0.0,1.0));
#20235=DIRECTION('',(0.0,0.0,1.0));
#20236=DIRECTION('',(1.0,0.0,0.0));
#20237=DIRECTION('',(0.0,1.0,0.0));
#20238=DIRECTION('',(1.0,0.0,0.0));
#20239=DIRECTION('',(0.0,1.0,0.0));
#20240=DIRECTION('',(-1.0,0.0,0.0));
#20241=DIRECTION('',(0.0,1.0,0.0));
#20242=DIRECTION('',(-1.0,0.0,0.0));
#20243=DIRECTION('',(0.0,-1.0,0.0));
#20244=DIRECTION('',(-1.0,0.0,0.0));
#20245=DIRECTION('',(0.0,-1.0,0.0));
#20246=DIRECTION('',(1.0,0.0,0.0));
#20247=DIRECTION('',(0.0,-1.0,0.0));
#20248=DIRECTION('',(0.0,0.0,1.0));
#20249=DIRECTION('',(0.0,0.0,1.0));
#20250=DIRECTION('',(0.0,0.0,1.0));
#20251=DIRECTION('',(0.0,0.0,1.0));
#20252=DIRECTION('',(0.0,0.0,1.0));
#20253=DIRECTION('',(0.0,0.0,1.0));
#20254=DIRECTION('',(0.0,0.0,1.0));
#20255=DIRECTION('',(0.0,0.0,1.0));
#20256=DIRECTION('',(0.0,0.0,1.0));
#20257=DIRECTION('',(0.0,0.0,1.0));
#20258=DIRECTION('',(0.0,0.0,1.0));
#20259=DIRECTION('',(0.0,0.0,1.0));
#20260=DIRECTION('',(1.0,0.0,0.0));
#20261=DIRECTION('',(0.0,1.0,0.0));
#20262=DIRECTION('',(1.0,0.0,0.0));
#20263=DIRECTION('',(0.0,1.0,0.0));
#20264=DIRECTION('',(-1.0,0.0,0.0));
#20265=DIRECTION('',(0.0,1.0,0.0));
#20266=DIRECTION('',(-1.0,0.0,0.0));
#20267=DIRECTION('',(0.0,-1.0,0.0));
#20268=DIRECTION('',(-1.0,0.0,0.0));
#20269=DIRECTION('',(0.0,-1.0,0.0));
#20270=DIRECTION('',(1.0,0.0,0.0));
#20271=DIRECTION('',(0.0,-1.0,0.0));
#20272=DIRECTION('',(0.0,0.0,1.0));
#20273=DIRECTION('',(0.0,0.0,1.0));
#20274=DIRECTION('',(0.0,0.0,1.0));
#20275=DIRECTION('',(0.0,0.0,1.0));
#20276=DIRECTION('',(0.0,0.0,1.0));
#20277=DIRECTION('',(0.0,0.0,1.0));
#20278=DIRECTION('',(0.0,0.0,1.0));
#20279=DIRECTION('',(0.0,0.0,1.0));
#20280=DIRECTION('',(0.0,0.0,1.0));
#20281=DIRECTION('',(0.0,0.0,1.0));
#20282=DIRECTION('',(0.0,0.0,1.0));
#20283=DIRECTION('',(0.0,0.0,1.0));
#20284=DIRECTION('',(0.0,1.0,0.0));
#20285=DIRECTION('',(-1.0,0.0,0.0));
#20286=DIRECTION('',(0.0,-1.0,0.0));
#20287=DIRECTION('',(1.0,0.0,0.0));
#20288=DIRECTION('',(0.0,0.0,1.0));
#20289=DIRECTION('',(0.0,0.0,1.0));
#20290=DIRECTION('',(0.0,0.0,1.0));
#20291=DIRECTION('',(0.0,0.0,1.0));
#20292=DIRECTION('',(1.0,0.0,0.0));
#20293=DIRECTION('',(0.0,1.0,0.0));
#20294=DIRECTION('',(1.0,0.0,0.0));
#20295=DIRECTION('',(0.0,1.0,0.0));
#20296=DIRECTION('',(-1.0,0.0,0.0));
#20297=DIRECTION('',(0.0,1.0,0.0));
#20298=DIRECTION('',(-1.0,0.0,0.0));
#20299=DIRECTION('',(0.0,-1.0,0.0));
#20300=DIRECTION('',(-1.0,0.0,0.0));
#20301=DIRECTION('',(0.0,-1.0,0.0));
#20302=DIRECTION('',(1.0,0.0,0.0));
#20303=DIRECTION('',(0.0,-1.0,0.0));
#20304=DIRECTION('',(0.0,0.0,1.0));
#20305=DIRECTION('',(0.0,0.0,1.0));
#20306=DIRECTION('',(0.0,0.0,1.0));
#20307=DIRECTION('',(0.0,0.0,1.0));
#20308=DIRECTION('',(0.0,0.0,1.0));
#20309=DIRECTION('',(0.0,0.0,1.0));
#20310=DIRECTION('',(0.0,0.0,1.0));
#20311=DIRECTION('',(0.0,0.0,1.0));
#20312=DIRECTION('',(0.0,0.0,1.0));
#20313=DIRECTION('',(0.0,0.0,1.0));
#20314=DIRECTION('',(0.0,0.0,1.0));
#20315=DIRECTION('',(0.0,0.0,1.0));
#20316=DIRECTION('',(1.0,0.0,0.0));
#20317=DIRECTION('',(0.0,1.0,0.0));
#20318=DIRECTION('',(1.0,0.0,0.0));
#20319=DIRECTION('',(0.0,1.0,0.0));
#20320=DIRECTION('',(-1.0,0.0,0.0));
#20321=DIRECTION('',(0.0,1.0,0.0));
#20322=DIRECTION('',(-1.0,0.0,0.0));
#20323=DIRECTION('',(0.0,-1.0,0.0));
#20324=DIRECTION('',(-1.0,0.0,0.0));
#20325=DIRECTION('',(0.0,-1.0,0.0));
#20326=DIRECTION('',(1.0,0.0,0.0));
#20327=DIRECTION('',(0.0,-1.0,0.0));
#20328=DIRECTION('',(0.0,0.0,1.0));
#20329=DIRECTION('',(0.0,0.0,1.0));
#20330=DIRECTION('',(0.0,0.0,1.0));
#20331=DIRECTION('',(0.0,0.0,1.0));
#20332=DIRECTION('',(0.0,0.0,1.0));
#20333=DIRECTION('',(0.0,0.0,1.0));
#20334=DIRECTION('',(0.0,0.0,1.0));
#20335=DIRECTION('',(0.0,0.0,1.0));
#20336=DIRECTION('',(0.0,0.0,1.0));
#20337=DIRECTION('',(0.0,0.0,1.0));
#20338=DIRECTION('',(0.0,0.0,1.0));
#20339=DIRECTION('',(0.0,0.0,1.0));
#20340=DIRECTION('',(0.0,0.0,1.0));
#20341=DIRECTION('',(0.0,-1.0,0.0));
#20342=DIRECTION('',(0.0,0.0,1.0));
#20343=DIRECTION('',(0.0,0.0,1.0));
#20344=DIRECTION('',(0.0,-1.0,0.0));
#20345=DIRECTION('',(0.0,0.0,1.0));
#20346=DIRECTION('',(0.0,0.0,1.0));
#20347=DIRECTION('',(-1.0,0.0,0.0));
#20348=DIRECTION('',(0.0,0.0,1.0));
#20349=DIRECTION('',(0.0,0.0,1.0));
#20350=DIRECTION('',(0.0,1.0,0.0));
#20351=DIRECTION('',(0.0,0.0,1.0));
#20352=DIRECTION('',(0.0,1.0,0.0));
#20353=DIRECTION('',(-1.0,0.0,0.0));
#20354=DIRECTION('',(-1.0,0.0,0.0));
#20355=DIRECTION('',(0.0,-1.0,0.0));
#20356=DIRECTION('',(1.0,0.0,0.0));
#20357=DIRECTION('',(1.0,0.0,0.0));
#20358=DIRECTION('',(0.707106781186532,0.707106781186563,0.0));
#20359=DIRECTION('',(1.0,0.0,0.0));
#20360=DIRECTION('',(0.0,1.0,0.0));
#20361=DIRECTION('',(0.0,0.0,1.0));
#20362=DIRECTION('',(0.0,0.0,1.0));
#20363=DIRECTION('',(0.0,0.0,1.0));
#20364=DIRECTION('',(0.0,0.0,1.0));
#20365=DIRECTION('',(0.0,0.0,1.0));
#20366=DIRECTION('',(0.0,1.0,0.0));
#20367=DIRECTION('',(-1.0,0.0,0.0));
#20368=DIRECTION('',(0.0,-1.0,0.0));
#20369=DIRECTION('',(1.0,0.0,0.0));
#20370=DIRECTION('',(0.0,0.0,1.0));
#20371=DIRECTION('',(0.0,0.0,1.0));
#20372=DIRECTION('',(0.0,0.0,1.0));
#20373=DIRECTION('',(0.0,0.0,1.0));
#20374=DIRECTION('',(-1.0,0.0,0.0));
#20375=DIRECTION('',(0.0,-1.0,0.0));
#20376=DIRECTION('',(1.0,0.0,0.0));
#20377=DIRECTION('',(0.0,1.0,0.0));
#20378=DIRECTION('',(0.0,0.0,1.0));
#20379=DIRECTION('',(0.0,0.0,1.0));
#20380=DIRECTION('',(0.0,0.0,1.0));
#20381=DIRECTION('',(0.0,0.0,1.0));
#20382=DIRECTION('',(0.0,1.0,0.0));
#20383=DIRECTION('',(-1.0,0.0,0.0));
#20384=DIRECTION('',(0.0,-1.0,0.0));
#20385=DIRECTION('',(1.0,0.0,0.0));
#20386=DIRECTION('',(0.0,0.0,1.0));
#20387=DIRECTION('',(0.0,0.0,1.0));
#20388=DIRECTION('',(0.0,0.0,1.0));
#20389=DIRECTION('',(0.0,0.0,1.0));
#20390=DIRECTION('',(0.0,-1.0,0.0));
#20391=DIRECTION('',(1.0,0.0,0.0));
#20392=DIRECTION('',(0.0,1.0,0.0));
#20393=DIRECTION('',(-1.0,0.0,0.0));
#20394=DIRECTION('',(0.0,0.0,1.0));
#20395=DIRECTION('',(0.0,0.0,1.0));
#20396=DIRECTION('',(0.0,0.0,1.0));
#20397=DIRECTION('',(0.0,0.0,1.0));
#20398=DIRECTION('',(0.0,-1.0,0.0));
#20399=DIRECTION('',(1.0,0.0,0.0));
#20400=DIRECTION('',(0.0,1.0,0.0));
#20401=DIRECTION('',(-1.0,0.0,0.0));
#20402=DIRECTION('',(0.0,0.0,1.0));
#20403=DIRECTION('',(0.0,0.0,1.0));
#20404=DIRECTION('',(0.0,0.0,1.0));
#20405=DIRECTION('',(0.0,0.0,1.0));
#20406=DIRECTION('',(-0.0,0.0,-1.0));
#20407=CARTESIAN_POINT('',(28.2511811526411,180.20003,-1.3));
#20408=DIRECTION('',(0.0,0.0,1.0));
#20409=DIRECTION('',(-1.0,0.0,0.0));
#20410=DIRECTION('',(0.0,0.0,-1.0));
#20411=CARTESIAN_POINT('',(28.2511811526411,180.20003,-2.06));
#20412=DIRECTION('',(0.0,0.0,1.0));
#20413=DIRECTION('',(-1.0,0.0,0.0));
#20414=DIRECTION('',(0.0,-0.0,-1.0));
#20415=CARTESIAN_POINT('',(50.1488188473592,180.20003,-1.3));
#20416=DIRECTION('',(0.0,0.0,-1.0));
#20417=DIRECTION('',(1.0,0.0,0.0));
#20418=DIRECTION('',(0.0,0.0,-1.0));
#20419=CARTESIAN_POINT('',(50.1488188473592,180.20003,-2.06));
#20420=DIRECTION('',(0.0,0.0,-1.0));
#20421=DIRECTION('',(1.0,0.0,0.0));
#20422=DIRECTION('',(-9.70686797486476E-17,1.0,0.0));
#20423=DIRECTION('',(0.0,0.0,-1.0));
#20424=DIRECTION('',(-9.70686797486476E-17,1.0,0.0));
#20425=DIRECTION('',(0.0,0.0,-1.0));
#20426=DIRECTION('',(1.0,0.0,0.0));
#20427=DIRECTION('',(0.0,0.0,-1.0));
#20428=DIRECTION('',(1.0,0.0,0.0));
#20429=DIRECTION('',(9.70686797486476E-17,-1.0,-0.0));
#20430=DIRECTION('',(0.0,0.0,-1.0));
#20431=DIRECTION('',(9.70686797486476E-17,-1.0,-0.0));
#20432=DIRECTION('',(-1.0,0.0,0.0));
#20433=DIRECTION('',(-1.0,0.0,0.0));
#20434=DIRECTION('',(-1.0,0.0,0.0));
#20435=DIRECTION('',(0.0,-1.0,-0.0));
#20436=DIRECTION('',(1.0,0.0,-0.0));
#20437=DIRECTION('',(0.0,1.0,0.0));
#20438=DIRECTION('',(0.0,1.0,0.0));
#20439=DIRECTION('',(-1.0,0.0,0.0));
#20440=DIRECTION('',(0.0,-1.0,-0.0));
#20441=DIRECTION('',(1.0,0.0,-0.0));
#20442=CARTESIAN_POINT('',(3.56,170.035,-1.3));
#20443=DIRECTION('',(0.0,0.0,1.0));
#20444=DIRECTION('',(1.0,0.0,0.0));
#20445=CARTESIAN_POINT('',(3.56,170.035,-1.3));
#20446=DIRECTION('',(0.0,0.0,1.0));
#20447=DIRECTION('',(1.0,0.0,0.0));
#20448=DIRECTION('',(0.0,-1.0,-0.0));
#20449=DIRECTION('',(-1.0,0.0,0.0));
#20450=DIRECTION('',(0.0,-1.0,-0.0));
#20451=DIRECTION('',(1.0,0.0,-0.0));
#20452=DIRECTION('',(0.0,-1.0,-0.0));
#20453=DIRECTION('',(1.0,0.0,-0.0));
#20454=DIRECTION('',(0.0,1.0,0.0));
#20455=DIRECTION('',(1.0,0.0,-0.0));
#20456=DIRECTION('',(0.0,1.0,0.0));
#20457=DIRECTION('',(-1.0,0.0,0.0));
#20458=DIRECTION('',(0.0,1.0,0.0));
#20459=DIRECTION('',(-1.0,0.0,0.0));
#20460=DIRECTION('',(-1.0,0.0,0.0));
#20461=DIRECTION('',(0.0,-1.0,-0.0));
#20462=DIRECTION('',(1.0,0.0,-0.0));
#20463=DIRECTION('',(0.0,1.0,0.0));
#20464=DIRECTION('',(1.0,0.0,-0.0));
#20465=DIRECTION('',(0.0,1.0,0.0));
#20466=DIRECTION('',(-1.0,0.0,0.0));
#20467=DIRECTION('',(0.0,-1.0,-0.0));
#20468=CARTESIAN_POINT('',(28.7993304868967,170.748793436543,-1.3));
#20469=DIRECTION('',(0.0,0.0,-1.0));
#20470=DIRECTION('',(1.0,1.0590458891525E-12,0.0));
#20471=DIRECTION('',(0.894967311509363,-0.446131719708095,-0.0));
#20472=CARTESIAN_POINT('',(23.6135944285193,173.333827901963,-1.3));
#20473=DIRECTION('',(0.0,0.0,-1.0));
#20474=DIRECTION('',(1.0,1.0590458891525E-12,0.0));
#20475=DIRECTION('',(1.0,2.64015181218426E-13,0.0));
#20476=CARTESIAN_POINT('',(20.1227134386941,173.333827901961,-1.3));
#20477=DIRECTION('',(0.0,0.0,1.0));
#20478=DIRECTION('',(-1.0,9.95054759599331E-16,0.0));
#20479=DIRECTION('',(-0.894967311508891,-0.446131719709042,0.0));
#20480=CARTESIAN_POINT('',(14.9369773803194,170.748793436536,-1.3));
#20481=DIRECTION('',(0.0,0.0,1.0));
#20482=DIRECTION('',(-1.0,9.95054759599331E-16,0.0));
#20483=DIRECTION('',(-0.267826945233008,-0.963467034935371,0.0));
#20484=CARTESIAN_POINT('',(14.6283326145206,169.638490449305,-1.3));
#20485=DIRECTION('',(0.0,0.0,-1.0));
#20486=DIRECTION('',(1.0,-9.95054759599331E-16,0.0));
#20487=DIRECTION('',(-2.64015181218425E-13,1.0,0.0));
#20488=CARTESIAN_POINT('',(14.6283326145262,146.699999999998,-1.3));
#20489=DIRECTION('',(0.0,0.0,-1.0));
#20490=DIRECTION('',(1.0,-9.95054759599331E-16,0.0));
#20491=DIRECTION('',(1.0,2.64512708598225E-13,0.0));
#20492=CARTESIAN_POINT('',(29.1079752527153,146.700000000005,-1.3));
#20493=DIRECTION('',(0.0,0.0,1.0));
#20494=DIRECTION('',(-1.0,-1.0590458891525E-12,0.0));
#20495=DIRECTION('',(-7.94035653174475E-13,1.0,0.0));
#20496=CARTESIAN_POINT('',(29.1079752526971,169.638490449313,-1.3));
#20497=DIRECTION('',(0.0,0.0,1.0));
#20498=DIRECTION('',(-1.0,-1.0590458891525E-12,0.0));
#20499=DIRECTION('',(0.267826945234028,-0.963467034935087,-0.0));
#20500=DIRECTION('',(-1.0,0.0,0.0));
#20501=DIRECTION('',(0.0,-1.0,-0.0));
#20502=DIRECTION('',(-1.0,0.0,0.0));
#20503=CARTESIAN_POINT('',(12.2,165.49,-1.3));
#20504=DIRECTION('',(0.0,0.0,-1.0));
#20505=DIRECTION('',(1.0,0.0,0.0));
#20506=DIRECTION('',(0.0,-1.0,-0.0));
#20507=CARTESIAN_POINT('',(12.2,172.39,-1.3));
#20508=DIRECTION('',(0.0,0.0,-1.0));
#20509=DIRECTION('',(1.0,0.0,0.0));
#20510=DIRECTION('',(1.0,0.0,-0.0));
#20511=DIRECTION('',(0.0,-1.0,-0.0));
#20512=DIRECTION('',(1.0,0.0,-0.0));
#20513=DIRECTION('',(0.0,1.0,0.0));
#20514=DIRECTION('',(1.0,0.0,-0.0));
#20515=CARTESIAN_POINT('',(5.6,172.39,-1.3));
#20516=DIRECTION('',(0.0,0.0,-1.0));
#20517=DIRECTION('',(1.0,0.0,0.0));
#20518=DIRECTION('',(0.0,1.0,0.0));
#20519=CARTESIAN_POINT('',(5.6,165.49,-1.3));
#20520=DIRECTION('',(0.0,0.0,-1.0));
#20521=DIRECTION('',(1.0,0.0,0.0));
#20522=DIRECTION('',(-1.0,0.0,0.0));
#20523=DIRECTION('',(0.0,1.0,0.0));
#20524=DIRECTION('',(0.0,1.0,0.0));
#20525=DIRECTION('',(-1.0,0.0,0.0));
#20526=DIRECTION('',(0.0,1.0,0.0));
#20527=DIRECTION('',(-1.0,0.0,0.0));
#20528=DIRECTION('',(0.0,-1.0,-0.0));
#20529=DIRECTION('',(-1.0,0.0,0.0));
#20530=DIRECTION('',(0.0,-1.0,-0.0));
#20531=DIRECTION('',(1.0,0.0,-0.0));
#20532=DIRECTION('',(0.0,-1.0,-0.0));
#20533=DIRECTION('',(1.0,0.0,-0.0));
#20534=DIRECTION('',(0.0,1.0,0.0));
#20535=DIRECTION('',(1.0,0.0,-0.0));
#20536=DIRECTION('',(0.0,1.0,0.0));
#20537=DIRECTION('',(-1.0,0.0,0.0));
#20538=DIRECTION('',(0.0,1.0,0.0));
#20539=DIRECTION('',(-1.0,0.0,0.0));
#20540=DIRECTION('',(0.0,-1.0,-0.0));
#20541=DIRECTION('',(-1.0,0.0,0.0));
#20542=DIRECTION('',(0.0,-1.0,-0.0));
#20543=DIRECTION('',(1.0,0.0,-0.0));
#20544=DIRECTION('',(0.0,-1.0,-0.0));
#20545=DIRECTION('',(1.0,0.0,-0.0));
#20546=DIRECTION('',(0.0,1.0,0.0));
#20547=DIRECTION('',(1.0,0.0,-0.0));
#20548=DIRECTION('',(-1.0,0.0,0.0));
#20549=DIRECTION('',(0.0,1.0,0.0));
#20550=DIRECTION('',(-1.0,0.0,0.0));
#20551=DIRECTION('',(0.0,-1.0,-0.0));
#20552=DIRECTION('',(-1.0,0.0,0.0));
#20553=DIRECTION('',(0.0,-1.0,-0.0));
#20554=DIRECTION('',(1.0,0.0,-0.0));
#20555=DIRECTION('',(0.0,-1.0,-0.0));
#20556=DIRECTION('',(1.0,0.0,-0.0));
#20557=DIRECTION('',(0.0,1.0,0.0));
#20558=DIRECTION('',(1.0,0.0,-0.0));
#20559=DIRECTION('',(0.0,1.0,0.0));
#20560=DIRECTION('',(0.0,1.0,0.0));
#20561=DIRECTION('',(-1.0,0.0,0.0));
#20562=DIRECTION('',(0.0,-1.0,-0.0));
#20563=DIRECTION('',(-1.0,0.0,0.0));
#20564=DIRECTION('',(0.0,-1.0,-0.0));
#20565=DIRECTION('',(1.0,0.0,-0.0));
#20566=DIRECTION('',(0.0,-1.0,-0.0));
#20567=DIRECTION('',(1.0,0.0,-0.0));
#20568=DIRECTION('',(0.0,1.0,0.0));
#20569=DIRECTION('',(1.0,0.0,-0.0));
#20570=DIRECTION('',(0.0,1.0,0.0));
#20571=DIRECTION('',(-1.0,0.0,0.0));
#20572=CARTESIAN_POINT('',(3.56,154.795,-1.3));
#20573=DIRECTION('',(0.0,0.0,1.0));
#20574=DIRECTION('',(1.0,0.0,0.0));
#20575=CARTESIAN_POINT('',(3.56,154.795,-1.3));
#20576=DIRECTION('',(0.0,0.0,1.0));
#20577=DIRECTION('',(1.0,0.0,0.0));
#20578=CARTESIAN_POINT('',(3.56,162.415,-1.3));
#20579=DIRECTION('',(0.0,0.0,1.0));
#20580=DIRECTION('',(1.0,0.0,0.0));
#20581=CARTESIAN_POINT('',(3.56,162.415,-1.3));
#20582=DIRECTION('',(0.0,0.0,1.0));
#20583=DIRECTION('',(1.0,0.0,0.0));
#20584=CARTESIAN_POINT('',(50.1488188473592,180.20003,-1.3));
#20585=DIRECTION('',(0.0,0.0,-1.0));
#20586=DIRECTION('',(1.0,0.0,0.0));
#20587=DIRECTION('',(1.0,0.0,-0.0));
#20588=CARTESIAN_POINT('',(28.2511811526411,180.20003,-1.3));
#20589=DIRECTION('',(0.0,0.0,1.0));
#20590=DIRECTION('',(-1.0,0.0,0.0));
#20591=DIRECTION('',(0.04165137757124,-0.999132204838988,-0.0));
#20592=CARTESIAN_POINT('',(28.8965208300211,173.770030344872,-1.3));
#20593=DIRECTION('',(0.0,0.0,-1.0));
#20594=DIRECTION('',(1.0,0.0,0.0));
#20595=DIRECTION('',(-0.894967311509127,0.446131719708568,0.0));
#20596=CARTESIAN_POINT('',(39.2000000000001,172.300030344872,-1.3));
#20597=DIRECTION('',(0.0,0.0,1.0));
#20598=DIRECTION('',(1.0,0.0,0.0));
#20599=DIRECTION('',(0.894967311509127,0.446131719708568,0.0));
#20600=CARTESIAN_POINT('',(49.5034791699792,173.770030344872,-1.3));
#20601=DIRECTION('',(0.0,0.0,1.0));
#20602=DIRECTION('',(-1.0,0.0,0.0));
#20603=DIRECTION('',(-0.04165137757124,-0.999132204838988,0.0));
#20604=DIRECTION('',(1.0,0.0,-0.0));
#20605=DIRECTION('',(0.0,1.0,0.0));
#20606=DIRECTION('',(-1.0,0.0,0.0));
#20607=DIRECTION('',(0.0,-1.0,-0.0));
#20608=DIRECTION('',(-1.0,0.0,0.0));
#20609=DIRECTION('',(0.0,-1.0,-0.0));
#20610=DIRECTION('',(1.0,0.0,-0.0));
#20611=DIRECTION('',(0.0,1.0,0.0));
#20612=DIRECTION('',(0.0,1.0,0.0));
#20613=DIRECTION('',(-1.0,0.0,0.0));
#20614=DIRECTION('',(0.0,-1.0,-0.0));
#20615=DIRECTION('',(-1.0,0.0,0.0));
#20616=DIRECTION('',(0.0,-1.0,-0.0));
#20617=DIRECTION('',(1.0,0.0,-0.0));
#20618=DIRECTION('',(0.0,-1.0,-0.0));
#20619=DIRECTION('',(1.0,0.0,-0.0));
#20620=DIRECTION('',(0.0,1.0,0.0));
#20621=DIRECTION('',(1.0,0.0,-0.0));
#20622=DIRECTION('',(0.0,1.0,0.0));
#20623=DIRECTION('',(-1.0,0.0,0.0));
#20624=DIRECTION('',(-1.0,0.0,0.0));
#20625=DIRECTION('',(0.0,1.0,0.0));
#20626=DIRECTION('',(-1.0,0.0,0.0));
#20627=DIRECTION('',(0.0,-1.0,-0.0));
#20628=DIRECTION('',(-1.0,0.0,0.0));
#20629=DIRECTION('',(0.0,-1.0,-0.0));
#20630=DIRECTION('',(1.0,0.0,-0.0));
#20631=DIRECTION('',(0.0,-1.0,-0.0));
#20632=DIRECTION('',(1.0,0.0,-0.0));
#20633=DIRECTION('',(0.0,1.0,0.0));
#20634=DIRECTION('',(1.0,0.0,-0.0));
#20635=DIRECTION('',(0.0,1.0,0.0));
#20636=DIRECTION('',(0.0,1.0,0.0));
#20637=DIRECTION('',(1.0,0.0,-0.0));
#20638=DIRECTION('',(0.0,1.0,0.0));
#20639=DIRECTION('',(-1.0,0.0,0.0));
#20640=DIRECTION('',(0.0,1.0,0.0));
#20641=DIRECTION('',(-1.0,0.0,0.0));
#20642=DIRECTION('',(0.0,-1.0,-0.0));
#20643=DIRECTION('',(-1.0,0.0,0.0));
#20644=DIRECTION('',(0.0,-1.0,-0.0));
#20645=DIRECTION('',(1.0,0.0,-0.0));
#20646=DIRECTION('',(0.0,-1.0,-0.0));
#20647=DIRECTION('',(1.0,0.0,-0.0));
#20648=DIRECTION('',(1.0,0.0,-0.0));
#20649=DIRECTION('',(0.0,1.0,0.0));
#20650=DIRECTION('',(1.0,0.0,-0.0));
#20651=DIRECTION('',(0.0,1.0,0.0));
#20652=DIRECTION('',(-1.0,0.0,0.0));
#20653=DIRECTION('',(0.0,1.0,0.0));
#20654=DIRECTION('',(-1.0,0.0,0.0));
#20655=DIRECTION('',(0.0,-1.0,-0.0));
#20656=DIRECTION('',(-1.0,0.0,0.0));
#20657=DIRECTION('',(0.0,-1.0,-0.0));
#20658=DIRECTION('',(1.0,0.0,-0.0));
#20659=DIRECTION('',(0.0,-1.0,-0.0));
#20660=DIRECTION('',(1.0,0.0,-0.0));
#20661=DIRECTION('',(0.0,-1.0,-0.0));
#20662=DIRECTION('',(1.0,0.0,-0.0));
#20663=DIRECTION('',(0.0,1.0,0.0));
#20664=DIRECTION('',(1.0,0.0,-0.0));
#20665=DIRECTION('',(0.0,1.0,0.0));
#20666=DIRECTION('',(-1.0,0.0,0.0));
#20667=DIRECTION('',(0.0,1.0,0.0));
#20668=DIRECTION('',(-1.0,0.0,0.0));
#20669=DIRECTION('',(0.0,-1.0,-0.0));
#20670=DIRECTION('',(-1.0,0.0,0.0));
#20671=DIRECTION('',(0.0,-1.0,-0.0));
#20672=DIRECTION('',(0.707106781186547,0.707106781186548,0.0));
#20673=DIRECTION('',(0.707106781186548,-0.707106781186547,-0.0));
#20674=DIRECTION('',(0.707106781186547,0.707106781186548,0.0));
#20675=DIRECTION('',(-0.707106781186548,0.707106781186547,0.0));
#20676=DIRECTION('',(0.707106781186547,0.707106781186548,0.0));
#20677=DIRECTION('',(-0.707106781186548,0.707106781186547,0.0));
#20678=DIRECTION('',(-0.707106781186547,-0.707106781186548,0.0));
#20679=DIRECTION('',(-0.707106781186548,0.707106781186547,0.0));
#20680=DIRECTION('',(-0.707106781186547,-0.707106781186548,0.0));
#20681=DIRECTION('',(0.707106781186548,-0.707106781186547,-0.0));
#20682=DIRECTION('',(-0.707106781186547,-0.707106781186548,0.0));
#20683=DIRECTION('',(0.707106781186548,-0.707106781186547,-0.0));
#20684=DIRECTION('',(0.0,-1.0,-0.0));
#20685=DIRECTION('',(1.0,0.0,-0.0));
#20686=DIRECTION('',(0.0,-1.0,-0.0));
#20687=DIRECTION('',(1.0,0.0,-0.0));
#20688=DIRECTION('',(0.0,1.0,0.0));
#20689=DIRECTION('',(1.0,0.0,-0.0));
#20690=DIRECTION('',(0.0,1.0,0.0));
#20691=DIRECTION('',(-1.0,0.0,0.0));
#20692=DIRECTION('',(0.0,1.0,0.0));
#20693=DIRECTION('',(-1.0,0.0,0.0));
#20694=DIRECTION('',(0.0,-1.0,-0.0));
#20695=DIRECTION('',(-1.0,0.0,0.0));
#20696=CARTESIAN_POINT('',(54.36,173.845,-1.3));
#20697=DIRECTION('',(0.0,0.0,1.0));
#20698=DIRECTION('',(0.0,-1.0,-0.0));
#20699=CARTESIAN_POINT('',(54.36,173.845,-1.3));
#20700=DIRECTION('',(0.0,0.0,1.0));
#20701=DIRECTION('',(0.0,-1.0,-0.0));
#20702=CARTESIAN_POINT('',(54.36,170.035,-1.3));
#20703=DIRECTION('',(0.0,0.0,1.0));
#20704=DIRECTION('',(0.0,-1.0,-0.0));
#20705=CARTESIAN_POINT('',(54.36,170.035,-1.3));
#20706=DIRECTION('',(0.0,0.0,1.0));
#20707=DIRECTION('',(0.0,-1.0,-0.0));
#20708=CARTESIAN_POINT('',(54.36,154.795,-1.3));
#20709=DIRECTION('',(0.0,0.0,1.0));
#20710=DIRECTION('',(0.0,-1.0,-0.0));
#20711=CARTESIAN_POINT('',(54.36,154.795,-1.3));
#20712=DIRECTION('',(0.0,0.0,1.0));
#20713=DIRECTION('',(0.0,-1.0,-0.0));
#20714=CARTESIAN_POINT('',(54.36,150.985,-1.3));
#20715=DIRECTION('',(0.0,0.0,1.0));
#20716=DIRECTION('',(0.0,-1.0,-0.0));
#20717=CARTESIAN_POINT('',(54.36,150.985,-1.3));
#20718=DIRECTION('',(0.0,0.0,1.0));
#20719=DIRECTION('',(0.0,-1.0,-0.0));
#20720=DIRECTION('',(1.0,0.0,-0.0));
#20721=CARTESIAN_POINT('',(56.7,168.6,-1.3));
#20722=DIRECTION('',(0.0,-0.0,1.0));
#20723=DIRECTION('',(0.0,1.0,0.0));
#20724=DIRECTION('',(-4.55756578253349E-17,1.0,0.0));
#20725=CARTESIAN_POINT('',(55.6,163.649000183939,-1.3));
#20726=DIRECTION('',(0.0,0.0,-1.0));
#20727=DIRECTION('',(0.0,-1.0,0.0));
#20728=CARTESIAN_POINT('',(55.4,163.699000183939,-1.3));
#20729=DIRECTION('',(0.0,0.0,-1.0));
#20730=DIRECTION('',(0.0,-1.0,0.0));
#20731=DIRECTION('',(1.0,0.0,-0.0));
#20732=CARTESIAN_POINT('',(53.185,162.398999816061,-1.3));
#20733=DIRECTION('',(0.0,-0.0,1.0));
#20734=DIRECTION('',(0.0,1.0,0.0));
#20735=DIRECTION('',(0.0,1.0,0.0));
#20736=CARTESIAN_POINT('',(53.185,162.398999816061,-1.3));
#20737=DIRECTION('',(0.0,-0.0,1.0));
#20738=DIRECTION('',(0.0,1.0,0.0));
#20739=DIRECTION('',(-1.0,0.0,0.0));
#20740=CARTESIAN_POINT('',(55.4,161.098999816061,-1.3));
#20741=DIRECTION('',(0.0,0.0,-1.0));
#20742=DIRECTION('',(0.0,-1.0,0.0));
#20743=CARTESIAN_POINT('',(55.6,161.148999816061,-1.3));
#20744=DIRECTION('',(0.0,0.0,-1.0));
#20745=DIRECTION('',(0.0,-1.0,0.0));
#20746=DIRECTION('',(0.0,1.0,0.0));
#20747=CARTESIAN_POINT('',(56.7,156.2,-1.3));
#20748=DIRECTION('',(0.0,0.0,-1.0));
#20749=DIRECTION('',(0.0,-1.0,0.0));
#20750=DIRECTION('',(-1.0,0.0,0.0));
#20751=CARTESIAN_POINT('',(57.1,156.2,-1.3));
#20752=DIRECTION('',(0.0,0.0,-1.0));
#20753=DIRECTION('',(0.0,-1.0,0.0));
#20754=DIRECTION('',(0.0,-1.0,-0.0));
#20755=CARTESIAN_POINT('',(57.1,168.6,-1.3));
#20756=DIRECTION('',(0.0,0.0,-1.0));
#20757=DIRECTION('',(0.0,-1.0,0.0));
#20758=DIRECTION('',(-1.0,0.0,0.0));
#20759=DIRECTION('',(0.0,1.0,0.0));
#20760=DIRECTION('',(1.0,0.0,0.0));
#20761=DIRECTION('',(0.0,-1.0,-0.0));
#20762=DIRECTION('',(0.0,0.0,-1.0));
#20763=DIRECTION('',(0.0,0.0,-1.0));
#20764=DIRECTION('',(0.0,0.0,-1.0));
#20765=DIRECTION('',(0.0,0.0,-1.0));
#20766=DIRECTION('',(0.0,1.0,0.0));
#20767=DIRECTION('',(1.0,0.0,0.0));
#20768=DIRECTION('',(0.0,-1.0,-0.0));
#20769=DIRECTION('',(-1.0,0.0,0.0));
#20770=DIRECTION('',(0.0,0.0,-1.0));
#20771=DIRECTION('',(0.0,0.0,-1.0));
#20772=DIRECTION('',(0.0,0.0,-1.0));
#20773=DIRECTION('',(0.0,0.0,-1.0));
#20774=CARTESIAN_POINT('',(3.56,170.035,-4.67));
#20775=DIRECTION('',(0.0,0.0,1.0));
#20776=DIRECTION('',(1.0,0.0,0.0));
#20777=DIRECTION('',(0.0,0.0,1.0));
#20778=CARTESIAN_POINT('',(3.56,170.035,-4.17));
#20779=DIRECTION('',(0.0,0.0,1.0));
#20780=DIRECTION('',(1.0,0.0,0.0));
#20781=DIRECTION('',(0.0,0.0,1.0));
#20782=DIRECTION('',(0.0,0.0,1.0));
#20783=CARTESIAN_POINT('',(3.56,170.035,-4.17));
#20784=DIRECTION('',(0.0,0.0,1.0));
#20785=DIRECTION('',(1.0,0.0,0.0));
#20786=DIRECTION('',(0.0,0.0,1.0));
#20787=CARTESIAN_POINT('',(3.56,170.035,-4.17));
#20788=DIRECTION('',(0.0,0.0,1.0));
#20789=DIRECTION('',(1.0,0.0,0.0));
#20790=DIRECTION('',(0.0,1.0,0.0));
#20791=DIRECTION('',(0.0,0.0,1.0));
#20792=DIRECTION('',(0.0,1.0,0.0));
#20793=CARTESIAN_POINT('',(3.56,170.035,-4.67));
#20794=DIRECTION('',(0.0,0.0,1.0));
#20795=DIRECTION('',(1.0,0.0,0.0));
#20796=DIRECTION('',(0.0,-1.0,-0.0));
#20797=CARTESIAN_POINT('',(3.56,170.035,-4.67));
#20798=DIRECTION('',(0.0,0.0,-1.0));
#20799=DIRECTION('',(1.0,0.0,0.0));
#20800=CARTESIAN_POINT('',(3.56,170.035,-4.67));
#20801=DIRECTION('',(0.0,0.0,-1.0));
#20802=DIRECTION('',(1.0,0.0,0.0));
#20803=DIRECTION('',(0.0,0.0,-1.0));
#20804=CARTESIAN_POINT('',(3.56,170.035,-9.5));
#20805=DIRECTION('',(0.0,0.0,-1.0));
#20806=DIRECTION('',(1.0,0.0,0.0));
#20807=DIRECTION('',(0.0,0.0,-1.0));
#20808=CARTESIAN_POINT('',(3.56,170.035,-10.0));
#20809=DIRECTION('',(0.0,0.0,-1.0));
#20810=DIRECTION('',(1.0,0.0,0.0));
#20811=CARTESIAN_POINT('',(3.552,170.035,-9.5));
#20812=DIRECTION('',(0.0,1.0,-0.0));
#20813=DIRECTION('',(-1.0,0.0,0.0));
#20814=CARTESIAN_POINT('',(3.568,170.035,-9.5));
#20815=DIRECTION('',(0.0,-1.0,-0.0));
#20816=DIRECTION('',(1.0,0.0,0.0));
#20817=CARTESIAN_POINT('',(3.56,170.035,-10.0));
#20818=DIRECTION('',(0.0,0.0,-1.0));
#20819=DIRECTION('',(1.0,0.0,0.0));
#20820=CARTESIAN_POINT('',(3.56,170.035,-4.17));
#20821=DIRECTION('',(0.0,0.0,1.0));
#20822=DIRECTION('',(1.0,0.0,0.0));
#20823=DIRECTION('',(0.0,1.0,0.0));
#20824=DIRECTION('',(0.0,0.0,1.0));
#20825=DIRECTION('',(-1.0,0.0,0.0));
#20826=DIRECTION('',(0.0,-1.0,-0.0));
#20827=DIRECTION('',(-1.0,0.0,0.0));
#20828=DIRECTION('',(0.0,1.0,0.0));
#20829=DIRECTION('',(-1.0,0.0,0.0));
#20830=DIRECTION('',(0.0,1.0,0.0));
#20831=DIRECTION('',(1.0,0.0,0.0));
#20832=DIRECTION('',(0.0,1.0,0.0));
#20833=DIRECTION('',(1.0,0.0,0.0));
#20834=DIRECTION('',(0.0,-1.0,-0.0));
#20835=DIRECTION('',(1.0,0.0,0.0));
#20836=DIRECTION('',(0.0,-1.0,-0.0));
#20837=DIRECTION('',(0.0,0.0,-1.0));
#20838=DIRECTION('',(0.0,0.0,-1.0));
#20839=DIRECTION('',(0.0,0.0,-1.0));
#20840=DIRECTION('',(0.0,0.0,-1.0));
#20841=DIRECTION('',(0.0,0.0,-1.0));
#20842=DIRECTION('',(0.0,0.0,-1.0));
#20843=DIRECTION('',(0.0,0.0,-1.0));
#20844=DIRECTION('',(0.0,0.0,-1.0));
#20845=DIRECTION('',(0.0,0.0,-1.0));
#20846=DIRECTION('',(0.0,0.0,-1.0));
#20847=DIRECTION('',(0.0,0.0,-1.0));
#20848=DIRECTION('',(0.0,0.0,-1.0));
#20849=DIRECTION('',(-1.0,0.0,0.0));
#20850=DIRECTION('',(0.0,1.0,0.0));
#20851=DIRECTION('',(1.0,0.0,0.0));
#20852=DIRECTION('',(0.0,-1.0,-0.0));
#20853=DIRECTION('',(0.0,0.0,-1.0));
#20854=DIRECTION('',(0.0,0.0,-1.0));
#20855=DIRECTION('',(0.0,0.0,-1.0));
#20856=DIRECTION('',(0.0,0.0,-1.0));
#20857=DIRECTION('',(-1.0,0.0,0.0));
#20858=DIRECTION('',(0.0,1.0,0.0));
#20859=DIRECTION('',(1.0,0.0,0.0));
#20860=DIRECTION('',(0.0,-1.0,-0.0));
#20861=DIRECTION('',(0.0,0.0,-1.0));
#20862=DIRECTION('',(0.0,0.0,-1.0));
#20863=DIRECTION('',(0.0,0.0,-1.0));
#20864=DIRECTION('',(0.0,0.0,-1.0));
#20865=DIRECTION('',(0.267826945234028,-0.963467034935087,-0.0));
#20866=DIRECTION('',(0.0,0.0,-1.0));
#20867=DIRECTION('',(0.0,0.0,1.0));
#20868=DIRECTION('',(0.0,0.0,1.0));
#20869=CARTESIAN_POINT('',(29.1079752526971,169.638490449313,-3.7));
#20870=DIRECTION('',(0.0,0.0,1.0));
#20871=DIRECTION('',(-1.0,-1.0590458891525E-12,0.0));
#20872=DIRECTION('',(0.0,0.0,-1.0));
#20873=DIRECTION('',(0.0,0.0,-1.0));
#20874=CARTESIAN_POINT('',(29.1079752527153,146.700000000005,-3.7));
#20875=DIRECTION('',(0.0,0.0,1.0));
#20876=DIRECTION('',(-1.0,-1.0590458891525E-12,0.0));
#20877=DIRECTION('',(7.94035653174475E-13,-1.0,-0.0));
#20878=DIRECTION('',(0.0,0.0,-1.0));
#20879=DIRECTION('',(-1.0,-2.64512708598225E-13,0.0));
#20880=DIRECTION('',(-1.0,-2.64015181218426E-13,0.0));
#20881=CARTESIAN_POINT('',(23.6135944285193,173.333827901963,-3.7));
#20882=DIRECTION('',(0.0,0.0,-1.0));
#20883=DIRECTION('',(1.0,1.0590458891525E-12,0.0));
#20884=DIRECTION('',(0.894967311509363,-0.446131719708095,-0.0));
#20885=CARTESIAN_POINT('',(28.7993304868967,170.748793436543,-3.7));
#20886=DIRECTION('',(0.0,0.0,-1.0));
#20887=DIRECTION('',(1.0,1.0590458891525E-12,0.0));
#20888=CARTESIAN_POINT('',(14.6283326145262,146.699999999998,-3.7));
#20889=DIRECTION('',(0.0,0.0,-1.0));
#20890=DIRECTION('',(1.0,-9.95054759599331E-16,0.0));
#20891=DIRECTION('',(2.64015181218426E-13,-1.0,-0.0));
#20892=CARTESIAN_POINT('',(14.6283326145206,169.638490449305,-3.7));
#20893=DIRECTION('',(0.0,0.0,-1.0));
#20894=DIRECTION('',(1.0,-9.95054759599331E-16,0.0));
#20895=DIRECTION('',(-0.267826945233008,-0.963467034935371,0.0));
#20896=CARTESIAN_POINT('',(14.9369773803194,170.748793436536,-3.7));
#20897=DIRECTION('',(0.0,0.0,1.0));
#20898=DIRECTION('',(-1.0,9.95054759599331E-16,0.0));
#20899=DIRECTION('',(-0.894967311508891,-0.446131719709042,0.0));
#20900=CARTESIAN_POINT('',(20.1227134386941,173.333827901961,-3.7));
#20901=DIRECTION('',(0.0,0.0,1.0));
#20902=DIRECTION('',(-1.0,9.95054759599331E-16,0.0));
#20903=DIRECTION('',(0.0,0.0,-1.0));
#20904=DIRECTION('',(0.0,0.0,-1.0));
#20905=DIRECTION('',(0.0,0.0,-1.0));
#20906=DIRECTION('',(0.0,0.0,-1.0));
#20907=DIRECTION('',(0.0,0.0,-1.0));
#20908=DIRECTION('',(0.0,0.0,-1.0));
#20909=DIRECTION('',(0.0,0.0,-1.0));
#20910=DIRECTION('',(0.0,0.0,1.0));
#20911=DIRECTION('',(0.0,0.0,1.0));
#20912=DIRECTION('',(0.0,0.0,-1.0));
#20913=CARTESIAN_POINT('',(5.6,172.39,-3.0));
#20914=DIRECTION('',(0.0,0.0,-1.0));
#20915=DIRECTION('',(1.0,0.0,0.0));
#20916=DIRECTION('',(1.0,0.0,0.0));
#20917=DIRECTION('',(0.0,1.0,0.0));
#20918=DIRECTION('',(1.0,0.0,0.0));
#20919=DIRECTION('',(0.0,-1.0,-0.0));
#20920=DIRECTION('',(1.0,0.0,0.0));
#20921=CARTESIAN_POINT('',(12.2,172.39,-3.0));
#20922=DIRECTION('',(0.0,0.0,-1.0));
#20923=DIRECTION('',(1.0,0.0,0.0));
#20924=DIRECTION('',(0.0,-1.0,-0.0));
#20925=CARTESIAN_POINT('',(12.2,165.49,-3.0));
#20926=DIRECTION('',(0.0,0.0,-1.0));
#20927=DIRECTION('',(1.0,0.0,0.0));
#20928=DIRECTION('',(-1.0,0.0,0.0));
#20929=DIRECTION('',(0.0,-1.0,-0.0));
#20930=DIRECTION('',(-1.0,0.0,0.0));
#20931=DIRECTION('',(0.0,1.0,0.0));
#20932=DIRECTION('',(-1.0,0.0,0.0));
#20933=CARTESIAN_POINT('',(5.6,165.49,-3.0));
#20934=DIRECTION('',(0.0,0.0,-1.0));
#20935=DIRECTION('',(1.0,0.0,0.0));
#20936=DIRECTION('',(0.0,1.0,0.0));
#20937=DIRECTION('',(0.0,0.0,-1.0));
#20938=DIRECTION('',(0.0,0.0,-1.0));
#20939=DIRECTION('',(0.0,0.0,-1.0));
#20940=DIRECTION('',(0.0,0.0,-1.0));
#20941=DIRECTION('',(0.0,0.0,-1.0));
#20942=DIRECTION('',(0.0,0.0,-1.0));
#20943=DIRECTION('',(0.0,0.0,-1.0));
#20944=DIRECTION('',(0.0,0.0,-1.0));
#20945=DIRECTION('',(0.0,0.0,-1.0));
#20946=DIRECTION('',(0.0,0.0,-1.0));
#20947=DIRECTION('',(0.0,0.0,-1.0));
#20948=DIRECTION('',(0.0,0.0,-1.0));
#20949=DIRECTION('',(0.0,0.0,-1.0));
#20950=DIRECTION('',(0.0,0.0,-1.0));
#20951=DIRECTION('',(0.0,0.0,-1.0));
#20952=DIRECTION('',(0.0,0.0,-1.0));
#20953=DIRECTION('',(0.0,1.0,0.0));
#20954=DIRECTION('',(-1.0,0.0,0.0));
#20955=DIRECTION('',(0.0,1.0,0.0));
#20956=DIRECTION('',(1.0,0.0,0.0));
#20957=DIRECTION('',(0.0,1.0,0.0));
#20958=DIRECTION('',(1.0,0.0,0.0));
#20959=DIRECTION('',(0.0,-1.0,-0.0));
#20960=DIRECTION('',(1.0,0.0,0.0));
#20961=DIRECTION('',(0.0,-1.0,-0.0));
#20962=DIRECTION('',(-1.0,0.0,0.0));
#20963=DIRECTION('',(0.0,-1.0,-0.0));
#20964=DIRECTION('',(-1.0,0.0,0.0));
#20965=DIRECTION('',(0.0,0.0,-1.0));
#20966=DIRECTION('',(0.0,0.0,-1.0));
#20967=DIRECTION('',(0.0,0.0,-1.0));
#20968=DIRECTION('',(0.0,0.0,-1.0));
#20969=DIRECTION('',(0.0,0.0,-1.0));
#20970=DIRECTION('',(0.0,0.0,-1.0));
#20971=DIRECTION('',(0.0,0.0,-1.0));
#20972=DIRECTION('',(0.0,0.0,-1.0));
#20973=DIRECTION('',(0.0,0.0,-1.0));
#20974=DIRECTION('',(0.0,0.0,-1.0));
#20975=DIRECTION('',(0.0,0.0,-1.0));
#20976=DIRECTION('',(0.0,0.0,-1.0));
#20977=DIRECTION('',(0.0,1.0,0.0));
#20978=DIRECTION('',(-1.0,0.0,0.0));
#20979=DIRECTION('',(0.0,1.0,0.0));
#20980=DIRECTION('',(1.0,0.0,0.0));
#20981=DIRECTION('',(0.0,1.0,0.0));
#20982=DIRECTION('',(1.0,0.0,0.0));
#20983=DIRECTION('',(0.0,-1.0,-0.0));
#20984=DIRECTION('',(1.0,0.0,0.0));
#20985=DIRECTION('',(0.0,-1.0,-0.0));
#20986=DIRECTION('',(-1.0,0.0,0.0));
#20987=DIRECTION('',(0.0,-1.0,-0.0));
#20988=DIRECTION('',(-1.0,0.0,0.0));
#20989=DIRECTION('',(0.0,0.0,-1.0));
#20990=DIRECTION('',(0.0,0.0,-1.0));
#20991=DIRECTION('',(0.0,0.0,-1.0));
#20992=DIRECTION('',(0.0,0.0,-1.0));
#20993=DIRECTION('',(0.0,0.0,-1.0));
#20994=DIRECTION('',(0.0,0.0,-1.0));
#20995=DIRECTION('',(0.0,0.0,-1.0));
#20996=DIRECTION('',(0.0,0.0,-1.0));
#20997=DIRECTION('',(0.0,0.0,-1.0));
#20998=DIRECTION('',(0.0,0.0,-1.0));
#20999=DIRECTION('',(0.0,0.0,-1.0));
#21000=DIRECTION('',(0.0,0.0,-1.0));
#21001=DIRECTION('',(0.0,1.0,0.0));
#21002=DIRECTION('',(-1.0,0.0,0.0));
#21003=DIRECTION('',(0.0,1.0,0.0));
#21004=DIRECTION('',(1.0,0.0,0.0));
#21005=DIRECTION('',(0.0,1.0,0.0));
#21006=DIRECTION('',(1.0,0.0,0.0));
#21007=DIRECTION('',(0.0,-1.0,-0.0));
#21008=DIRECTION('',(1.0,0.0,0.0));
#21009=DIRECTION('',(0.0,-1.0,-0.0));
#21010=DIRECTION('',(-1.0,0.0,0.0));
#21011=DIRECTION('',(0.0,-1.0,-0.0));
#21012=DIRECTION('',(-1.0,0.0,0.0));
#21013=DIRECTION('',(0.0,0.0,-1.0));
#21014=DIRECTION('',(0.0,0.0,-1.0));
#21015=DIRECTION('',(0.0,0.0,-1.0));
#21016=DIRECTION('',(0.0,0.0,-1.0));
#21017=DIRECTION('',(0.0,0.0,-1.0));
#21018=DIRECTION('',(0.0,0.0,-1.0));
#21019=DIRECTION('',(0.0,0.0,-1.0));
#21020=DIRECTION('',(0.0,0.0,-1.0));
#21021=DIRECTION('',(0.0,0.0,-1.0));
#21022=DIRECTION('',(0.0,0.0,-1.0));
#21023=DIRECTION('',(0.0,0.0,-1.0));
#21024=DIRECTION('',(0.0,0.0,-1.0));
#21025=DIRECTION('',(0.0,-1.0,-0.0));
#21026=DIRECTION('',(1.0,0.0,0.0));
#21027=DIRECTION('',(0.0,-1.0,-0.0));
#21028=DIRECTION('',(-1.0,0.0,0.0));
#21029=DIRECTION('',(0.0,-1.0,-0.0));
#21030=DIRECTION('',(-1.0,0.0,0.0));
#21031=DIRECTION('',(0.0,1.0,0.0));
#21032=DIRECTION('',(-1.0,0.0,0.0));
#21033=DIRECTION('',(0.0,1.0,0.0));
#21034=DIRECTION('',(1.0,0.0,0.0));
#21035=DIRECTION('',(0.0,1.0,0.0));
#21036=DIRECTION('',(1.0,0.0,0.0));
#21037=DIRECTION('',(0.0,0.0,-1.0));
#21038=DIRECTION('',(0.0,0.0,-1.0));
#21039=DIRECTION('',(0.0,0.0,-1.0));
#21040=DIRECTION('',(0.0,0.0,-1.0));
#21041=DIRECTION('',(0.0,0.0,-1.0));
#21042=DIRECTION('',(0.0,0.0,-1.0));
#21043=DIRECTION('',(0.0,0.0,-1.0));
#21044=DIRECTION('',(0.0,0.0,-1.0));
#21045=DIRECTION('',(0.0,0.0,-1.0));
#21046=DIRECTION('',(0.0,0.0,-1.0));
#21047=DIRECTION('',(0.0,0.0,-1.0));
#21048=DIRECTION('',(0.0,0.0,-1.0));
#21049=CARTESIAN_POINT('',(3.56,154.795,-4.67));
#21050=DIRECTION('',(0.0,0.0,1.0));
#21051=DIRECTION('',(1.0,0.0,0.0));
#21052=DIRECTION('',(0.0,0.0,1.0));
#21053=CARTESIAN_POINT('',(3.56,154.795,-4.17));
#21054=DIRECTION('',(0.0,0.0,1.0));
#21055=DIRECTION('',(1.0,0.0,0.0));
#21056=DIRECTION('',(0.0,0.0,1.0));
#21057=DIRECTION('',(0.0,0.0,1.0));
#21058=CARTESIAN_POINT('',(3.56,154.795,-4.17));
#21059=DIRECTION('',(0.0,0.0,1.0));
#21060=DIRECTION('',(1.0,0.0,0.0));
#21061=DIRECTION('',(0.0,0.0,1.0));
#21062=CARTESIAN_POINT('',(3.56,154.795,-4.17));
#21063=DIRECTION('',(0.0,0.0,1.0));
#21064=DIRECTION('',(1.0,0.0,0.0));
#21065=DIRECTION('',(0.0,1.0,0.0));
#21066=DIRECTION('',(0.0,0.0,1.0));
#21067=DIRECTION('',(0.0,1.0,0.0));
#21068=CARTESIAN_POINT('',(3.56,154.795,-4.67));
#21069=DIRECTION('',(0.0,0.0,1.0));
#21070=DIRECTION('',(1.0,0.0,0.0));
#21071=DIRECTION('',(0.0,-1.0,-0.0));
#21072=CARTESIAN_POINT('',(3.56,154.795,-4.67));
#21073=DIRECTION('',(0.0,0.0,-1.0));
#21074=DIRECTION('',(1.0,0.0,0.0));
#21075=CARTESIAN_POINT('',(3.56,154.795,-4.67));
#21076=DIRECTION('',(0.0,0.0,-1.0));
#21077=DIRECTION('',(1.0,0.0,0.0));
#21078=DIRECTION('',(0.0,0.0,-1.0));
#21079=CARTESIAN_POINT('',(3.56,154.795,-9.5));
#21080=DIRECTION('',(0.0,0.0,-1.0));
#21081=DIRECTION('',(1.0,0.0,0.0));
#21082=DIRECTION('',(0.0,0.0,-1.0));
#21083=CARTESIAN_POINT('',(3.56,154.795,-10.0));
#21084=DIRECTION('',(0.0,0.0,-1.0));
#21085=DIRECTION('',(1.0,0.0,0.0));
#21086=CARTESIAN_POINT('',(3.552,154.795,-9.5));
#21087=DIRECTION('',(0.0,1.0,-0.0));
#21088=DIRECTION('',(-1.0,0.0,0.0));
#21089=CARTESIAN_POINT('',(3.568,154.795,-9.5));
#21090=DIRECTION('',(0.0,-1.0,-0.0));
#21091=DIRECTION('',(1.0,0.0,0.0));
#21092=CARTESIAN_POINT('',(3.56,154.795,-10.0));
#21093=DIRECTION('',(0.0,0.0,-1.0));
#21094=DIRECTION('',(1.0,0.0,0.0));
#21095=CARTESIAN_POINT('',(3.56,154.795,-4.17));
#21096=DIRECTION('',(0.0,0.0,1.0));
#21097=DIRECTION('',(1.0,0.0,0.0));
#21098=DIRECTION('',(0.0,1.0,0.0));
#21099=DIRECTION('',(0.0,0.0,1.0));
#21100=CARTESIAN_POINT('',(3.56,162.415,-4.67));
#21101=DIRECTION('',(0.0,0.0,1.0));
#21102=DIRECTION('',(1.0,0.0,0.0));
#21103=DIRECTION('',(0.0,0.0,1.0));
#21104=CARTESIAN_POINT('',(3.56,162.415,-4.17));
#21105=DIRECTION('',(0.0,0.0,1.0));
#21106=DIRECTION('',(1.0,0.0,0.0));
#21107=DIRECTION('',(0.0,0.0,1.0));
#21108=DIRECTION('',(0.0,0.0,1.0));
#21109=CARTESIAN_POINT('',(3.56,162.415,-4.17));
#21110=DIRECTION('',(0.0,0.0,1.0));
#21111=DIRECTION('',(1.0,0.0,0.0));
#21112=DIRECTION('',(0.0,0.0,1.0));
#21113=CARTESIAN_POINT('',(3.56,162.415,-4.17));
#21114=DIRECTION('',(0.0,0.0,1.0));
#21115=DIRECTION('',(1.0,0.0,0.0));
#21116=DIRECTION('',(0.0,1.0,0.0));
#21117=DIRECTION('',(0.0,0.0,1.0));
#21118=DIRECTION('',(0.0,1.0,0.0));
#21119=CARTESIAN_POINT('',(3.56,162.415,-4.67));
#21120=DIRECTION('',(0.0,0.0,1.0));
#21121=DIRECTION('',(1.0,0.0,0.0));
#21122=DIRECTION('',(0.0,-1.0,-0.0));
#21123=CARTESIAN_POINT('',(3.56,162.415,-4.67));
#21124=DIRECTION('',(0.0,0.0,-1.0));
#21125=DIRECTION('',(1.0,0.0,0.0));
#21126=CARTESIAN_POINT('',(3.56,162.415,-4.67));
#21127=DIRECTION('',(0.0,0.0,-1.0));
#21128=DIRECTION('',(1.0,0.0,0.0));
#21129=DIRECTION('',(0.0,0.0,-1.0));
#21130=CARTESIAN_POINT('',(3.56,162.415,-9.5));
#21131=DIRECTION('',(0.0,0.0,-1.0));
#21132=DIRECTION('',(1.0,0.0,0.0));
#21133=DIRECTION('',(0.0,0.0,-1.0));
#21134=CARTESIAN_POINT('',(3.56,162.415,-10.0));
#21135=DIRECTION('',(0.0,0.0,-1.0));
#21136=DIRECTION('',(1.0,0.0,0.0));
#21137=CARTESIAN_POINT('',(3.552,162.415,-9.5));
#21138=DIRECTION('',(0.0,1.0,-0.0));
#21139=DIRECTION('',(-1.0,0.0,0.0));
#21140=CARTESIAN_POINT('',(3.568,162.415,-9.5));
#21141=DIRECTION('',(0.0,-1.0,-0.0));
#21142=DIRECTION('',(1.0,0.0,0.0));
#21143=CARTESIAN_POINT('',(3.56,162.415,-10.0));
#21144=DIRECTION('',(0.0,0.0,-1.0));
#21145=DIRECTION('',(1.0,0.0,0.0));
#21146=CARTESIAN_POINT('',(3.56,162.415,-4.17));
#21147=DIRECTION('',(0.0,0.0,1.0));
#21148=DIRECTION('',(1.0,0.0,0.0));
#21149=DIRECTION('',(0.0,1.0,0.0));
#21150=DIRECTION('',(0.0,0.0,1.0));
#21151=CARTESIAN_POINT('',(49.5034791699792,173.770030344872,-2.06));
#21152=DIRECTION('',(0.0,0.0,1.0));
#21153=DIRECTION('',(-1.0,0.0,0.0));
#21154=DIRECTION('',(0.0,0.0,1.0));
#21155=DIRECTION('',(0.0,0.0,1.0));
#21156=DIRECTION('',(0.0,-1.0,-0.0));
#21157=CARTESIAN_POINT('',(50.1488188473592,180.20003,-2.06));
#21158=DIRECTION('',(0.0,0.0,-1.0));
#21159=DIRECTION('',(1.0,0.0,0.0));
#21160=DIRECTION('',(-0.04165137757124,-0.999132204838988,0.0));
#21161=DIRECTION('',(0.0,0.0,-1.0));
#21162=DIRECTION('',(1.0,0.0,0.0));
#21163=DIRECTION('',(0.0,0.0,1.0));
#21164=CARTESIAN_POINT('',(28.1526332133006,180.70003,-2.56));
#21165=DIRECTION('',(0.0,1.0,0.0));
#21166=DIRECTION('',(-1.0,0.0,0.0));
#21167=CARTESIAN_POINT('',(50.247367,180.70003,-2.56));
#21168=DIRECTION('',(0.0,1.0,0.0));
#21169=DIRECTION('',(-1.0,0.0,0.0));
#21170=DIRECTION('',(0.0,0.0,-1.0));
#21171=DIRECTION('',(0.0,-1.0,-0.0));
#21172=DIRECTION('',(0.0,-1.0,-0.0));
#21173=DIRECTION('',(0.0,0.0,-1.0));
#21174=DIRECTION('',(0.0,0.0,-1.0));
#21175=DIRECTION('',(-0.04165137757124,0.999132204838988,0.0));
#21176=DIRECTION('',(0.0,0.0,1.0));
#21177=CARTESIAN_POINT('',(28.8965208300211,173.770030344872,-2.06));
#21178=DIRECTION('',(0.0,0.0,-1.0));
#21179=DIRECTION('',(1.0,0.0,0.0));
#21180=DIRECTION('',(0.0,0.0,1.0));
#21181=CARTESIAN_POINT('',(28.1526332133006,173.170289957016,-2.56));
#21182=DIRECTION('',(-0.446131719708568,-0.894967311509127,0.0));
#21183=DIRECTION('',(-0.894967311509127,0.446131719708568,0.0));
#21184=DIRECTION('',(0.0,-1.0,-0.0));
#21185=DIRECTION('',(0.666890233347648,-0.332437713460779,-0.666890233347654));
#21186=DIRECTION('',(0.894967311509127,-0.446131719708568,-0.0));
#21187=DIRECTION('',(0.0,0.0,1.0));
#21188=CARTESIAN_POINT('',(39.2000000000001,172.300030344872,-3.7));
#21189=DIRECTION('',(0.0,0.0,1.0));
#21190=DIRECTION('',(1.0,0.0,0.0));
#21191=DIRECTION('',(0.0,0.0,1.0));
#21192=DIRECTION('',(1.0,0.0,0.0));
#21193=DIRECTION('',(0.0,-1.0,-0.0));
#21194=DIRECTION('',(-0.894967311509127,-0.446131719708568,0.0));
#21195=DIRECTION('',(0.0,-1.0,-0.0));
#21196=DIRECTION('',(0.577350269189622,-0.577350269189628,-0.577350269189627));
#21197=DIRECTION('',(-0.577350269189622,-0.577350269189628,-0.577350269189627));
#21198=DIRECTION('',(0.0,-1.0,-0.0));
#21199=DIRECTION('',(0.0,-1.0,-0.0));
#21200=DIRECTION('',(0.0,0.0,-1.0));
#21201=DIRECTION('',(-0.666890233347648,-0.332437713460779,-0.666890233347654));
#21202=CARTESIAN_POINT('',(50.247367,173.170290063343,-2.56));
#21203=DIRECTION('',(-0.446131719708568,0.894967311509127,0.0));
#21204=DIRECTION('',(0.894967311509127,0.446131719708568,0.0));
#21205=CARTESIAN_POINT('',(28.2511811526411,180.20003,-2.06));
#21206=DIRECTION('',(0.0,0.0,1.0));
#21207=DIRECTION('',(-1.0,0.0,0.0));
#21208=DIRECTION('',(1.0,0.0,0.0));
#21209=DIRECTION('',(0.0,-1.0,-0.0));
#21210=DIRECTION('',(-1.0,0.0,0.0));
#21211=DIRECTION('',(0.0,1.0,0.0));
#21212=DIRECTION('',(0.0,0.0,-1.0));
#21213=DIRECTION('',(0.0,0.0,-1.0));
#21214=DIRECTION('',(0.0,0.0,-1.0));
#21215=DIRECTION('',(0.0,0.0,-1.0));
#21216=DIRECTION('',(1.0,0.0,0.0));
#21217=DIRECTION('',(0.0,-1.0,-0.0));
#21218=DIRECTION('',(-1.0,0.0,0.0));
#21219=DIRECTION('',(0.0,1.0,0.0));
#21220=DIRECTION('',(0.0,0.0,-1.0));
#21221=DIRECTION('',(0.0,0.0,-1.0));
#21222=DIRECTION('',(0.0,0.0,-1.0));
#21223=DIRECTION('',(0.0,0.0,-1.0));
#21224=DIRECTION('',(0.0,0.0,-1.0));
#21225=DIRECTION('',(1.0,0.0,0.0));
#21226=DIRECTION('',(0.0,0.0,-1.0));
#21227=DIRECTION('',(0.0,0.0,-1.0));
#21228=DIRECTION('',(-1.0,0.0,0.0));
#21229=DIRECTION('',(0.0,0.0,-1.0));
#21230=DIRECTION('',(0.0,0.0,-1.0));
#21231=DIRECTION('',(-1.0,0.0,0.0));
#21232=DIRECTION('',(0.0,0.0,-1.0));
#21233=DIRECTION('',(0.0,0.0,-1.0));
#21234=DIRECTION('',(1.0,0.0,0.0));
#21235=DIRECTION('',(0.0,0.0,-1.0));
#21236=DIRECTION('',(0.0,1.0,0.0));
#21237=DIRECTION('',(1.0,0.0,0.0));
#21238=DIRECTION('',(0.0,-1.0,-0.0));
#21239=DIRECTION('',(0.0,-1.0,-0.0));
#21240=DIRECTION('',(0.0,-1.0,-0.0));
#21241=DIRECTION('',(-1.0,0.0,0.0));
#21242=DIRECTION('',(0.0,1.0,0.0));
#21243=DIRECTION('',(0.0,1.0,0.0));
#21244=DIRECTION('',(0.0,0.0,-1.0));
#21245=DIRECTION('',(0.0,0.0,-1.0));
#21246=DIRECTION('',(0.0,0.0,-1.0));
#21247=DIRECTION('',(0.0,0.0,-1.0));
#21248=DIRECTION('',(1.0,0.0,0.0));
#21249=DIRECTION('',(0.0,-1.0,-0.0));
#21250=DIRECTION('',(1.0,0.0,0.0));
#21251=DIRECTION('',(0.0,-1.0,-0.0));
#21252=DIRECTION('',(-1.0,0.0,0.0));
#21253=DIRECTION('',(0.0,-1.0,-0.0));
#21254=DIRECTION('',(-1.0,0.0,0.0));
#21255=DIRECTION('',(0.0,1.0,0.0));
#21256=DIRECTION('',(-1.0,0.0,0.0));
#21257=DIRECTION('',(0.0,1.0,0.0));
#21258=DIRECTION('',(1.0,0.0,0.0));
#21259=DIRECTION('',(0.0,1.0,0.0));
#21260=DIRECTION('',(0.0,0.0,-1.0));
#21261=DIRECTION('',(0.0,0.0,-1.0));
#21262=DIRECTION('',(0.0,0.0,-1.0));
#21263=DIRECTION('',(0.0,0.0,-1.0));
#21264=DIRECTION('',(0.0,0.0,-1.0));
#21265=DIRECTION('',(0.0,0.0,-1.0));
#21266=DIRECTION('',(0.0,0.0,-1.0));
#21267=DIRECTION('',(0.0,0.0,-1.0));
#21268=DIRECTION('',(0.0,0.0,-1.0));
#21269=DIRECTION('',(0.0,0.0,-1.0));
#21270=DIRECTION('',(0.0,0.0,-1.0));
#21271=DIRECTION('',(0.0,0.0,-1.0));
#21272=DIRECTION('',(1.0,0.0,0.0));
#21273=DIRECTION('',(0.0,-1.0,-0.0));
#21274=DIRECTION('',(1.0,0.0,0.0));
#21275=DIRECTION('',(0.0,-1.0,-0.0));
#21276=DIRECTION('',(-1.0,0.0,0.0));
#21277=DIRECTION('',(0.0,-1.0,-0.0));
#21278=DIRECTION('',(-1.0,0.0,0.0));
#21279=DIRECTION('',(0.0,1.0,0.0));
#21280=DIRECTION('',(-1.0,0.0,0.0));
#21281=DIRECTION('',(0.0,1.0,0.0));
#21282=DIRECTION('',(1.0,0.0,0.0));
#21283=DIRECTION('',(0.0,1.0,0.0));
#21284=DIRECTION('',(0.0,0.0,-1.0));
#21285=DIRECTION('',(0.0,0.0,-1.0));
#21286=DIRECTION('',(0.0,0.0,-1.0));
#21287=DIRECTION('',(0.0,0.0,-1.0));
#21288=DIRECTION('',(0.0,0.0,-1.0));
#21289=DIRECTION('',(0.0,0.0,-1.0));
#21290=DIRECTION('',(0.0,0.0,-1.0));
#21291=DIRECTION('',(0.0,0.0,-1.0));
#21292=DIRECTION('',(0.0,0.0,-1.0));
#21293=DIRECTION('',(0.0,0.0,-1.0));
#21294=DIRECTION('',(0.0,0.0,-1.0));
#21295=DIRECTION('',(0.0,0.0,-1.0));
#21296=DIRECTION('',(1.0,0.0,0.0));
#21297=DIRECTION('',(0.0,-1.0,-0.0));
#21298=DIRECTION('',(1.0,0.0,0.0));
#21299=DIRECTION('',(0.0,-1.0,-0.0));
#21300=DIRECTION('',(-1.0,0.0,0.0));
#21301=DIRECTION('',(0.0,-1.0,-0.0));
#21302=DIRECTION('',(-1.0,0.0,0.0));
#21303=DIRECTION('',(0.0,1.0,0.0));
#21304=DIRECTION('',(-1.0,0.0,0.0));
#21305=DIRECTION('',(0.0,1.0,0.0));
#21306=DIRECTION('',(1.0,0.0,0.0));
#21307=DIRECTION('',(0.0,1.0,0.0));
#21308=DIRECTION('',(0.0,0.0,-1.0));
#21309=DIRECTION('',(0.0,0.0,-1.0));
#21310=DIRECTION('',(0.0,0.0,-1.0));
#21311=DIRECTION('',(0.0,0.0,-1.0));
#21312=DIRECTION('',(0.0,0.0,-1.0));
#21313=DIRECTION('',(0.0,0.0,-1.0));
#21314=DIRECTION('',(0.0,0.0,-1.0));
#21315=DIRECTION('',(0.0,0.0,-1.0));
#21316=DIRECTION('',(0.0,0.0,-1.0));
#21317=DIRECTION('',(0.0,0.0,-1.0));
#21318=DIRECTION('',(0.0,0.0,-1.0));
#21319=DIRECTION('',(0.0,0.0,-1.0));
#21320=DIRECTION('',(1.0,0.0,0.0));
#21321=DIRECTION('',(0.0,-1.0,-0.0));
#21322=DIRECTION('',(1.0,0.0,0.0));
#21323=DIRECTION('',(0.0,-1.0,-0.0));
#21324=DIRECTION('',(-1.0,0.0,0.0));
#21325=DIRECTION('',(0.0,-1.0,-0.0));
#21326=DIRECTION('',(-1.0,0.0,0.0));
#21327=DIRECTION('',(0.0,1.0,0.0));
#21328=DIRECTION('',(-1.0,0.0,0.0));
#21329=DIRECTION('',(0.0,1.0,0.0));
#21330=DIRECTION('',(1.0,0.0,0.0));
#21331=DIRECTION('',(0.0,1.0,0.0));
#21332=DIRECTION('',(0.0,0.0,-1.0));
#21333=DIRECTION('',(0.0,0.0,-1.0));
#21334=DIRECTION('',(0.0,0.0,-1.0));
#21335=DIRECTION('',(0.0,0.0,-1.0));
#21336=DIRECTION('',(0.0,0.0,-1.0));
#21337=DIRECTION('',(0.0,0.0,-1.0));
#21338=DIRECTION('',(0.0,0.0,-1.0));
#21339=DIRECTION('',(0.0,0.0,-1.0));
#21340=DIRECTION('',(0.0,0.0,-1.0));
#21341=DIRECTION('',(0.0,0.0,-1.0));
#21342=DIRECTION('',(0.0,0.0,-1.0));
#21343=DIRECTION('',(0.0,0.0,-1.0));
#21344=DIRECTION('',(0.707106781186547,0.707106781186548,0.0));
#21345=DIRECTION('',(0.707106781186548,-0.707106781186547,-0.0));
#21346=DIRECTION('',(0.707106781186547,0.707106781186548,0.0));
#21347=DIRECTION('',(0.707106781186548,-0.707106781186547,-0.0));
#21348=DIRECTION('',(-0.707106781186547,-0.707106781186548,0.0));
#21349=DIRECTION('',(0.707106781186548,-0.707106781186547,-0.0));
#21350=DIRECTION('',(-0.707106781186547,-0.707106781186548,0.0));
#21351=DIRECTION('',(-0.707106781186548,0.707106781186547,0.0));
#21352=DIRECTION('',(-0.707106781186547,-0.707106781186548,0.0));
#21353=DIRECTION('',(-0.707106781186548,0.707106781186547,0.0));
#21354=DIRECTION('',(0.707106781186547,0.707106781186548,0.0));
#21355=DIRECTION('',(-0.707106781186548,0.707106781186547,0.0));
#21356=DIRECTION('',(0.0,0.0,-1.0));
#21357=DIRECTION('',(0.0,0.0,-1.0));
#21358=DIRECTION('',(0.0,0.0,-1.0));
#21359=DIRECTION('',(0.0,0.0,-1.0));
#21360=DIRECTION('',(0.0,0.0,-1.0));
#21361=DIRECTION('',(0.0,0.0,-1.0));
#21362=DIRECTION('',(0.0,0.0,-1.0));
#21363=DIRECTION('',(0.0,0.0,-1.0));
#21364=DIRECTION('',(0.0,0.0,-1.0));
#21365=DIRECTION('',(0.0,0.0,-1.0));
#21366=DIRECTION('',(0.0,0.0,-1.0));
#21367=DIRECTION('',(0.0,0.0,-1.0));
#21368=DIRECTION('',(1.0,0.0,0.0));
#21369=DIRECTION('',(0.0,-1.0,-0.0));
#21370=DIRECTION('',(1.0,0.0,0.0));
#21371=DIRECTION('',(0.0,-1.0,-0.0));
#21372=DIRECTION('',(-1.0,0.0,0.0));
#21373=DIRECTION('',(0.0,-1.0,-0.0));
#21374=DIRECTION('',(-1.0,0.0,0.0));
#21375=DIRECTION('',(0.0,1.0,0.0));
#21376=DIRECTION('',(-1.0,0.0,0.0));
#21377=DIRECTION('',(0.0,1.0,0.0));
#21378=DIRECTION('',(1.0,0.0,0.0));
#21379=DIRECTION('',(0.0,1.0,0.0));
#21380=DIRECTION('',(0.0,0.0,-1.0));
#21381=DIRECTION('',(0.0,0.0,-1.0));
#21382=DIRECTION('',(0.0,0.0,-1.0));
#21383=DIRECTION('',(0.0,0.0,-1.0));
#21384=DIRECTION('',(0.0,0.0,-1.0));
#21385=DIRECTION('',(0.0,0.0,-1.0));
#21386=DIRECTION('',(0.0,0.0,-1.0));
#21387=DIRECTION('',(0.0,0.0,-1.0));
#21388=DIRECTION('',(0.0,0.0,-1.0));
#21389=DIRECTION('',(0.0,0.0,-1.0));
#21390=DIRECTION('',(0.0,0.0,-1.0));
#21391=DIRECTION('',(0.0,0.0,-1.0));
#21392=CARTESIAN_POINT('',(54.36,173.845,-4.67));
#21393=DIRECTION('',(0.0,0.0,1.0));
#21394=DIRECTION('',(0.0,-1.0,-0.0));
#21395=DIRECTION('',(0.0,0.0,1.0));
#21396=CARTESIAN_POINT('',(54.36,173.845,-4.17));
#21397=DIRECTION('',(0.0,0.0,1.0));
#21398=DIRECTION('',(0.0,-1.0,-0.0));
#21399=DIRECTION('',(0.0,0.0,1.0));
#21400=DIRECTION('',(0.0,0.0,1.0));
#21401=CARTESIAN_POINT('',(54.36,173.845,-4.17));
#21402=DIRECTION('',(0.0,0.0,1.0));
#21403=DIRECTION('',(0.0,-1.0,-0.0));
#21404=DIRECTION('',(0.0,0.0,1.0));
#21405=CARTESIAN_POINT('',(54.36,173.845,-4.17));
#21406=DIRECTION('',(0.0,0.0,1.0));
#21407=DIRECTION('',(0.0,-1.0,-0.0));
#21408=DIRECTION('',(1.0,0.0,0.0));
#21409=DIRECTION('',(0.0,0.0,1.0));
#21410=DIRECTION('',(1.0,0.0,0.0));
#21411=CARTESIAN_POINT('',(54.36,173.845,-4.67));
#21412=DIRECTION('',(0.0,0.0,1.0));
#21413=DIRECTION('',(0.0,-1.0,-0.0));
#21414=DIRECTION('',(-1.0,0.0,0.0));
#21415=CARTESIAN_POINT('',(54.36,173.845,-4.67));
#21416=DIRECTION('',(0.0,0.0,-1.0));
#21417=DIRECTION('',(0.0,-1.0,0.0));
#21418=CARTESIAN_POINT('',(54.36,173.845,-4.67));
#21419=DIRECTION('',(0.0,0.0,-1.0));
#21420=DIRECTION('',(0.0,-1.0,0.0));
#21421=DIRECTION('',(0.0,0.0,-1.0));
#21422=CARTESIAN_POINT('',(54.36,173.845,-9.25));
#21423=DIRECTION('',(0.0,0.0,-1.0));
#21424=DIRECTION('',(0.0,-1.0,0.0));
#21425=DIRECTION('',(0.0,0.0,-1.0));
#21426=CARTESIAN_POINT('',(54.36,173.845,-10.0));
#21427=DIRECTION('',(0.0,0.0,-1.0));
#21428=DIRECTION('',(0.0,-1.0,0.0));
#21429=CARTESIAN_POINT('',(54.36,173.855,-9.25));
#21430=DIRECTION('',(1.0,-0.0,0.0));
#21431=DIRECTION('',(0.0,1.0,0.0));
#21432=CARTESIAN_POINT('',(54.36,173.845,-9.25));
#21433=DIRECTION('',(0.0,0.0,-1.0));
#21434=DIRECTION('',(0.0,-1.0,0.0));
#21435=CARTESIAN_POINT('',(54.36,173.835,-9.25));
#21436=DIRECTION('',(-1.0,0.0,0.0));
#21437=DIRECTION('',(0.0,-1.0,0.0));
#21438=CARTESIAN_POINT('',(54.36,173.845,-10.0));
#21439=DIRECTION('',(0.0,0.0,-1.0));
#21440=DIRECTION('',(0.0,-1.0,0.0));
#21441=DIRECTION('',(0.0,0.0,1.0));
#21442=DIRECTION('',(1.0,0.0,0.0));
#21443=CARTESIAN_POINT('',(54.36,173.845,-4.17));
#21444=DIRECTION('',(0.0,0.0,1.0));
#21445=DIRECTION('',(0.0,-1.0,-0.0));
#21446=CARTESIAN_POINT('',(54.36,170.035,-4.67));
#21447=DIRECTION('',(0.0,0.0,1.0));
#21448=DIRECTION('',(0.0,-1.0,-0.0));
#21449=DIRECTION('',(0.0,0.0,1.0));
#21450=CARTESIAN_POINT('',(54.36,170.035,-4.17));
#21451=DIRECTION('',(0.0,0.0,1.0));
#21452=DIRECTION('',(0.0,-1.0,-0.0));
#21453=DIRECTION('',(0.0,0.0,1.0));
#21454=DIRECTION('',(0.0,0.0,1.0));
#21455=CARTESIAN_POINT('',(54.36,170.035,-4.17));
#21456=DIRECTION('',(0.0,0.0,1.0));
#21457=DIRECTION('',(0.0,-1.0,-0.0));
#21458=DIRECTION('',(0.0,0.0,1.0));
#21459=CARTESIAN_POINT('',(54.36,170.035,-4.17));
#21460=DIRECTION('',(0.0,0.0,1.0));
#21461=DIRECTION('',(0.0,-1.0,-0.0));
#21462=DIRECTION('',(1.0,0.0,0.0));
#21463=DIRECTION('',(0.0,0.0,1.0));
#21464=DIRECTION('',(1.0,0.0,0.0));
#21465=CARTESIAN_POINT('',(54.36,170.035,-4.67));
#21466=DIRECTION('',(0.0,0.0,1.0));
#21467=DIRECTION('',(0.0,-1.0,-0.0));
#21468=DIRECTION('',(-1.0,0.0,0.0));
#21469=CARTESIAN_POINT('',(54.36,170.035,-4.67));
#21470=DIRECTION('',(0.0,0.0,-1.0));
#21471=DIRECTION('',(0.0,-1.0,0.0));
#21472=CARTESIAN_POINT('',(54.36,170.035,-4.67));
#21473=DIRECTION('',(0.0,0.0,-1.0));
#21474=DIRECTION('',(0.0,-1.0,0.0));
#21475=DIRECTION('',(0.0,0.0,-1.0));
#21476=CARTESIAN_POINT('',(54.36,170.035,-9.25));
#21477=DIRECTION('',(0.0,0.0,-1.0));
#21478=DIRECTION('',(0.0,-1.0,0.0));
#21479=DIRECTION('',(0.0,0.0,-1.0));
#21480=CARTESIAN_POINT('',(54.36,170.035,-10.0));
#21481=DIRECTION('',(0.0,0.0,-1.0));
#21482=DIRECTION('',(0.0,-1.0,0.0));
#21483=CARTESIAN_POINT('',(54.36,170.045,-9.25));
#21484=DIRECTION('',(1.0,-0.0,0.0));
#21485=DIRECTION('',(0.0,1.0,0.0));
#21486=CARTESIAN_POINT('',(54.36,170.035,-9.25));
#21487=DIRECTION('',(0.0,0.0,-1.0));
#21488=DIRECTION('',(0.0,-1.0,0.0));
#21489=CARTESIAN_POINT('',(54.36,170.025,-9.25));
#21490=DIRECTION('',(-1.0,0.0,0.0));
#21491=DIRECTION('',(0.0,-1.0,0.0));
#21492=CARTESIAN_POINT('',(54.36,170.035,-10.0));
#21493=DIRECTION('',(0.0,0.0,-1.0));
#21494=DIRECTION('',(0.0,-1.0,0.0));
#21495=DIRECTION('',(0.0,0.0,1.0));
#21496=DIRECTION('',(1.0,0.0,0.0));
#21497=CARTESIAN_POINT('',(54.36,170.035,-4.17));
#21498=DIRECTION('',(0.0,0.0,1.0));
#21499=DIRECTION('',(0.0,-1.0,-0.0));
#21500=CARTESIAN_POINT('',(54.36,154.795,-4.67));
#21501=DIRECTION('',(0.0,0.0,1.0));
#21502=DIRECTION('',(0.0,-1.0,-0.0));
#21503=DIRECTION('',(0.0,0.0,1.0));
#21504=CARTESIAN_POINT('',(54.36,154.795,-4.17));
#21505=DIRECTION('',(0.0,0.0,1.0));
#21506=DIRECTION('',(0.0,-1.0,-0.0));
#21507=DIRECTION('',(0.0,0.0,1.0));
#21508=DIRECTION('',(0.0,0.0,1.0));
#21509=CARTESIAN_POINT('',(54.36,154.795,-4.17));
#21510=DIRECTION('',(0.0,0.0,1.0));
#21511=DIRECTION('',(0.0,-1.0,-0.0));
#21512=DIRECTION('',(0.0,0.0,1.0));
#21513=CARTESIAN_POINT('',(54.36,154.795,-4.17));
#21514=DIRECTION('',(0.0,0.0,1.0));
#21515=DIRECTION('',(0.0,-1.0,-0.0));
#21516=DIRECTION('',(1.0,0.0,0.0));
#21517=DIRECTION('',(0.0,0.0,1.0));
#21518=DIRECTION('',(1.0,0.0,0.0));
#21519=CARTESIAN_POINT('',(54.36,154.795,-4.67));
#21520=DIRECTION('',(0.0,0.0,1.0));
#21521=DIRECTION('',(0.0,-1.0,-0.0));
#21522=DIRECTION('',(-1.0,0.0,0.0));
#21523=CARTESIAN_POINT('',(54.36,154.795,-4.67));
#21524=DIRECTION('',(0.0,0.0,-1.0));
#21525=DIRECTION('',(0.0,-1.0,0.0));
#21526=CARTESIAN_POINT('',(54.36,154.795,-4.67));
#21527=DIRECTION('',(0.0,0.0,-1.0));
#21528=DIRECTION('',(0.0,-1.0,0.0));
#21529=DIRECTION('',(0.0,0.0,-1.0));
#21530=CARTESIAN_POINT('',(54.36,154.795,-9.25));
#21531=DIRECTION('',(0.0,0.0,-1.0));
#21532=DIRECTION('',(0.0,-1.0,0.0));
#21533=DIRECTION('',(0.0,0.0,-1.0));
#21534=CARTESIAN_POINT('',(54.36,154.795,-10.0));
#21535=DIRECTION('',(0.0,0.0,-1.0));
#21536=DIRECTION('',(0.0,-1.0,0.0));
#21537=CARTESIAN_POINT('',(54.36,154.805,-9.25));
#21538=DIRECTION('',(1.0,-0.0,0.0));
#21539=DIRECTION('',(0.0,1.0,0.0));
#21540=CARTESIAN_POINT('',(54.36,154.795,-9.25));
#21541=DIRECTION('',(0.0,0.0,-1.0));
#21542=DIRECTION('',(0.0,-1.0,0.0));
#21543=CARTESIAN_POINT('',(54.36,154.785,-9.25));
#21544=DIRECTION('',(-1.0,0.0,0.0));
#21545=DIRECTION('',(0.0,-1.0,0.0));
#21546=CARTESIAN_POINT('',(54.36,154.795,-10.0));
#21547=DIRECTION('',(0.0,0.0,-1.0));
#21548=DIRECTION('',(0.0,-1.0,0.0));
#21549=DIRECTION('',(0.0,0.0,1.0));
#21550=DIRECTION('',(1.0,0.0,0.0));
#21551=CARTESIAN_POINT('',(54.36,154.795,-4.17));
#21552=DIRECTION('',(0.0,0.0,1.0));
#21553=DIRECTION('',(0.0,-1.0,-0.0));
#21554=CARTESIAN_POINT('',(54.36,150.985,-4.67));
#21555=DIRECTION('',(0.0,0.0,1.0));
#21556=DIRECTION('',(0.0,-1.0,-0.0));
#21557=DIRECTION('',(0.0,0.0,1.0));
#21558=CARTESIAN_POINT('',(54.36,150.985,-4.17));
#21559=DIRECTION('',(0.0,0.0,1.0));
#21560=DIRECTION('',(0.0,-1.0,-0.0));
#21561=DIRECTION('',(0.0,0.0,1.0));
#21562=DIRECTION('',(0.0,0.0,1.0));
#21563=CARTESIAN_POINT('',(54.36,150.985,-4.17));
#21564=DIRECTION('',(0.0,0.0,1.0));
#21565=DIRECTION('',(0.0,-1.0,-0.0));
#21566=DIRECTION('',(0.0,0.0,1.0));
#21567=CARTESIAN_POINT('',(54.36,150.985,-4.17));
#21568=DIRECTION('',(0.0,0.0,1.0));
#21569=DIRECTION('',(0.0,-1.0,-0.0));
#21570=DIRECTION('',(1.0,0.0,0.0));
#21571=DIRECTION('',(0.0,0.0,1.0));
#21572=DIRECTION('',(1.0,0.0,0.0));
#21573=CARTESIAN_POINT('',(54.36,150.985,-4.67));
#21574=DIRECTION('',(0.0,0.0,1.0));
#21575=DIRECTION('',(0.0,-1.0,-0.0));
#21576=DIRECTION('',(-1.0,0.0,0.0));
#21577=CARTESIAN_POINT('',(54.36,150.985,-4.67));
#21578=DIRECTION('',(0.0,0.0,-1.0));
#21579=DIRECTION('',(0.0,-1.0,0.0));
#21580=CARTESIAN_POINT('',(54.36,150.985,-4.67));
#21581=DIRECTION('',(0.0,0.0,-1.0));
#21582=DIRECTION('',(0.0,-1.0,0.0));
#21583=DIRECTION('',(0.0,0.0,-1.0));
#21584=CARTESIAN_POINT('',(54.36,150.985,-9.25));
#21585=DIRECTION('',(0.0,0.0,-1.0));
#21586=DIRECTION('',(0.0,-1.0,0.0));
#21587=DIRECTION('',(0.0,0.0,-1.0));
#21588=CARTESIAN_POINT('',(54.36,150.985,-10.0));
#21589=DIRECTION('',(0.0,0.0,-1.0));
#21590=DIRECTION('',(0.0,-1.0,0.0));
#21591=CARTESIAN_POINT('',(54.36,150.995,-9.25));
#21592=DIRECTION('',(1.0,-0.0,0.0));
#21593=DIRECTION('',(0.0,1.0,0.0));
#21594=CARTESIAN_POINT('',(54.36,150.985,-9.25));
#21595=DIRECTION('',(0.0,0.0,-1.0));
#21596=DIRECTION('',(0.0,-1.0,0.0));
#21597=CARTESIAN_POINT('',(54.36,150.975,-9.25));
#21598=DIRECTION('',(-1.0,0.0,0.0));
#21599=DIRECTION('',(0.0,-1.0,0.0));
#21600=CARTESIAN_POINT('',(54.36,150.985,-10.0));
#21601=DIRECTION('',(0.0,0.0,-1.0));
#21602=DIRECTION('',(0.0,-1.0,0.0));
#21603=DIRECTION('',(0.0,0.0,1.0));
#21604=DIRECTION('',(1.0,0.0,0.0));
#21605=CARTESIAN_POINT('',(54.36,150.985,-4.17));
#21606=DIRECTION('',(0.0,0.0,1.0));
#21607=DIRECTION('',(0.0,-1.0,-0.0));
#21608=DIRECTION('',(0.0,0.0,-1.0));
#21609=DIRECTION('',(0.0,1.0,0.0));
#21610=DIRECTION('',(0.0,0.0,-1.0));
#21611=DIRECTION('',(0.0,1.0,0.0));
#21612=DIRECTION('',(0.0,0.0,-1.0));
#21613=DIRECTION('',(1.0,0.0,0.0));
#21614=DIRECTION('',(0.0,0.0,-1.0));
#21615=DIRECTION('',(0.0,0.0,-1.0));
#21616=DIRECTION('',(0.0,-1.0,-0.0));
#21617=DIRECTION('',(0.0,0.0,-1.0));
#21618=DIRECTION('',(0.0,-1.0,-0.0));
#21619=DIRECTION('',(0.0,0.0,-1.0));
#21620=DIRECTION('',(-1.0,0.0,0.0));
#21621=DIRECTION('',(0.0,0.0,-1.0));
#21622=DIRECTION('',(-1.0,0.0,0.0));
#21623=DIRECTION('',(0.0,0.0,-1.0));
#21624=DIRECTION('',(1.0,0.0,0.0));
#21625=DIRECTION('',(0.0,0.0,-1.0));
#21626=DIRECTION('',(1.0,0.0,-0.0));
#21627=DIRECTION('',(0.0,0.0,-1.0));
#21628=DIRECTION('',(0.0,-1.0,-0.0));
#21629=DIRECTION('',(0.0,0.0,-1.0));
#21630=DIRECTION('',(0.0,-1.0,-0.0));
#21631=CARTESIAN_POINT('',(54.1199999216614,162.4,-1.3));
#21632=DIRECTION('',(0.0,-0.0,1.0));
#21633=DIRECTION('',(0.0,1.0,0.0));
#21634=CARTESIAN_POINT('',(54.1199999216614,162.4,-1.3));
#21635=DIRECTION('',(0.0,-0.0,1.0));
#21636=DIRECTION('',(0.0,1.0,0.0));
#21637=DIRECTION('',(0.0,0.0,-1.0));
#21638=DIRECTION('',(1.0,0.0,0.0));
#21639=DIRECTION('',(0.0,0.0,-1.0));
#21640=DIRECTION('',(1.0,0.0,-0.0));
#21641=DIRECTION('',(0.0,0.0,-1.0));
#21642=CARTESIAN_POINT('',(55.6,161.148999816061,-2.5));
#21643=DIRECTION('',(0.0,0.0,-1.0));
#21644=DIRECTION('',(0.0,-1.0,0.0));
#21645=DIRECTION('',(0.0,0.0,-1.0));
#21646=DIRECTION('',(0.0,1.0,0.0));
#21647=CARTESIAN_POINT('',(57.1,156.2,-2.5));
#21648=DIRECTION('',(0.0,0.0,-1.0));
#21649=DIRECTION('',(0.0,-1.0,0.0));
#21650=CARTESIAN_POINT('',(56.7,156.2,-2.5));
#21651=DIRECTION('',(0.0,0.0,-1.0));
#21652=DIRECTION('',(0.0,-1.0,0.0));
#21653=DIRECTION('',(0.0,-1.0,-0.0));
#21654=CARTESIAN_POINT('',(55.4,161.098999816061,-2.5));
#21655=DIRECTION('',(0.0,0.0,-1.0));
#21656=DIRECTION('',(0.0,-1.0,0.0));
#21657=DIRECTION('',(-1.0,0.0,0.0));
#21658=CARTESIAN_POINT('',(53.185,162.398999816061,-2.5));
#21659=DIRECTION('',(0.0,-0.0,1.0));
#21660=DIRECTION('',(0.0,1.0,0.0));
#21661=DIRECTION('',(0.0,1.0,0.0));
#21662=CARTESIAN_POINT('',(53.185,162.398999816061,-2.5));
#21663=DIRECTION('',(0.0,-0.0,1.0));
#21664=DIRECTION('',(0.0,1.0,0.0));
#21665=DIRECTION('',(1.0,0.0,0.0));
#21666=CARTESIAN_POINT('',(55.4,163.699000183939,-2.5));
#21667=DIRECTION('',(0.0,0.0,-1.0));
#21668=DIRECTION('',(0.0,-1.0,0.0));
#21669=CARTESIAN_POINT('',(55.6,163.649000183939,-2.5));
#21670=DIRECTION('',(0.0,0.0,-1.0));
#21671=DIRECTION('',(0.0,-1.0,0.0));
#21672=DIRECTION('',(4.55756578253349E-17,-1.0,-0.0));
#21673=CARTESIAN_POINT('',(56.7,168.6,-2.5));
#21674=DIRECTION('',(0.0,-0.0,1.0));
#21675=DIRECTION('',(0.0,1.0,0.0));
#21676=DIRECTION('',(-1.0,0.0,0.0));
#21677=CARTESIAN_POINT('',(57.1,168.6,-2.5));
#21678=DIRECTION('',(0.0,0.0,-1.0));
#21679=DIRECTION('',(0.0,-1.0,0.0));
#21680=DIRECTION('',(0.0,-1.0,-0.0));
#21681=DIRECTION('',(1.0,0.0,-0.0));
#21682=DIRECTION('',(0.0,1.0,0.0));
#21683=DIRECTION('',(0.0,1.0,0.0));
#21684=DIRECTION('',(-1.0,0.0,0.0));
#21685=DIRECTION('',(0.0,-1.0,-0.0));
#21686=DIRECTION('',(-1.0,0.0,0.0));
#21687=DIRECTION('',(1.0,0.0,-0.0));
#21688=DIRECTION('',(0.0,1.0,0.0));
#21689=DIRECTION('',(-1.0,0.0,0.0));
#21690=DIRECTION('',(0.0,-1.0,-0.0));
#21691=DIRECTION('',(1.0,0.0,-0.0));
#21692=DIRECTION('',(1.0,0.0,-0.0));
#21693=DIRECTION('',(0.0,1.0,0.0));
#21694=DIRECTION('',(-1.0,0.0,0.0));
#21695=DIRECTION('',(0.0,-1.0,-0.0));
#21696=DIRECTION('',(-1.0,0.0,0.0));
#21697=DIRECTION('',(1.0,0.0,-0.0));
#21698=DIRECTION('',(0.0,1.0,0.0));
#21699=CARTESIAN_POINT('',(54.1199999216614,162.4,-2.5));
#21700=DIRECTION('',(0.0,-0.0,1.0));
#21701=DIRECTION('',(0.0,1.0,0.0));
#21702=CARTESIAN_POINT('',(54.1199999216614,162.4,-2.5));
#21703=DIRECTION('',(0.0,-0.0,1.0));
#21704=DIRECTION('',(0.0,1.0,0.0));
#21705=DIRECTION('',(-1.0,0.0,0.0));
#21706=DIRECTION('',(0.0,-1.0,-0.0));
#21707=DIRECTION('',(0.0,1.0,0.0));
#21708=DIRECTION('',(0.0,0.0,-1.0));
#21709=DIRECTION('',(0.0,0.0,-1.0));
#21710=DIRECTION('',(0.0,0.0,-1.0));
#21711=DIRECTION('',(0.0,0.0,-1.0));
#21712=DIRECTION('',(0.0,0.0,-1.0));
#21713=DIRECTION('',(0.0,1.0,0.0));
#21714=DIRECTION('',(0.0,-1.0,-0.0));
#21715=DIRECTION('',(0.0,0.0,-1.0));
#21716=DIRECTION('',(1.0,0.0,0.0));
#21717=DIRECTION('',(0.0,1.0,0.0));
#21718=DIRECTION('',(1.0,0.0,0.0));
#21719=DIRECTION('',(0.0,-1.0,-0.0));
#21720=DIRECTION('',(-1.0,0.0,0.0));
#21721=DIRECTION('',(0.0,0.0,-1.0));
#21722=DIRECTION('',(-1.0,0.0,0.0));
#21723=DIRECTION('',(0.0,0.0,-1.0));
#21724=DIRECTION('',(0.0,-1.0,-0.0));
#21725=DIRECTION('',(0.0,1.0,0.0));
#21726=DIRECTION('',(0.0,1.0,0.0));
#21727=DIRECTION('',(1.0,0.0,0.0));
#21728=DIRECTION('',(0.0,-1.0,-0.0));
#21729=DIRECTION('',(-1.0,0.0,0.0));
#21730=DIRECTION('',(0.0,1.0,0.0));
#21731=DIRECTION('',(1.0,0.0,0.0));
#21732=DIRECTION('',(0.0,-1.0,-0.0));
#21733=DIRECTION('',(-1.0,0.0,0.0));
#21734=DIRECTION('',(1.0,0.0,0.0));
#21735=DIRECTION('',(0.0,0.0,-1.0));
#21736=DIRECTION('',(0.0,0.0,-1.0));
#21737=DIRECTION('',(-1.0,0.0,0.0));
#21738=DIRECTION('',(0.0,1.0,0.0));
#21739=DIRECTION('',(1.0,0.0,0.0));
#21740=DIRECTION('',(0.0,0.0,-1.0));
#21741=DIRECTION('',(0.0,1.0,0.0));
#21742=DIRECTION('',(1.0,0.0,0.0));
#21743=DIRECTION('',(0.0,-1.0,-0.0));
#21744=DIRECTION('',(-1.0,0.0,0.0));
#21745=DIRECTION('',(0.0,1.0,0.0));
#21746=DIRECTION('',(0.0,0.0,-1.0));
#21747=DIRECTION('',(-1.0,0.0,0.0));
#21748=DIRECTION('',(0.0,0.0,-1.0));
#21749=DIRECTION('',(1.0,0.0,0.0));
#21750=DIRECTION('',(0.0,0.0,-1.0));
#21751=DIRECTION('',(0.0,-1.0,-0.0));
#21752=DIRECTION('',(-1.0,0.0,0.0));
#21753=DIRECTION('',(0.0,1.0,0.0));
#21754=DIRECTION('',(1.0,0.0,0.0));
#21755=DIRECTION('',(0.0,-1.0,-0.0));
#21756=DIRECTION('',(-1.0,0.0,0.0));
#21757=DIRECTION('',(0.0,0.0,1.0));
#21758=DIRECTION('',(0.0,0.0,1.0));
#21759=DIRECTION('',(0.0,1.0,0.0));
#21760=DIRECTION('',(1.0,0.0,0.0));
#21761=DIRECTION('',(0.0,-1.0,-0.0));
#21762=DIRECTION('',(-1.0,0.0,0.0));
#21763=DIRECTION('',(0.0,0.0,-1.0));
#21764=DIRECTION('',(0.0,-1.0,-0.0));
#21765=DIRECTION('',(0.0,1.0,0.0));
#21766=DIRECTION('',(0.0,0.0,-1.0));
#21767=DIRECTION('',(-1.0,0.0,0.0));
#21768=DIRECTION('',(0.0,0.0,1.0));
#21769=DIRECTION('',(0.0,0.0,1.0));
#21770=DIRECTION('',(0.0,0.0,-1.0));
#21771=DIRECTION('',(0.0,0.0,-1.0));
#21772=DIRECTION('',(0.0,0.0,-1.0));
#21773=DIRECTION('',(0.0,0.0,1.0));
#21774=DIRECTION('',(0.0,0.0,1.0));
#21775=DIRECTION('',(0.0,0.0,-1.0));
#21776=DIRECTION('',(0.0,0.0,-1.0));
#21777=DIRECTION('',(0.0,0.0,-1.0));
#21778=DIRECTION('',(0.577350269189635,0.577350269189635,0.577350269189608));
#21779=DIRECTION('',(0.577350269189635,-0.577350269189635,0.577350269189608));
#21780=DIRECTION('',(0.577350269189635,0.577350269189635,-0.577350269189608));
#21781=DIRECTION('',(-0.577350269189635,0.577350269189635,0.577350269189608));
#21782=DIRECTION('',(0.577350269189635,-0.577350269189635,0.577350269189608));
#21783=DIRECTION('',(0.577350269189635,0.577350269189635,-0.577350269189608));
#21784=DIRECTION('',(-0.577350269189635,0.577350269189635,0.577350269189608));
#21785=DIRECTION('',(0.577350269189635,0.577350269189635,0.577350269189608));
#21786=DIRECTION('',(0.577350269189635,0.577350269189635,0.577350269189608));
#21787=DIRECTION('',(0.577350269189635,-0.577350269189635,0.577350269189608));
#21788=DIRECTION('',(0.577350269189635,0.577350269189635,-0.577350269189608));
#21789=DIRECTION('',(-0.577350269189635,0.577350269189635,0.577350269189608));
#21790=DIRECTION('',(0.577350269189635,0.577350269189635,0.577350269189608));
#21791=DIRECTION('',(0.577350269189635,-0.577350269189635,0.577350269189608));
#21792=DIRECTION('',(0.577350269189635,0.577350269189635,-0.577350269189608));
#21793=DIRECTION('',(-0.577350269189635,0.577350269189635,0.577350269189608));
#21794=DIRECTION('',(0.577350269189635,-0.577350269189635,0.577350269189608));
#21795=DIRECTION('',(0.577350269189635,0.577350269189635,-0.577350269189608));
#21796=DIRECTION('',(-0.577350269189635,0.577350269189635,0.577350269189608));
#21797=DIRECTION('',(0.577350269189635,0.577350269189635,0.577350269189608));
#21798=DIRECTION('',(0.577350269189635,0.577350269189635,0.577350269189608));
#21799=DIRECTION('',(0.577350269189635,-0.577350269189635,0.577350269189608));
#21800=DIRECTION('',(0.577350269189635,0.577350269189635,-0.577350269189608));
#21801=DIRECTION('',(-0.577350269189635,0.577350269189635,0.577350269189608));
#21802=DIRECTION('',(-1.0,0.0,0.0));
#21803=DIRECTION('',(0.577350269189635,-0.577350269189635,0.577350269189608));
#21804=DIRECTION('',(-1.0,0.0,0.0));
#21805=DIRECTION('',(0.577350269189635,0.577350269189635,-0.577350269189608));
#21806=DIRECTION('',(0.0,1.0,0.0));
#21807=DIRECTION('',(0.0,1.0,0.0));
#21808=DIRECTION('',(-0.577350269189635,0.577350269189635,0.577350269189608));
#21809=DIRECTION('',(1.0,0.0,0.0));
#21810=DIRECTION('',(1.0,0.0,0.0));
#21811=DIRECTION('',(0.577350269189635,0.577350269189635,0.577350269189608));
#21812=DIRECTION('',(0.0,-1.0,-0.0));
#21813=DIRECTION('',(0.0,-1.0,-0.0));
#21814=DIRECTION('',(0.0,0.0,-1.0));
#21815=DIRECTION('',(0.0,0.0,-1.0));
#21816=DIRECTION('',(0.0,0.0,-1.0));
#21817=DIRECTION('',(0.0,0.0,-1.0));
#21818=CARTESIAN_POINT('',(3.56,170.035,-9.5));
#21819=DIRECTION('',(0.0,0.0,-1.0));
#21820=DIRECTION('',(1.0,0.0,0.0));
#21821=CARTESIAN_POINT('',(3.56,162.415,-9.5));
#21822=DIRECTION('',(0.0,0.0,-1.0));
#21823=DIRECTION('',(1.0,0.0,0.0));
#21824=CARTESIAN_POINT('',(3.56,154.795,-9.5));
#21825=DIRECTION('',(0.0,0.0,-1.0));
#21826=DIRECTION('',(1.0,0.0,0.0));
#21827=DIRECTION('',(0.0,1.0,-7.39557098644698E-32));
#21828=DIRECTION('',(0.0,1.67941091150567E-31,1.0));
#21829=CARTESIAN_POINT('',(58.156,177.839264068712,4.1));
#21830=DIRECTION('',(1.0,0.0,0.0));
#21831=DIRECTION('',(0.0,-1.0,0.0));
#21832=DIRECTION('',(0.0,-1.0,0.0));
#21833=DIRECTION('',(0.0,0.0,-1.0));
#21834=DIRECTION('',(0.0,-1.0,0.0));
#21835=DIRECTION('',(0.0,0.0,1.0));
#21836=DIRECTION('',(0.0,-1.0,0.0));
#21837=CARTESIAN_POINT('',(58.156,147.109264068712,4.0));
#21838=DIRECTION('',(1.0,0.0,0.0));
#21839=DIRECTION('',(0.0,-1.0,0.0));
#21840=DIRECTION('',(0.0,2.00296714216273E-32,-1.0));
#21841=CARTESIAN_POINT('',(52.822,149.319,6.58499999999998));
#21842=DIRECTION('',(0.0,0.0,1.0));
#21843=DIRECTION('',(1.0,0.0,0.0));
#21844=DIRECTION('',(0.0,0.0,1.0));
#21845=CARTESIAN_POINT('',(52.822,149.319,9.385));
#21846=DIRECTION('',(0.0,0.0,1.0));
#21847=DIRECTION('',(1.0,0.0,0.0));
#21848=DIRECTION('',(0.0,0.0,1.0));
#21849=CARTESIAN_POINT('',(52.822,149.319,9.385));
#21850=DIRECTION('',(0.0,0.0,1.0));
#21851=DIRECTION('',(1.0,0.0,0.0));
#21852=CARTESIAN_POINT('',(52.822,149.319,6.58499999999998));
#21853=DIRECTION('',(0.0,0.0,1.0));
#21854=DIRECTION('',(1.0,0.0,0.0));
#21855=DIRECTION('',(-0.706322021815461,0.707890670583049,0.0));
#21856=CARTESIAN_POINT('',(0.243999999999999,146.96759342062,4.1));
#21857=DIRECTION('',(-1.0,-8.33972895351833E-78,9.39853812860971E-32));
#21858=DIRECTION('',(-8.81367787046989E-63,1.0,-9.37771145880711E-32));
#21859=DIRECTION('',(-0.706322021815461,0.707890670583049,0.0));
#21860=CARTESIAN_POINT('',(3.21998414931852,143.985,4.1));
#21861=DIRECTION('',(0.0,-1.0,0.0));
#21862=DIRECTION('',(1.0,0.0,0.0));
#21863=DIRECTION('',(0.0,2.99353058554952E-32,1.0));
#21864=CARTESIAN_POINT('',(48.852,172.65517608389,6.58499999999998));
#21865=DIRECTION('',(0.0,-2.99353058554952E-32,-1.0));
#21866=DIRECTION('',(0.0,-1.0,2.99353058554952E-32));
#21867=DIRECTION('',(0.0,2.99353058554952E-32,1.0));
#21868=CARTESIAN_POINT('',(48.852,172.65517608389,7.45));
#21869=DIRECTION('',(0.0,-2.99353058554952E-32,-1.0));
#21870=DIRECTION('',(0.0,-1.0,2.99353058554952E-32));
#21871=DIRECTION('',(-0.707106781186548,-0.707106781186547,0.0));
#21872=CARTESIAN_POINT('',(1.9469437251523,180.815,4.1));
#21873=DIRECTION('',(-0.0,1.0,0.0));
#21874=DIRECTION('',(1.0,0.0,0.0));
#21875=DIRECTION('',(-0.707106781186548,-0.707106781186547,0.0));
#21876=CARTESIAN_POINT('',(0.243999999999999,179.112056274848,4.1));
#21877=DIRECTION('',(-1.0,-2.38542708936614E-78,9.39853812860971E-32));
#21878=DIRECTION('',(8.83325189549307E-63,1.0,9.39853812860973E-32));
#21879=DIRECTION('',(-9.39853812860971E-32,9.41941105172016E-32,-1.0));
#21880=DIRECTION('',(0.0,1.0,0.0));
#21881=DIRECTION('',(-9.39853812860971E-32,0.0,-1.0));
#21882=DIRECTION('',(0.0,-1.0,0.0));
#21883=DIRECTION('',(9.39853812860971E-32,0.0,1.0));
#21884=DIRECTION('',(0.0,-1.0,0.0));
#21885=DIRECTION('',(-9.39853812860971E-32,-7.39557098644699E-32,-1.0));
#21886=DIRECTION('',(6.95075558989617E-63,-1.0,7.39557098644698E-32));
#21887=DIRECTION('',(-9.39853812860971E-32,-7.39557098644698E-32,-1.0));
#21888=DIRECTION('',(2.56142439121056E-13,-1.0,0.0));
#21889=DIRECTION('',(9.39853812861161E-32,0.0,1.0));
#21890=DIRECTION('',(2.56142439121056E-13,-1.0,0.0));
#21891=DIRECTION('',(9.39853812860971E-32,0.0,1.0));
#21892=CARTESIAN_POINT('',(0.843999999999999,180.215,3.9));
#21893=DIRECTION('',(9.39853812860971E-32,0.0,1.0));
#21894=DIRECTION('',(1.0,0.0,-9.39853812860971E-32));
#21895=CARTESIAN_POINT('',(0.843999999999999,180.215,9.385));
#21896=DIRECTION('',(9.39853812860971E-32,0.0,1.0));
#21897=DIRECTION('',(1.0,0.0,-9.39853812860971E-32));
#21898=DIRECTION('',(-1.0,0.0,0.0));
#21899=DIRECTION('',(0.0,0.0,-1.0));
#21900=DIRECTION('',(-1.0,0.0,0.0));
#21901=DIRECTION('',(-9.39853812860971E-32,0.0,-1.0));
#21902=DIRECTION('',(1.0,0.0,-9.39853812860971E-32));
#21903=DIRECTION('',(2.00296714216271E-32,0.0,1.0));
#21904=DIRECTION('',(-1.0,0.0,0.0));
#21905=DIRECTION('',(0.0,0.0,-1.0));
#21906=DIRECTION('',(-1.0,0.0,0.0));
#21907=CARTESIAN_POINT('',(55.180264068712,180.815,4.1));
#21908=DIRECTION('',(-0.0,1.0,0.0));
#21909=DIRECTION('',(1.0,0.0,0.0));
#21910=DIRECTION('',(-1.67941091150567E-31,0.0,-1.0));
#21911=DIRECTION('',(1.0,0.0,-9.39853812860971E-32));
#21912=DIRECTION('',(0.707106781186548,0.707106781186547,0.0));
#21913=DIRECTION('',(-0.707106781186548,-0.707106781186548,0.0));
#21914=DIRECTION('',(2.00296714216273E-32,0.0,1.0));
#21915=DIRECTION('',(-0.707106781186548,-0.707106781186548,0.0));
#21916=DIRECTION('',(0.707106781186547,-0.707106781186548,0.0));
#21917=DIRECTION('',(0.707106781186547,-0.707106781186548,0.0));
#21918=DIRECTION('',(0.707106781186547,-0.707106781186548,0.0));
#21919=CARTESIAN_POINT('',(52.822,175.481,9.385));
#21920=DIRECTION('',(0.0,0.0,1.0));
#21921=DIRECTION('',(1.0,0.0,0.0));
#21922=DIRECTION('',(0.0,0.0,1.0));
#21923=CARTESIAN_POINT('',(52.822,175.481,6.58499999999998));
#21924=DIRECTION('',(0.0,0.0,1.0));
#21925=DIRECTION('',(1.0,0.0,0.0));
#21926=DIRECTION('',(0.0,0.0,1.0));
#21927=DIRECTION('',(9.39853812860971E-32,7.39557098644698E-32,1.0));
#21928=DIRECTION('',(0.884433996514643,-0.466665303841133,0.0));
#21929=DIRECTION('',(9.39853812860971E-32,7.39557098644698E-32,1.0));
#21930=DIRECTION('',(-0.884433996514643,0.466665303841133,0.0));
#21931=CARTESIAN_POINT('',(57.556,180.215,9.385));
#21932=DIRECTION('',(0.0,0.0,-1.0));
#21933=DIRECTION('',(-1.0,0.0,0.0));
#21934=CARTESIAN_POINT('',(57.556,180.215,3.9));
#21935=DIRECTION('',(0.0,0.0,-1.0));
#21936=DIRECTION('',(-1.0,0.0,0.0));
#21937=DIRECTION('',(0.706322021815461,-0.707890670583049,0.0));
#21938=DIRECTION('',(0.0,0.0,1.0));
#21939=DIRECTION('',(1.0,0.0,-9.39853812860971E-32));
#21940=CARTESIAN_POINT('',(55.0317359312881,143.985,4.0));
#21941=DIRECTION('',(0.0,-1.0,0.0));
#21942=DIRECTION('',(1.0,0.0,0.0));
#21943=DIRECTION('',(-1.0,0.0,0.0));
#21944=DIRECTION('',(0.0,0.0,1.0));
#21945=DIRECTION('',(1.0,6.95075558989617E-63,0.0));
#21946=DIRECTION('',(-9.39853812860971E-32,0.0,-1.0));
#21947=DIRECTION('',(1.0,0.0,0.0));
#21948=DIRECTION('',(-1.0,0.0,9.39853812860971E-32));
#21949=DIRECTION('',(-1.0,0.0,0.0));
#21950=DIRECTION('',(-9.39853812861564E-32,0.0,-1.0));
#21951=CARTESIAN_POINT('',(0.843999999999999,144.585,3.9));
#21952=DIRECTION('',(-9.39853812860971E-32,0.0,-1.0));
#21953=DIRECTION('',(-1.0,0.0,9.39853812860971E-32));
#21954=DIRECTION('',(-8.01312691930511E-13,1.0,0.0));
#21955=DIRECTION('',(8.01312691930511E-13,-1.0,0.0));
#21956=CARTESIAN_POINT('',(57.656,144.485,3.9));
#21957=DIRECTION('',(0.0,0.0,1.0));
#21958=DIRECTION('',(1.0,0.0,0.0));
#21959=CARTESIAN_POINT('',(57.656,144.485,9.385));
#21960=DIRECTION('',(0.0,0.0,1.0));
#21961=DIRECTION('',(1.0,0.0,0.0));
#21962=CARTESIAN_POINT('',(39.2000000000002,171.800030344872,6.58499999999998));
#21963=DIRECTION('',(-9.39853812860971E-32,-7.39557098644698E-32,-1.0));
#21964=DIRECTION('',(-1.0,6.95075558989617E-63,9.39853812860971E-32));
#21965=DIRECTION('',(-0.905589398551766,-0.424155444655201,0.0));
#21966=DIRECTION('',(0.0,-1.0,7.39557098644698E-32));
#21967=CARTESIAN_POINT('',(52.822,175.481,6.58499999999998));
#21968=DIRECTION('',(0.0,0.0,1.0));
#21969=DIRECTION('',(1.0,0.0,0.0));
#21970=DIRECTION('',(-0.707106781186548,-0.707106781186548,0.0));
#21971=CARTESIAN_POINT('',(0.843999999999999,144.585,9.385));
#21972=DIRECTION('',(-9.39853812860971E-32,0.0,-1.0));
#21973=DIRECTION('',(-1.0,0.0,9.39853812860971E-32));
#21974=CARTESIAN_POINT('',(39.2000000000002,171.800030344872,7.45));
#21975=DIRECTION('',(-9.39853812860971E-32,-7.39557098644698E-32,-1.0));
#21976=DIRECTION('',(-1.0,6.95075558989617E-63,9.39853812860971E-32));
#21977=DIRECTION('',(-9.39853812860971E-32,-7.39557098644698E-32,-1.0));
#21978=CARTESIAN_POINT('',(14.7083326145204,170.418048750376,6.58499999999998));
#21979=DIRECTION('',(-9.39853812860971E-32,-7.39557098644698E-32,-1.0));
#21980=DIRECTION('',(-1.0,-1.0795210693868E-78,9.39853812860971E-32));
#21981=DIRECTION('',(-9.39853812860971E-32,-7.39557098644698E-32,-1.0));
#21982=CARTESIAN_POINT('',(14.7083326145204,170.418048750376,7.45));
#21983=DIRECTION('',(-9.39853812860971E-32,-7.39557098644698E-32,-1.0));
#21984=DIRECTION('',(-1.0,-1.0795210693868E-78,9.39853812860971E-32));
#21985=DIRECTION('',(0.0,1.0,-7.39557098644698E-32));
#21986=DIRECTION('',(1.0,5.38321896932637E-13,0.0));
#21987=DIRECTION('',(0.894967311508908,0.446131719709009,0.0));
#21988=CARTESIAN_POINT('',(5.578,149.319,6.58499999999998));
#21989=DIRECTION('',(0.0,0.0,1.0));
#21990=DIRECTION('',(1.0,0.0,0.0));
#21991=CARTESIAN_POINT('',(5.578,149.319,6.58499999999998));
#21992=DIRECTION('',(0.0,0.0,1.0));
#21993=DIRECTION('',(1.0,0.0,0.0));
#21994=CARTESIAN_POINT('',(5.578,175.481,6.58499999999998));
#21995=DIRECTION('',(0.0,0.0,1.0));
#21996=DIRECTION('',(1.0,0.0,0.0));
#21997=CARTESIAN_POINT('',(5.578,175.481,6.58499999999998));
#21998=DIRECTION('',(0.0,0.0,1.0));
#21999=DIRECTION('',(1.0,0.0,0.0));
#22000=CARTESIAN_POINT('',(52.822,175.481,9.385));
#22001=DIRECTION('',(0.0,0.0,1.0));
#22002=DIRECTION('',(1.0,0.0,0.0));
#22003=CARTESIAN_POINT('',(5.578,149.319,9.385));
#22004=DIRECTION('',(0.0,0.0,1.0));
#22005=DIRECTION('',(1.0,0.0,0.0));
#22006=CARTESIAN_POINT('',(5.578,149.319,9.385));
#22007=DIRECTION('',(0.0,0.0,1.0));
#22008=DIRECTION('',(1.0,0.0,0.0));
#22009=CARTESIAN_POINT('',(5.578,175.481,9.385));
#22010=DIRECTION('',(0.0,0.0,1.0));
#22011=DIRECTION('',(1.0,0.0,0.0));
#22012=CARTESIAN_POINT('',(5.578,175.481,9.385));
#22013=DIRECTION('',(0.0,0.0,1.0));
#22014=DIRECTION('',(1.0,0.0,0.0));
#22015=DIRECTION('',(0.0,0.0,1.0));
#22016=DIRECTION('',(0.0,0.0,1.0));
#22017=DIRECTION('',(0.0,-1.0,0.0));
#22018=DIRECTION('',(0.905589398551766,0.424155444655201,0.0));
#22019=DIRECTION('',(-0.894967311508908,-0.446131719709009,0.0));
#22020=DIRECTION('',(-1.0,-5.38321896932637E-13,0.0));
#22021=DIRECTION('',(0.0,-1.0,0.0));
#22022=DIRECTION('',(9.39853812860971E-32,7.39557098644699E-32,1.0));
#22023=DIRECTION('',(9.39853812860971E-32,7.39557098644698E-32,1.0));
#22024=DIRECTION('',(0.0,0.0,1.0));
#22025=DIRECTION('',(0.0,0.0,1.0));
ENDSEC;
END-ISO-10303-21;
